tstp,energy(kWh/hh)
2013-10-24 00:30:00,0.136
2013-10-24 01:00:00,0.167
2013-10-24 01:30:00,0.163
2013-10-24 02:00:00,0.173
2013-10-24 02:30:00,0.14
2013-10-24 03:00:00,0.127
2013-10-24 03:30:00,0.097
2013-10-24 04:00:00,0.102
2013-10-24 04:30:00,0.152
2013-10-24 05:00:00,0.199
2013-10-24 05:30:00,0.328
2013-10-24 06:00:00,0.38
2013-10-24 06:30:00,0.576
2013-10-24 07:00:00,0.816
2013-10-24 07:30:00,0.198
2013-10-24 08:00:00,0.474
2013-10-24 08:30:00,0.273
2013-10-24 09:00:00,0.152
2013-10-24 09:30:00,0.111
2013-10-24 10:00:00,0.267
2013-10-24 10:30:00,0.214
2013-10-24 11:00:00,0.209
2013-10-24 11:30:00,0.183
2013-10-24 12:00:00,0.124
2013-10-24 12:30:00,0.112
2013-10-24 13:00:00,0.228
2013-10-24 13:30:00,0.345
2013-10-24 14:00:00,0.353
2013-10-24 14:30:00,0.474
2013-10-24 15:00:00,0.283
2013-10-24 15:30:00,0.214
2013-10-24 16:00:00,0.239
2013-10-24 16:30:00,0.486
2013-10-24 17:00:00,2.138
2013-10-24 17:30:00,1.553
2013-10-24 18:00:00,0.557
2013-10-24 18:30:00,0.525
2013-10-24 19:00:00,0.54
2013-10-24 19:30:00,0.558
2013-10-24 20:00:00,0.864
2013-10-24 20:30:00,1.2640001
2013-10-24 21:00:00,0.778
2013-10-24 21:30:00,0.78
2013-10-24 22:00:00,0.817
2013-10-24 22:30:00,0.989
2013-10-24 23:00:00,0.748
2013-10-24 23:30:00,0.445
2013-10-25 00:00:00,0.1
2013-10-25 00:30:00,0.104
2013-10-25 01:00:00,0.209
2013-10-25 01:30:00,0.204
2013-10-25 02:00:00,0.199
2013-10-25 02:30:00,0.139
2013-10-25 03:00:00,0.097
2013-10-25 03:30:00,0.097
2013-10-25 04:00:00,0.126
2013-10-25 04:30:00,0.152
2013-10-25 05:00:00,0.177
2013-10-25 05:30:00,0.16
2013-10-25 06:00:00,0.248
2013-10-25 06:30:00,0.38
2013-10-25 07:00:00,0.475
2013-10-25 07:30:00,0.482
2013-10-25 08:00:00,0.314
2013-10-25 08:30:00,0.24
2013-10-25 09:00:00,0.163
2013-10-25 09:30:00,0.149
2013-10-25 10:00:00,0.252
2013-10-25 10:30:00,0.388
2013-10-25 11:00:00,0.416
2013-10-25 11:30:00,0.304
2013-10-25 12:00:00,0.231
2013-10-25 12:30:00,0.12
2013-10-25 13:00:00,0.121
2013-10-25 13:30:00,0.159
2013-10-25 14:00:00,0.167
2013-10-25 14:30:00,0.245
2013-10-25 15:00:00,0.469
2013-10-25 15:30:00,0.393
2013-10-25 16:00:00,0.208
2013-10-25 16:30:00,0.198
2013-10-25 17:00:00,0.431
2013-10-25 17:30:00,0.405
2013-10-25 18:00:00,0.419
2013-10-25 18:30:00,0.406
2013-10-25 19:00:00,0.435
2013-10-25 19:30:00,0.543
2013-10-25 20:00:00,0.528
2013-10-25 20:30:00,0.567
2013-10-25 21:00:00,0.839
2013-10-25 21:30:00,0.757
2013-10-25 22:00:00,0.927
2013-10-25 22:30:00,1.099
2013-10-25 23:00:00,0.892
2013-10-25 23:30:00,0.503
2013-10-26 00:00:00,0.164
2013-10-26 00:30:00,0.214
2013-10-26 01:00:00,0.25
2013-10-26 01:30:00,0.245
2013-10-26 02:00:00,0.194
2013-10-26 02:30:00,0.17
2013-10-26 03:00:00,0.145
2013-10-26 03:30:00,0.111
2013-10-26 04:00:00,0.107
2013-10-26 04:30:00,0.151
2013-10-26 05:00:00,0.244
2013-10-26 05:30:00,0.246
2013-10-26 06:00:00,0.216
2013-10-26 06:30:00,0.226
2013-10-26 07:00:00,0.128
2013-10-26 07:30:00,0.217
2013-10-26 08:00:00,0.261
2013-10-26 08:30:00,0.273
2013-10-26 09:00:00,0.216
2013-10-26 09:30:00,0.379
2013-10-26 10:00:00,0.301
2013-10-26 10:30:00,0.218
2013-10-26 11:00:00,0.202
2013-10-26 11:30:00,0.152
2013-10-26 12:00:00,0.213
2013-10-26 12:30:00,0.295
2013-10-26 13:00:00,0.955
2013-10-26 13:30:00,0.872
2013-10-26 14:00:00,0.775
2013-10-26 14:30:00,1.3380001
2013-10-26 15:00:00,1.258
2013-10-26 15:30:00,0.865
2013-10-26 16:00:00,1.562
2013-10-26 16:30:00,0.885
2013-10-26 17:00:00,0.972
2013-10-26 17:30:00,0.982
2013-10-26 18:00:00,1.018
2013-10-26 18:30:00,0.904
2013-10-26 19:00:00,0.881
2013-10-26 19:30:00,0.774
2013-10-26 20:00:00,0.449
2013-10-26 20:30:00,0.591
2013-10-26 21:00:00,1.112
2013-10-26 21:30:00,0.884
2013-10-26 22:00:00,0.851
2013-10-26 22:30:00,0.326
2013-10-26 23:00:00,0.3
2013-10-26 23:30:00,0.233
2013-10-27 00:00:00,0.208
2013-10-27 00:30:00,0.162
2013-10-27 01:00:00,0.137
2013-10-27 01:30:00,0.139
2013-10-27 02:00:00,0.138
2013-10-27 02:30:00,0.114
2013-10-27 03:00:00,0.137
2013-10-27 03:30:00,0.159
2013-10-27 04:00:00,0.195
2013-10-27 04:30:00,0.186
2013-10-27 05:00:00,0.174
2013-10-27 05:30:00,0.177
2013-10-27 06:00:00,0.104
2013-10-27 06:30:00,0.103
2013-10-27 07:00:00,0.12
2013-10-27 07:30:00,0.229
2013-10-27 08:00:00,0.251
2013-10-27 08:30:00,0.319
2013-10-27 09:00:00,0.191
2013-10-27 09:30:00,0.215
2013-10-27 10:00:00,0.193
2013-10-27 10:30:00,0.515
2013-10-27 11:00:00,0.414
2013-10-27 11:30:00,0.363
2013-10-27 12:00:00,0.222
2013-10-27 12:30:00,0.297
2013-10-27 13:00:00,0.247
2013-10-27 13:30:00,0.182
2013-10-27 14:00:00,0.165
2013-10-27 14:30:00,0.415
2013-10-27 15:00:00,0.476
2013-10-27 15:30:00,0.254
2013-10-27 16:00:00,0.283
2013-10-27 16:30:00,0.56
2013-10-27 17:00:00,0.574
2013-10-27 17:30:00,0.982
2013-10-27 18:00:00,1.209
2013-10-27 18:30:00,1.199
2013-10-27 19:00:00,0.416
2013-10-27 19:30:00,1.063
2013-10-27 20:00:00,0.67
2013-10-27 20:30:00,1.381
2013-10-27 21:00:00,0.647
2013-10-27 21:30:00,0.457
2013-10-27 22:00:00,0.458
2013-10-27 22:30:00,0.347
2013-10-27 23:00:00,0.33
2013-10-27 23:30:00,0.327
2013-10-28 00:00:00,0.25
2013-10-28 00:30:00,0.1
2013-10-28 01:00:00,0.134
2013-10-28 01:30:00,0.183
2013-10-28 02:00:00,0.203
2013-10-28 02:30:00,0.192
2013-10-28 03:00:00,0.139
2013-10-28 03:30:00,0.123
2013-10-28 04:00:00,0.101
2013-10-28 04:30:00,0.102
2013-10-28 05:00:00,0.112
2013-10-28 05:30:00,0.187
2013-10-28 06:00:00,0.248
2013-10-28 06:30:00,0.226
2013-10-28 07:00:00,0.171
2013-10-28 07:30:00,0.234
2013-10-28 08:00:00,0.274
2013-10-28 08:30:00,0.302
2013-10-28 09:00:00,0.571
2013-10-28 09:30:00,0.223
2013-10-28 10:00:00,0.598
2013-10-28 10:30:00,0.255
2013-10-28 11:00:00,0.37
2013-10-28 11:30:00,0.244
2013-10-28 12:00:00,0.193
2013-10-28 12:30:00,0.183
2013-10-28 13:00:00,0.698
2013-10-28 13:30:00,0.242
2013-10-28 14:00:00,0.246
2013-10-28 14:30:00,0.354
2013-10-28 15:00:00,0.446
2013-10-28 15:30:00,0.676
2013-10-28 16:00:00,0.52
2013-10-28 16:30:00,0.451
2013-10-28 17:00:00,0.734
2013-10-28 17:30:00,1.425
2013-10-28 18:00:00,1.239
2013-10-28 18:30:00,0.604
2013-10-28 19:00:00,0.632
2013-10-28 19:30:00,0.782
2013-10-28 20:00:00,0.673
2013-10-28 20:30:00,0.792
2013-10-28 21:00:00,0.821
2013-10-28 21:30:00,0.865
2013-10-28 22:00:00,0.728
2013-10-28 22:30:00,1.174
2013-10-28 23:00:00,0.788
2013-10-28 23:30:00,0.841
2013-10-29 00:00:00,0.241
2013-10-29 00:30:00,0.136
2013-10-29 01:00:00,0.135
2013-10-29 01:30:00,0.108
2013-10-29 02:00:00,0.098
2013-10-29 02:30:00,0.1
2013-10-29 03:00:00,0.132
2013-10-29 03:30:00,0.205
2013-10-29 04:00:00,0.198
2013-10-29 04:30:00,0.163
2013-10-29 05:00:00,0.102
2013-10-29 05:30:00,0.127
2013-10-29 06:00:00,0.175
2013-10-29 06:30:00,0.191
2013-10-29 07:00:00,0.217
2013-10-29 07:30:00,0.304
2013-10-29 08:00:00,0.225
2013-10-29 08:30:00,0.411
2013-10-29 09:00:00,0.303
2013-10-29 09:30:00,0.288
2013-10-29 10:00:00,0.229
2013-10-29 10:30:00,0.175
2013-10-29 11:00:00,0.194
2013-10-29 11:30:00,0.241
2013-10-29 12:00:00,0.165
2013-10-29 12:30:00,0.248
2013-10-29 13:00:00,0.231
2013-10-29 13:30:00,0.259
2013-10-29 14:00:00,0.209
2013-10-29 14:30:00,0.188
2013-10-29 15:00:00,0.231
2013-10-29 15:30:00,0.167
2013-10-29 16:00:00,0.22
2013-10-29 16:30:00,0.261
2013-10-29 17:00:00,0.497
2013-10-29 17:30:00,0.77
2013-10-29 18:00:00,1.135
2013-10-29 18:30:00,1.031
2013-10-29 19:00:00,0.786
2013-10-29 19:30:00,0.787
2013-10-29 20:00:00,0.753
2013-10-29 20:30:00,0.692
2013-10-29 21:00:00,0.631
2013-10-29 21:30:00,0.646
2013-10-29 22:00:00,0.66
2013-10-29 22:30:00,0.701
2013-10-29 23:00:00,0.982
2013-10-29 23:30:00,0.334
2013-10-30 00:00:00,1.05
2013-10-30 00:30:00,0.143
2013-10-30 01:00:00,0.139
2013-10-30 01:30:00,0.108
2013-10-30 02:00:00,0.108
2013-10-30 02:30:00,0.109
2013-10-30 03:00:00,0.193
2013-10-30 03:30:00,0.209
2013-10-30 04:00:00,0.183
2013-10-30 04:30:00,0.142
2013-10-30 05:00:00,0.108
2013-10-30 05:30:00,0.159
2013-10-30 06:00:00,0.195
2013-10-30 06:30:00,0.208
2013-10-30 07:00:00,0.254
2013-10-30 07:30:00,0.303
2013-10-30 08:00:00,0.173
2013-10-30 08:30:00,0.376
2013-10-30 09:00:00,0.261
2013-10-30 09:30:00,0.205
2013-10-30 10:00:00,0.184
2013-10-30 10:30:00,0.173
2013-10-30 11:00:00,0.179
2013-10-30 11:30:00,0.134
2013-10-30 12:00:00,0.173
2013-10-30 12:30:00,0.185
2013-10-30 13:00:00,0.237
2013-10-30 13:30:00,0.235
2013-10-30 14:00:00,0.291
2013-10-30 14:30:00,0.278
2013-10-30 15:00:00,0.293
2013-10-30 15:30:00,0.217
2013-10-30 16:00:00,0.41
2013-10-30 16:30:00,0.388
2013-10-30 17:00:00,0.468
2013-10-30 17:30:00,0.632
2013-10-30 18:00:00,1.054
2013-10-30 18:30:00,0.943
2013-10-30 19:00:00,0.448
2013-10-30 19:30:00,0.438
2013-10-30 20:00:00,0.46
2013-10-30 20:30:00,0.457
2013-10-30 21:00:00,0.509
2013-10-30 21:30:00,0.398
2013-10-30 22:00:00,0.413
2013-10-30 22:30:00,1.101
2013-10-30 23:00:00,0.515
2013-10-30 23:30:00,0.939
2013-10-31 00:00:00,0.359
2013-10-31 00:30:00,0.196
2013-10-31 01:00:00,0.115
2013-10-31 01:30:00,0.145
2013-10-31 02:00:00,0.142
2013-10-31 02:30:00,0.124
2013-10-31 03:00:00,0.106
2013-10-31 03:30:00,0.106
2013-10-31 04:00:00,0.138
2013-10-31 04:30:00,0.203
2013-10-31 05:00:00,0.204
2013-10-31 05:30:00,0.194
2013-10-31 06:00:00,0.15
2013-10-31 06:30:00,0.205
2013-10-31 07:00:00,0.212
2013-10-31 07:30:00,0.521
2013-10-31 08:00:00,0.361
2013-10-31 08:30:00,0.304
2013-10-31 09:00:00,0.188
2013-10-31 09:30:00,0.174
2013-10-31 10:00:00,0.233
2013-10-31 10:30:00,0.266
2013-10-31 11:00:00,0.203
2013-10-31 11:30:00,0.2
2013-10-31 12:00:00,0.11
2013-10-31 12:30:00,0.11
2013-10-31 13:00:00,0.155
2013-10-31 13:30:00,0.259
2013-10-31 14:00:00,0.326
2013-10-31 14:30:00,0.972
2013-10-31 15:00:00,0.828
2013-10-31 15:30:00,0.788
2013-10-31 16:00:00,0.923
2013-10-31 16:30:00,0.679
2013-10-31 17:00:00,0.987
2013-10-31 17:30:00,0.969
2013-10-31 18:00:00,1.05
2013-10-31 18:30:00,0.815
2013-10-31 19:00:00,0.446
2013-10-31 19:30:00,0.448
2013-10-31 20:00:00,0.509
2013-10-31 20:30:00,0.518
2013-10-31 21:00:00,0.573
2013-10-31 21:30:00,0.755
2013-10-31 22:00:00,1.112
2013-10-31 22:30:00,0.595
2013-10-31 23:00:00,1.262
2013-10-31 23:30:00,0.324
2013-11-01 00:00:00,0.255
2013-11-01 00:30:00,0.155
2013-11-01 01:00:00,0.146
2013-11-01 01:30:00,0.107
2013-11-01 02:00:00,0.109
2013-11-01 02:30:00,0.131
2013-11-01 03:00:00,0.147
2013-11-01 03:30:00,0.197
2013-11-01 04:00:00,0.176
2013-11-01 04:30:00,0.165
2013-11-01 05:00:00,0.132
2013-11-01 05:30:00,0.162
2013-11-01 06:00:00,0.191
2013-11-01 06:30:00,0.174
2013-11-01 07:00:00,0.148
2013-11-01 07:30:00,0.256
2013-11-01 08:00:00,0.636
2013-11-01 08:30:00,0.44
2013-11-01 09:00:00,0.611
2013-11-01 09:30:00,0.313
2013-11-01 10:00:00,0.736
2013-11-01 10:30:00,0.482
2013-11-01 11:00:00,0.618
2013-11-01 11:30:00,0.287
2013-11-01 12:00:00,0.254
2013-11-01 12:30:00,0.291
2013-11-01 13:00:00,0.285
2013-11-01 13:30:00,0.294
2013-11-01 14:00:00,0.271
2013-11-01 14:30:00,0.154
2013-11-01 15:00:00,0.257
2013-11-01 15:30:00,0.282
2013-11-01 16:00:00,0.222
2013-11-01 16:30:00,0.337
2013-11-01 17:00:00,0.675
2013-11-01 17:30:00,1.21
2013-11-01 18:00:00,1.046
2013-11-01 18:30:00,0.465
2013-11-01 19:00:00,0.437
2013-11-01 19:30:00,0.44
2013-11-01 20:00:00,0.446
2013-11-01 20:30:00,0.636
2013-11-01 21:00:00,0.505
2013-11-01 21:30:00,0.514
2013-11-01 22:00:00,1.039
2013-11-01 22:30:00,0.481
2013-11-01 23:00:00,1.0829999
2013-11-01 23:30:00,0.192
2013-11-02 00:00:00,0.14
2013-11-02 00:30:00,0.137
2013-11-02 01:00:00,0.136
2013-11-02 01:30:00,0.107
2013-11-02 02:00:00,0.138
2013-11-02 02:30:00,0.168
2013-11-02 03:00:00,0.208
2013-11-02 03:30:00,0.18
2013-11-02 04:00:00,0.136
2013-11-02 04:30:00,0.1
2013-11-02 05:00:00,0.1
2013-11-02 05:30:00,0.107
2013-11-02 06:00:00,0.192
2013-11-02 06:30:00,0.205
2013-11-02 07:00:00,0.297
2013-11-02 07:30:00,0.174
2013-11-02 08:00:00,0.176
2013-11-02 08:30:00,0.148
2013-11-02 09:00:00,0.282
2013-11-02 09:30:00,0.28
2013-11-02 10:00:00,0.26
2013-11-02 10:30:00,0.188
2013-11-02 11:00:00,0.186
2013-11-02 11:30:00,0.24
2013-11-02 12:00:00,0.363
2013-11-02 12:30:00,0.227
2013-11-02 13:00:00,0.142
2013-11-02 13:30:00,0.163
2013-11-02 14:00:00,0.161
2013-11-02 14:30:00,0.237
2013-11-02 15:00:00,0.32
2013-11-02 15:30:00,0.355
2013-11-02 16:00:00,0.373
2013-11-02 16:30:00,0.536
2013-11-02 17:00:00,0.479
2013-11-02 17:30:00,0.698
2013-11-02 18:00:00,0.671
2013-11-02 18:30:00,0.484
2013-11-02 19:00:00,0.386
2013-11-02 19:30:00,0.45
2013-11-02 20:00:00,0.61
2013-11-02 20:30:00,0.508
2013-11-02 21:00:00,0.519
2013-11-02 21:30:00,0.279
2013-11-02 22:00:00,0.289
2013-11-02 22:30:00,0.552
2013-11-02 23:00:00,0.712
2013-11-02 23:30:00,0.616
2013-11-03 00:00:00,0.514
2013-11-03 00:30:00,1.057
2013-11-03 01:00:00,0.271
2013-11-03 01:30:00,0.205
2013-11-03 02:00:00,0.196
2013-11-03 02:30:00,0.134
2013-11-03 03:00:00,0.102
2013-11-03 03:30:00,0.106
2013-11-03 04:00:00,0.103
2013-11-03 04:30:00,0.139
2013-11-03 05:00:00,0.141
2013-11-03 05:30:00,0.175
2013-11-03 06:00:00,0.22
2013-11-03 06:30:00,0.216
2013-11-03 07:00:00,0.172
2013-11-03 07:30:00,0.246
2013-11-03 08:00:00,0.177
2013-11-03 08:30:00,0.134
2013-11-03 09:00:00,0.271
2013-11-03 09:30:00,0.394
2013-11-03 10:00:00,0.172
2013-11-03 10:30:00,0.308
2013-11-03 11:00:00,0.331
2013-11-03 11:30:00,0.286
2013-11-03 12:00:00,0.253
2013-11-03 12:30:00,0.268
2013-11-03 13:00:00,0.206
2013-11-03 13:30:00,0.176
2013-11-03 14:00:00,0.182
2013-11-03 14:30:00,0.141
2013-11-03 15:00:00,0.191
2013-11-03 15:30:00,0.293
2013-11-03 16:00:00,0.725
2013-11-03 16:30:00,0.643
2013-11-03 17:00:00,0.992
2013-11-03 17:30:00,1.418
2013-11-03 18:00:00,1.244
2013-11-03 18:30:00,0.774
2013-11-03 19:00:00,0.476
2013-11-03 19:30:00,0.521
2013-11-03 20:00:00,0.45
2013-11-03 20:30:00,0.55
2013-11-03 21:00:00,1.0319999
2013-11-03 21:30:00,0.956
2013-11-03 22:00:00,1.339
2013-11-03 22:30:00,0.615
2013-11-03 23:00:00,0.249
2013-11-03 23:30:00,0.177
2013-11-04 00:00:00,0.142
2013-11-04 00:30:00,0.143
2013-11-04 01:00:00,0.195
2013-11-04 01:30:00,0.169
2013-11-04 02:00:00,0.164
2013-11-04 02:30:00,0.129
2013-11-04 03:00:00,0.146
2013-11-04 03:30:00,0.143
2013-11-04 04:00:00,0.126
2013-11-04 04:30:00,0.103
2013-11-04 05:00:00,0.11
2013-11-04 05:30:00,0.138
2013-11-04 06:00:00,0.238
2013-11-04 06:30:00,0.253
2013-11-04 07:00:00,0.413
2013-11-04 07:30:00,0.485
2013-11-04 08:00:00,0.743
2013-11-04 08:30:00,0.343
2013-11-04 09:00:00,0.209
2013-11-04 09:30:00,0.18
2013-11-04 10:00:00,0.137
2013-11-04 10:30:00,0.115
2013-11-04 11:00:00,0.153
2013-11-04 11:30:00,0.217
2013-11-04 12:00:00,0.21
2013-11-04 12:30:00,0.152
2013-11-04 13:00:00,0.138
2013-11-04 13:30:00,0.134
2013-11-04 14:00:00,0.154
2013-11-04 14:30:00,0.176
2013-11-04 15:00:00,0.272
2013-11-04 15:30:00,0.256
2013-11-04 16:00:00,0.239
2013-11-04 16:30:00,0.239
2013-11-04 17:00:00,0.479
2013-11-04 17:30:00,0.75
2013-11-04 18:00:00,0.709
2013-11-04 18:30:00,0.586
2013-11-04 19:00:00,0.767
2013-11-04 19:30:00,0.801
2013-11-04 20:00:00,0.69
2013-11-04 20:30:00,0.551
2013-11-04 21:00:00,0.589
2013-11-04 21:30:00,0.528
2013-11-04 22:00:00,0.522
2013-11-04 22:30:00,1.122
2013-11-04 23:00:00,0.49
2013-11-04 23:30:00,0.927
2013-11-05 00:00:00,0.158
2013-11-05 00:30:00,0.125
2013-11-05 01:00:00,0.127
2013-11-05 01:30:00,0.138
2013-11-05 02:00:00,0.14
2013-11-05 02:30:00,0.15
2013-11-05 03:00:00,0.162
2013-11-05 03:30:00,0.179
2013-11-05 04:00:00,0.164
2013-11-05 04:30:00,0.163
2013-11-05 05:00:00,0.137
2013-11-05 05:30:00,0.198
2013-11-05 06:00:00,0.191
2013-11-05 06:30:00,0.164
2013-11-05 07:00:00,0.303
2013-11-05 07:30:00,0.496
2013-11-05 08:00:00,0.346
2013-11-05 08:30:00,0.236
2013-11-05 09:00:00,0.188
2013-11-05 09:30:00,0.629
2013-11-05 10:00:00,0.287
2013-11-05 10:30:00,0.152
2013-11-05 11:00:00,0.266
2013-11-05 11:30:00,0.242
2013-11-05 12:00:00,0.723
2013-11-05 12:30:00,0.165
2013-11-05 13:00:00,0.294
2013-11-05 13:30:00,0.123
2013-11-05 14:00:00,0.144
2013-11-05 14:30:00,0.199
2013-11-05 15:00:00,0.359
2013-11-05 15:30:00,0.363
2013-11-05 16:00:00,0.417
2013-11-05 16:30:00,0.455
2013-11-05 17:00:00,0.514
2013-11-05 17:30:00,0.54
2013-11-05 18:00:00,1.015
2013-11-05 18:30:00,0.927
2013-11-05 19:00:00,0.53
2013-11-05 19:30:00,0.733
2013-11-05 20:00:00,0.809
2013-11-05 20:30:00,0.819
2013-11-05 21:00:00,0.825
2013-11-05 21:30:00,0.853
2013-11-05 22:00:00,0.67
2013-11-05 22:30:00,0.541
2013-11-05 23:00:00,0.973
2013-11-05 23:30:00,0.24
2013-11-06 00:00:00,0.943
2013-11-06 00:30:00,0.168
2013-11-06 01:00:00,0.169
2013-11-06 01:30:00,0.166
2013-11-06 02:00:00,0.148
2013-11-06 02:30:00,0.145
2013-11-06 03:00:00,0.142
2013-11-06 03:30:00,0.113
2013-11-06 04:00:00,0.104
2013-11-06 04:30:00,0.103
2013-11-06 05:00:00,0.127
2013-11-06 05:30:00,0.197
2013-11-06 06:00:00,0.251
2013-11-06 06:30:00,0.202
2013-11-06 07:00:00,0.224
2013-11-06 07:30:00,0.367
2013-11-06 08:00:00,0.507
2013-11-06 08:30:00,0.413
2013-11-06 09:00:00,0.458
2013-11-06 09:30:00,0.499
2013-11-06 10:00:00,0.366
2013-11-06 10:30:00,0.474
2013-11-06 11:00:00,0.577
2013-11-06 11:30:00,0.267
2013-11-06 12:00:00,0.25
2013-11-06 12:30:00,0.175
2013-11-06 13:00:00,0.259
2013-11-06 13:30:00,0.247
2013-11-06 14:00:00,0.196
2013-11-06 14:30:00,0.256
2013-11-06 15:00:00,0.315
2013-11-06 15:30:00,0.384
2013-11-06 16:00:00,0.433
2013-11-06 16:30:00,0.54
2013-11-06 17:00:00,0.678
2013-11-06 17:30:00,0.396
2013-11-06 18:00:00,0.482
2013-11-06 18:30:00,0.491
2013-11-06 19:00:00,0.519
2013-11-06 19:30:00,0.505
2013-11-06 20:00:00,0.565
2013-11-06 20:30:00,0.654
2013-11-06 21:00:00,0.857
2013-11-06 21:30:00,0.547
2013-11-06 22:00:00,0.543
2013-11-06 22:30:00,1.178
2013-11-06 23:00:00,0.514
2013-11-06 23:30:00,0.931
2013-11-07 00:00:00,0.118
2013-11-07 00:30:00,0.145
2013-11-07 01:00:00,0.2
2013-11-07 01:30:00,0.205
2013-11-07 02:00:00,0.165
2013-11-07 02:30:00,0.123
2013-11-07 03:00:00,0.106
2013-11-07 03:30:00,0.146
2013-11-07 04:00:00,0.142
2013-11-07 04:30:00,0.131
2013-11-07 05:00:00,0.11
2013-11-07 05:30:00,0.17
2013-11-07 06:00:00,0.218
2013-11-07 06:30:00,0.247
2013-11-07 07:00:00,0.416
2013-11-07 07:30:00,0.341
2013-11-07 08:00:00,0.269
2013-11-07 08:30:00,0.211
2013-11-07 09:00:00,0.158
2013-11-07 09:30:00,0.158
2013-11-07 10:00:00,0.17
2013-11-07 10:30:00,0.172
2013-11-07 11:00:00,0.177
2013-11-07 11:30:00,0.28
2013-11-07 12:00:00,0.157
2013-11-07 12:30:00,0.163
2013-11-07 13:00:00,0.153
2013-11-07 13:30:00,0.161
2013-11-07 14:00:00,0.155
2013-11-07 14:30:00,0.215
2013-11-07 15:00:00,0.237
2013-11-07 15:30:00,0.317
2013-11-07 16:00:00,0.224
2013-11-07 16:30:00,0.326
2013-11-07 17:00:00,0.87
2013-11-07 17:30:00,1.201
2013-11-07 18:00:00,1.102
2013-11-07 18:30:00,0.558
2013-11-07 19:00:00,0.605
2013-11-07 19:30:00,0.622
2013-11-07 20:00:00,0.562
2013-11-07 20:30:00,0.541
2013-11-07 21:00:00,0.521
2013-11-07 21:30:00,0.492
2013-11-07 22:00:00,0.554
2013-11-07 22:30:00,0.591
2013-11-07 23:00:00,1.057
2013-11-07 23:30:00,0.498
2013-11-08 00:00:00,0.759
2013-11-08 00:30:00,0.104
2013-11-08 01:00:00,0.102
2013-11-08 01:30:00,0.106
2013-11-08 02:00:00,0.141
2013-11-08 02:30:00,0.142
2013-11-08 03:00:00,0.142
2013-11-08 03:30:00,0.179
2013-11-08 04:00:00,0.167
2013-11-08 04:30:00,0.15
2013-11-08 05:00:00,0.11
2013-11-08 05:30:00,0.183
2013-11-08 06:00:00,0.189
2013-11-08 06:30:00,0.181
2013-11-08 07:00:00,0.112
2013-11-08 07:30:00,0.245
2013-11-08 08:00:00,0.401
2013-11-08 08:30:00,0.632
2013-11-08 09:00:00,0.245
2013-11-08 09:30:00,0.139
2013-11-08 10:00:00,0.271
2013-11-08 10:30:00,0.926
2013-11-08 11:00:00,0.462
2013-11-08 11:30:00,0.471
2013-11-08 12:00:00,0.112
2013-11-08 12:30:00,0.145
2013-11-08 13:00:00,0.187
2013-11-08 13:30:00,0.266
2013-11-08 14:00:00,0.202
2013-11-08 14:30:00,0.142
2013-11-08 15:00:00,0.256
2013-11-08 15:30:00,0.304
2013-11-08 16:00:00,0.375
2013-11-08 16:30:00,0.463
2013-11-08 17:00:00,0.398
2013-11-08 17:30:00,0.315
2013-11-08 18:00:00,0.305
2013-11-08 18:30:00,0.318
2013-11-08 19:00:00,0.316
2013-11-08 19:30:00,0.269
2013-11-08 20:00:00,0.285
2013-11-08 20:30:00,1.1440001
2013-11-08 21:00:00,0.906
2013-11-08 21:30:00,0.9
2013-11-08 22:00:00,0.62
2013-11-08 22:30:00,0.923
2013-11-08 23:00:00,1.189
2013-11-08 23:30:00,0.5
2013-11-09 00:00:00,1.012
2013-11-09 00:30:00,0.19
2013-11-09 01:00:00,0.111
2013-11-09 01:30:00,0.145
2013-11-09 02:00:00,0.141
2013-11-09 02:30:00,0.139
2013-11-09 03:00:00,0.107
2013-11-09 03:30:00,0.163
2013-11-09 04:00:00,0.164
2013-11-09 04:30:00,0.195
2013-11-09 05:00:00,0.145
2013-11-09 05:30:00,0.144
2013-11-09 06:00:00,0.159
2013-11-09 06:30:00,0.174
2013-11-09 07:00:00,0.286
2013-11-09 07:30:00,0.212
2013-11-09 08:00:00,0.208
2013-11-09 08:30:00,0.559
2013-11-09 09:00:00,0.331
2013-11-09 09:30:00,1.0880001
2013-11-09 10:00:00,1.224
2013-11-09 10:30:00,0.694
2013-11-09 11:00:00,0.322
2013-11-09 11:30:00,0.138
2013-11-09 12:00:00,0.18
2013-11-09 12:30:00,0.143
2013-11-09 13:00:00,0.339
2013-11-09 13:30:00,0.545
2013-11-09 14:00:00,0.437
2013-11-09 14:30:00,0.599
2013-11-09 15:00:00,0.646
2013-11-09 15:30:00,0.832
2013-11-09 16:00:00,0.427
2013-11-09 16:30:00,0.301
2013-11-09 17:00:00,0.609
2013-11-09 17:30:00,0.567
2013-11-09 18:00:00,1.148
2013-11-09 18:30:00,1.1160001
2013-11-09 19:00:00,0.681
2013-11-09 19:30:00,0.676
2013-11-09 20:00:00,0.644
2013-11-09 20:30:00,0.424
2013-11-09 21:00:00,0.42
2013-11-09 21:30:00,0.563
2013-11-09 22:00:00,0.487
2013-11-09 22:30:00,0.49
2013-11-09 23:00:00,0.875
2013-11-09 23:30:00,0.354
2013-11-10 00:00:00,0.826
2013-11-10 00:30:00,0.216
2013-11-10 01:00:00,0.214
2013-11-10 01:30:00,0.248
2013-11-10 02:00:00,0.226
2013-11-10 02:30:00,0.109
2013-11-10 03:00:00,0.106
2013-11-10 03:30:00,0.119
2013-11-10 04:00:00,0.144
2013-11-10 04:30:00,0.141
2013-11-10 05:00:00,0.108
2013-11-10 05:30:00,0.11
2013-11-10 06:00:00,0.204
2013-11-10 06:30:00,0.287
2013-11-10 07:00:00,0.54
2013-11-10 07:30:00,0.416
2013-11-10 08:00:00,0.252
2013-11-10 08:30:00,0.146
2013-11-10 09:00:00,0.234
2013-11-10 09:30:00,0.287
2013-11-10 10:00:00,0.247
2013-11-10 10:30:00,0.257
2013-11-10 11:00:00,0.103
2013-11-10 11:30:00,0.103
2013-11-10 12:00:00,0.169
2013-11-10 12:30:00,0.211
2013-11-10 13:00:00,0.472
2013-11-10 13:30:00,0.677
2013-11-10 14:00:00,0.604
2013-11-10 14:30:00,0.341
2013-11-10 15:00:00,0.454
2013-11-10 15:30:00,0.641
2013-11-10 16:00:00,0.5
2013-11-10 16:30:00,0.43
2013-11-10 17:00:00,0.548
2013-11-10 17:30:00,0.527
2013-11-10 18:00:00,0.589
2013-11-10 18:30:00,0.524
2013-11-10 19:00:00,0.506
2013-11-10 19:30:00,0.489
2013-11-10 20:00:00,0.498
2013-11-10 20:30:00,0.586
2013-11-10 21:00:00,0.593
2013-11-10 21:30:00,0.844
2013-11-10 22:00:00,0.659
2013-11-10 22:30:00,1.027
2013-11-10 23:00:00,0.491
2013-11-10 23:30:00,0.254
2013-11-11 00:00:00,0.173
2013-11-11 00:30:00,0.171
2013-11-11 01:00:00,0.164
2013-11-11 01:30:00,0.155
2013-11-11 02:00:00,0.144
2013-11-11 02:30:00,0.12
2013-11-11 03:00:00,0.108
2013-11-11 03:30:00,0.108
2013-11-11 04:00:00,0.107
2013-11-11 04:30:00,0.146
2013-11-11 05:00:00,0.18
2013-11-11 05:30:00,0.203
2013-11-11 06:00:00,0.18
2013-11-11 06:30:00,0.24
2013-11-11 07:00:00,0.396
2013-11-11 07:30:00,0.859
2013-11-11 08:00:00,0.58
2013-11-11 08:30:00,0.312
2013-11-11 09:00:00,0.455
2013-11-11 09:30:00,0.145
2013-11-11 10:00:00,1.363
2013-11-11 10:30:00,0.793
2013-11-11 11:00:00,0.326
2013-11-11 11:30:00,0.111
2013-11-11 12:00:00,0.143
2013-11-11 12:30:00,0.201
2013-11-11 13:00:00,0.592
2013-11-11 13:30:00,0.902
2013-11-11 14:00:00,0.718
2013-11-11 14:30:00,0.47
2013-11-11 15:00:00,0.241
2013-11-11 15:30:00,0.249
2013-11-11 16:00:00,0.273
2013-11-11 16:30:00,0.34
2013-11-11 17:00:00,0.252
2013-11-11 17:30:00,0.276
2013-11-11 18:00:00,0.318
2013-11-11 18:30:00,0.31
2013-11-11 19:00:00,0.384
2013-11-11 19:30:00,0.342
2013-11-11 20:00:00,0.383
2013-11-11 20:30:00,0.39
2013-11-11 21:00:00,0.365
2013-11-11 21:30:00,0.42
2013-11-11 22:00:00,0.34
2013-11-11 22:30:00,0.418
2013-11-11 23:00:00,0.408
2013-11-11 23:30:00,0.319
2013-11-12 00:00:00,0.366
2013-11-12 00:30:00,0.172
2013-11-12 01:00:00,0.147
2013-11-12 01:30:00,0.172
2013-11-12 02:00:00,0.187
2013-11-12 02:30:00,0.18
2013-11-12 03:00:00,0.146
2013-11-12 03:30:00,0.148
2013-11-12 04:00:00,0.163
2013-11-12 04:30:00,0.242
2013-11-12 05:00:00,0.249
2013-11-12 05:30:00,0.253
2013-11-12 06:00:00,0.199
2013-11-12 06:30:00,0.24
2013-11-12 07:00:00,0.369
2013-11-12 07:30:00,0.425
2013-11-12 08:00:00,0.428
2013-11-12 08:30:00,0.875
2013-11-12 09:00:00,0.368
2013-11-12 09:30:00,0.927
2013-11-12 10:00:00,0.243
2013-11-12 10:30:00,0.311
2013-11-12 11:00:00,0.242
2013-11-12 11:30:00,0.31
2013-11-12 12:00:00,0.226
2013-11-12 12:30:00,0.246
2013-11-12 13:00:00,0.235
2013-11-12 13:30:00,0.246
2013-11-12 14:00:00,0.206
2013-11-12 14:30:00,0.276
2013-11-12 15:00:00,0.359
2013-11-12 15:30:00,0.484
2013-11-12 16:00:00,0.3
2013-11-12 16:30:00,0.333
2013-11-12 17:00:00,0.681
2013-11-12 17:30:00,0.781
2013-11-12 18:00:00,1.274
2013-11-12 18:30:00,0.838
2013-11-12 19:00:00,0.546
2013-11-12 19:30:00,0.62
2013-11-12 20:00:00,0.703
2013-11-12 20:30:00,0.638
2013-11-12 21:00:00,0.714
2013-11-12 21:30:00,0.541
2013-11-12 22:00:00,0.559
2013-11-12 22:30:00,1.216
2013-11-12 23:00:00,0.359
2013-11-12 23:30:00,0.966
2013-11-13 00:00:00,0.108
2013-11-13 00:30:00,0.133
2013-11-13 01:00:00,0.193
2013-11-13 01:30:00,0.208
2013-11-13 02:00:00,0.159
2013-11-13 02:30:00,0.105
2013-11-13 03:00:00,0.105
2013-11-13 03:30:00,0.116
2013-11-13 04:00:00,0.142
2013-11-13 04:30:00,0.127
2013-11-13 05:00:00,0.107
2013-11-13 05:30:00,0.156
2013-11-13 06:00:00,0.212
2013-11-13 06:30:00,0.321
2013-11-13 07:00:00,0.522
2013-11-13 07:30:00,0.435
2013-11-13 08:00:00,0.754
2013-11-13 08:30:00,0.304
2013-11-13 09:00:00,0.179
2013-11-13 09:30:00,0.16
2013-11-13 10:00:00,0.849
2013-11-13 10:30:00,0.231
2013-11-13 11:00:00,0.366
2013-11-13 11:30:00,0.354
2013-11-13 12:00:00,0.302
2013-11-13 12:30:00,0.301
2013-11-13 13:00:00,0.295
2013-11-13 13:30:00,0.263
2013-11-13 14:00:00,0.239
2013-11-13 14:30:00,0.145
2013-11-13 15:00:00,0.217
2013-11-13 15:30:00,0.316
2013-11-13 16:00:00,0.322
2013-11-13 16:30:00,0.448
2013-11-13 17:00:00,0.827
2013-11-13 17:30:00,1.217
2013-11-13 18:00:00,1.187
2013-11-13 18:30:00,1.057
2013-11-13 19:00:00,0.912
2013-11-13 19:30:00,0.805
2013-11-13 20:00:00,0.642
2013-11-13 20:30:00,0.608
2013-11-13 21:00:00,0.771
2013-11-13 21:30:00,0.791
2013-11-13 22:00:00,0.956
2013-11-13 22:30:00,0.982
2013-11-13 23:00:00,0.673
2013-11-13 23:30:00,0.182
2013-11-14 00:00:00,0.145
2013-11-14 00:30:00,0.107
2013-11-14 01:00:00,0.123
2013-11-14 01:30:00,0.148
2013-11-14 02:00:00,0.144
2013-11-14 02:30:00,0.109
2013-11-14 03:00:00,0.108
2013-11-14 03:30:00,0.109
2013-11-14 04:00:00,0.134
2013-11-14 04:30:00,0.208
2013-11-14 05:00:00,0.202
2013-11-14 05:30:00,0.208
2013-11-14 06:00:00,0.153
2013-11-14 06:30:00,0.239
2013-11-14 07:00:00,0.321
2013-11-14 07:30:00,0.359
2013-11-14 08:00:00,0.481
2013-11-14 08:30:00,0.326
2013-11-14 09:00:00,0.418
2013-11-14 09:30:00,0.255
2013-11-14 10:00:00,0.302
2013-11-14 10:30:00,0.817
2013-11-14 11:00:00,0.75
2013-11-14 11:30:00,0.515
2013-11-14 12:00:00,0.313
2013-11-14 12:30:00,0.354
2013-11-14 13:00:00,0.278
2013-11-14 13:30:00,0.25
2013-11-14 14:00:00,0.317
2013-11-14 14:30:00,0.32
2013-11-14 15:00:00,0.423
2013-11-14 15:30:00,0.316
2013-11-14 16:00:00,0.228
2013-11-14 16:30:00,0.517
2013-11-14 17:00:00,0.708
2013-11-14 17:30:00,1.291
2013-11-14 18:00:00,1.26
2013-11-14 18:30:00,0.552
2013-11-14 19:00:00,0.488
2013-11-14 19:30:00,0.616
2013-11-14 20:00:00,0.676
2013-11-14 20:30:00,0.809
2013-11-14 21:00:00,0.923
2013-11-14 21:30:00,0.687
2013-11-14 22:00:00,0.62
2013-11-14 22:30:00,1.114
2013-11-14 23:00:00,0.249
2013-11-14 23:30:00,0.973
2013-11-15 00:00:00,0.172
2013-11-15 00:30:00,0.151
2013-11-15 01:00:00,0.134
2013-11-15 01:30:00,0.135
2013-11-15 02:00:00,0.192
2013-11-15 02:30:00,0.236
2013-11-15 03:00:00,0.215
2013-11-15 03:30:00,0.146
2013-11-15 04:00:00,0.128
2013-11-15 04:30:00,0.13
2013-11-15 05:00:00,0.175
2013-11-15 05:30:00,0.265
2013-11-15 06:00:00,0.205
2013-11-15 06:30:00,0.157
2013-11-15 07:00:00,0.166
2013-11-15 07:30:00,0.353
2013-11-15 08:00:00,0.742
2013-11-15 08:30:00,0.396
2013-11-15 09:00:00,0.275
2013-11-15 09:30:00,0.2
2013-11-15 10:00:00,0.216
2013-11-15 10:30:00,0.277
2013-11-15 11:00:00,0.595
2013-11-15 11:30:00,0.501
2013-11-15 12:00:00,1.038
2013-11-15 12:30:00,0.466
2013-11-15 13:00:00,0.282
2013-11-15 13:30:00,0.432
2013-11-15 14:00:00,0.467
2013-11-15 14:30:00,0.364
2013-11-15 15:00:00,0.284
2013-11-15 15:30:00,0.24
2013-11-15 16:00:00,0.391
2013-11-15 16:30:00,0.435
2013-11-15 17:00:00,0.972
2013-11-15 17:30:00,1.276
2013-11-15 18:00:00,0.927
2013-11-15 18:30:00,0.485
2013-11-15 19:00:00,0.563
2013-11-15 19:30:00,0.602
2013-11-15 20:00:00,0.523
2013-11-15 20:30:00,0.48
2013-11-15 21:00:00,0.615
2013-11-15 21:30:00,0.55
2013-11-15 22:00:00,0.961
2013-11-15 22:30:00,0.833
2013-11-15 23:00:00,1.081
2013-11-15 23:30:00,0.451
2013-11-16 00:00:00,0.319
2013-11-16 00:30:00,0.248
2013-11-16 01:00:00,0.187
2013-11-16 01:30:00,0.106
2013-11-16 02:00:00,0.104
2013-11-16 02:30:00,0.109
2013-11-16 03:00:00,0.145
2013-11-16 03:30:00,0.14
2013-11-16 04:00:00,0.103
2013-11-16 04:30:00,0.103
2013-11-16 05:00:00,0.105
2013-11-16 05:30:00,0.134
2013-11-16 06:00:00,0.232
2013-11-16 06:30:00,0.235
2013-11-16 07:00:00,0.227
2013-11-16 07:30:00,0.257
2013-11-16 08:00:00,0.505
2013-11-16 08:30:00,0.211
2013-11-16 09:00:00,0.213
2013-11-16 09:30:00,0.238
2013-11-16 10:00:00,0.216
2013-11-16 10:30:00,0.245
2013-11-16 11:00:00,0.233
2013-11-16 11:30:00,0.217
2013-11-16 12:00:00,0.196
2013-11-16 12:30:00,0.289
2013-11-16 13:00:00,0.195
2013-11-16 13:30:00,0.397
2013-11-16 14:00:00,0.345
2013-11-16 14:30:00,0.3
2013-11-16 15:00:00,0.23
2013-11-16 15:30:00,0.192
2013-11-16 16:00:00,0.208
2013-11-16 16:30:00,0.55
2013-11-16 17:00:00,0.643
2013-11-16 17:30:00,0.504
2013-11-16 18:00:00,0.711
2013-11-16 18:30:00,1.3200001
2013-11-16 19:00:00,0.594
2013-11-16 19:30:00,0.542
2013-11-16 20:00:00,0.468
2013-11-16 20:30:00,0.482
2013-11-16 21:00:00,0.76
2013-11-16 21:30:00,0.621
2013-11-16 22:00:00,0.664
2013-11-16 22:30:00,1.1720001
2013-11-16 23:00:00,0.492
2013-11-16 23:30:00,1.082
2013-11-17 00:00:00,0.393
2013-11-17 00:30:00,0.25
2013-11-17 01:00:00,0.205
2013-11-17 01:30:00,0.151
2013-11-17 02:00:00,0.153
2013-11-17 02:30:00,0.194
2013-11-17 03:00:00,0.17
2013-11-17 03:30:00,0.115
2013-11-17 04:00:00,0.103
2013-11-17 04:30:00,0.103
2013-11-17 05:00:00,0.117
2013-11-17 05:30:00,0.185
2013-11-17 06:00:00,0.252
2013-11-17 06:30:00,0.242
2013-11-17 07:00:00,0.246
2013-11-17 07:30:00,0.289
2013-11-17 08:00:00,0.202
2013-11-17 08:30:00,0.212
2013-11-17 09:00:00,0.388
2013-11-17 09:30:00,0.686
2013-11-17 10:00:00,0.629
2013-11-17 10:30:00,0.75
2013-11-17 11:00:00,0.507
2013-11-17 11:30:00,0.55
2013-11-17 12:00:00,0.681
2013-11-17 12:30:00,0.232
2013-11-17 13:00:00,0.829
2013-11-17 13:30:00,0.707
2013-11-17 14:00:00,0.347
2013-11-17 14:30:00,0.293
2013-11-17 15:00:00,0.345
2013-11-17 15:30:00,0.838
2013-11-17 16:00:00,1.2180001
2013-11-17 16:30:00,1.256
2013-11-17 17:00:00,0.932
2013-11-17 17:30:00,1.419
2013-11-17 18:00:00,1.876
2013-11-17 18:30:00,1.832
2013-11-17 19:00:00,1.939
2013-11-17 19:30:00,1.319
2013-11-17 20:00:00,0.935
2013-11-17 20:30:00,0.735
2013-11-17 21:00:00,0.619
2013-11-17 21:30:00,0.555
2013-11-17 22:00:00,0.649
2013-11-17 22:30:00,0.984
2013-11-17 23:00:00,0.53
2013-11-17 23:30:00,0.775
2013-11-18 00:00:00,0.148
2013-11-18 00:30:00,0.147
2013-11-18 01:00:00,0.151
2013-11-18 01:30:00,0.189
2013-11-18 02:00:00,0.214
2013-11-18 02:30:00,0.228
2013-11-18 03:00:00,0.207
2013-11-18 03:30:00,0.174
2013-11-18 04:00:00,0.168
2013-11-18 04:30:00,0.191
2013-11-18 05:00:00,0.19
2013-11-18 05:30:00,0.195
2013-11-18 06:00:00,0.197
2013-11-18 06:30:00,0.214
2013-11-18 07:00:00,0.401
2013-11-18 07:30:00,0.612
2013-11-18 08:00:00,0.458
2013-11-18 08:30:00,0.698
2013-11-18 09:00:00,0.223
2013-11-18 09:30:00,0.241
2013-11-18 10:00:00,0.718
2013-11-18 10:30:00,0.329
2013-11-18 11:00:00,1.091
2013-11-18 11:30:00,1.124
2013-11-18 12:00:00,0.657
2013-11-18 12:30:00,0.606
2013-11-18 13:00:00,0.698
2013-11-18 13:30:00,0.806
2013-11-18 14:00:00,0.808
2013-11-18 14:30:00,0.587
2013-11-18 15:00:00,0.304
2013-11-18 15:30:00,0.426
2013-11-18 16:00:00,0.644
2013-11-18 16:30:00,0.671
2013-11-18 17:00:00,0.833
2013-11-18 17:30:00,0.62
2013-11-18 18:00:00,0.823
2013-11-18 18:30:00,0.846
2013-11-18 19:00:00,0.618
2013-11-18 19:30:00,0.684
2013-11-18 20:00:00,0.719
2013-11-18 20:30:00,0.82
2013-11-18 21:00:00,0.871
2013-11-18 21:30:00,0.808
2013-11-18 22:00:00,0.869
2013-11-18 22:30:00,1.061
2013-11-18 23:00:00,0.729
2013-11-18 23:30:00,0.544
2013-11-19 00:00:00,0.123
2013-11-19 00:30:00,0.122
2013-11-19 01:00:00,0.126
2013-11-19 01:30:00,0.165
2013-11-19 02:00:00,0.177
2013-11-19 02:30:00,0.21
2013-11-19 03:00:00,0.181
2013-11-19 03:30:00,0.156
2013-11-19 04:00:00,0.121
2013-11-19 04:30:00,0.151
2013-11-19 05:00:00,0.164
2013-11-19 05:30:00,0.194
2013-11-19 06:00:00,0.168
2013-11-19 06:30:00,0.143
2013-11-19 07:00:00,0.323
2013-11-19 07:30:00,0.68
2013-11-19 08:00:00,0.845
2013-11-19 08:30:00,0.35
2013-11-19 09:00:00,0.479
2013-11-19 09:30:00,0.71
2013-11-19 10:00:00,0.302
2013-11-19 10:30:00,0.189
2013-11-19 11:00:00,0.152
2013-11-19 11:30:00,0.114
2013-11-19 12:00:00,0.113
2013-11-19 12:30:00,0.121
2013-11-19 13:00:00,0.199
2013-11-19 13:30:00,0.261
2013-11-19 14:00:00,0.181
2013-11-19 14:30:00,0.141
2013-11-19 15:00:00,0.246
2013-11-19 15:30:00,0.287
2013-11-19 16:00:00,0.339
2013-11-19 16:30:00,0.469
2013-11-19 17:00:00,0.603
2013-11-19 17:30:00,0.526
2013-11-19 18:00:00,0.49
2013-11-19 18:30:00,0.584
2013-11-19 19:00:00,0.652
2013-11-19 19:30:00,0.821
2013-11-19 20:00:00,0.783
2013-11-19 20:30:00,0.644
2013-11-19 21:00:00,0.767
2013-11-19 21:30:00,0.724
2013-11-19 22:00:00,0.612
2013-11-19 22:30:00,1.2130001
2013-11-19 23:00:00,0.485
2013-11-19 23:30:00,0.941
2013-11-20 00:00:00,0.108
2013-11-20 00:30:00,0.164
2013-11-20 01:00:00,0.209
2013-11-20 01:30:00,0.207
2013-11-20 02:00:00,0.126
2013-11-20 02:30:00,0.106
2013-11-20 03:00:00,0.106
2013-11-20 03:30:00,0.106
2013-11-20 04:00:00,0.146
2013-11-20 04:30:00,0.14
2013-11-20 05:00:00,0.114
2013-11-20 05:30:00,0.162
2013-11-20 06:00:00,0.161
2013-11-20 06:30:00,0.234
2013-11-20 07:00:00,0.39
2013-11-20 07:30:00,0.521
2013-11-20 08:00:00,0.368
2013-11-20 08:30:00,0.535
2013-11-20 09:00:00,0.332
2013-11-20 09:30:00,0.266
2013-11-20 10:00:00,0.228
2013-11-20 10:30:00,0.356
2013-11-20 11:00:00,0.173
2013-11-20 11:30:00,0.288
2013-11-20 12:00:00,0.353
2013-11-20 12:30:00,0.423
2013-11-20 13:00:00,0.384
2013-11-20 13:30:00,0.33
2013-11-20 14:00:00,0.46
2013-11-20 14:30:00,0.484
2013-11-20 15:00:00,0.56
2013-11-20 15:30:00,0.513
2013-11-20 16:00:00,0.638
2013-11-20 16:30:00,0.64
2013-11-20 17:00:00,0.66
2013-11-20 17:30:00,0.627
2013-11-20 18:00:00,0.94
2013-11-20 18:30:00,1.165
2013-11-20 19:00:00,0.658
2013-11-20 19:30:00,1.159
2013-11-20 20:00:00,0.634
2013-11-20 20:30:00,1.6160001
2013-11-20 21:00:00,1.501
2013-11-20 21:30:00,1.168
2013-11-20 22:00:00,1.096
2013-11-20 22:30:00,0.571
2013-11-20 23:00:00,0.324
2013-11-20 23:30:00,0.184
2013-11-21 00:00:00,0.166
2013-11-21 00:30:00,0.164
2013-11-21 01:00:00,0.163
2013-11-21 01:30:00,0.126
2013-11-21 02:00:00,0.127
2013-11-21 02:30:00,0.127
2013-11-21 03:00:00,0.154
2013-11-21 03:30:00,0.169
2013-11-21 04:00:00,0.155
2013-11-21 04:30:00,0.127
2013-11-21 05:00:00,0.131
2013-11-21 05:30:00,0.215
2013-11-21 06:00:00,0.27
2013-11-21 06:30:00,0.332
2013-11-21 07:00:00,0.43
2013-11-21 07:30:00,0.504
2013-11-21 08:00:00,0.644
2013-11-21 08:30:00,0.439
2013-11-21 09:00:00,0.525
2013-11-21 09:30:00,0.191
2013-11-21 10:00:00,0.114
2013-11-21 10:30:00,0.118
2013-11-21 11:00:00,0.488
2013-11-21 11:30:00,0.87
2013-11-21 12:00:00,0.241
2013-11-21 12:30:00,0.216
2013-11-21 13:00:00,0.696
2013-11-21 13:30:00,0.354
2013-11-21 14:00:00,0.202
2013-11-21 14:30:00,0.346
2013-11-21 15:00:00,0.381
2013-11-21 15:30:00,0.297
2013-11-21 16:00:00,0.295
2013-11-21 16:30:00,0.32
2013-11-21 17:00:00,0.897
2013-11-21 17:30:00,1.1109999
2013-11-21 18:00:00,1.161
2013-11-21 18:30:00,0.895
2013-11-21 19:00:00,0.489
2013-11-21 19:30:00,1.147
2013-11-21 20:00:00,0.896
2013-11-21 20:30:00,1.13
2013-11-21 21:00:00,0.868
2013-11-21 21:30:00,0.756
2013-11-21 22:00:00,0.712
2013-11-21 22:30:00,0.66
2013-11-21 23:00:00,0.374
2013-11-21 23:30:00,0.202
2013-11-22 00:00:00,0.168
2013-11-22 00:30:00,0.148
2013-11-22 01:00:00,0.146
2013-11-22 01:30:00,0.149
2013-11-22 02:00:00,0.188
2013-11-22 02:30:00,0.183
2013-11-22 03:00:00,0.149
2013-11-22 03:30:00,0.148
2013-11-22 04:00:00,0.145
2013-11-22 04:30:00,0.162
2013-11-22 05:00:00,0.191
2013-11-22 05:30:00,0.226
2013-11-22 06:00:00,0.267
2013-11-22 06:30:00,0.256
2013-11-22 07:00:00,0.333
2013-11-22 07:30:00,0.553
2013-11-22 08:00:00,0.587
2013-11-22 08:30:00,0.3
2013-11-22 09:00:00,0.299
2013-11-22 09:30:00,0.225
2013-11-22 10:00:00,0.283
2013-11-22 10:30:00,0.245
2013-11-22 11:00:00,0.284
2013-11-22 11:30:00,0.263
2013-11-22 12:00:00,0.202
2013-11-22 12:30:00,0.132
2013-11-22 13:00:00,0.15
2013-11-22 13:30:00,0.26
2013-11-22 14:00:00,0.337
2013-11-22 14:30:00,0.211
2013-11-22 15:00:00,0.208
2013-11-22 15:30:00,0.324
2013-11-22 16:00:00,0.405
2013-11-22 16:30:00,0.402
2013-11-22 17:00:00,1.115
2013-11-22 17:30:00,1.018
2013-11-22 18:00:00,0.482
2013-11-22 18:30:00,0.51
2013-11-22 19:00:00,0.446
2013-11-22 19:30:00,0.471
2013-11-22 20:00:00,0.473
2013-11-22 20:30:00,0.504
2013-11-22 21:00:00,0.506
2013-11-22 21:30:00,0.541
2013-11-22 22:00:00,0.521
2013-11-22 22:30:00,0.789
2013-11-22 23:00:00,1.138
2013-11-22 23:30:00,1.6160001
2013-11-23 00:00:00,1.1339999
2013-11-23 00:30:00,1.501
2013-11-23 01:00:00,0.614
2013-11-23 01:30:00,0.602
2013-11-23 02:00:00,0.646
2013-11-23 02:30:00,0.259
2013-11-23 03:00:00,0.15
2013-11-23 03:30:00,0.106
2013-11-23 04:00:00,0.103
2013-11-23 04:30:00,0.121
2013-11-23 05:00:00,0.143
2013-11-23 05:30:00,0.194
2013-11-23 06:00:00,0.221
2013-11-23 06:30:00,0.252
2013-11-23 07:00:00,0.243
2013-11-23 07:30:00,0.309
2013-11-23 08:00:00,0.195
2013-11-23 08:30:00,0.188
2013-11-23 09:00:00,0.266
2013-11-23 09:30:00,0.285
2013-11-23 10:00:00,0.32
2013-11-23 10:30:00,0.395
2013-11-23 11:00:00,0.234
2013-11-23 11:30:00,0.174
2013-11-23 12:00:00,0.215
2013-11-23 12:30:00,0.19
2013-11-23 13:00:00,0.309
2013-11-23 13:30:00,0.287
2013-11-23 14:00:00,0.261
2013-11-23 14:30:00,0.389
2013-11-23 15:00:00,0.382
2013-11-23 15:30:00,0.221
2013-11-23 16:00:00,0.28
2013-11-23 16:30:00,0.546
2013-11-23 17:00:00,0.519
2013-11-23 17:30:00,0.427
2013-11-23 18:00:00,0.458
2013-11-23 18:30:00,0.485
2013-11-23 19:00:00,0.476
2013-11-23 19:30:00,1.022
2013-11-23 20:00:00,0.437
2013-11-23 20:30:00,0.559
2013-11-23 21:00:00,1.026
2013-11-23 21:30:00,0.98
2013-11-23 22:00:00,0.964
2013-11-23 22:30:00,0.541
2013-11-23 23:00:00,0.314
2013-11-23 23:30:00,0.314
2013-11-24 00:00:00,0.257
2013-11-24 00:30:00,0.182
2013-11-24 01:00:00,0.164
2013-11-24 01:30:00,0.144
2013-11-24 02:00:00,0.124
2013-11-24 02:30:00,0.144
2013-11-24 03:00:00,0.128
2013-11-24 03:30:00,0.103
2013-11-24 04:00:00,0.102
2013-11-24 04:30:00,0.098
2013-11-24 05:00:00,0.132
2013-11-24 05:30:00,0.145
2013-11-24 06:00:00,0.166
2013-11-24 06:30:00,0.205
2013-11-24 07:00:00,0.193
2013-11-24 07:30:00,0.194
2013-11-24 08:00:00,0.18
2013-11-24 08:30:00,0.336
2013-11-24 09:00:00,0.216
2013-11-24 09:30:00,0.226
2013-11-24 10:00:00,0.433
2013-11-24 10:30:00,0.323
2013-11-24 11:00:00,0.63
2013-11-24 11:30:00,0.815
2013-11-24 12:00:00,0.178
2013-11-24 12:30:00,0.377
2013-11-24 13:00:00,0.267
2013-11-24 13:30:00,0.428
2013-11-24 14:00:00,0.318
2013-11-24 14:30:00,0.298
2013-11-24 15:00:00,0.29
2013-11-24 15:30:00,0.331
2013-11-24 16:00:00,0.62
2013-11-24 16:30:00,0.586
2013-11-24 17:00:00,0.774
2013-11-24 17:30:00,0.873
2013-11-24 18:00:00,0.624
2013-11-24 18:30:00,0.858
2013-11-24 19:00:00,1.0650001
2013-11-24 19:30:00,1.034
2013-11-24 20:00:00,1.001
2013-11-24 20:30:00,0.693
2013-11-24 21:00:00,0.55
2013-11-24 21:30:00,1.455
2013-11-24 22:00:00,0.959
2013-11-24 22:30:00,0.802
2013-11-24 23:00:00,0.272
2013-11-24 23:30:00,0.223
2013-11-25 00:00:00,0.173
2013-11-25 00:30:00,0.211
2013-11-25 01:00:00,0.242
2013-11-25 01:30:00,0.214
2013-11-25 02:00:00,0.155
2013-11-25 02:30:00,0.146
2013-11-25 03:00:00,0.147
2013-11-25 03:30:00,0.178
2013-11-25 04:00:00,0.185
2013-11-25 04:30:00,0.141
2013-11-25 05:00:00,0.106
2013-11-25 05:30:00,0.155
2013-11-25 06:00:00,0.181
2013-11-25 06:30:00,0.22
2013-11-25 07:00:00,0.243
2013-11-25 07:30:00,0.397
2013-11-25 08:00:00,0.469
2013-11-25 08:30:00,0.586
2013-11-25 09:00:00,0.236
2013-11-25 09:30:00,0.706
2013-11-25 10:00:00,0.498
2013-11-25 10:30:00,0.119
2013-11-25 11:00:00,0.218
2013-11-25 11:30:00,0.137
2013-11-25 12:00:00,0.38
2013-11-25 12:30:00,0.155
2013-11-25 13:00:00,0.247
2013-11-25 13:30:00,0.342
2013-11-25 14:00:00,0.32
2013-11-25 14:30:00,0.268
2013-11-25 15:00:00,0.144
2013-11-25 15:30:00,0.154
2013-11-25 16:00:00,0.579
2013-11-25 16:30:00,0.477
2013-11-25 17:00:00,0.578
2013-11-25 17:30:00,0.594
2013-11-25 18:00:00,0.498
2013-11-25 18:30:00,0.551
2013-11-25 19:00:00,0.552
2013-11-25 19:30:00,0.505
2013-11-25 20:00:00,1.404
2013-11-25 20:30:00,0.807
2013-11-25 21:00:00,1.7640001
2013-11-25 21:30:00,0.726
2013-11-25 22:00:00,0.715
2013-11-25 22:30:00,0.475
2013-11-25 23:00:00,0.318
2013-11-25 23:30:00,0.132
2013-11-26 00:00:00,0.137
2013-11-26 00:30:00,0.134
2013-11-26 01:00:00,0.103
2013-11-26 01:30:00,0.096
2013-11-26 02:00:00,0.104
2013-11-26 02:30:00,0.188
2013-11-26 03:00:00,0.201
2013-11-26 03:30:00,0.163
2013-11-26 04:00:00,0.098
2013-11-26 04:30:00,0.095
2013-11-26 05:00:00,0.114
2013-11-26 05:30:00,0.188
2013-11-26 06:00:00,0.171
2013-11-26 06:30:00,0.193
2013-11-26 07:00:00,0.289
2013-11-26 07:30:00,0.402
2013-11-26 08:00:00,0.422
2013-11-26 08:30:00,0.563
2013-11-26 09:00:00,0.376
2013-11-26 09:30:00,0.287
2013-11-26 10:00:00,0.192
2013-11-26 10:30:00,0.304
2013-11-26 11:00:00,0.146
2013-11-26 11:30:00,0.131
2013-11-26 12:00:00,0.111
2013-11-26 12:30:00,0.125
2013-11-26 13:00:00,0.179
2013-11-26 13:30:00,0.16
2013-11-26 14:00:00,0.178
2013-11-26 14:30:00,0.148
2013-11-26 15:00:00,0.216
2013-11-26 15:30:00,0.345
2013-11-26 16:00:00,0.401
2013-11-26 16:30:00,0.57
2013-11-26 17:00:00,0.734
2013-11-26 17:30:00,0.972
2013-11-26 18:00:00,1.048
2013-11-26 18:30:00,0.956
2013-11-26 19:00:00,0.777
2013-11-26 19:30:00,1.089
2013-11-26 20:00:00,0.729
2013-11-26 20:30:00,1.5319999
2013-11-26 21:00:00,0.777
2013-11-26 21:30:00,0.637
2013-11-26 22:00:00,0.533
2013-11-26 22:30:00,0.504
2013-11-26 23:00:00,0.291
2013-11-26 23:30:00,0.148
2013-11-27 00:00:00,0.11
2013-11-27 00:30:00,0.126
2013-11-27 01:00:00,0.15
2013-11-27 01:30:00,0.14
2013-11-27 02:00:00,0.107
2013-11-27 02:30:00,0.109
2013-11-27 03:00:00,0.115
2013-11-27 03:30:00,0.167
2013-11-27 04:00:00,0.194
2013-11-27 04:30:00,0.158
2013-11-27 05:00:00,0.141
2013-11-27 05:30:00,0.154
2013-11-27 06:00:00,0.192
2013-11-27 06:30:00,0.202
2013-11-27 07:00:00,0.316
2013-11-27 07:30:00,0.449
2013-11-27 08:00:00,0.386
2013-11-27 08:30:00,0.32
2013-11-27 09:00:00,0.16
2013-11-27 09:30:00,0.289
2013-11-27 10:00:00,0.306
2013-11-27 10:30:00,0.275
2013-11-27 11:00:00,0.274
2013-11-27 11:30:00,0.161
2013-11-27 12:00:00,0.224
2013-11-27 12:30:00,0.325
2013-11-27 13:00:00,0.305
2013-11-27 13:30:00,0.134
2013-11-27 14:00:00,0.115
2013-11-27 14:30:00,0.249
2013-11-27 15:00:00,0.353
2013-11-27 15:30:00,0.457
2013-11-27 16:00:00,0.397
2013-11-27 16:30:00,0.387
2013-11-27 17:00:00,0.45
2013-11-27 17:30:00,1.052
2013-11-27 18:00:00,1.164
2013-11-27 18:30:00,0.629
2013-11-27 19:00:00,0.5
2013-11-27 19:30:00,0.508
2013-11-27 20:00:00,0.609
2013-11-27 20:30:00,0.624
2013-11-27 21:00:00,0.608
2013-11-27 21:30:00,0.883
2013-11-27 22:00:00,0.691
2013-11-27 22:30:00,0.637
2013-11-27 23:00:00,1.046
2013-11-27 23:30:00,0.232
2013-11-28 00:00:00,0.971
2013-11-28 00:30:00,0.155
2013-11-28 01:00:00,0.146
2013-11-28 01:30:00,0.142
2013-11-28 02:00:00,0.12
2013-11-28 02:30:00,0.162
2013-11-28 03:00:00,0.164
2013-11-28 03:30:00,0.182
2013-11-28 04:00:00,0.14
2013-11-28 04:30:00,0.114
2013-11-28 05:00:00,0.101
2013-11-28 05:30:00,0.151
2013-11-28 06:00:00,0.172
2013-11-28 06:30:00,0.24
2013-11-28 07:00:00,0.337
2013-11-28 07:30:00,0.84
2013-11-28 08:00:00,0.549
2013-11-28 08:30:00,0.416
2013-11-28 09:00:00,0.481
2013-11-28 09:30:00,0.487
2013-11-28 10:00:00,0.928
2013-11-28 10:30:00,0.919
2013-11-28 11:00:00,0.412
2013-11-28 11:30:00,0.447
2013-11-28 12:00:00,0.518
2013-11-28 12:30:00,0.301
2013-11-28 13:00:00,0.336
2013-11-28 13:30:00,0.368
2013-11-28 14:00:00,0.291
2013-11-28 14:30:00,0.232
2013-11-28 15:00:00,0.383
2013-11-28 15:30:00,0.453
2013-11-28 16:00:00,0.403
2013-11-28 16:30:00,0.281
2013-11-28 17:00:00,0.364
2013-11-28 17:30:00,1.104
2013-11-28 18:00:00,1.349
2013-11-28 18:30:00,1.15
2013-11-28 19:00:00,0.594
2013-11-28 19:30:00,0.806
2013-11-28 20:00:00,0.811
2013-11-28 20:30:00,0.758
2013-11-28 21:00:00,1.081
2013-11-28 21:30:00,0.717
2013-11-28 22:00:00,0.813
2013-11-28 22:30:00,0.708
2013-11-28 23:00:00,1.118
2013-11-28 23:30:00,0.275
2013-11-29 00:00:00,1.012
2013-11-29 00:30:00,0.15
2013-11-29 01:00:00,0.152
2013-11-29 01:30:00,0.145
2013-11-29 02:00:00,0.108
2013-11-29 02:30:00,0.109
2013-11-29 03:00:00,0.126
2013-11-29 03:30:00,0.148
2013-11-29 04:00:00,0.192
2013-11-29 04:30:00,0.163
2013-11-29 05:00:00,0.16
2013-11-29 05:30:00,0.151
2013-11-29 06:00:00,0.197
2013-11-29 06:30:00,0.27
2013-11-29 07:00:00,0.36
2013-11-29 07:30:00,0.301
2013-11-29 08:00:00,0.506
2013-11-29 08:30:00,0.423
2013-11-29 09:00:00,0.458
2013-11-29 09:30:00,0.194
2013-11-29 10:00:00,0.16
2013-11-29 10:30:00,0.156
2013-11-29 11:00:00,0.153
2013-11-29 11:30:00,0.243
2013-11-29 12:00:00,0.184
2013-11-29 12:30:00,0.207
2013-11-29 13:00:00,0.225
2013-11-29 13:30:00,0.325
2013-11-29 14:00:00,0.334
2013-11-29 14:30:00,0.31
2013-11-29 15:00:00,0.343
2013-11-29 15:30:00,0.262
2013-11-29 16:00:00,0.337
2013-11-29 16:30:00,0.458
2013-11-29 17:00:00,0.687
2013-11-29 17:30:00,2.0710001
2013-11-29 18:00:00,0.773
2013-11-29 18:30:00,0.567
2013-11-29 19:00:00,0.683
2013-11-29 19:30:00,0.605
2013-11-29 20:00:00,0.666
2013-11-29 20:30:00,0.755
2013-11-29 21:00:00,0.767
2013-11-29 21:30:00,0.915
2013-11-29 22:00:00,0.548
2013-11-29 22:30:00,0.377
2013-11-29 23:00:00,0.956
2013-11-29 23:30:00,0.325
2013-11-30 00:00:00,1.071
2013-11-30 00:30:00,0.267
2013-11-30 01:00:00,0.174
2013-11-30 01:30:00,0.099
2013-11-30 02:00:00,0.097
2013-11-30 02:30:00,0.14
2013-11-30 03:00:00,0.137
2013-11-30 03:30:00,0.119
2013-11-30 04:00:00,0.109
2013-11-30 04:30:00,0.161
2013-11-30 05:00:00,0.175
2013-11-30 05:30:00,0.179
2013-11-30 06:00:00,0.19
2013-11-30 06:30:00,0.149
2013-11-30 07:00:00,0.14
2013-11-30 07:30:00,0.109
2013-11-30 08:00:00,0.163
2013-11-30 08:30:00,0.303
2013-11-30 09:00:00,0.152
2013-11-30 09:30:00,0.346
2013-11-30 10:00:00,0.313
2013-11-30 10:30:00,0.279
2013-11-30 11:00:00,0.208
2013-11-30 11:30:00,0.198
2013-11-30 12:00:00,0.264
2013-11-30 12:30:00,0.129
2013-11-30 13:00:00,0.199
2013-11-30 13:30:00,0.211
2013-11-30 14:00:00,0.204
2013-11-30 14:30:00,0.228
2013-11-30 15:00:00,0.602
2013-11-30 15:30:00,0.638
2013-11-30 16:00:00,0.632
2013-11-30 16:30:00,0.698
2013-11-30 17:00:00,0.544
2013-11-30 17:30:00,1.3609999
2013-11-30 18:00:00,1.202
2013-11-30 18:30:00,1.936
2013-11-30 19:00:00,1.331
2013-11-30 19:30:00,1.637
2013-11-30 20:00:00,0.673
2013-11-30 20:30:00,0.955
2013-11-30 21:00:00,0.747
2013-11-30 21:30:00,1.0
2013-11-30 22:00:00,1.066
2013-11-30 22:30:00,1.1569999
2013-11-30 23:00:00,0.705
2013-11-30 23:30:00,0.653
2013-12-01 00:00:00,0.709
2013-12-01 00:30:00,0.768
2013-12-01 01:00:00,0.517
2013-12-01 01:30:00,0.143
2013-12-01 02:00:00,0.172
2013-12-01 02:30:00,0.165
2013-12-01 03:00:00,0.166
2013-12-01 03:30:00,0.145
2013-12-01 04:00:00,0.129
2013-12-01 04:30:00,0.099
2013-12-01 05:00:00,0.1
2013-12-01 05:30:00,0.118
2013-12-01 06:00:00,0.197
2013-12-01 06:30:00,0.188
2013-12-01 07:00:00,0.154
2013-12-01 07:30:00,0.16
2013-12-01 08:00:00,0.331
2013-12-01 08:30:00,0.273
2013-12-01 09:00:00,0.295
2013-12-01 09:30:00,0.236
2013-12-01 10:00:00,0.188
2013-12-01 10:30:00,0.322
2013-12-01 11:00:00,0.195
2013-12-01 11:30:00,0.205
2013-12-01 12:00:00,0.197
2013-12-01 12:30:00,0.384
2013-12-01 13:00:00,0.343
2013-12-01 13:30:00,0.441
2013-12-01 14:00:00,0.563
2013-12-01 14:30:00,0.39
2013-12-01 15:00:00,0.452
2013-12-01 15:30:00,0.526
2013-12-01 16:00:00,0.631
2013-12-01 16:30:00,0.704
2013-12-01 17:00:00,0.789
2013-12-01 17:30:00,1.072
2013-12-01 18:00:00,1.337
2013-12-01 18:30:00,1.4170001
2013-12-01 19:00:00,0.638
2013-12-01 19:30:00,1.26
2013-12-01 20:00:00,0.72
2013-12-01 20:30:00,1.508
2013-12-01 21:00:00,0.759
2013-12-01 21:30:00,0.69
2013-12-01 22:00:00,0.713
2013-12-01 22:30:00,0.676
2013-12-01 23:00:00,0.277
2013-12-01 23:30:00,0.159
2013-12-02 00:00:00,0.158
2013-12-02 00:30:00,0.166
2013-12-02 01:00:00,0.164
2013-12-02 01:30:00,0.156
2013-12-02 02:00:00,0.134
2013-12-02 02:30:00,0.102
2013-12-02 03:00:00,0.097
2013-12-02 03:30:00,0.098
2013-12-02 04:00:00,0.134
2013-12-02 04:30:00,0.133
2013-12-02 05:00:00,0.101
2013-12-02 05:30:00,0.171
2013-12-02 06:00:00,0.207
2013-12-02 06:30:00,0.273
2013-12-02 07:00:00,0.389
2013-12-02 07:30:00,0.926
2013-12-02 08:00:00,0.34
2013-12-02 08:30:00,0.706
2013-12-02 09:00:00,0.18
2013-12-02 09:30:00,0.173
2013-12-02 10:00:00,0.114
2013-12-02 10:30:00,0.819
2013-12-02 11:00:00,0.845
2013-12-02 11:30:00,0.388
2013-12-02 12:00:00,0.321
2013-12-02 12:30:00,0.358
2013-12-02 13:00:00,0.282
2013-12-02 13:30:00,0.198
2013-12-02 14:00:00,0.158
2013-12-02 14:30:00,0.289
2013-12-02 15:00:00,0.341
2013-12-02 15:30:00,0.386
2013-12-02 16:00:00,0.384
2013-12-02 16:30:00,0.372
2013-12-02 17:00:00,0.594
2013-12-02 17:30:00,0.712
2013-12-02 18:00:00,0.743
2013-12-02 18:30:00,0.989
2013-12-02 19:00:00,0.964
2013-12-02 19:30:00,0.602
2013-12-02 20:00:00,0.612
2013-12-02 20:30:00,0.672
2013-12-02 21:00:00,0.823
2013-12-02 21:30:00,0.859
2013-12-02 22:00:00,0.837
2013-12-02 22:30:00,0.606
2013-12-02 23:00:00,1.0
2013-12-02 23:30:00,0.39
2013-12-03 00:00:00,0.937
2013-12-03 00:30:00,0.104
2013-12-03 01:00:00,0.107
2013-12-03 01:30:00,0.146
2013-12-03 02:00:00,0.143
2013-12-03 02:30:00,0.109
2013-12-03 03:00:00,0.104
2013-12-03 03:30:00,0.102
2013-12-03 04:00:00,0.18
2013-12-03 04:30:00,0.196
2013-12-03 05:00:00,0.176
2013-12-03 05:30:00,0.155
2013-12-03 06:00:00,0.148
2013-12-03 06:30:00,0.15
2013-12-03 07:00:00,0.25
2013-12-03 07:30:00,0.465
2013-12-03 08:00:00,0.325
2013-12-03 08:30:00,0.363
2013-12-03 09:00:00,0.212
2013-12-03 09:30:00,0.43
2013-12-03 10:00:00,0.459
2013-12-03 10:30:00,0.456
2013-12-03 11:00:00,0.312
2013-12-03 11:30:00,0.139
2013-12-03 12:00:00,0.15
2013-12-03 12:30:00,0.117
2013-12-03 13:00:00,0.11
2013-12-03 13:30:00,0.131
2013-12-03 14:00:00,0.197
2013-12-03 14:30:00,0.352
2013-12-03 15:00:00,0.462
2013-12-03 15:30:00,0.56
2013-12-03 16:00:00,0.662
2013-12-03 16:30:00,0.665
2013-12-03 17:00:00,1.072
2013-12-03 17:30:00,1.355
2013-12-03 18:00:00,1.332
2013-12-03 18:30:00,1.191
2013-12-03 19:00:00,0.474
2013-12-03 19:30:00,0.846
2013-12-03 20:00:00,0.639
2013-12-03 20:30:00,0.711
2013-12-03 21:00:00,0.933
2013-12-03 21:30:00,0.793
2013-12-03 22:00:00,1.658
2013-12-03 22:30:00,0.908
2013-12-03 23:00:00,1.012
2013-12-03 23:30:00,0.135
2013-12-04 00:00:00,0.142
2013-12-04 00:30:00,0.144
2013-12-04 01:00:00,0.14
2013-12-04 01:30:00,0.105
2013-12-04 02:00:00,0.145
2013-12-04 02:30:00,0.162
2013-12-04 03:00:00,0.189
2013-12-04 03:30:00,0.148
2013-12-04 04:00:00,0.109
2013-12-04 04:30:00,0.133
2013-12-04 05:00:00,0.142
2013-12-04 05:30:00,0.206
2013-12-04 06:00:00,0.235
2013-12-04 06:30:00,0.215
2013-12-04 07:00:00,0.235
2013-12-04 07:30:00,0.742
2013-12-04 08:00:00,0.504
2013-12-04 08:30:00,0.525
2013-12-04 09:00:00,0.161
2013-12-04 09:30:00,0.109
2013-12-04 10:00:00,0.105
2013-12-04 10:30:00,0.268
2013-12-04 11:00:00,0.149
2013-12-04 11:30:00,0.363
2013-12-04 12:00:00,0.463
2013-12-04 12:30:00,0.44
2013-12-04 13:00:00,0.531
2013-12-04 13:30:00,0.358
2013-12-04 14:00:00,0.246
2013-12-04 14:30:00,0.286
2013-12-04 15:00:00,0.306
2013-12-04 15:30:00,0.43
2013-12-04 16:00:00,0.591
2013-12-04 16:30:00,0.238
2013-12-04 17:00:00,0.242
2013-12-04 17:30:00,0.237
2013-12-04 18:00:00,1.102
2013-12-04 18:30:00,1.0420001
2013-12-04 19:00:00,0.497
2013-12-04 19:30:00,0.446
2013-12-04 20:00:00,0.578
2013-12-04 20:30:00,0.792
2013-12-04 21:00:00,0.945
2013-12-04 21:30:00,0.953
2013-12-04 22:00:00,0.665
2013-12-04 22:30:00,1.015
2013-12-04 23:00:00,0.51
2013-12-04 23:30:00,1.212
2013-12-05 00:00:00,0.337
2013-12-05 00:30:00,0.166
2013-12-05 01:00:00,0.135
2013-12-05 01:30:00,0.147
2013-12-05 02:00:00,0.133
2013-12-05 02:30:00,0.104
2013-12-05 03:00:00,0.104
2013-12-05 03:30:00,0.108
2013-12-05 04:00:00,0.142
2013-12-05 04:30:00,0.131
2013-12-05 05:00:00,0.109
2013-12-05 05:30:00,0.162
2013-12-05 06:00:00,0.232
2013-12-05 06:30:00,0.338
2013-12-05 07:00:00,0.522
2013-12-05 07:30:00,0.535
2013-12-05 08:00:00,0.362
2013-12-05 08:30:00,0.304
2013-12-05 09:00:00,0.15
2013-12-05 09:30:00,0.137
2013-12-05 10:00:00,0.181
2013-12-05 10:30:00,0.15
2013-12-05 11:00:00,0.142
2013-12-05 11:30:00,0.301
2013-12-05 12:00:00,0.372
2013-12-05 12:30:00,0.437
2013-12-05 13:00:00,0.387
2013-12-05 13:30:00,0.225
2013-12-05 14:00:00,0.117
2013-12-05 14:30:00,0.179
2013-12-05 15:00:00,0.31
2013-12-05 15:30:00,0.408
2013-12-05 16:00:00,0.448
2013-12-05 16:30:00,0.458
2013-12-05 17:00:00,0.428
2013-12-05 17:30:00,0.48
2013-12-05 18:00:00,0.951
2013-12-05 18:30:00,1.1799999
2013-12-05 19:00:00,0.679
2013-12-05 19:30:00,0.729
2013-12-05 20:00:00,0.786
2013-12-05 20:30:00,0.8
2013-12-05 21:00:00,1.413
2013-12-05 21:30:00,1.048
2013-12-05 22:00:00,0.572
2013-12-05 22:30:00,0.643
2013-12-05 23:00:00,1.436
2013-12-05 23:30:00,0.681
2013-12-06 00:00:00,0.512
2013-12-06 00:30:00,0.146
2013-12-06 01:00:00,0.161
2013-12-06 01:30:00,0.134
2013-12-06 02:00:00,0.102
2013-12-06 02:30:00,0.104
2013-12-06 03:00:00,0.104
2013-12-06 03:30:00,0.139
2013-12-06 04:00:00,0.143
2013-12-06 04:30:00,0.153
2013-12-06 05:00:00,0.173
2013-12-06 05:30:00,0.215
2013-12-06 06:00:00,0.174
2013-12-06 06:30:00,0.189
2013-12-06 07:00:00,0.198
2013-12-06 07:30:00,0.396
2013-12-06 08:00:00,0.445
2013-12-06 08:30:00,0.366
2013-12-06 09:00:00,0.171
2013-12-06 09:30:00,0.151
2013-12-06 10:00:00,0.116
2013-12-06 10:30:00,0.127
2013-12-06 11:00:00,0.166
2013-12-06 11:30:00,0.309
2013-12-06 12:00:00,0.189
2013-12-06 12:30:00,0.129
2013-12-06 13:00:00,0.113
2013-12-06 13:30:00,0.117
2013-12-06 14:00:00,0.149
2013-12-06 14:30:00,0.195
2013-12-06 15:00:00,0.179
2013-12-06 15:30:00,0.237
2013-12-06 16:00:00,0.554
2013-12-06 16:30:00,0.512
2013-12-06 17:00:00,1.041
2013-12-06 17:30:00,1.3150001
2013-12-06 18:00:00,1.147
2013-12-06 18:30:00,0.527
2013-12-06 19:00:00,0.602
2013-12-06 19:30:00,0.528
2013-12-06 20:00:00,0.571
2013-12-06 20:30:00,0.745
2013-12-06 21:00:00,0.697
2013-12-06 21:30:00,0.772
2013-12-06 22:00:00,0.822
2013-12-06 22:30:00,1.028
2013-12-06 23:00:00,0.877
2013-12-06 23:30:00,1.011
2013-12-07 00:00:00,0.651
2013-12-07 00:30:00,0.427
2013-12-07 01:00:00,0.285
2013-12-07 01:30:00,0.102
2013-12-07 02:00:00,0.099
2013-12-07 02:30:00,0.121
2013-12-07 03:00:00,0.176
2013-12-07 03:30:00,0.185
2013-12-07 04:00:00,0.153
2013-12-07 04:30:00,0.114
2013-12-07 05:00:00,0.094
2013-12-07 05:30:00,0.141
2013-12-07 06:00:00,0.189
2013-12-07 06:30:00,0.147
2013-12-07 07:00:00,0.128
2013-12-07 07:30:00,0.149
2013-12-07 08:00:00,0.274
2013-12-07 08:30:00,0.193
2013-12-07 09:00:00,0.289
2013-12-07 09:30:00,0.62
2013-12-07 10:00:00,0.235
2013-12-07 10:30:00,0.35
2013-12-07 11:00:00,1.027
2013-12-07 11:30:00,0.384
2013-12-07 12:00:00,0.405
2013-12-07 12:30:00,0.317
2013-12-07 13:00:00,0.345
2013-12-07 13:30:00,0.438
2013-12-07 14:00:00,0.403
2013-12-07 14:30:00,0.488
2013-12-07 15:00:00,0.58
2013-12-07 15:30:00,0.582
2013-12-07 16:00:00,0.603
2013-12-07 16:30:00,0.908
2013-12-07 17:00:00,0.759
2013-12-07 17:30:00,0.974
2013-12-07 18:00:00,1.0369999
2013-12-07 18:30:00,1.008
2013-12-07 19:00:00,0.495
2013-12-07 19:30:00,0.403
2013-12-07 20:00:00,0.415
2013-12-07 20:30:00,0.507
2013-12-07 21:00:00,0.585
2013-12-07 21:30:00,0.569
2013-12-07 22:00:00,0.586
2013-12-07 22:30:00,0.459
2013-12-07 23:00:00,0.913
2013-12-07 23:30:00,0.603
2013-12-08 00:00:00,0.748
2013-12-08 00:30:00,0.174
2013-12-08 01:00:00,0.181
2013-12-08 01:30:00,0.207
2013-12-08 02:00:00,0.24
2013-12-08 02:30:00,0.205
2013-12-08 03:00:00,0.145
2013-12-08 03:30:00,0.142
2013-12-08 04:00:00,0.139
2013-12-08 04:30:00,0.173
2013-12-08 05:00:00,0.174
2013-12-08 05:30:00,0.145
2013-12-08 06:00:00,0.19
2013-12-08 06:30:00,0.197
2013-12-08 07:00:00,0.271
2013-12-08 07:30:00,0.331
2013-12-08 08:00:00,0.224
2013-12-08 08:30:00,0.13
2013-12-08 09:00:00,0.12
2013-12-08 09:30:00,0.167
2013-12-08 10:00:00,0.209
2013-12-08 10:30:00,0.3
2013-12-08 11:00:00,0.268
2013-12-08 11:30:00,0.26
2013-12-08 12:00:00,0.307
2013-12-08 12:30:00,0.73
2013-12-08 13:00:00,0.452
2013-12-08 13:30:00,0.477
2013-12-08 14:00:00,0.416
2013-12-08 14:30:00,0.457
2013-12-08 15:00:00,0.549
2013-12-08 15:30:00,0.49
2013-12-08 16:00:00,0.582
2013-12-08 16:30:00,0.636
2013-12-08 17:00:00,0.857
2013-12-08 17:30:00,0.728
2013-12-08 18:00:00,0.7
2013-12-08 18:30:00,0.782
2013-12-08 19:00:00,0.971
2013-12-08 19:30:00,1.04
2013-12-08 20:00:00,0.916
2013-12-08 20:30:00,1.469
2013-12-08 21:00:00,0.839
2013-12-08 21:30:00,0.776
2013-12-08 22:00:00,0.77
2013-12-08 22:30:00,0.642
2013-12-08 23:00:00,0.339
2013-12-08 23:30:00,0.207
2013-12-09 00:00:00,0.184
2013-12-09 00:30:00,0.14
2013-12-09 01:00:00,0.137
2013-12-09 01:30:00,0.135
2013-12-09 02:00:00,0.106
2013-12-09 02:30:00,0.097
2013-12-09 03:00:00,0.117
2013-12-09 03:30:00,0.14
2013-12-09 04:00:00,0.126
2013-12-09 04:30:00,0.148
2013-12-09 05:00:00,0.164
2013-12-09 05:30:00,0.226
2013-12-09 06:00:00,0.201
2013-12-09 06:30:00,0.149
2013-12-09 07:00:00,0.192
2013-12-09 07:30:00,0.478
2013-12-09 08:00:00,0.469
2013-12-09 08:30:00,0.682
2013-12-09 09:00:00,0.186
2013-12-09 09:30:00,0.502
2013-12-09 10:00:00,0.237
2013-12-09 10:30:00,0.277
2013-12-09 11:00:00,0.733
2013-12-09 11:30:00,0.383
2013-12-09 12:00:00,0.108
2013-12-09 12:30:00,0.137
2013-12-09 13:00:00,0.133
2013-12-09 13:30:00,0.131
2013-12-09 14:00:00,0.128
2013-12-09 14:30:00,0.096
2013-12-09 15:00:00,0.137
2013-12-09 15:30:00,0.258
2013-12-09 16:00:00,0.383
2013-12-09 16:30:00,0.368
2013-12-09 17:00:00,0.688
2013-12-09 17:30:00,0.655
2013-12-09 18:00:00,0.766
2013-12-09 18:30:00,0.55
2013-12-09 19:00:00,0.656
2013-12-09 19:30:00,0.94
2013-12-09 20:00:00,0.914
2013-12-09 20:30:00,0.988
2013-12-09 21:00:00,0.844
2013-12-09 21:30:00,0.924
2013-12-09 22:00:00,0.62
2013-12-09 22:30:00,1.1289999
2013-12-09 23:00:00,0.468
2013-12-09 23:30:00,0.879
2013-12-10 00:00:00,0.138
2013-12-10 00:30:00,0.139
2013-12-10 01:00:00,0.175
2013-12-10 01:30:00,0.188
2013-12-10 02:00:00,0.224
2013-12-10 02:30:00,0.204
2013-12-10 03:00:00,0.186
2013-12-10 03:30:00,0.106
2013-12-10 04:00:00,0.138
2013-12-10 04:30:00,0.135
2013-12-10 05:00:00,0.103
2013-12-10 05:30:00,0.188
2013-12-10 06:00:00,0.213
2013-12-10 06:30:00,0.304
2013-12-10 07:00:00,0.326
2013-12-10 07:30:00,0.521
2013-12-10 08:00:00,0.442
2013-12-10 08:30:00,0.305
2013-12-10 09:00:00,0.167
2013-12-10 09:30:00,0.13
2013-12-10 10:00:00,0.098
2013-12-10 10:30:00,0.1
2013-12-10 11:00:00,0.193
2013-12-10 11:30:00,0.146
2013-12-10 12:00:00,0.117
2013-12-10 12:30:00,0.104
2013-12-10 13:00:00,0.111
2013-12-10 13:30:00,0.206
2013-12-10 14:00:00,0.211
2013-12-10 14:30:00,0.18
2013-12-10 15:00:00,0.207
2013-12-10 15:30:00,0.228
2013-12-10 16:00:00,0.306
2013-12-10 16:30:00,0.68
2013-12-10 17:00:00,0.928
2013-12-10 17:30:00,1.749
2013-12-10 18:00:00,1.858
2013-12-10 18:30:00,1.709
2013-12-10 19:00:00,0.975
2013-12-10 19:30:00,1.147
2013-12-10 20:00:00,1.184
2013-12-10 20:30:00,1.179
2013-12-10 21:00:00,1.3
2013-12-10 21:30:00,1.1720001
2013-12-10 22:00:00,1.177
2013-12-10 22:30:00,0.978
2013-12-10 23:00:00,1.008
2013-12-10 23:30:00,0.361
2013-12-11 00:00:00,0.754
2013-12-11 00:30:00,0.124
2013-12-11 01:00:00,0.135
2013-12-11 01:30:00,0.162
2013-12-11 02:00:00,0.178
2013-12-11 02:30:00,0.165
2013-12-11 03:00:00,0.116
2013-12-11 03:30:00,0.1
2013-12-11 04:00:00,0.095
2013-12-11 04:30:00,0.107
2013-12-11 05:00:00,0.138
2013-12-11 05:30:00,0.164
2013-12-11 06:00:00,0.151
2013-12-11 06:30:00,0.146
2013-12-11 07:00:00,0.213
2013-12-11 07:30:00,0.547
2013-12-11 08:00:00,0.414
2013-12-11 08:30:00,0.446
2013-12-11 09:00:00,0.178
2013-12-11 09:30:00,0.133
2013-12-11 10:00:00,0.14
2013-12-11 10:30:00,0.117
2013-12-11 11:00:00,0.21
2013-12-11 11:30:00,0.103
2013-12-11 12:00:00,0.153
2013-12-11 12:30:00,0.299
2013-12-11 13:00:00,0.221
2013-12-11 13:30:00,0.111
2013-12-11 14:00:00,0.115
2013-12-11 14:30:00,0.113
2013-12-11 15:00:00,0.189
2013-12-11 15:30:00,0.315
2013-12-11 16:00:00,0.274
2013-12-11 16:30:00,0.348
2013-12-11 17:00:00,0.892
2013-12-11 17:30:00,1.007
2013-12-11 18:00:00,1.082
2013-12-11 18:30:00,1.617
2013-12-11 19:00:00,1.2589999
2013-12-11 19:30:00,0.928
2013-12-11 20:00:00,0.965
2013-12-11 20:30:00,1.098
2013-12-11 21:00:00,1.0140001
2013-12-11 21:30:00,1.061
2013-12-11 22:00:00,0.95
2013-12-11 22:30:00,1.3150001
2013-12-11 23:00:00,0.821
2013-12-11 23:30:00,1.229
2013-12-12 00:00:00,0.259
2013-12-12 00:30:00,0.224
2013-12-12 01:00:00,0.209
2013-12-12 01:30:00,0.205
2013-12-12 02:00:00,0.182
2013-12-12 02:30:00,0.167
2013-12-12 03:00:00,0.181
2013-12-12 03:30:00,0.157
2013-12-12 04:00:00,0.138
2013-12-12 04:30:00,0.135
2013-12-12 05:00:00,0.14
2013-12-12 05:30:00,0.227
2013-12-12 06:00:00,0.228
2013-12-12 06:30:00,0.162
2013-12-12 07:00:00,0.25
2013-12-12 07:30:00,0.769
2013-12-12 08:00:00,0.458
2013-12-12 08:30:00,0.339
2013-12-12 09:00:00,0.81
2013-12-12 09:30:00,0.495
2013-12-12 10:00:00,0.172
2013-12-12 10:30:00,0.143
2013-12-12 11:00:00,0.116
2013-12-12 11:30:00,0.099
2013-12-12 12:00:00,0.099
2013-12-12 12:30:00,0.168
2013-12-12 13:00:00,0.277
2013-12-12 13:30:00,0.144
2013-12-12 14:00:00,0.136
2013-12-12 14:30:00,0.312
2013-12-12 15:00:00,0.322
2013-12-12 15:30:00,0.396
2013-12-12 16:00:00,0.41
2013-12-12 16:30:00,0.539
2013-12-12 17:00:00,0.7
2013-12-12 17:30:00,0.774
2013-12-12 18:00:00,0.792
2013-12-12 18:30:00,0.91
2013-12-12 19:00:00,1.026
2013-12-12 19:30:00,0.806
2013-12-12 20:00:00,0.673
2013-12-12 20:30:00,0.672
2013-12-12 21:00:00,0.75
2013-12-12 21:30:00,1.1950001
2013-12-12 22:00:00,1.0930001
2013-12-12 22:30:00,1.095
2013-12-12 23:00:00,1.3890001
2013-12-12 23:30:00,0.99
2013-12-13 00:00:00,0.907
2013-12-13 00:30:00,0.278
2013-12-13 01:00:00,0.144
2013-12-13 01:30:00,0.144
2013-12-13 02:00:00,0.154
2013-12-13 02:30:00,0.201
2013-12-13 03:00:00,0.235
2013-12-13 03:30:00,0.205
2013-12-13 04:00:00,0.197
2013-12-13 04:30:00,0.143
2013-12-13 05:00:00,0.188
2013-12-13 05:30:00,0.232
2013-12-13 06:00:00,0.19
2013-12-13 06:30:00,0.179
2013-12-13 07:00:00,0.198
2013-12-13 07:30:00,0.545
2013-12-13 08:00:00,0.534
2013-12-13 08:30:00,0.701
2013-12-13 09:00:00,0.483
2013-12-13 09:30:00,0.888
2013-12-13 10:00:00,0.173
2013-12-13 10:30:00,0.145
2013-12-13 11:00:00,0.487
2013-12-13 11:30:00,0.335
2013-12-13 12:00:00,0.104
2013-12-13 12:30:00,0.134
2013-12-13 13:00:00,0.19
2013-12-13 13:30:00,0.172
2013-12-13 14:00:00,0.157
2013-12-13 14:30:00,0.11
2013-12-13 15:00:00,0.145
2013-12-13 15:30:00,0.31
2013-12-13 16:00:00,0.402
2013-12-13 16:30:00,0.489
2013-12-13 17:00:00,0.9
2013-12-13 17:30:00,1.151
2013-12-13 18:00:00,1.549
2013-12-13 18:30:00,0.976
2013-12-13 19:00:00,0.878
2013-12-13 19:30:00,0.739
2013-12-13 20:00:00,0.754
2013-12-13 20:30:00,0.895
2013-12-13 21:00:00,0.926
2013-12-13 21:30:00,1.0470001
2013-12-13 22:00:00,1.0650001
2013-12-13 22:30:00,1.0880001
2013-12-13 23:00:00,1.3049999
2013-12-13 23:30:00,0.652
2013-12-14 00:00:00,0.984
2013-12-14 00:30:00,0.126
2013-12-14 01:00:00,0.12
2013-12-14 01:30:00,0.137
2013-12-14 02:00:00,0.158
2013-12-14 02:30:00,0.152
2013-12-14 03:00:00,0.118
2013-12-14 03:30:00,0.12
2013-12-14 04:00:00,0.134
2013-12-14 04:30:00,0.221
2013-12-14 05:00:00,0.209
2013-12-14 05:30:00,0.167
2013-12-14 06:00:00,0.172
2013-12-14 06:30:00,0.167
2013-12-14 07:00:00,0.205
2013-12-14 07:30:00,0.324
2013-12-14 08:00:00,0.199
2013-12-14 08:30:00,0.139
2013-12-14 09:00:00,0.152
2013-12-14 09:30:00,0.318
2013-12-14 10:00:00,0.23
2013-12-14 10:30:00,0.499
2013-12-14 11:00:00,0.787
2013-12-14 11:30:00,0.26
2013-12-14 12:00:00,0.235
2013-12-14 12:30:00,0.738
2013-12-14 13:00:00,0.297
2013-12-14 13:30:00,0.38
2013-12-14 14:00:00,1.146
2013-12-14 14:30:00,0.492
2013-12-14 15:00:00,0.672
2013-12-14 15:30:00,0.721
2013-12-14 16:00:00,0.549
2013-12-14 16:30:00,0.871
2013-12-14 17:00:00,0.916
2013-12-14 17:30:00,0.928
2013-12-14 18:00:00,1.375
2013-12-14 18:30:00,0.816
2013-12-14 19:00:00,0.874
2013-12-14 19:30:00,0.858
2013-12-14 20:00:00,0.839
2013-12-14 20:30:00,0.864
2013-12-14 21:00:00,0.895
2013-12-14 21:30:00,0.911
2013-12-14 22:00:00,0.926
2013-12-14 22:30:00,1.002
2013-12-14 23:00:00,1.2029999
2013-12-14 23:30:00,0.703
2013-12-15 00:00:00,1.145
2013-12-15 00:30:00,0.377
2013-12-15 01:00:00,0.18
2013-12-15 01:30:00,0.155
2013-12-15 02:00:00,0.201
2013-12-15 02:30:00,0.2
2013-12-15 03:00:00,0.22
2013-12-15 03:30:00,0.201
2013-12-15 04:00:00,0.162
2013-12-15 04:30:00,0.136
2013-12-15 05:00:00,0.136
2013-12-15 05:30:00,0.142
2013-12-15 06:00:00,0.236
2013-12-15 06:30:00,0.224
2013-12-15 07:00:00,0.168
2013-12-15 07:30:00,0.208
2013-12-15 08:00:00,0.335
2013-12-15 08:30:00,0.222
2013-12-15 09:00:00,0.191
2013-12-15 09:30:00,0.138
2013-12-15 10:00:00,0.126
2013-12-15 10:30:00,0.446
2013-12-15 11:00:00,0.266
2013-12-15 11:30:00,0.334
2013-12-15 12:00:00,0.321
2013-12-15 12:30:00,0.457
2013-12-15 13:00:00,0.407
2013-12-15 13:30:00,0.876
2013-12-15 14:00:00,0.594
2013-12-15 14:30:00,0.918
2013-12-15 15:00:00,0.945
2013-12-15 15:30:00,0.923
2013-12-15 16:00:00,0.677
2013-12-15 16:30:00,0.95
2013-12-15 17:00:00,1.439
2013-12-15 17:30:00,1.523
2013-12-15 18:00:00,1.73
2013-12-15 18:30:00,1.65
2013-12-15 19:00:00,1.652
2013-12-15 19:30:00,1.237
2013-12-15 20:00:00,1.2690001
2013-12-15 20:30:00,1.5
2013-12-15 21:00:00,1.654
2013-12-15 21:30:00,1.474
2013-12-15 22:00:00,1.062
2013-12-15 22:30:00,0.488
2013-12-15 23:00:00,0.39
2013-12-15 23:30:00,0.218
2013-12-16 00:00:00,0.156
2013-12-16 00:30:00,0.124
2013-12-16 01:00:00,0.142
2013-12-16 01:30:00,0.141
2013-12-16 02:00:00,0.126
2013-12-16 02:30:00,0.101
2013-12-16 03:00:00,0.101
2013-12-16 03:30:00,0.122
2013-12-16 04:00:00,0.172
2013-12-16 04:30:00,0.195
2013-12-16 05:00:00,0.164
2013-12-16 05:30:00,0.17
2013-12-16 06:00:00,0.215
2013-12-16 06:30:00,0.252
2013-12-16 07:00:00,0.351
2013-12-16 07:30:00,0.505
2013-12-16 08:00:00,0.543
2013-12-16 08:30:00,0.566
2013-12-16 09:00:00,0.259
2013-12-16 09:30:00,0.659
2013-12-16 10:00:00,0.226
2013-12-16 10:30:00,0.135
2013-12-16 11:00:00,0.097
2013-12-16 11:30:00,0.119
2013-12-16 12:00:00,0.128
2013-12-16 12:30:00,0.114
2013-12-16 13:00:00,0.091
2013-12-16 13:30:00,0.841
2013-12-16 14:00:00,0.755
2013-12-16 14:30:00,0.218
2013-12-16 15:00:00,0.469
2013-12-16 15:30:00,0.848
2013-12-16 16:00:00,0.791
2013-12-16 16:30:00,1.377
2013-12-16 17:00:00,1.238
2013-12-16 17:30:00,1.095
2013-12-16 18:00:00,1.013
2013-12-16 18:30:00,0.996
2013-12-16 19:00:00,1.127
2013-12-16 19:30:00,1.265
2013-12-16 20:00:00,1.181
2013-12-16 20:30:00,1.284
2013-12-16 21:00:00,1.375
2013-12-16 21:30:00,1.279
2013-12-16 22:00:00,1.138
2013-12-16 22:30:00,1.248
2013-12-16 23:00:00,0.327
2013-12-16 23:30:00,0.982
2013-12-17 00:00:00,0.181
2013-12-17 00:30:00,0.199
2013-12-17 01:00:00,0.165
2013-12-17 01:30:00,0.102
2013-12-17 02:00:00,0.098
2013-12-17 02:30:00,0.097
2013-12-17 03:00:00,0.134
2013-12-17 03:30:00,0.138
2013-12-17 04:00:00,0.11
2013-12-17 04:30:00,0.115
2013-12-17 05:00:00,0.162
2013-12-17 05:30:00,0.217
2013-12-17 06:00:00,0.218
2013-12-17 06:30:00,0.187
2013-12-17 07:00:00,0.232
2013-12-17 07:30:00,0.438
2013-12-17 08:00:00,0.342
2013-12-17 08:30:00,0.927
2013-12-17 09:00:00,0.142
2013-12-17 09:30:00,0.144
2013-12-17 10:00:00,0.632
2013-12-17 10:30:00,1.166
2013-12-17 11:00:00,0.223
2013-12-17 11:30:00,0.185
2013-12-17 12:00:00,0.104
2013-12-17 12:30:00,0.108
2013-12-17 13:00:00,0.108
2013-12-17 13:30:00,0.135
2013-12-17 14:00:00,0.149
2013-12-17 14:30:00,0.633
2013-12-17 15:00:00,0.781
2013-12-17 15:30:00,0.492
2013-12-17 16:00:00,0.494
2013-12-17 16:30:00,0.895
2013-12-17 17:00:00,1.773
2013-12-17 17:30:00,1.603
2013-12-17 18:00:00,0.945
2013-12-17 18:30:00,0.912
2013-12-17 19:00:00,0.961
2013-12-17 19:30:00,1.212
2013-12-17 20:00:00,1.198
2013-12-17 20:30:00,1.23
2013-12-17 21:00:00,1.2690001
2013-12-17 21:30:00,1.225
2013-12-17 22:00:00,1.702
2013-12-17 22:30:00,1.217
2013-12-17 23:00:00,1.1289999
2013-12-17 23:30:00,0.149
2013-12-18 00:00:00,0.096
2013-12-18 00:30:00,0.116
2013-12-18 01:00:00,0.137
2013-12-18 01:30:00,0.153
2013-12-18 02:00:00,0.161
2013-12-18 02:30:00,0.158
2013-12-18 03:00:00,0.145
2013-12-18 03:30:00,0.135
2013-12-18 04:00:00,0.136
2013-12-18 04:30:00,0.107
2013-12-18 05:00:00,0.099
2013-12-18 05:30:00,0.146
2013-12-18 06:00:00,0.154
2013-12-18 06:30:00,0.187
2013-12-18 07:00:00,0.278
2013-12-18 07:30:00,0.597
2013-12-18 08:00:00,0.842
2013-12-18 08:30:00,0.379
2013-12-18 09:00:00,0.721
2013-12-18 09:30:00,0.41
2013-12-18 10:00:00,0.125
2013-12-18 10:30:00,0.117
2013-12-18 11:00:00,0.208
2013-12-18 11:30:00,0.165
2013-12-18 12:00:00,0.184
2013-12-18 12:30:00,0.11
2013-12-18 13:00:00,0.161
2013-12-18 13:30:00,0.229
2013-12-18 14:00:00,0.288
2013-12-18 14:30:00,0.241
2013-12-18 15:00:00,0.175
2013-12-18 15:30:00,0.176
2013-12-18 16:00:00,0.477
2013-12-18 16:30:00,0.758
2013-12-18 17:00:00,1.131
2013-12-18 17:30:00,1.351
2013-12-18 18:00:00,1.837
2013-12-18 18:30:00,1.334
2013-12-18 19:00:00,1.211
2013-12-18 19:30:00,1.245
2013-12-18 20:00:00,1.107
2013-12-18 20:30:00,1.0089999
2013-12-18 21:00:00,1.057
2013-12-18 21:30:00,1.0700001
2013-12-18 22:00:00,1.316
2013-12-18 22:30:00,1.17
2013-12-18 23:00:00,1.229
2013-12-18 23:30:00,0.274
2013-12-19 00:00:00,0.997
2013-12-19 00:30:00,0.187
2013-12-19 01:00:00,0.174
2013-12-19 01:30:00,0.139
2013-12-19 02:00:00,0.159
2013-12-19 02:30:00,0.14
2013-12-19 03:00:00,0.141
2013-12-19 03:30:00,0.149
2013-12-19 04:00:00,0.181
2013-12-19 04:30:00,0.176
2013-12-19 05:00:00,0.199
2013-12-19 05:30:00,0.25
2013-12-19 06:00:00,0.245
2013-12-19 06:30:00,0.219
2013-12-19 07:00:00,0.302
2013-12-19 07:30:00,0.584
2013-12-19 08:00:00,0.535
2013-12-19 08:30:00,0.54
2013-12-19 09:00:00,0.303
2013-12-19 09:30:00,0.34
2013-12-19 10:00:00,0.297
2013-12-19 10:30:00,0.338
2013-12-19 11:00:00,0.405
2013-12-19 11:30:00,0.294
2013-12-19 12:00:00,0.272
2013-12-19 12:30:00,0.25
2013-12-19 13:00:00,0.259
2013-12-19 13:30:00,0.215
2013-12-19 14:00:00,0.232
2013-12-19 14:30:00,0.263
2013-12-19 15:00:00,0.3
2013-12-19 15:30:00,0.368
2013-12-19 16:00:00,0.387
2013-12-19 16:30:00,0.839
2013-12-19 17:00:00,1.087
2013-12-19 17:30:00,1.036
2013-12-19 18:00:00,1.016
2013-12-19 18:30:00,1.008
2013-12-19 19:00:00,0.977
2013-12-19 19:30:00,1.138
2013-12-19 20:00:00,0.971
2013-12-19 20:30:00,0.952
2013-12-19 21:00:00,1.1160001
2013-12-19 21:30:00,1.649
2013-12-19 22:00:00,1.684
2013-12-19 22:30:00,1.5
2013-12-19 23:00:00,0.888
2013-12-19 23:30:00,0.295
2013-12-20 00:00:00,0.148
2013-12-20 00:30:00,0.141
2013-12-20 01:00:00,0.138
2013-12-20 01:30:00,0.178
2013-12-20 02:00:00,0.18
2013-12-20 02:30:00,0.15
2013-12-20 03:00:00,0.142
2013-12-20 03:30:00,0.199
2013-12-20 04:00:00,0.221
2013-12-20 04:30:00,0.242
2013-12-20 05:00:00,0.178
2013-12-20 05:30:00,0.192
2013-12-20 06:00:00,0.191
2013-12-20 06:30:00,0.22
2013-12-20 07:00:00,0.305
2013-12-20 07:30:00,0.503
2013-12-20 08:00:00,0.568
2013-12-20 08:30:00,0.338
2013-12-20 09:00:00,0.229
2013-12-20 09:30:00,0.382
2013-12-20 10:00:00,0.214
2013-12-20 10:30:00,0.243
2013-12-20 11:00:00,0.274
2013-12-20 11:30:00,0.248
2013-12-20 12:00:00,0.324
2013-12-20 12:30:00,0.35
2013-12-20 13:00:00,0.207
2013-12-20 13:30:00,0.229
2013-12-20 14:00:00,0.131
2013-12-20 14:30:00,0.149
2013-12-20 15:00:00,0.218
2013-12-20 15:30:00,0.622
2013-12-20 16:00:00,0.748
2013-12-20 16:30:00,0.505
2013-12-20 17:00:00,0.628
2013-12-20 17:30:00,0.793
2013-12-20 18:00:00,0.856
2013-12-20 18:30:00,0.831
2013-12-20 19:00:00,0.924
2013-12-20 19:30:00,1.5930001
2013-12-20 20:00:00,1.077
2013-12-20 20:30:00,1.554
2013-12-20 21:00:00,1.082
2013-12-20 21:30:00,0.838
2013-12-20 22:00:00,0.874
2013-12-20 22:30:00,0.891
2013-12-20 23:00:00,0.66
2013-12-20 23:30:00,0.287
2013-12-21 00:00:00,0.163
2013-12-21 00:30:00,0.156
2013-12-21 01:00:00,0.182
2013-12-21 01:30:00,0.198
2013-12-21 02:00:00,0.166
2013-12-21 02:30:00,0.138
2013-12-21 03:00:00,0.14
2013-12-21 03:30:00,0.154
2013-12-21 04:00:00,0.203
2013-12-21 04:30:00,0.233
2013-12-21 05:00:00,0.197
2013-12-21 05:30:00,0.197
2013-12-21 06:00:00,0.193
2013-12-21 06:30:00,0.229
2013-12-21 07:00:00,0.184
2013-12-21 07:30:00,0.129
2013-12-21 08:00:00,0.526
2013-12-21 08:30:00,0.369
2013-12-21 09:00:00,0.475
2013-12-21 09:30:00,0.934
2013-12-21 10:00:00,0.581
2013-12-21 10:30:00,0.928
2013-12-21 11:00:00,0.885
2013-12-21 11:30:00,0.694
2013-12-21 12:00:00,0.58
2013-12-21 12:30:00,1.427
2013-12-21 13:00:00,0.724
2013-12-21 13:30:00,0.278
2013-12-21 14:00:00,0.506
2013-12-21 14:30:00,0.843
2013-12-21 15:00:00,1.351
2013-12-21 15:30:00,1.046
2013-12-21 16:00:00,0.77
2013-12-21 16:30:00,0.68
2013-12-21 17:00:00,0.939
2013-12-21 17:30:00,0.888
2013-12-21 18:00:00,1.219
2013-12-21 18:30:00,1.072
2013-12-21 19:00:00,2.0929999
2013-12-21 19:30:00,1.313
2013-12-21 20:00:00,1.025
2013-12-21 20:30:00,0.958
2013-12-21 21:00:00,0.985
2013-12-21 21:30:00,1.027
2013-12-21 22:00:00,1.183
2013-12-21 22:30:00,1.048
2013-12-21 23:00:00,0.987
2013-12-21 23:30:00,0.744
2013-12-22 00:00:00,0.532
2013-12-22 00:30:00,0.152
2013-12-22 01:00:00,0.145
2013-12-22 01:30:00,0.137
2013-12-22 02:00:00,0.109
2013-12-22 02:30:00,0.113
2013-12-22 03:00:00,0.139
2013-12-22 03:30:00,0.143
2013-12-22 04:00:00,0.182
2013-12-22 04:30:00,0.164
2013-12-22 05:00:00,0.159
2013-12-22 05:30:00,0.172
2013-12-22 06:00:00,0.192
2013-12-22 06:30:00,0.188
2013-12-22 07:00:00,0.15
2013-12-22 07:30:00,0.11
2013-12-22 08:00:00,0.286
2013-12-22 08:30:00,0.242
2013-12-22 09:00:00,0.281
2013-12-22 09:30:00,0.289
2013-12-22 10:00:00,0.732
2013-12-22 10:30:00,0.607
2013-12-22 11:00:00,0.342
2013-12-22 11:30:00,0.278
2013-12-22 12:00:00,0.262
2013-12-22 12:30:00,0.186
2013-12-22 13:00:00,0.179
2013-12-22 13:30:00,0.209
2013-12-22 14:00:00,0.218
2013-12-22 14:30:00,0.192
2013-12-22 15:00:00,0.176
2013-12-22 15:30:00,0.477
2013-12-22 16:00:00,0.798
2013-12-22 16:30:00,0.775
2013-12-22 17:00:00,1.503
2013-12-22 17:30:00,2.0020001
2013-12-22 18:00:00,1.654
2013-12-22 18:30:00,1.811
2013-12-22 19:00:00,1.919
2013-12-22 19:30:00,2.1010001
2013-12-22 20:00:00,1.437
2013-12-22 20:30:00,0.969
2013-12-22 21:00:00,2.0829999
2013-12-22 21:30:00,1.278
2013-12-22 22:00:00,2.026
2013-12-22 22:30:00,1.302
2013-12-22 23:00:00,1.09
2013-12-22 23:30:00,0.613
2013-12-23 00:00:00,0.485
2013-12-23 00:30:00,0.124
2013-12-23 01:00:00,0.142
2013-12-23 01:30:00,0.141
2013-12-23 02:00:00,0.126
2013-12-23 02:30:00,0.101
2013-12-23 03:00:00,0.101
2013-12-23 03:30:00,0.122
2013-12-23 04:00:00,0.172
2013-12-23 04:30:00,0.195
2013-12-23 05:00:00,0.164
2013-12-23 05:30:00,0.17
2013-12-23 06:00:00,0.215
2013-12-23 06:30:00,0.252
2013-12-23 07:00:00,0.351
2013-12-23 07:30:00,0.505
2013-12-23 08:00:00,0.543
2013-12-23 08:30:00,0.566
2013-12-23 09:00:00,0.259
2013-12-23 09:30:00,0.659
2013-12-23 10:00:00,0.226
2013-12-23 10:30:00,0.135
2013-12-23 11:00:00,0.097
2013-12-23 11:30:00,0.119
2013-12-23 12:00:00,0.128
2013-12-23 12:30:00,0.114
2013-12-23 13:00:00,0.091
2013-12-23 13:30:00,0.841
2013-12-23 14:00:00,0.755
2013-12-23 14:30:00,0.218
2013-12-23 15:00:00,0.469
2013-12-23 15:30:00,0.848
2013-12-23 16:00:00,0.791
2013-12-23 16:30:00,1.377
2013-12-23 17:00:00,1.238
2013-12-23 17:30:00,1.095
2013-12-23 18:00:00,1.013
2013-12-23 18:30:00,0.996
2013-12-23 19:00:00,1.127
2013-12-23 19:30:00,1.265
2013-12-23 20:00:00,1.181
2013-12-23 20:30:00,1.284
2013-12-23 21:00:00,1.375
2013-12-23 21:30:00,1.279
2013-12-23 22:00:00,1.138
2013-12-23 22:30:00,1.248
2013-12-23 23:00:00,0.327
2013-12-23 23:30:00,0.982
2013-12-24 00:00:00,0.181
2013-12-24 00:30:00,0.199
2013-12-24 01:00:00,0.165
2013-12-24 01:30:00,0.102
2013-12-24 02:00:00,0.098
2013-12-24 02:30:00,0.097
2013-12-24 03:00:00,0.134
2013-12-24 03:30:00,0.138
2013-12-24 04:00:00,0.11
2013-12-24 04:30:00,0.115
2013-12-24 05:00:00,0.162
2013-12-24 05:30:00,0.217
2013-12-24 06:00:00,0.218
2013-12-24 06:30:00,0.187
2013-12-24 07:00:00,0.232
2013-12-24 07:30:00,0.438
2013-12-24 08:00:00,0.342
2013-12-24 08:30:00,0.927
2013-12-24 09:00:00,0.142
2013-12-24 09:30:00,0.144
2013-12-24 10:00:00,0.632
2013-12-24 10:30:00,1.166
2013-12-24 11:00:00,0.223
2013-12-24 11:30:00,0.185
2013-12-24 12:00:00,0.104
2013-12-24 12:30:00,0.108
2013-12-24 13:00:00,0.108
2013-12-24 13:30:00,0.135
2013-12-24 14:00:00,0.149
2013-12-24 14:30:00,0.633
2013-12-24 15:00:00,0.781
2013-12-24 15:30:00,0.492
2013-12-24 16:00:00,0.494
2013-12-24 16:30:00,0.895
2013-12-24 17:00:00,1.773
2013-12-24 17:30:00,1.603
2013-12-24 18:00:00,0.945
2013-12-24 18:30:00,0.912
2013-12-24 19:00:00,0.961
2013-12-24 19:30:00,1.212
2013-12-24 20:00:00,1.198
2013-12-24 20:30:00,1.23
2013-12-24 21:00:00,1.2690001
2013-12-24 21:30:00,1.225
2013-12-24 22:00:00,1.702
2013-12-24 22:30:00,1.217
2013-12-24 23:00:00,1.1289999
2013-12-24 23:30:00,0.149
2013-12-25 00:00:00,0.096
2013-12-25 00:30:00,0.116
2013-12-25 01:00:00,0.137
2013-12-25 01:30:00,0.153
2013-12-25 02:00:00,0.161
2013-12-25 02:30:00,0.158
2013-12-25 03:00:00,0.145
2013-12-25 03:30:00,0.135
2013-12-25 04:00:00,0.136
2013-12-25 04:30:00,0.107
2013-12-25 05:00:00,0.099
2013-12-25 05:30:00,0.146
2013-12-25 06:00:00,0.154
2013-12-25 06:30:00,0.187
2013-12-25 07:00:00,0.278
2013-12-25 07:30:00,0.597
2013-12-25 08:00:00,0.842
2013-12-25 08:30:00,0.379
2013-12-25 09:00:00,0.721
2013-12-25 09:30:00,0.41
2013-12-25 10:00:00,0.125
2013-12-25 10:30:00,0.117
2013-12-25 11:00:00,0.208
2013-12-25 11:30:00,0.165
2013-12-25 12:00:00,0.184
2013-12-25 12:30:00,0.11
2013-12-25 13:00:00,0.161
2013-12-25 13:30:00,0.229
2013-12-25 14:00:00,0.288
2013-12-25 14:30:00,0.241
2013-12-25 15:00:00,0.175
2013-12-25 15:30:00,0.176
2013-12-25 16:00:00,0.477
2013-12-25 16:30:00,0.758
2013-12-25 17:00:00,1.131
2013-12-25 17:30:00,1.351
2013-12-25 18:00:00,1.837
2013-12-25 18:30:00,1.334
2013-12-25 19:00:00,1.211
2013-12-25 19:30:00,1.245
2013-12-25 20:00:00,1.107
2013-12-25 20:30:00,1.0089999
2013-12-25 21:00:00,1.057
2013-12-25 21:30:00,1.0700001
2013-12-25 22:00:00,1.316
2013-12-25 22:30:00,1.17
2013-12-25 23:00:00,1.229
2013-12-25 23:30:00,0.274
2013-12-26 00:00:00,0.997
2013-12-26 00:30:00,0.187
2013-12-26 01:00:00,0.174
2013-12-26 01:30:00,0.139
2013-12-26 02:00:00,0.159
2013-12-26 02:30:00,0.14
2013-12-26 03:00:00,0.141
2013-12-26 03:30:00,0.149
2013-12-26 04:00:00,0.181
2013-12-26 04:30:00,0.176
2013-12-26 05:00:00,0.199
2013-12-26 05:30:00,0.25
2013-12-26 06:00:00,0.245
2013-12-26 06:30:00,0.219
2013-12-26 07:00:00,0.302
2013-12-26 07:30:00,0.584
2013-12-26 08:00:00,0.535
2013-12-26 08:30:00,0.54
2013-12-26 09:00:00,0.303
2013-12-26 09:30:00,0.34
2013-12-26 10:00:00,0.297
2013-12-26 10:30:00,0.338
2013-12-26 11:00:00,0.405
2013-12-26 11:30:00,0.294
2013-12-26 12:00:00,0.272
2013-12-26 12:30:00,0.25
2013-12-26 13:00:00,0.259
2013-12-26 13:30:00,0.215
2013-12-26 14:00:00,0.232
2013-12-26 14:30:00,0.263
2013-12-26 15:00:00,0.3
2013-12-26 15:30:00,0.368
2013-12-26 16:00:00,0.387
2013-12-26 16:30:00,0.839
2013-12-26 17:00:00,1.087
2013-12-26 17:30:00,1.036
2013-12-26 18:00:00,1.016
2013-12-26 18:30:00,1.008
2013-12-26 19:00:00,0.977
2013-12-26 19:30:00,1.138
2013-12-26 20:00:00,0.971
2013-12-26 20:30:00,0.952
2013-12-26 21:00:00,1.1160001
2013-12-26 21:30:00,1.649
2013-12-26 22:00:00,1.684
2013-12-26 22:30:00,1.5
2013-12-26 23:00:00,0.888
2013-12-26 23:30:00,0.295
2013-12-27 00:00:00,0.148
2013-12-27 00:30:00,0.141
2013-12-27 01:00:00,0.138
2013-12-27 01:30:00,0.178
2013-12-27 02:00:00,0.18
2013-12-27 02:30:00,0.15
2013-12-27 03:00:00,0.142
2013-12-27 03:30:00,0.199
2013-12-27 04:00:00,0.221
2013-12-27 04:30:00,0.242
2013-12-27 05:00:00,0.178
2013-12-27 05:30:00,0.192
2013-12-27 06:00:00,0.191
2013-12-27 06:30:00,0.22
2013-12-27 07:00:00,0.305
2013-12-27 07:30:00,0.503
2013-12-27 08:00:00,0.568
2013-12-27 08:30:00,0.338
2013-12-27 09:00:00,0.229
2013-12-27 09:30:00,0.382
2013-12-27 10:00:00,0.214
2013-12-27 10:30:00,0.243
2013-12-27 11:00:00,0.274
2013-12-27 11:30:00,0.248
2013-12-27 12:00:00,0.324
2013-12-27 12:30:00,0.35
2013-12-27 13:00:00,0.207
2013-12-27 13:30:00,0.229
2013-12-27 14:00:00,0.131
2013-12-27 14:30:00,0.149
2013-12-27 15:00:00,0.218
2013-12-27 15:30:00,0.622
2013-12-27 16:00:00,0.748
2013-12-27 16:30:00,0.505
2013-12-27 17:00:00,0.628
2013-12-27 17:30:00,0.793
2013-12-27 18:00:00,0.856
2013-12-27 18:30:00,0.831
2013-12-27 19:00:00,0.924
2013-12-27 19:30:00,1.5930001
2013-12-27 20:00:00,1.077
2013-12-27 20:30:00,1.554
2013-12-27 21:00:00,1.082
2013-12-27 21:30:00,0.838
2013-12-27 22:00:00,0.874
2013-12-27 22:30:00,0.891
2013-12-27 23:00:00,0.66
2013-12-27 23:30:00,0.287
2013-12-28 00:00:00,0.163
2013-12-28 00:30:00,0.156
2013-12-28 01:00:00,0.182
2013-12-28 01:30:00,0.198
2013-12-28 02:00:00,0.166
2013-12-28 02:30:00,0.138
2013-12-28 03:00:00,0.14
2013-12-28 03:30:00,0.154
2013-12-28 04:00:00,0.203
2013-12-28 04:30:00,0.233
2013-12-28 05:00:00,0.197
2013-12-28 05:30:00,0.197
2013-12-28 06:00:00,0.193
2013-12-28 06:30:00,0.229
2013-12-28 07:00:00,0.184
2013-12-28 07:30:00,0.129
2013-12-28 08:00:00,0.526
2013-12-28 08:30:00,0.369
2013-12-28 09:00:00,0.475
2013-12-28 09:30:00,0.934
2013-12-28 10:00:00,0.581
2013-12-28 10:30:00,0.928
2013-12-28 11:00:00,0.885
2013-12-28 11:30:00,0.694
2013-12-28 12:00:00,0.58
2013-12-28 12:30:00,1.427
2013-12-28 13:00:00,0.724
2013-12-28 13:30:00,0.278
2013-12-28 14:00:00,0.506
2013-12-28 14:30:00,0.843
2013-12-28 15:00:00,1.351
2013-12-28 15:30:00,1.046
2013-12-28 16:00:00,0.77
2013-12-28 16:30:00,0.68
2013-12-28 17:00:00,0.939
2013-12-28 17:30:00,0.888
2013-12-28 18:00:00,1.219
2013-12-28 18:30:00,1.072
2013-12-28 19:00:00,2.0929999
2013-12-28 19:30:00,1.313
2013-12-28 20:00:00,1.025
2013-12-28 20:30:00,0.958
2013-12-28 21:00:00,0.985
2013-12-28 21:30:00,1.027
2013-12-28 22:00:00,1.183
2013-12-28 22:30:00,1.048
2013-12-28 23:00:00,0.987
2013-12-28 23:30:00,0.744
2013-12-29 00:00:00,0.532
2013-12-29 00:30:00,0.152
2013-12-29 01:00:00,0.145
2013-12-29 01:30:00,0.137
2013-12-29 02:00:00,0.109
2013-12-29 02:30:00,0.113
2013-12-29 03:00:00,0.139
2013-12-29 03:30:00,0.143
2013-12-29 04:00:00,0.182
2013-12-29 04:30:00,0.164
2013-12-29 05:00:00,0.159
2013-12-29 05:30:00,0.172
2013-12-29 06:00:00,0.192
2013-12-29 06:30:00,0.188
2013-12-29 07:00:00,0.15
2013-12-29 07:30:00,0.11
2013-12-29 08:00:00,0.286
2013-12-29 08:30:00,0.242
2013-12-29 09:00:00,0.281
2013-12-29 09:30:00,0.289
2013-12-29 10:00:00,0.732
2013-12-29 10:30:00,0.607
2013-12-29 11:00:00,0.342
2013-12-29 11:30:00,0.278
2013-12-29 12:00:00,0.262
2013-12-29 12:30:00,0.186
2013-12-29 13:00:00,0.179
2013-12-29 13:30:00,0.209
2013-12-29 14:00:00,0.218
2013-12-29 14:30:00,0.192
2013-12-29 15:00:00,0.176
2013-12-29 15:30:00,0.477
2013-12-29 16:00:00,0.798
2013-12-29 16:30:00,0.775
2013-12-29 17:00:00,1.503
2013-12-29 17:30:00,2.0020001
2013-12-29 18:00:00,1.654
2013-12-29 18:30:00,1.811
2013-12-29 19:00:00,1.919
2013-12-29 19:30:00,2.1010001
2013-12-29 20:00:00,1.437
2013-12-29 20:30:00,0.969
2013-12-29 21:00:00,2.0829999
2013-12-29 21:30:00,1.278
2013-12-29 22:00:00,2.026
2013-12-29 22:30:00,1.302
2013-12-29 23:00:00,1.09
2013-12-29 23:30:00,0.613
2013-12-30 00:00:00,0.485
2013-12-30 00:30:00,0.124
2013-12-30 01:00:00,0.142
2013-12-30 01:30:00,0.141
2013-12-30 02:00:00,0.126
2013-12-30 02:30:00,0.101
2013-12-30 03:00:00,0.101
2013-12-30 03:30:00,0.122
2013-12-30 04:00:00,0.172
2013-12-30 04:30:00,0.195
2013-12-30 05:00:00,0.164
2013-12-30 05:30:00,0.17
2013-12-30 06:00:00,0.215
2013-12-30 06:30:00,0.252
2013-12-30 07:00:00,0.351
2013-12-30 07:30:00,0.505
2013-12-30 08:00:00,0.543
2013-12-30 08:30:00,0.566
2013-12-30 09:00:00,0.259
2013-12-30 09:30:00,0.659
2013-12-30 10:00:00,0.226
2013-12-30 10:30:00,0.135
2013-12-30 11:00:00,0.097
2013-12-30 11:30:00,0.119
2013-12-30 12:00:00,0.128
2013-12-30 12:30:00,0.114
2013-12-30 13:00:00,0.091
2013-12-30 13:30:00,0.841
2013-12-30 14:00:00,0.755
2013-12-30 14:30:00,0.218
2013-12-30 15:00:00,0.469
2013-12-30 15:30:00,0.848
2013-12-30 16:00:00,0.791
2013-12-30 16:30:00,1.377
2013-12-30 17:00:00,1.238
2013-12-30 17:30:00,1.095
2013-12-30 18:00:00,1.013
2013-12-30 18:30:00,0.996
2013-12-30 19:00:00,1.127
2013-12-30 19:30:00,1.265
2013-12-30 20:00:00,1.181
2013-12-30 20:30:00,1.284
2013-12-30 21:00:00,1.375
2013-12-30 21:30:00,1.279
2013-12-30 22:00:00,1.138
2013-12-30 22:30:00,1.248
2013-12-30 23:00:00,0.327
2013-12-30 23:30:00,0.982
2013-12-31 00:00:00,0.181
2013-12-31 00:30:00,0.199
2013-12-31 01:00:00,0.165
2013-12-31 01:30:00,0.102
2013-12-31 02:00:00,0.098
2013-12-31 02:30:00,0.097
2013-12-31 03:00:00,0.134
2013-12-31 03:30:00,0.138
2013-12-31 04:00:00,0.11
2013-12-31 04:30:00,0.115
2013-12-31 05:00:00,0.162
2013-12-31 05:30:00,0.217
2013-12-31 06:00:00,0.218
2013-12-31 06:30:00,0.187
2013-12-31 07:00:00,0.232
2013-12-31 07:30:00,0.438
2013-12-31 08:00:00,0.342
2013-12-31 08:30:00,0.927
2013-12-31 09:00:00,0.142
2013-12-31 09:30:00,0.144
2013-12-31 10:00:00,0.632
2013-12-31 10:30:00,1.166
2013-12-31 11:00:00,0.223
2013-12-31 11:30:00,0.185
2013-12-31 12:00:00,0.104
2013-12-31 12:30:00,0.108
2013-12-31 13:00:00,0.108
2013-12-31 13:30:00,0.135
2013-12-31 14:00:00,0.149
2013-12-31 14:30:00,0.633
2013-12-31 15:00:00,0.781
2013-12-31 15:30:00,0.492
2013-12-31 16:00:00,0.494
2013-12-31 16:30:00,0.895
2013-12-31 17:00:00,1.773
2013-12-31 17:30:00,1.603
2013-12-31 18:00:00,0.945
2013-12-31 18:30:00,0.912
2013-12-31 19:00:00,0.961
2013-12-31 19:30:00,1.212
2013-12-31 20:00:00,1.198
2013-12-31 20:30:00,1.23
2013-12-31 21:00:00,1.2690001
2013-12-31 21:30:00,1.225
2013-12-31 22:00:00,1.702
2013-12-31 22:30:00,1.217
2013-12-31 23:00:00,1.1289999
2013-12-31 23:30:00,0.149
2014-01-01 00:00:00,0.096
2014-01-01 00:30:00,0.116
2014-01-01 01:00:00,0.137
2014-01-01 01:30:00,0.153
2014-01-01 02:00:00,0.161
2014-01-01 02:30:00,0.158
2014-01-01 03:00:00,0.145
2014-01-01 03:30:00,0.135
2014-01-01 04:00:00,0.136
2014-01-01 04:30:00,0.107
2014-01-01 05:00:00,0.099
2014-01-01 05:30:00,0.146
2014-01-01 06:00:00,0.154
2014-01-01 06:30:00,0.187
2014-01-01 07:00:00,0.278
2014-01-01 07:30:00,0.597
2014-01-01 08:00:00,0.842
2014-01-01 08:30:00,0.379
2014-01-01 09:00:00,0.721
2014-01-01 09:30:00,0.41
2014-01-01 10:00:00,0.125
2014-01-01 10:30:00,0.117
2014-01-01 11:00:00,0.208
2014-01-01 11:30:00,0.165
2014-01-01 12:00:00,0.184
2014-01-01 12:30:00,0.11
2014-01-01 13:00:00,0.161
2014-01-01 13:30:00,0.229
2014-01-01 14:00:00,0.288
2014-01-01 14:30:00,0.241
2014-01-01 15:00:00,0.175
2014-01-01 15:30:00,0.176
2014-01-01 16:00:00,0.477
2014-01-01 16:30:00,0.758
2014-01-01 17:00:00,1.131
2014-01-01 17:30:00,1.351
2014-01-01 18:00:00,1.837
2014-01-01 18:30:00,1.334
2014-01-01 19:00:00,1.211
2014-01-01 19:30:00,1.245
2014-01-01 20:00:00,1.107
2014-01-01 20:30:00,1.0089999
2014-01-01 21:00:00,1.057
2014-01-01 21:30:00,1.0700001
2014-01-01 22:00:00,1.316
2014-01-01 22:30:00,1.17
2014-01-01 23:00:00,1.229
2014-01-01 23:30:00,0.274
2014-01-02 00:00:00,0.997
2014-01-02 00:30:00,0.187
2014-01-02 01:00:00,0.174
2014-01-02 01:30:00,0.139
2014-01-02 02:00:00,0.159
2014-01-02 02:30:00,0.14
2014-01-02 03:00:00,0.141
2014-01-02 03:30:00,0.149
2014-01-02 04:00:00,0.181
2014-01-02 04:30:00,0.176
2014-01-02 05:00:00,0.199
2014-01-02 05:30:00,0.25
2014-01-02 06:00:00,0.245
2014-01-02 06:30:00,0.219
2014-01-02 07:00:00,0.302
2014-01-02 07:30:00,0.584
2014-01-02 08:00:00,0.535
2014-01-02 08:30:00,0.54
2014-01-02 09:00:00,0.303
2014-01-02 09:30:00,0.34
2014-01-02 10:00:00,0.297
2014-01-02 10:30:00,0.338
2014-01-02 11:00:00,0.405
2014-01-02 11:30:00,0.294
2014-01-02 12:00:00,0.272
2014-01-02 12:30:00,0.25
2014-01-02 13:00:00,0.259
2014-01-02 13:30:00,0.215
2014-01-02 14:00:00,0.232
2014-01-02 14:30:00,0.263
2014-01-02 15:00:00,0.3
2014-01-02 15:30:00,0.368
2014-01-02 16:00:00,0.387
2014-01-02 16:30:00,0.839
2014-01-02 17:00:00,1.087
2014-01-02 17:30:00,1.036
2014-01-02 18:00:00,1.016
2014-01-02 18:30:00,1.008
2014-01-02 19:00:00,0.977
2014-01-02 19:30:00,1.138
2014-01-02 20:00:00,0.971
2014-01-02 20:30:00,0.952
2014-01-02 21:00:00,1.1160001
2014-01-02 21:30:00,1.649
2014-01-02 22:00:00,1.684
2014-01-02 22:30:00,1.5
2014-01-02 23:00:00,0.888
2014-01-02 23:30:00,0.295
2014-01-03 00:00:00,0.148
2014-01-03 00:30:00,0.141
2014-01-03 01:00:00,0.138
2014-01-03 01:30:00,0.178
2014-01-03 02:00:00,0.18
2014-01-03 02:30:00,0.15
2014-01-03 03:00:00,0.142
2014-01-03 03:30:00,0.199
2014-01-03 04:00:00,0.221
2014-01-03 04:30:00,0.242
2014-01-03 05:00:00,0.178
2014-01-03 05:30:00,0.192
2014-01-03 06:00:00,0.191
2014-01-03 06:30:00,0.22
2014-01-03 07:00:00,0.305
2014-01-03 07:30:00,0.503
2014-01-03 08:00:00,0.568
2014-01-03 08:30:00,0.338
2014-01-03 09:00:00,0.229
2014-01-03 09:30:00,0.382
2014-01-03 10:00:00,0.214
2014-01-03 10:30:00,0.243
2014-01-03 11:00:00,0.274
2014-01-03 11:30:00,0.248
2014-01-03 12:00:00,0.324
2014-01-03 12:30:00,0.35
2014-01-03 13:00:00,0.207
2014-01-03 13:30:00,0.229
2014-01-03 14:00:00,0.131
2014-01-03 14:30:00,0.149
2014-01-03 15:00:00,0.218
2014-01-03 15:30:00,0.622
2014-01-03 16:00:00,0.748
2014-01-03 16:30:00,0.505
2014-01-03 17:00:00,0.628
2014-01-03 17:30:00,0.793
2014-01-03 18:00:00,0.856
2014-01-03 18:30:00,0.831
2014-01-03 19:00:00,0.924
2014-01-03 19:30:00,1.5930001
2014-01-03 20:00:00,1.077
2014-01-03 20:30:00,1.554
2014-01-03 21:00:00,1.082
2014-01-03 21:30:00,0.838
2014-01-03 22:00:00,0.874
2014-01-03 22:30:00,0.891
2014-01-03 23:00:00,0.66
2014-01-03 23:30:00,0.287
2014-01-04 00:00:00,0.163
2014-01-04 00:30:00,0.156
2014-01-04 01:00:00,0.182
2014-01-04 01:30:00,0.198
2014-01-04 02:00:00,0.166
2014-01-04 02:30:00,0.138
2014-01-04 03:00:00,0.14
2014-01-04 03:30:00,0.154
2014-01-04 04:00:00,0.203
2014-01-04 04:30:00,0.233
2014-01-04 05:00:00,0.197
2014-01-04 05:30:00,0.197
2014-01-04 06:00:00,0.193
2014-01-04 06:30:00,0.229
2014-01-04 07:00:00,0.184
2014-01-04 07:30:00,0.129
2014-01-04 08:00:00,0.526
2014-01-04 08:30:00,0.369
2014-01-04 09:00:00,0.475
2014-01-04 09:30:00,0.934
2014-01-04 10:00:00,0.581
2014-01-04 10:30:00,0.928
2014-01-04 11:00:00,0.885
2014-01-04 11:30:00,0.694
2014-01-04 12:00:00,0.58
2014-01-04 12:30:00,1.427
2014-01-04 13:00:00,0.724
2014-01-04 13:30:00,0.278
2014-01-04 14:00:00,0.506
2014-01-04 14:30:00,0.843
2014-01-04 15:00:00,1.351
2014-01-04 15:30:00,1.046
2014-01-04 16:00:00,0.77
2014-01-04 16:30:00,0.68
2014-01-04 17:00:00,0.939
2014-01-04 17:30:00,0.888
2014-01-04 18:00:00,1.219
2014-01-04 18:30:00,1.072
2014-01-04 19:00:00,2.0929999
2014-01-04 19:30:00,1.313
2014-01-04 20:00:00,1.025
2014-01-04 20:30:00,0.958
2014-01-04 21:00:00,0.985
2014-01-04 21:30:00,1.027
2014-01-04 22:00:00,1.183
2014-01-04 22:30:00,1.048
2014-01-04 23:00:00,0.987
2014-01-04 23:30:00,0.744
2014-01-05 00:00:00,0.532
2014-01-05 00:30:00,0.152
2014-01-05 01:00:00,0.145
2014-01-05 01:30:00,0.137
2014-01-05 02:00:00,0.109
2014-01-05 02:30:00,0.113
2014-01-05 03:00:00,0.139
2014-01-05 03:30:00,0.143
2014-01-05 04:00:00,0.182
2014-01-05 04:30:00,0.164
2014-01-05 05:00:00,0.159
2014-01-05 05:30:00,0.172
2014-01-05 06:00:00,0.192
2014-01-05 06:30:00,0.188
2014-01-05 07:00:00,0.15
2014-01-05 07:30:00,0.11
2014-01-05 08:00:00,0.286
2014-01-05 08:30:00,0.242
2014-01-05 09:00:00,0.281
2014-01-05 09:30:00,0.289
2014-01-05 10:00:00,0.732
2014-01-05 10:30:00,0.607
2014-01-05 11:00:00,0.342
2014-01-05 11:30:00,0.278
2014-01-05 12:00:00,0.262
2014-01-05 12:30:00,0.186
2014-01-05 13:00:00,0.179
2014-01-05 13:30:00,0.209
2014-01-05 14:00:00,0.218
2014-01-05 14:30:00,0.192
2014-01-05 15:00:00,0.176
2014-01-05 15:30:00,0.477
2014-01-05 16:00:00,0.798
2014-01-05 16:30:00,0.775
2014-01-05 17:00:00,1.503
2014-01-05 17:30:00,2.0020001
2014-01-05 18:00:00,1.654
2014-01-05 18:30:00,1.811
2014-01-05 19:00:00,1.919
2014-01-05 19:30:00,2.1010001
2014-01-05 20:00:00,1.437
2014-01-05 20:30:00,0.969
2014-01-05 21:00:00,2.0829999
2014-01-05 21:30:00,1.278
2014-01-05 22:00:00,2.026
2014-01-05 22:30:00,1.302
2014-01-05 23:00:00,1.09
2014-01-05 23:30:00,0.613
2014-01-06 00:00:00,0.485
2014-01-06 00:30:00,0.124
2014-01-06 01:00:00,0.142
2014-01-06 01:30:00,0.141
2014-01-06 02:00:00,0.126
2014-01-06 02:30:00,0.101
2014-01-06 03:00:00,0.101
2014-01-06 03:30:00,0.122
2014-01-06 04:00:00,0.172
2014-01-06 04:30:00,0.195
2014-01-06 05:00:00,0.164
2014-01-06 05:30:00,0.17
2014-01-06 06:00:00,0.215
2014-01-06 06:30:00,0.252
2014-01-06 07:00:00,0.351
2014-01-06 07:30:00,0.505
2014-01-06 08:00:00,0.543
2014-01-06 08:30:00,0.566
2014-01-06 09:00:00,0.259
2014-01-06 09:30:00,0.659
2014-01-06 10:00:00,0.226
2014-01-06 10:30:00,0.135
2014-01-06 11:00:00,0.097
2014-01-06 11:30:00,0.119
2014-01-06 12:00:00,0.128
2014-01-06 12:30:00,0.114
2014-01-06 13:00:00,0.091
2014-01-06 13:30:00,0.841
2014-01-06 14:00:00,0.755
2014-01-06 14:30:00,0.218
2014-01-06 15:00:00,0.469
2014-01-06 15:30:00,0.848
2014-01-06 16:00:00,0.791
2014-01-06 16:30:00,1.377
2014-01-06 17:00:00,1.238
2014-01-06 17:30:00,1.095
2014-01-06 18:00:00,1.013
2014-01-06 18:30:00,0.996
2014-01-06 19:00:00,1.127
2014-01-06 19:30:00,1.265
2014-01-06 20:00:00,1.181
2014-01-06 20:30:00,1.284
2014-01-06 21:00:00,1.375
2014-01-06 21:30:00,1.279
2014-01-06 22:00:00,1.138
2014-01-06 22:30:00,1.248
2014-01-06 23:00:00,0.327
2014-01-06 23:30:00,0.982
2014-01-07 00:00:00,0.181
2014-01-07 00:30:00,0.199
2014-01-07 01:00:00,0.165
2014-01-07 01:30:00,0.102
2014-01-07 02:00:00,0.098
2014-01-07 02:30:00,0.097
2014-01-07 03:00:00,0.134
2014-01-07 03:30:00,0.138
2014-01-07 04:00:00,0.11
2014-01-07 04:30:00,0.115
2014-01-07 05:00:00,0.162
2014-01-07 05:30:00,0.217
2014-01-07 06:00:00,0.218
2014-01-07 06:30:00,0.187
2014-01-07 07:00:00,0.232
2014-01-07 07:30:00,0.438
2014-01-07 08:00:00,0.342
2014-01-07 08:30:00,0.927
2014-01-07 09:00:00,0.142
2014-01-07 09:30:00,0.144
2014-01-07 10:00:00,0.632
2014-01-07 10:30:00,1.166
2014-01-07 11:00:00,0.223
2014-01-07 11:30:00,0.185
2014-01-07 12:00:00,0.104
2014-01-07 12:30:00,0.108
2014-01-07 13:00:00,0.108
2014-01-07 13:30:00,0.135
2014-01-07 14:00:00,0.149
2014-01-07 14:30:00,0.633
2014-01-07 15:00:00,0.781
2014-01-07 15:30:00,0.492
2014-01-07 16:00:00,0.494
2014-01-07 16:30:00,0.895
2014-01-07 17:00:00,1.773
2014-01-07 17:30:00,1.603
2014-01-07 18:00:00,0.945
2014-01-07 18:30:00,0.912
2014-01-07 19:00:00,0.961
2014-01-07 19:30:00,1.212
2014-01-07 20:00:00,1.198
2014-01-07 20:30:00,1.23
2014-01-07 21:00:00,1.2690001
2014-01-07 21:30:00,1.225
2014-01-07 22:00:00,1.702
2014-01-07 22:30:00,1.217
2014-01-07 23:00:00,1.1289999
2014-01-07 23:30:00,0.149
2014-01-08 00:00:00,0.096
2014-01-08 00:30:00,0.116
2014-01-08 01:00:00,0.137
2014-01-08 01:30:00,0.153
2014-01-08 02:00:00,0.161
2014-01-08 02:30:00,0.158
2014-01-08 03:00:00,0.145
2014-01-08 03:30:00,0.135
2014-01-08 04:00:00,0.136
2014-01-08 04:30:00,0.107
2014-01-08 05:00:00,0.099
2014-01-08 05:30:00,0.146
2014-01-08 06:00:00,0.154
2014-01-08 06:30:00,0.187
2014-01-08 07:00:00,0.278
2014-01-08 07:30:00,0.597
2014-01-08 08:00:00,0.842
2014-01-08 08:30:00,0.379
2014-01-08 09:00:00,0.721
2014-01-08 09:30:00,0.41
2014-01-08 10:00:00,0.125
2014-01-08 10:30:00,0.117
2014-01-08 11:00:00,0.208
2014-01-08 11:30:00,0.165
2014-01-08 12:00:00,0.184
2014-01-08 12:30:00,0.11
2014-01-08 13:00:00,0.161
2014-01-08 13:30:00,0.229
2014-01-08 14:00:00,0.288
2014-01-08 14:30:00,0.241
2014-01-08 15:00:00,0.175
2014-01-08 15:30:00,0.176
2014-01-08 16:00:00,0.477
2014-01-08 16:30:00,0.758
2014-01-08 17:00:00,1.131
2014-01-08 17:30:00,1.351
2014-01-08 18:00:00,1.837
2014-01-08 18:30:00,1.334
2014-01-08 19:00:00,1.211
2014-01-08 19:30:00,1.245
2014-01-08 20:00:00,1.107
2014-01-08 20:30:00,1.0089999
2014-01-08 21:00:00,1.057
2014-01-08 21:30:00,1.0700001
2014-01-08 22:00:00,1.316
2014-01-08 22:30:00,1.17
2014-01-08 23:00:00,1.229
2014-01-08 23:30:00,0.274
2014-01-09 00:00:00,0.997
2014-01-09 00:30:00,0.187
2014-01-09 01:00:00,0.174
2014-01-09 01:30:00,0.139
2014-01-09 02:00:00,0.159
2014-01-09 02:30:00,0.14
2014-01-09 03:00:00,0.141
2014-01-09 03:30:00,0.149
2014-01-09 04:00:00,0.181
2014-01-09 04:30:00,0.176
2014-01-09 05:00:00,0.199
2014-01-09 05:30:00,0.25
2014-01-09 06:00:00,0.245
2014-01-09 06:30:00,0.219
2014-01-09 07:00:00,0.302
2014-01-09 07:30:00,0.584
2014-01-09 08:00:00,0.535
2014-01-09 08:30:00,0.54
2014-01-09 09:00:00,0.303
2014-01-09 09:30:00,0.34
2014-01-09 10:00:00,0.297
2014-01-09 10:30:00,0.338
2014-01-09 11:00:00,0.405
2014-01-09 11:30:00,0.294
2014-01-09 12:00:00,0.272
2014-01-09 12:30:00,0.25
2014-01-09 13:00:00,0.259
2014-01-09 13:30:00,0.215
2014-01-09 14:00:00,0.232
2014-01-09 14:30:00,0.263
2014-01-09 15:00:00,0.3
2014-01-09 15:30:00,0.368
2014-01-09 16:00:00,0.387
2014-01-09 16:30:00,0.839
2014-01-09 17:00:00,1.087
2014-01-09 17:30:00,1.036
2014-01-09 18:00:00,1.016
2014-01-09 18:30:00,1.008
2014-01-09 19:00:00,0.977
2014-01-09 19:30:00,1.138
2014-01-09 20:00:00,0.971
2014-01-09 20:30:00,0.952
2014-01-09 21:00:00,1.1160001
2014-01-09 21:30:00,1.649
2014-01-09 22:00:00,1.684
2014-01-09 22:30:00,1.5
2014-01-09 23:00:00,0.888
2014-01-09 23:30:00,0.295
2014-01-10 00:00:00,0.148
2014-01-10 00:30:00,0.141
2014-01-10 01:00:00,0.138
2014-01-10 01:30:00,0.178
2014-01-10 02:00:00,0.18
2014-01-10 02:30:00,0.15
2014-01-10 03:00:00,0.142
2014-01-10 03:30:00,0.199
2014-01-10 04:00:00,0.221
2014-01-10 04:30:00,0.242
2014-01-10 05:00:00,0.178
2014-01-10 05:30:00,0.192
2014-01-10 06:00:00,0.191
2014-01-10 06:30:00,0.22
2014-01-10 07:00:00,0.305
2014-01-10 07:30:00,0.503
2014-01-10 08:00:00,0.568
2014-01-10 08:30:00,0.338
2014-01-10 09:00:00,0.229
2014-01-10 09:30:00,0.382
2014-01-10 10:00:00,0.214
2014-01-10 10:30:00,0.243
2014-01-10 11:00:00,0.274
2014-01-10 11:30:00,0.248
2014-01-10 12:00:00,0.324
2014-01-10 12:30:00,0.35
2014-01-10 13:00:00,0.207
2014-01-10 13:30:00,0.229
2014-01-10 14:00:00,0.131
2014-01-10 14:30:00,0.149
2014-01-10 15:00:00,0.218
2014-01-10 15:30:00,0.622
2014-01-10 16:00:00,0.748
2014-01-10 16:30:00,0.505
2014-01-10 17:00:00,0.628
2014-01-10 17:30:00,0.793
2014-01-10 18:00:00,0.856
2014-01-10 18:30:00,0.831
2014-01-10 19:00:00,0.924
2014-01-10 19:30:00,1.5930001
2014-01-10 20:00:00,1.077
2014-01-10 20:30:00,1.554
2014-01-10 21:00:00,1.082
2014-01-10 21:30:00,0.838
2014-01-10 22:00:00,0.874
2014-01-10 22:30:00,0.891
2014-01-10 23:00:00,0.66
2014-01-10 23:30:00,0.287
2014-01-11 00:00:00,0.163
2014-01-11 00:30:00,0.963
2014-01-11 01:00:00,0.173
2014-01-11 01:30:00,0.19
2014-01-11 02:00:00,0.184
2014-01-11 02:30:00,0.181
2014-01-11 03:00:00,0.174
2014-01-11 03:30:00,0.146
2014-01-11 04:00:00,0.147
2014-01-11 04:30:00,0.148
2014-01-11 05:00:00,0.213
2014-01-11 05:30:00,0.248
2014-01-11 06:00:00,0.289
2014-01-11 06:30:00,0.248
2014-01-11 07:00:00,0.177
2014-01-11 07:30:00,0.16
2014-01-11 08:00:00,0.357
2014-01-11 08:30:00,0.287
2014-01-11 09:00:00,0.402
2014-01-11 09:30:00,0.448
2014-01-11 10:00:00,0.507
2014-01-11 10:30:00,0.191
2014-01-11 11:00:00,0.169
2014-01-11 11:30:00,0.166
2014-01-11 12:00:00,0.156
2014-01-11 12:30:00,0.147
2014-01-11 13:00:00,0.162
2014-01-11 13:30:00,0.275
2014-01-11 14:00:00,0.19
2014-01-11 14:30:00,0.213
2014-01-11 15:00:00,0.511
2014-01-11 15:30:00,1.0089999
2014-01-11 16:00:00,0.967
2014-01-11 16:30:00,0.984
2014-01-11 17:00:00,0.614
2014-01-11 17:30:00,0.67
2014-01-11 18:00:00,0.646
2014-01-11 18:30:00,0.516
2014-01-11 19:00:00,0.549
2014-01-11 19:30:00,1.204
2014-01-11 20:00:00,0.451
2014-01-11 20:30:00,0.597
2014-01-11 21:00:00,0.564
2014-01-11 21:30:00,0.605
2014-01-11 22:00:00,0.676
2014-01-11 22:30:00,0.655
2014-01-11 23:00:00,0.879
2014-01-11 23:30:00,0.829
2014-01-12 00:00:00,1.016
2014-01-12 00:30:00,0.388
2014-01-12 01:00:00,0.198
2014-01-12 01:30:00,0.11
2014-01-12 02:00:00,0.112
2014-01-12 02:30:00,0.151
2014-01-12 03:00:00,0.146
2014-01-12 03:30:00,0.129
2014-01-12 04:00:00,0.105
2014-01-12 04:30:00,0.104
2014-01-12 05:00:00,0.106
2014-01-12 05:30:00,0.133
2014-01-12 06:00:00,0.23
2014-01-12 06:30:00,0.257
2014-01-12 07:00:00,0.221
2014-01-12 07:30:00,0.182
2014-01-12 08:00:00,0.266
2014-01-12 08:30:00,0.264
2014-01-12 09:00:00,0.375
2014-01-12 09:30:00,0.766
2014-01-12 10:00:00,0.659
2014-01-12 10:30:00,0.17
2014-01-12 11:00:00,0.514
2014-01-12 11:30:00,0.192
2014-01-12 12:00:00,0.26
2014-01-12 12:30:00,0.235
2014-01-12 13:00:00,0.868
2014-01-12 13:30:00,1.092
2014-01-12 14:00:00,1.181
2014-01-12 14:30:00,1.6900001
2014-01-12 15:00:00,0.639
2014-01-12 15:30:00,0.765
2014-01-12 16:00:00,0.515
2014-01-12 16:30:00,0.611
2014-01-12 17:00:00,0.946
2014-01-12 17:30:00,1.118
2014-01-12 18:00:00,1.318
2014-01-12 18:30:00,2.4189999
2014-01-12 19:00:00,1.306
2014-01-12 19:30:00,0.477
2014-01-12 20:00:00,1.354
2014-01-12 20:30:00,1.109
2014-01-12 21:00:00,1.372
2014-01-12 21:30:00,0.692
2014-01-12 22:00:00,0.699
2014-01-12 22:30:00,0.741
2014-01-12 23:00:00,0.448
2014-01-12 23:30:00,0.229
2014-01-13 00:00:00,0.153
2014-01-13 00:30:00,0.149
2014-01-13 01:00:00,0.184
2014-01-13 01:30:00,0.185
2014-01-13 02:00:00,0.231
2014-01-13 02:30:00,0.23
2014-01-13 03:00:00,0.212
2014-01-13 03:30:00,0.172
2014-01-13 04:00:00,0.143
2014-01-13 04:30:00,0.145
2014-01-13 05:00:00,0.144
2014-01-13 05:30:00,0.138
2014-01-13 06:00:00,0.152
2014-01-13 06:30:00,0.16
2014-01-13 07:00:00,0.23
2014-01-13 07:30:00,0.523
2014-01-13 08:00:00,0.522
2014-01-13 08:30:00,0.519
2014-01-13 09:00:00,0.447
2014-01-13 09:30:00,0.24
2014-01-13 10:00:00,0.296
2014-01-13 10:30:00,0.202
2014-01-13 11:00:00,0.325
2014-01-13 11:30:00,0.223
2014-01-13 12:00:00,0.305
2014-01-13 12:30:00,0.125
2014-01-13 13:00:00,0.13
2014-01-13 13:30:00,0.114
2014-01-13 14:00:00,0.154
2014-01-13 14:30:00,0.226
2014-01-13 15:00:00,0.447
2014-01-13 15:30:00,0.26
2014-01-13 16:00:00,0.494
2014-01-13 16:30:00,0.614
2014-01-13 17:00:00,0.682
2014-01-13 17:30:00,1.219
2014-01-13 18:00:00,0.969
2014-01-13 18:30:00,0.572
2014-01-13 19:00:00,0.474
2014-01-13 19:30:00,1.103
2014-01-13 20:00:00,0.854
2014-01-13 20:30:00,1.559
2014-01-13 21:00:00,0.797
2014-01-13 21:30:00,0.716
2014-01-13 22:00:00,0.687
2014-01-13 22:30:00,0.658
2014-01-13 23:00:00,0.445
2014-01-13 23:30:00,0.283
2014-01-14 00:00:00,0.179
2014-01-14 00:30:00,0.148
2014-01-14 01:00:00,0.204
2014-01-14 01:30:00,0.209
2014-01-14 02:00:00,0.217
2014-01-14 02:30:00,0.183
2014-01-14 03:00:00,0.181
2014-01-14 03:30:00,0.181
2014-01-14 04:00:00,0.131
2014-01-14 04:30:00,0.102
2014-01-14 05:00:00,0.103
2014-01-14 05:30:00,0.101
2014-01-14 06:00:00,0.153
2014-01-14 06:30:00,0.238
2014-01-14 07:00:00,0.359
2014-01-14 07:30:00,0.57
2014-01-14 08:00:00,0.558
2014-01-14 08:30:00,0.344
2014-01-14 09:00:00,0.29
2014-01-14 09:30:00,0.691
2014-01-14 10:00:00,0.358
2014-01-14 10:30:00,0.542
2014-01-14 11:00:00,1.2079999
2014-01-14 11:30:00,0.153
2014-01-14 12:00:00,0.177
2014-01-14 12:30:00,1.353
2014-01-14 13:00:00,0.921
2014-01-14 13:30:00,0.473
2014-01-14 14:00:00,0.116
2014-01-14 14:30:00,0.129
2014-01-14 15:00:00,0.224
2014-01-14 15:30:00,0.825
2014-01-14 16:00:00,0.746
2014-01-14 16:30:00,0.236
2014-01-14 17:00:00,0.509
2014-01-14 17:30:00,1.359
2014-01-14 18:00:00,1.391
2014-01-14 18:30:00,1.201
2014-01-14 19:00:00,0.625
2014-01-14 19:30:00,0.838
2014-01-14 20:00:00,0.791
2014-01-14 20:30:00,0.855
2014-01-14 21:00:00,0.61
2014-01-14 21:30:00,1.217
2014-01-14 22:00:00,0.613
2014-01-14 22:30:00,1.205
2014-01-14 23:00:00,0.208
2014-01-14 23:30:00,0.215
2014-01-15 00:00:00,0.228
2014-01-15 00:30:00,0.116
2014-01-15 01:00:00,0.137
2014-01-15 01:30:00,0.153
2014-01-15 02:00:00,0.161
2014-01-15 02:30:00,0.158
2014-01-15 03:00:00,0.145
2014-01-15 03:30:00,0.135
2014-01-15 04:00:00,0.136
2014-01-15 04:30:00,0.107
2014-01-15 05:00:00,0.099
2014-01-15 05:30:00,0.146
2014-01-15 06:00:00,0.154
2014-01-15 06:30:00,0.187
2014-01-15 07:00:00,0.278
2014-01-15 07:30:00,0.597
2014-01-15 08:00:00,0.842
2014-01-15 08:30:00,0.379
2014-01-15 09:00:00,0.721
2014-01-15 09:30:00,0.41
2014-01-15 10:00:00,0.125
2014-01-15 10:30:00,0.117
2014-01-15 11:00:00,0.208
2014-01-15 11:30:00,0.165
2014-01-15 12:00:00,0.184
2014-01-15 12:30:00,0.11
2014-01-15 13:00:00,0.161
2014-01-15 13:30:00,0.229
2014-01-15 14:00:00,0.288
2014-01-15 14:30:00,0.241
2014-01-15 15:00:00,0.175
2014-01-15 15:30:00,0.176
2014-01-15 16:00:00,0.477
2014-01-15 16:30:00,0.758
2014-01-15 17:00:00,1.131
2014-01-15 17:30:00,1.351
2014-01-15 18:00:00,1.837
2014-01-15 18:30:00,1.334
2014-01-15 19:00:00,1.211
2014-01-15 19:30:00,1.245
2014-01-15 20:00:00,1.107
2014-01-15 20:30:00,1.0089999
2014-01-15 21:00:00,1.057
2014-01-15 21:30:00,1.0700001
2014-01-15 22:00:00,1.316
2014-01-15 22:30:00,1.17
2014-01-15 23:00:00,1.229
2014-01-15 23:30:00,0.274
2014-01-16 00:00:00,0.997
2014-01-16 00:30:00,0.187
2014-01-16 01:00:00,0.174
2014-01-16 01:30:00,0.139
2014-01-16 02:00:00,0.159
2014-01-16 02:30:00,0.14
2014-01-16 03:00:00,0.141
2014-01-16 03:30:00,0.149
2014-01-16 04:00:00,0.181
2014-01-16 04:30:00,0.176
2014-01-16 05:00:00,0.199
2014-01-16 05:30:00,0.25
2014-01-16 06:00:00,0.245
2014-01-16 06:30:00,0.219
2014-01-16 07:00:00,0.302
2014-01-16 07:30:00,0.584
2014-01-16 08:00:00,0.535
2014-01-16 08:30:00,0.54
2014-01-16 09:00:00,0.303
2014-01-16 09:30:00,0.34
2014-01-16 10:00:00,0.297
2014-01-16 10:30:00,0.338
2014-01-16 11:00:00,0.405
2014-01-16 11:30:00,0.294
2014-01-16 12:00:00,0.272
2014-01-16 12:30:00,0.25
2014-01-16 13:00:00,0.259
2014-01-16 13:30:00,0.215
2014-01-16 14:00:00,0.232
2014-01-16 14:30:00,0.263
2014-01-16 15:00:00,0.3
2014-01-16 15:30:00,0.368
2014-01-16 16:00:00,0.387
2014-01-16 16:30:00,0.839
2014-01-16 17:00:00,1.087
2014-01-16 17:30:00,1.036
2014-01-16 18:00:00,1.016
2014-01-16 18:30:00,1.008
2014-01-16 19:00:00,0.977
2014-01-16 19:30:00,1.138
2014-01-16 20:00:00,0.971
2014-01-16 20:30:00,0.952
2014-01-16 21:00:00,1.1160001
2014-01-16 21:30:00,1.649
2014-01-16 22:00:00,1.684
2014-01-16 22:30:00,1.5
2014-01-16 23:00:00,0.888
2014-01-16 23:30:00,0.295
2014-01-17 00:00:00,0.148
2014-01-17 00:30:00,0.141
2014-01-17 01:00:00,0.138
2014-01-17 01:30:00,0.178
2014-01-17 02:00:00,0.18
2014-01-17 02:30:00,0.15
2014-01-17 03:00:00,0.142
2014-01-17 03:30:00,0.199
2014-01-17 04:00:00,0.221
2014-01-17 04:30:00,0.242
2014-01-17 05:00:00,0.178
2014-01-17 05:30:00,0.192
2014-01-17 06:00:00,0.191
2014-01-17 06:30:00,0.22
2014-01-17 07:00:00,0.305
2014-01-17 07:30:00,0.503
2014-01-17 08:00:00,0.568
2014-01-17 08:30:00,0.338
2014-01-17 09:00:00,0.229
2014-01-17 09:30:00,0.382
2014-01-17 10:00:00,0.214
2014-01-17 10:30:00,0.243
2014-01-17 11:00:00,0.274
2014-01-17 11:30:00,0.248
2014-01-17 12:00:00,0.324
2014-01-17 12:30:00,0.35
2014-01-17 13:00:00,0.207
2014-01-17 13:30:00,0.229
2014-01-17 14:00:00,0.131
2014-01-17 14:30:00,0.149
2014-01-17 15:00:00,0.218
2014-01-17 15:30:00,0.622
2014-01-17 16:00:00,0.748
2014-01-17 16:30:00,0.505
2014-01-17 17:00:00,0.628
2014-01-17 17:30:00,0.793
2014-01-17 18:00:00,0.856
2014-01-17 18:30:00,0.831
2014-01-17 19:00:00,0.924
2014-01-17 19:30:00,1.5930001
2014-01-17 20:00:00,1.077
2014-01-17 20:30:00,1.554
2014-01-17 21:00:00,1.082
2014-01-17 21:30:00,0.838
2014-01-17 22:00:00,0.874
2014-01-17 22:30:00,0.891
2014-01-17 23:00:00,0.66
2014-01-17 23:30:00,0.287
2014-01-18 00:00:00,0.163
2014-01-18 00:30:00,0.963
2014-01-18 01:00:00,0.173
2014-01-18 01:30:00,0.19
2014-01-18 02:00:00,0.184
2014-01-18 02:30:00,0.181
2014-01-18 03:00:00,0.174
2014-01-18 03:30:00,0.146
2014-01-18 04:00:00,0.147
2014-01-18 04:30:00,0.148
2014-01-18 05:00:00,0.213
2014-01-18 05:30:00,0.248
2014-01-18 06:00:00,0.289
2014-01-18 06:30:00,0.248
2014-01-18 07:00:00,0.177
2014-01-18 07:30:00,0.16
2014-01-18 08:00:00,0.357
2014-01-18 08:30:00,0.287
2014-01-18 09:00:00,0.402
2014-01-18 09:30:00,0.448
2014-01-18 10:00:00,0.507
2014-01-18 10:30:00,0.191
2014-01-18 11:00:00,0.169
2014-01-18 11:30:00,0.166
2014-01-18 12:00:00,0.156
2014-01-18 12:30:00,0.147
2014-01-18 13:00:00,0.162
2014-01-18 13:30:00,0.275
2014-01-18 14:00:00,0.19
2014-01-18 14:30:00,0.213
2014-01-18 15:00:00,0.511
2014-01-18 15:30:00,1.0089999
2014-01-18 16:00:00,0.967
2014-01-18 16:30:00,0.984
2014-01-18 17:00:00,0.614
2014-01-18 17:30:00,0.67
2014-01-18 18:00:00,0.646
2014-01-18 18:30:00,0.516
2014-01-18 19:00:00,0.549
2014-01-18 19:30:00,1.204
2014-01-18 20:00:00,0.451
2014-01-18 20:30:00,0.597
2014-01-18 21:00:00,0.564
2014-01-18 21:30:00,0.605
2014-01-18 22:00:00,0.676
2014-01-18 22:30:00,0.655
2014-01-18 23:00:00,0.879
2014-01-18 23:30:00,0.829
2014-01-19 00:00:00,1.016
2014-01-19 00:30:00,0.388
2014-01-19 01:00:00,0.198
2014-01-19 01:30:00,0.11
2014-01-19 02:00:00,0.112
2014-01-19 02:30:00,0.151
2014-01-19 03:00:00,0.146
2014-01-19 03:30:00,0.129
2014-01-19 04:00:00,0.105
2014-01-19 04:30:00,0.104
2014-01-19 05:00:00,0.106
2014-01-19 05:30:00,0.133
2014-01-19 06:00:00,0.23
2014-01-19 06:30:00,0.257
2014-01-19 07:00:00,0.221
2014-01-19 07:30:00,0.182
2014-01-19 08:00:00,0.266
2014-01-19 08:30:00,0.264
2014-01-19 09:00:00,0.375
2014-01-19 09:30:00,0.766
2014-01-19 10:00:00,0.659
2014-01-19 10:30:00,0.17
2014-01-19 11:00:00,0.514
2014-01-19 11:30:00,0.192
2014-01-19 12:00:00,0.26
2014-01-19 12:30:00,0.235
2014-01-19 13:00:00,0.868
2014-01-19 13:30:00,1.092
2014-01-19 14:00:00,1.181
2014-01-19 14:30:00,1.6900001
2014-01-19 15:00:00,0.639
2014-01-19 15:30:00,0.765
2014-01-19 16:00:00,0.515
2014-01-19 16:30:00,0.611
2014-01-19 17:00:00,0.946
2014-01-19 17:30:00,1.118
2014-01-19 18:00:00,1.318
2014-01-19 18:30:00,2.4189999
2014-01-19 19:00:00,1.306
2014-01-19 19:30:00,0.477
2014-01-19 20:00:00,1.354
2014-01-19 20:30:00,1.109
2014-01-19 21:00:00,1.372
2014-01-19 21:30:00,0.692
2014-01-19 22:00:00,0.699
2014-01-19 22:30:00,0.741
2014-01-19 23:00:00,0.448
2014-01-19 23:30:00,0.229
2014-01-20 00:00:00,0.153
2014-01-20 00:30:00,0.149
2014-01-20 01:00:00,0.184
2014-01-20 01:30:00,0.185
2014-01-20 02:00:00,0.231
2014-01-20 02:30:00,0.23
2014-01-20 03:00:00,0.212
2014-01-20 03:30:00,0.172
2014-01-20 04:00:00,0.143
2014-01-20 04:30:00,0.145
2014-01-20 05:00:00,0.144
2014-01-20 05:30:00,0.138
2014-01-20 06:00:00,0.152
2014-01-20 06:30:00,0.16
2014-01-20 07:00:00,0.23
2014-01-20 07:30:00,0.523
2014-01-20 08:00:00,0.522
2014-01-20 08:30:00,0.519
2014-01-20 09:00:00,0.447
2014-01-20 09:30:00,0.24
2014-01-20 10:00:00,0.296
2014-01-20 10:30:00,0.202
2014-01-20 11:00:00,0.325
2014-01-20 11:30:00,0.223
2014-01-20 12:00:00,0.305
2014-01-20 12:30:00,0.125
2014-01-20 13:00:00,0.13
2014-01-20 13:30:00,0.114
2014-01-20 14:00:00,0.154
2014-01-20 14:30:00,0.226
2014-01-20 15:00:00,0.447
2014-01-20 15:30:00,0.26
2014-01-20 16:00:00,0.494
2014-01-20 16:30:00,0.614
2014-01-20 17:00:00,0.682
2014-01-20 17:30:00,1.219
2014-01-20 18:00:00,0.969
2014-01-20 18:30:00,0.572
2014-01-20 19:00:00,0.474
2014-01-20 19:30:00,1.103
2014-01-20 20:00:00,0.854
2014-01-20 20:30:00,1.559
2014-01-20 21:00:00,0.797
2014-01-20 21:30:00,0.716
2014-01-20 22:00:00,0.687
2014-01-20 22:30:00,0.658
2014-01-20 23:00:00,0.445
2014-01-20 23:30:00,0.283
2014-01-21 00:00:00,0.179
2014-01-21 00:30:00,0.148
2014-01-21 01:00:00,0.204
2014-01-21 01:30:00,0.209
2014-01-21 02:00:00,0.217
2014-01-21 02:30:00,0.183
2014-01-21 03:00:00,0.181
2014-01-21 03:30:00,0.181
2014-01-21 04:00:00,0.131
2014-01-21 04:30:00,0.102
2014-01-21 05:00:00,0.103
2014-01-21 05:30:00,0.101
2014-01-21 06:00:00,0.153
2014-01-21 06:30:00,0.238
2014-01-21 07:00:00,0.359
2014-01-21 07:30:00,0.57
2014-01-21 08:00:00,0.558
2014-01-21 08:30:00,0.344
2014-01-21 09:00:00,0.29
2014-01-21 09:30:00,0.691
2014-01-21 10:00:00,0.358
2014-01-21 10:30:00,0.542
2014-01-21 11:00:00,1.2079999
2014-01-21 11:30:00,0.153
2014-01-21 12:00:00,0.177
2014-01-21 12:30:00,1.353
2014-01-21 13:00:00,0.921
2014-01-21 13:30:00,0.473
2014-01-21 14:00:00,0.116
2014-01-21 14:30:00,0.129
2014-01-21 15:00:00,0.224
2014-01-21 15:30:00,0.825
2014-01-21 16:00:00,0.746
2014-01-21 16:30:00,0.236
2014-01-21 17:00:00,0.509
2014-01-21 17:30:00,1.359
2014-01-21 18:00:00,1.391
2014-01-21 18:30:00,1.201
2014-01-21 19:00:00,0.625
2014-01-21 19:30:00,0.838
2014-01-21 20:00:00,0.791
2014-01-21 20:30:00,0.855
2014-01-21 21:00:00,0.61
2014-01-21 21:30:00,1.217
2014-01-21 22:00:00,0.613
2014-01-21 22:30:00,1.205
2014-01-21 23:00:00,0.208
2014-01-21 23:30:00,0.215
2014-01-22 00:00:00,0.228
2014-01-22 00:30:00,0.181
2014-01-22 01:00:00,0.171
2014-01-22 01:30:00,0.168
2014-01-22 02:00:00,0.146
2014-01-22 02:30:00,0.146
2014-01-22 03:00:00,0.144
2014-01-22 03:30:00,0.104
2014-01-22 04:00:00,0.101
2014-01-22 04:30:00,0.101
2014-01-22 05:00:00,0.135
2014-01-22 05:30:00,0.14
2014-01-22 06:00:00,0.157
2014-01-22 06:30:00,0.155
2014-01-22 07:00:00,0.186
2014-01-22 07:30:00,0.483
2014-01-22 08:00:00,0.579
2014-01-22 08:30:00,0.376
2014-01-22 09:00:00,0.154
2014-01-22 09:30:00,0.134
2014-01-22 10:00:00,0.139
2014-01-22 10:30:00,0.153
2014-01-22 11:00:00,0.135
2014-01-22 11:30:00,0.115
2014-01-22 12:00:00,0.118
2014-01-22 12:30:00,0.153
2014-01-22 13:00:00,0.211
2014-01-22 13:30:00,0.351
2014-01-22 14:00:00,0.253
2014-01-22 14:30:00,0.154
2014-01-22 15:00:00,0.181
2014-01-22 15:30:00,0.259
2014-01-22 16:00:00,0.397
2014-01-22 16:30:00,0.296
2014-01-22 17:00:00,0.349
2014-01-22 17:30:00,0.514
2014-01-22 18:00:00,1.164
2014-01-22 18:30:00,0.661
2014-01-22 19:00:00,0.685
2014-01-22 19:30:00,1.079
2014-01-22 20:00:00,1.115
2014-01-22 20:30:00,0.7
2014-01-22 21:00:00,0.633
2014-01-22 21:30:00,0.772
2014-01-22 22:00:00,0.57
2014-01-22 22:30:00,0.57
2014-01-22 23:00:00,1.075
2014-01-22 23:30:00,0.332
2014-01-23 00:00:00,1.102
2014-01-23 00:30:00,0.213
2014-01-23 01:00:00,0.128
2014-01-23 01:30:00,0.111
2014-01-23 02:00:00,0.11
2014-01-23 02:30:00,0.14
2014-01-23 03:00:00,0.15
2014-01-23 03:30:00,0.134
2014-01-23 04:00:00,0.108
2014-01-23 04:30:00,0.106
2014-01-23 05:00:00,0.139
2014-01-23 05:30:00,0.206
2014-01-23 06:00:00,0.242
2014-01-23 06:30:00,0.259
2014-01-23 07:00:00,0.239
2014-01-23 07:30:00,0.5
2014-01-23 08:00:00,0.641
2014-01-23 08:30:00,0.166
2014-01-23 09:00:00,0.137
2014-01-23 09:30:00,0.129
2014-01-23 10:00:00,0.138
2014-01-23 10:30:00,0.149
2014-01-23 11:00:00,0.19
2014-01-23 11:30:00,0.169
2014-01-23 12:00:00,0.166
2014-01-23 12:30:00,0.134
2014-01-23 13:00:00,0.518
2014-01-23 13:30:00,0.192
2014-01-23 14:00:00,1.0
2014-01-23 14:30:00,0.696
2014-01-23 15:00:00,0.148
2014-01-23 15:30:00,0.453
2014-01-23 16:00:00,0.321
2014-01-23 16:30:00,0.426
2014-01-23 17:00:00,0.47
2014-01-23 17:30:00,0.625
2014-01-23 18:00:00,0.789
2014-01-23 18:30:00,0.573
2014-01-23 19:00:00,0.755
2014-01-23 19:30:00,0.778
2014-01-23 20:00:00,0.997
2014-01-23 20:30:00,1.002
2014-01-23 21:00:00,1.033
2014-01-23 21:30:00,1.092
2014-01-23 22:00:00,0.789
2014-01-23 22:30:00,0.959
2014-01-23 23:00:00,0.677
2014-01-23 23:30:00,0.892
2014-01-24 00:00:00,0.281
2014-01-24 00:30:00,0.141
2014-01-24 01:00:00,0.138
2014-01-24 01:30:00,0.178
2014-01-24 02:00:00,0.18
2014-01-24 02:30:00,0.15
2014-01-24 03:00:00,0.142
2014-01-24 03:30:00,0.199
2014-01-24 04:00:00,0.221
2014-01-24 04:30:00,0.242
2014-01-24 05:00:00,0.178
2014-01-24 05:30:00,0.192
2014-01-24 06:00:00,0.191
2014-01-24 06:30:00,0.22
2014-01-24 07:00:00,0.305
2014-01-24 07:30:00,0.503
2014-01-24 08:00:00,0.568
2014-01-24 08:30:00,0.338
2014-01-24 09:00:00,0.229
2014-01-24 09:30:00,0.382
2014-01-24 10:00:00,0.214
2014-01-24 10:30:00,0.243
2014-01-24 11:00:00,0.274
2014-01-24 11:30:00,0.248
2014-01-24 12:00:00,0.324
2014-01-24 12:30:00,0.35
2014-01-24 13:00:00,0.207
2014-01-24 13:30:00,0.229
2014-01-24 14:00:00,0.131
2014-01-24 14:30:00,0.149
2014-01-24 15:00:00,0.218
2014-01-24 15:30:00,0.622
2014-01-24 16:00:00,0.748
2014-01-24 16:30:00,0.505
2014-01-24 17:00:00,0.628
2014-01-24 17:30:00,0.793
2014-01-24 18:00:00,0.856
2014-01-24 18:30:00,0.831
2014-01-24 19:00:00,0.924
2014-01-24 19:30:00,1.5930001
2014-01-24 20:00:00,1.077
2014-01-24 20:30:00,1.554
2014-01-24 21:00:00,1.082
2014-01-24 21:30:00,0.838
2014-01-24 22:00:00,0.874
2014-01-24 22:30:00,0.891
2014-01-24 23:00:00,0.66
2014-01-24 23:30:00,0.287
2014-01-25 00:00:00,0.163
2014-01-25 00:30:00,0.24
2014-01-25 01:00:00,0.175
2014-01-25 01:30:00,0.131
2014-01-25 02:00:00,0.108
2014-01-25 02:30:00,0.108
2014-01-25 03:00:00,0.128
2014-01-25 03:30:00,0.16
2014-01-25 04:00:00,0.191
2014-01-25 04:30:00,0.163
2014-01-25 05:00:00,0.151
2014-01-25 05:30:00,0.113
2014-01-25 06:00:00,0.189
2014-01-25 06:30:00,0.186
2014-01-25 07:00:00,0.133
2014-01-25 07:30:00,0.246
2014-01-25 08:00:00,0.234
2014-01-25 08:30:00,0.25
2014-01-25 09:00:00,0.252
2014-01-25 09:30:00,0.392
2014-01-25 10:00:00,0.356
2014-01-25 10:30:00,0.29
2014-01-25 11:00:00,0.344
2014-01-25 11:30:00,0.233
2014-01-25 12:00:00,0.109
2014-01-25 12:30:00,0.106
2014-01-25 13:00:00,0.115
2014-01-25 13:30:00,0.212
2014-01-25 14:00:00,0.228
2014-01-25 14:30:00,0.389
2014-01-25 15:00:00,0.263
2014-01-25 15:30:00,0.287
2014-01-25 16:00:00,0.623
2014-01-25 16:30:00,0.33
2014-01-25 17:00:00,0.415
2014-01-25 17:30:00,0.376
2014-01-25 18:00:00,0.371
2014-01-25 18:30:00,0.345
2014-01-25 19:00:00,0.329
2014-01-25 19:30:00,0.323
2014-01-25 20:00:00,0.533
2014-01-25 20:30:00,0.759
2014-01-25 21:00:00,0.758
2014-01-25 21:30:00,0.877
2014-01-25 22:00:00,0.827
2014-01-25 22:30:00,1.313
2014-01-25 23:00:00,0.486
2014-01-25 23:30:00,1.266
2014-01-26 00:00:00,0.372
2014-01-26 00:30:00,0.388
2014-01-26 01:00:00,0.198
2014-01-26 01:30:00,0.11
2014-01-26 02:00:00,0.112
2014-01-26 02:30:00,0.151
2014-01-26 03:00:00,0.146
2014-01-26 03:30:00,0.129
2014-01-26 04:00:00,0.105
2014-01-26 04:30:00,0.104
2014-01-26 05:00:00,0.106
2014-01-26 05:30:00,0.133
2014-01-26 06:00:00,0.23
2014-01-26 06:30:00,0.257
2014-01-26 07:00:00,0.221
2014-01-26 07:30:00,0.182
2014-01-26 08:00:00,0.266
2014-01-26 08:30:00,0.264
2014-01-26 09:00:00,0.375
2014-01-26 09:30:00,0.766
2014-01-26 10:00:00,0.659
2014-01-26 10:30:00,0.17
2014-01-26 11:00:00,0.514
2014-01-26 11:30:00,0.192
2014-01-26 12:00:00,0.26
2014-01-26 12:30:00,0.235
2014-01-26 13:00:00,0.868
2014-01-26 13:30:00,1.092
2014-01-26 14:00:00,1.181
2014-01-26 14:30:00,1.6900001
2014-01-26 15:00:00,0.639
2014-01-26 15:30:00,0.765
2014-01-26 16:00:00,0.515
2014-01-26 16:30:00,0.611
2014-01-26 17:00:00,0.946
2014-01-26 17:30:00,1.118
2014-01-26 18:00:00,1.318
2014-01-26 18:30:00,2.4189999
2014-01-26 19:00:00,1.306
2014-01-26 19:30:00,0.477
2014-01-26 20:00:00,1.354
2014-01-26 20:30:00,1.109
2014-01-26 21:00:00,1.372
2014-01-26 21:30:00,0.692
2014-01-26 22:00:00,0.699
2014-01-26 22:30:00,0.741
2014-01-26 23:00:00,0.448
2014-01-26 23:30:00,0.229
2014-01-27 00:00:00,0.153
2014-01-27 00:30:00,0.149
2014-01-27 01:00:00,0.184
2014-01-27 01:30:00,0.185
2014-01-27 02:00:00,0.231
2014-01-27 02:30:00,0.23
2014-01-27 03:00:00,0.212
2014-01-27 03:30:00,0.172
2014-01-27 04:00:00,0.143
2014-01-27 04:30:00,0.145
2014-01-27 05:00:00,0.144
2014-01-27 05:30:00,0.138
2014-01-27 06:00:00,0.152
2014-01-27 06:30:00,0.16
2014-01-27 07:00:00,0.23
2014-01-27 07:30:00,0.523
2014-01-27 08:00:00,0.522
2014-01-27 08:30:00,0.519
2014-01-27 09:00:00,0.447
2014-01-27 09:30:00,0.24
2014-01-27 10:00:00,0.296
2014-01-27 10:30:00,0.202
2014-01-27 11:00:00,0.325
2014-01-27 11:30:00,0.223
2014-01-27 12:00:00,0.305
2014-01-27 12:30:00,0.125
2014-01-27 13:00:00,0.13
2014-01-27 13:30:00,0.114
2014-01-27 14:00:00,0.154
2014-01-27 14:30:00,0.226
2014-01-27 15:00:00,0.447
2014-01-27 15:30:00,0.26
2014-01-27 16:00:00,0.494
2014-01-27 16:30:00,0.614
2014-01-27 17:00:00,0.682
2014-01-27 17:30:00,1.219
2014-01-27 18:00:00,0.969
2014-01-27 18:30:00,0.572
2014-01-27 19:00:00,0.474
2014-01-27 19:30:00,1.103
2014-01-27 20:00:00,0.854
2014-01-27 20:30:00,1.559
2014-01-27 21:00:00,0.797
2014-01-27 21:30:00,0.716
2014-01-27 22:00:00,0.687
2014-01-27 22:30:00,0.658
2014-01-27 23:00:00,0.445
2014-01-27 23:30:00,0.283
2014-01-28 00:00:00,0.179
2014-01-28 00:30:00,0.132
2014-01-28 01:00:00,0.13
2014-01-28 01:30:00,0.235
2014-01-28 02:00:00,0.225
2014-01-28 02:30:00,0.196
2014-01-28 03:00:00,0.13
2014-01-28 03:30:00,0.127
2014-01-28 04:00:00,0.154
2014-01-28 04:30:00,0.163
2014-01-28 05:00:00,0.143
2014-01-28 05:30:00,0.125
2014-01-28 06:00:00,0.172
2014-01-28 06:30:00,0.228
2014-01-28 07:00:00,0.454
2014-01-28 07:30:00,0.472
2014-01-28 08:00:00,0.56
2014-01-28 08:30:00,0.211
2014-01-28 09:00:00,0.126
2014-01-28 09:30:00,0.15
2014-01-28 10:00:00,0.146
2014-01-28 10:30:00,0.113
2014-01-28 11:00:00,0.109
2014-01-28 11:30:00,0.108
2014-01-28 12:00:00,0.139
2014-01-28 12:30:00,0.15
2014-01-28 13:00:00,0.134
2014-01-28 13:30:00,0.257
2014-01-28 14:00:00,0.313
2014-01-28 14:30:00,0.292
2014-01-28 15:00:00,0.554
2014-01-28 15:30:00,0.241
2014-01-28 16:00:00,0.243
2014-01-28 16:30:00,0.184
2014-01-28 17:00:00,0.5
2014-01-28 17:30:00,1.275
2014-01-28 18:00:00,1.187
2014-01-28 18:30:00,1.257
2014-01-28 19:00:00,0.767
2014-01-28 19:30:00,0.571
2014-01-28 20:00:00,0.652
2014-01-28 20:30:00,0.689
2014-01-28 21:00:00,0.795
2014-01-28 21:30:00,0.616
2014-01-28 22:00:00,0.547
2014-01-28 22:30:00,0.532
2014-01-28 23:00:00,0.974
2014-01-28 23:30:00,0.257
2014-01-29 00:00:00,1.054
2014-01-29 00:30:00,0.181
2014-01-29 01:00:00,0.171
2014-01-29 01:30:00,0.168
2014-01-29 02:00:00,0.146
2014-01-29 02:30:00,0.146
2014-01-29 03:00:00,0.144
2014-01-29 03:30:00,0.104
2014-01-29 04:00:00,0.101
2014-01-29 04:30:00,0.101
2014-01-29 05:00:00,0.135
2014-01-29 05:30:00,0.14
2014-01-29 06:00:00,0.157
2014-01-29 06:30:00,0.155
2014-01-29 07:00:00,0.186
2014-01-29 07:30:00,0.483
2014-01-29 08:00:00,0.579
2014-01-29 08:30:00,0.376
2014-01-29 09:00:00,0.154
2014-01-29 09:30:00,0.134
2014-01-29 10:00:00,0.139
2014-01-29 10:30:00,0.153
2014-01-29 11:00:00,0.135
2014-01-29 11:30:00,0.115
2014-01-29 12:00:00,0.118
2014-01-29 12:30:00,0.153
2014-01-29 13:00:00,0.211
2014-01-29 13:30:00,0.351
2014-01-29 14:00:00,0.253
2014-01-29 14:30:00,0.154
2014-01-29 15:00:00,0.181
2014-01-29 15:30:00,0.259
2014-01-29 16:00:00,0.397
2014-01-29 16:30:00,0.296
2014-01-29 17:00:00,0.349
2014-01-29 17:30:00,0.514
2014-01-29 18:00:00,1.164
2014-01-29 18:30:00,0.661
2014-01-29 19:00:00,0.685
2014-01-29 19:30:00,1.079
2014-01-29 20:00:00,1.115
2014-01-29 20:30:00,0.7
2014-01-29 21:00:00,0.633
2014-01-29 21:30:00,0.772
2014-01-29 22:00:00,0.57
2014-01-29 22:30:00,0.57
2014-01-29 23:00:00,1.075
2014-01-29 23:30:00,0.332
2014-01-30 00:00:00,1.102
2014-01-30 00:30:00,0.141
2014-01-30 01:00:00,0.136
2014-01-30 01:30:00,0.137
2014-01-30 02:00:00,0.174
2014-01-30 02:30:00,0.175
2014-01-30 03:00:00,0.147
2014-01-30 03:30:00,0.198
2014-01-30 04:00:00,0.207
2014-01-30 04:30:00,0.218
2014-01-30 05:00:00,0.195
2014-01-30 05:30:00,0.152
2014-01-30 06:00:00,0.18
2014-01-30 06:30:00,0.186
2014-01-30 07:00:00,0.19
2014-01-30 07:30:00,0.433
2014-01-30 08:00:00,0.548
2014-01-30 08:30:00,0.278
2014-01-30 09:00:00,0.185
2014-01-30 09:30:00,0.132
2014-01-30 10:00:00,0.167
2014-01-30 10:30:00,0.221
2014-01-30 11:00:00,0.316
2014-01-30 11:30:00,0.174
2014-01-30 12:00:00,0.152
2014-01-30 12:30:00,0.134
2014-01-30 13:00:00,0.416
2014-01-30 13:30:00,0.271
2014-01-30 14:00:00,0.189
2014-01-30 14:30:00,0.122
2014-01-30 15:00:00,0.133
2014-01-30 15:30:00,0.208
2014-01-30 16:00:00,0.278
2014-01-30 16:30:00,0.305
2014-01-30 17:00:00,0.55
2014-01-30 17:30:00,0.447
2014-01-30 18:00:00,1.22
2014-01-30 18:30:00,1.423
2014-01-30 19:00:00,1.0190001
2014-01-30 19:30:00,0.639
2014-01-30 20:00:00,0.789
2014-01-30 20:30:00,0.728
2014-01-30 21:00:00,0.685
2014-01-30 21:30:00,0.626
2014-01-30 22:00:00,0.598
2014-01-30 22:30:00,1.258
2014-01-30 23:00:00,0.55
2014-01-30 23:30:00,0.934
2014-01-31 00:00:00,0.183
2014-01-31 00:30:00,0.157
2014-01-31 01:00:00,0.139
2014-01-31 01:30:00,0.108
2014-01-31 02:00:00,0.107
2014-01-31 02:30:00,0.107
2014-01-31 03:00:00,0.14
2014-01-31 03:30:00,0.143
2014-01-31 04:00:00,0.111
2014-01-31 04:30:00,0.106
2014-01-31 05:00:00,0.106
2014-01-31 05:30:00,0.118
2014-01-31 06:00:00,0.252
2014-01-31 06:30:00,0.329
2014-01-31 07:00:00,0.516
2014-01-31 07:30:00,0.489
2014-01-31 08:00:00,0.795
2014-01-31 08:30:00,0.291
2014-01-31 09:00:00,0.622
2014-01-31 09:30:00,0.718
2014-01-31 10:00:00,0.302
2014-01-31 10:30:00,0.118
2014-01-31 11:00:00,0.15
2014-01-31 11:30:00,0.14
2014-01-31 12:00:00,0.107
2014-01-31 12:30:00,0.324
2014-01-31 13:00:00,0.39
2014-01-31 13:30:00,0.21
2014-01-31 14:00:00,0.194
2014-01-31 14:30:00,0.11
2014-01-31 15:00:00,0.138
2014-01-31 15:30:00,0.539
2014-01-31 16:00:00,0.67
2014-01-31 16:30:00,0.49
2014-01-31 17:00:00,1.2359999
2014-01-31 17:30:00,1.036
2014-01-31 18:00:00,1.066
2014-01-31 18:30:00,0.569
2014-01-31 19:00:00,0.501
2014-01-31 19:30:00,0.446
2014-01-31 20:00:00,0.454
2014-01-31 20:30:00,0.488
2014-01-31 21:00:00,0.547
2014-01-31 21:30:00,0.928
2014-01-31 22:00:00,0.682
2014-01-31 22:30:00,1.321
2014-01-31 23:00:00,0.691
2014-01-31 23:30:00,0.457
2014-02-01 00:00:00,0.374
2014-02-01 00:30:00,0.242
2014-02-01 01:00:00,0.196
2014-02-01 01:30:00,0.231
2014-02-01 02:00:00,0.242
2014-02-01 02:30:00,0.23
2014-02-01 03:00:00,0.144
2014-02-01 03:30:00,0.144
2014-02-01 04:00:00,0.148
2014-02-01 04:30:00,0.182
2014-02-01 05:00:00,0.182
2014-02-01 05:30:00,0.155
2014-02-01 06:00:00,0.191
2014-02-01 06:30:00,0.2
2014-02-01 07:00:00,0.205
2014-02-01 07:30:00,0.328
2014-02-01 08:00:00,0.308
2014-02-01 08:30:00,0.284
2014-02-01 09:00:00,0.264
2014-02-01 09:30:00,0.263
2014-02-01 10:00:00,0.403
2014-02-01 10:30:00,0.295
2014-02-01 11:00:00,0.141
2014-02-01 11:30:00,0.22
2014-02-01 12:00:00,0.365
2014-02-01 12:30:00,0.443
2014-02-01 13:00:00,0.684
2014-02-01 13:30:00,0.299
2014-02-01 14:00:00,0.168
2014-02-01 14:30:00,0.319
2014-02-01 15:00:00,0.209
2014-02-01 15:30:00,0.282
2014-02-01 16:00:00,0.249
2014-02-01 16:30:00,0.358
2014-02-01 17:00:00,1.2130001
2014-02-01 17:30:00,0.699
2014-02-01 18:00:00,1.1339999
2014-02-01 18:30:00,0.463
2014-02-01 19:00:00,0.47
2014-02-01 19:30:00,0.979
2014-02-01 20:00:00,0.583
2014-02-01 20:30:00,0.445
2014-02-01 21:00:00,0.424
2014-02-01 21:30:00,0.442
2014-02-01 22:00:00,0.542
2014-02-01 22:30:00,0.433
2014-02-01 23:00:00,0.457
2014-02-01 23:30:00,0.468
2014-02-02 00:00:00,1.15
2014-02-02 00:30:00,0.581
2014-02-02 01:00:00,0.842
2014-02-02 01:30:00,0.227
2014-02-02 02:00:00,0.204
2014-02-02 02:30:00,0.156
2014-02-02 03:00:00,0.105
2014-02-02 03:30:00,0.102
2014-02-02 04:00:00,0.129
2014-02-02 04:30:00,0.139
2014-02-02 05:00:00,0.118
2014-02-02 05:30:00,0.102
2014-02-02 06:00:00,0.149
2014-02-02 06:30:00,0.174
2014-02-02 07:00:00,0.213
2014-02-02 07:30:00,0.263
2014-02-02 08:00:00,0.345
2014-02-02 08:30:00,0.224
2014-02-02 09:00:00,0.193
2014-02-02 09:30:00,0.234
2014-02-02 10:00:00,0.181
2014-02-02 10:30:00,0.728
2014-02-02 11:00:00,0.242
2014-02-02 11:30:00,0.198
2014-02-02 12:00:00,0.135
2014-02-02 12:30:00,0.313
2014-02-02 13:00:00,0.275
2014-02-02 13:30:00,0.204
2014-02-02 14:00:00,0.188
2014-02-02 14:30:00,0.186
2014-02-02 15:00:00,0.588
2014-02-02 15:30:00,0.501
2014-02-02 16:00:00,0.504
2014-02-02 16:30:00,0.85
2014-02-02 17:00:00,1.6619999
2014-02-02 17:30:00,1.546
2014-02-02 18:00:00,1.396
2014-02-02 18:30:00,0.704
2014-02-02 19:00:00,0.56
2014-02-02 19:30:00,0.655
2014-02-02 20:00:00,0.641
2014-02-02 20:30:00,0.72
2014-02-02 21:00:00,0.719
2014-02-02 21:30:00,0.683
2014-02-02 22:00:00,0.882
2014-02-02 22:30:00,0.616
2014-02-02 23:00:00,1.021
2014-02-02 23:30:00,0.292
2014-02-03 00:00:00,0.133
2014-02-03 00:30:00,0.149
2014-02-03 01:00:00,0.184
2014-02-03 01:30:00,0.185
2014-02-03 02:00:00,0.231
2014-02-03 02:30:00,0.23
2014-02-03 03:00:00,0.212
2014-02-03 03:30:00,0.172
2014-02-03 04:00:00,0.143
2014-02-03 04:30:00,0.145
2014-02-03 05:00:00,0.144
2014-02-03 05:30:00,0.138
2014-02-03 06:00:00,0.152
2014-02-03 06:30:00,0.16
2014-02-03 07:00:00,0.23
2014-02-03 07:30:00,0.523
2014-02-03 08:00:00,0.522
2014-02-03 08:30:00,0.519
2014-02-03 09:00:00,0.447
2014-02-03 09:30:00,0.24
2014-02-03 10:00:00,0.296
2014-02-03 10:30:00,0.202
2014-02-03 11:00:00,0.325
2014-02-03 11:30:00,0.223
2014-02-03 12:00:00,0.305
2014-02-03 12:30:00,0.125
2014-02-03 13:00:00,0.13
2014-02-03 13:30:00,0.114
2014-02-03 14:00:00,0.154
2014-02-03 14:30:00,0.226
2014-02-03 15:00:00,0.447
2014-02-03 15:30:00,0.26
2014-02-03 16:00:00,0.494
2014-02-03 16:30:00,0.614
2014-02-03 17:00:00,0.682
2014-02-03 17:30:00,1.219
2014-02-03 18:00:00,0.969
2014-02-03 18:30:00,0.572
2014-02-03 19:00:00,0.474
2014-02-03 19:30:00,1.103
2014-02-03 20:00:00,0.854
2014-02-03 20:30:00,1.559
2014-02-03 21:00:00,0.797
2014-02-03 21:30:00,0.716
2014-02-03 22:00:00,0.687
2014-02-03 22:30:00,0.658
2014-02-03 23:00:00,0.445
2014-02-03 23:30:00,0.283
2014-02-04 00:00:00,0.179
2014-02-04 00:30:00,0.122
2014-02-04 01:00:00,0.104
2014-02-04 01:30:00,0.117
2014-02-04 02:00:00,0.195
2014-02-04 02:30:00,0.203
2014-02-04 03:00:00,0.164
2014-02-04 03:30:00,0.101
2014-02-04 04:00:00,0.102
2014-02-04 04:30:00,0.112
2014-02-04 05:00:00,0.142
2014-02-04 05:30:00,0.129
2014-02-04 06:00:00,0.147
2014-02-04 06:30:00,0.154
2014-02-04 07:00:00,0.233
2014-02-04 07:30:00,0.533
2014-02-04 08:00:00,0.551
2014-02-04 08:30:00,0.246
2014-02-04 09:00:00,0.239
2014-02-04 09:30:00,0.484
2014-02-04 10:00:00,0.203
2014-02-04 10:30:00,0.53
2014-02-04 11:00:00,0.165
2014-02-04 11:30:00,0.107
2014-02-04 12:00:00,0.108
2014-02-04 12:30:00,0.127
2014-02-04 13:00:00,0.742
2014-02-04 13:30:00,0.552
2014-02-04 14:00:00,0.255
2014-02-04 14:30:00,0.178
2014-02-04 15:00:00,0.142
2014-02-04 15:30:00,0.181
2014-02-04 16:00:00,0.285
2014-02-04 16:30:00,0.346
2014-02-04 17:00:00,0.399
2014-02-04 17:30:00,1.119
2014-02-04 18:00:00,1.023
2014-02-04 18:30:00,0.533
2014-02-04 19:00:00,0.583
2014-02-04 19:30:00,0.625
2014-02-04 20:00:00,0.805
2014-02-04 20:30:00,0.761
2014-02-04 21:00:00,0.882
2014-02-04 21:30:00,0.642
2014-02-04 22:00:00,0.651
2014-02-04 22:30:00,0.513
2014-02-04 23:00:00,0.846
2014-02-04 23:30:00,0.293
2014-02-05 00:00:00,1.005
2014-02-05 00:30:00,0.21
2014-02-05 01:00:00,0.202
2014-02-05 01:30:00,0.167
2014-02-05 02:00:00,0.111
2014-02-05 02:30:00,0.107
2014-02-05 03:00:00,0.145
2014-02-05 03:30:00,0.14
2014-02-05 04:00:00,0.123
2014-02-05 04:30:00,0.101
2014-02-05 05:00:00,0.106
2014-02-05 05:30:00,0.106
2014-02-05 06:00:00,0.232
2014-02-05 06:30:00,0.255
2014-02-05 07:00:00,0.338
2014-02-05 07:30:00,0.459
2014-02-05 08:00:00,0.358
2014-02-05 08:30:00,0.203
2014-02-05 09:00:00,0.188
2014-02-05 09:30:00,0.108
2014-02-05 10:00:00,0.098
2014-02-05 10:30:00,0.097
2014-02-05 11:00:00,0.131
2014-02-05 11:30:00,0.151
2014-02-05 12:00:00,0.201
2014-02-05 12:30:00,0.176
2014-02-05 13:00:00,0.242
2014-02-05 13:30:00,0.256
2014-02-05 14:00:00,0.234
2014-02-05 14:30:00,0.188
2014-02-05 15:00:00,0.219
2014-02-05 15:30:00,0.275
2014-02-05 16:00:00,0.203
2014-02-05 16:30:00,0.218
2014-02-05 17:00:00,0.465
2014-02-05 17:30:00,0.492
2014-02-05 18:00:00,0.56
2014-02-05 18:30:00,0.472
2014-02-05 19:00:00,0.622
2014-02-05 19:30:00,0.732
2014-02-05 20:00:00,0.671
2014-02-05 20:30:00,0.652
2014-02-05 21:00:00,0.753
2014-02-05 21:30:00,0.662
2014-02-05 22:00:00,0.712
2014-02-05 22:30:00,0.636
2014-02-05 23:00:00,1.072
2014-02-05 23:30:00,0.501
2014-02-06 00:00:00,0.881
2014-02-06 00:30:00,0.141
2014-02-06 01:00:00,0.136
2014-02-06 01:30:00,0.137
2014-02-06 02:00:00,0.174
2014-02-06 02:30:00,0.175
2014-02-06 03:00:00,0.147
2014-02-06 03:30:00,0.198
2014-02-06 04:00:00,0.207
2014-02-06 04:30:00,0.218
2014-02-06 05:00:00,0.195
2014-02-06 05:30:00,0.152
2014-02-06 06:00:00,0.18
2014-02-06 06:30:00,0.186
2014-02-06 07:00:00,0.19
2014-02-06 07:30:00,0.433
2014-02-06 08:00:00,0.548
2014-02-06 08:30:00,0.278
2014-02-06 09:00:00,0.185
2014-02-06 09:30:00,0.132
2014-02-06 10:00:00,0.167
2014-02-06 10:30:00,0.221
2014-02-06 11:00:00,0.316
2014-02-06 11:30:00,0.174
2014-02-06 12:00:00,0.152
2014-02-06 12:30:00,0.134
2014-02-06 13:00:00,0.416
2014-02-06 13:30:00,0.271
2014-02-06 14:00:00,0.189
2014-02-06 14:30:00,0.122
2014-02-06 15:00:00,0.133
2014-02-06 15:30:00,0.208
2014-02-06 16:00:00,0.278
2014-02-06 16:30:00,0.305
2014-02-06 17:00:00,0.55
2014-02-06 17:30:00,0.447
2014-02-06 18:00:00,1.22
2014-02-06 18:30:00,1.423
2014-02-06 19:00:00,1.0190001
2014-02-06 19:30:00,0.639
2014-02-06 20:00:00,0.789
2014-02-06 20:30:00,0.728
2014-02-06 21:00:00,0.685
2014-02-06 21:30:00,0.626
2014-02-06 22:00:00,0.598
2014-02-06 22:30:00,1.258
2014-02-06 23:00:00,0.55
2014-02-06 23:30:00,0.934
2014-02-07 00:00:00,0.183
2014-02-07 00:30:00,0.207
2014-02-07 01:00:00,0.173
2014-02-07 01:30:00,0.15
2014-02-07 02:00:00,0.151
2014-02-07 02:30:00,0.192
2014-02-07 03:00:00,0.19
2014-02-07 03:30:00,0.187
2014-02-07 04:00:00,0.183
2014-02-07 04:30:00,0.15
2014-02-07 05:00:00,0.161
2014-02-07 05:30:00,0.208
2014-02-07 06:00:00,0.252
2014-02-07 06:30:00,0.272
2014-02-07 07:00:00,0.25
2014-02-07 07:30:00,0.482
2014-02-07 08:00:00,0.357
2014-02-07 08:30:00,0.342
2014-02-07 09:00:00,0.161
2014-02-07 09:30:00,0.122
2014-02-07 10:00:00,0.218
2014-02-07 10:30:00,0.153
2014-02-07 11:00:00,0.422
2014-02-07 11:30:00,0.299
2014-02-07 12:00:00,0.236
2014-02-07 12:30:00,0.203
2014-02-07 13:00:00,0.162
2014-02-07 13:30:00,0.179
2014-02-07 14:00:00,0.18
2014-02-07 14:30:00,0.173
2014-02-07 15:00:00,0.166
2014-02-07 15:30:00,0.213
2014-02-07 16:00:00,0.299
2014-02-07 16:30:00,0.409
2014-02-07 17:00:00,0.403
2014-02-07 17:30:00,0.593
2014-02-07 18:00:00,2.4330001
2014-02-07 18:30:00,1.249
2014-02-07 19:00:00,0.537
2014-02-07 19:30:00,0.437
2014-02-07 20:00:00,0.487
2014-02-07 20:30:00,0.441
2014-02-07 21:00:00,0.448
2014-02-07 21:30:00,0.432
2014-02-07 22:00:00,0.429
2014-02-07 22:30:00,0.586
2014-02-07 23:00:00,0.426
2014-02-07 23:30:00,1.216
2014-02-08 00:00:00,0.595
2014-02-08 00:30:00,1.211
2014-02-08 01:00:00,0.181
2014-02-08 01:30:00,0.105
2014-02-08 02:00:00,0.101
2014-02-08 02:30:00,0.101
2014-02-08 03:00:00,0.142
2014-02-08 03:30:00,0.139
2014-02-08 04:00:00,0.137
2014-02-08 04:30:00,0.112
2014-02-08 05:00:00,0.102
2014-02-08 05:30:00,0.133
2014-02-08 06:00:00,0.207
2014-02-08 06:30:00,0.251
2014-02-08 07:00:00,0.227
2014-02-08 07:30:00,0.211
2014-02-08 08:00:00,0.19
2014-02-08 08:30:00,0.159
2014-02-08 09:00:00,0.414
2014-02-08 09:30:00,0.453
2014-02-08 10:00:00,0.412
2014-02-08 10:30:00,0.933
2014-02-08 11:00:00,0.636
2014-02-08 11:30:00,0.166
2014-02-08 12:00:00,0.18
2014-02-08 12:30:00,0.199
2014-02-08 13:00:00,0.41
2014-02-08 13:30:00,0.383
2014-02-08 14:00:00,0.553
2014-02-08 14:30:00,0.358
2014-02-08 15:00:00,0.372
2014-02-08 15:30:00,0.338
2014-02-08 16:00:00,0.215
2014-02-08 16:30:00,0.235
2014-02-08 17:00:00,0.396
2014-02-08 17:30:00,0.401
2014-02-08 18:00:00,0.426
2014-02-08 18:30:00,0.464
2014-02-08 19:00:00,0.455
2014-02-08 19:30:00,0.429
2014-02-08 20:00:00,0.451
2014-02-08 20:30:00,0.478
2014-02-08 21:00:00,0.425
2014-02-08 21:30:00,0.567
2014-02-08 22:00:00,0.387
2014-02-08 22:30:00,1.015
2014-02-08 23:00:00,0.448
2014-02-08 23:30:00,1.258
2014-02-09 00:00:00,0.365
2014-02-09 00:30:00,0.344
2014-02-09 01:00:00,0.179
2014-02-09 01:30:00,0.166
2014-02-09 02:00:00,0.142
2014-02-09 02:30:00,0.117
2014-02-09 03:00:00,0.141
2014-02-09 03:30:00,0.14
2014-02-09 04:00:00,0.129
2014-02-09 04:30:00,0.101
2014-02-09 05:00:00,0.102
2014-02-09 05:30:00,0.103
2014-02-09 06:00:00,0.169
2014-02-09 06:30:00,0.201
2014-02-09 07:00:00,0.238
2014-02-09 07:30:00,0.211
2014-02-09 08:00:00,0.251
2014-02-09 08:30:00,0.306
2014-02-09 09:00:00,0.146
2014-02-09 09:30:00,0.198
2014-02-09 10:00:00,0.396
2014-02-09 10:30:00,1.6720001
2014-02-09 11:00:00,0.211
2014-02-09 11:30:00,0.3
2014-02-09 12:00:00,0.193
2014-02-09 12:30:00,0.133
2014-02-09 13:00:00,0.271
2014-02-09 13:30:00,0.326
2014-02-09 14:00:00,0.283
2014-02-09 14:30:00,0.258
2014-02-09 15:00:00,0.175
2014-02-09 15:30:00,0.208
2014-02-09 16:00:00,0.348
2014-02-09 16:30:00,0.503
2014-02-09 17:00:00,0.413
2014-02-09 17:30:00,1.696
2014-02-09 18:00:00,1.798
2014-02-09 18:30:00,2.6099999
2014-02-09 19:00:00,1.137
2014-02-09 19:30:00,0.622
2014-02-09 20:00:00,0.629
2014-02-09 20:30:00,0.835
2014-02-09 21:00:00,0.789
2014-02-09 21:30:00,0.705
2014-02-09 22:00:00,0.624
2014-02-09 22:30:00,0.653
2014-02-09 23:00:00,0.595
2014-02-09 23:30:00,0.879
2014-02-10 00:00:00,0.274
2014-02-10 00:30:00,0.997
2014-02-10 01:00:00,0.165
2014-02-10 01:30:00,0.223
2014-02-10 02:00:00,0.216
2014-02-10 02:30:00,0.23
2014-02-10 03:00:00,0.209
2014-02-10 03:30:00,0.186
2014-02-10 04:00:00,0.174
2014-02-10 04:30:00,0.146
2014-02-10 05:00:00,0.146
2014-02-10 05:30:00,0.146
2014-02-10 06:00:00,0.221
2014-02-10 06:30:00,0.215
2014-02-10 07:00:00,0.323
2014-02-10 07:30:00,0.8
2014-02-10 08:00:00,0.381
2014-02-10 08:30:00,0.546
2014-02-10 09:00:00,0.761
2014-02-10 09:30:00,0.214
2014-02-10 10:00:00,0.325
2014-02-10 10:30:00,0.336
2014-02-10 11:00:00,0.216
2014-02-10 11:30:00,0.243
2014-02-10 12:00:00,0.147
2014-02-10 12:30:00,0.131
2014-02-10 13:00:00,0.118
2014-02-10 13:30:00,0.296
2014-02-10 14:00:00,0.398
2014-02-10 14:30:00,0.419
2014-02-10 15:00:00,0.373
2014-02-10 15:30:00,0.261
2014-02-10 16:00:00,0.136
2014-02-10 16:30:00,0.303
2014-02-10 17:00:00,0.439
2014-02-10 17:30:00,0.409
2014-02-10 18:00:00,0.549
2014-02-10 18:30:00,1.038
2014-02-10 19:00:00,0.564
2014-02-10 19:30:00,0.61
2014-02-10 20:00:00,0.807
2014-02-10 20:30:00,0.816
2014-02-10 21:00:00,0.824
2014-02-10 21:30:00,0.54
2014-02-10 22:00:00,0.702
2014-02-10 22:30:00,1.016
2014-02-10 23:00:00,0.502
2014-02-10 23:30:00,1.0089999
2014-02-11 00:00:00,0.167
2014-02-11 00:30:00,0.149
2014-02-11 01:00:00,0.176
2014-02-11 01:30:00,0.257
2014-02-11 02:00:00,0.252
2014-02-11 02:30:00,0.235
2014-02-11 03:00:00,0.157
2014-02-11 03:30:00,0.148
2014-02-11 04:00:00,0.146
2014-02-11 04:30:00,0.144
2014-02-11 05:00:00,0.175
2014-02-11 05:30:00,0.184
2014-02-11 06:00:00,0.222
2014-02-11 06:30:00,0.211
2014-02-11 07:00:00,0.194
2014-02-11 07:30:00,0.603
2014-02-11 08:00:00,0.564
2014-02-11 08:30:00,0.539
2014-02-11 09:00:00,0.383
2014-02-11 09:30:00,0.66
2014-02-11 10:00:00,0.257
2014-02-11 10:30:00,0.217
2014-02-11 11:00:00,0.223
2014-02-11 11:30:00,0.252
2014-02-11 12:00:00,0.619
2014-02-11 12:30:00,0.314
2014-02-11 13:00:00,0.292
2014-02-11 13:30:00,0.879
2014-02-11 14:00:00,0.621
2014-02-11 14:30:00,0.555
2014-02-11 15:00:00,0.493
2014-02-11 15:30:00,0.462
2014-02-11 16:00:00,0.34
2014-02-11 16:30:00,0.341
2014-02-11 17:00:00,0.545
2014-02-11 17:30:00,0.758
2014-02-11 18:00:00,0.833
2014-02-11 18:30:00,0.743
2014-02-11 19:00:00,0.562
2014-02-11 19:30:00,0.658
2014-02-11 20:00:00,0.668
2014-02-11 20:30:00,0.771
2014-02-11 21:00:00,0.762
2014-02-11 21:30:00,0.676
2014-02-11 22:00:00,0.57
2014-02-11 22:30:00,0.515
2014-02-11 23:00:00,0.918
2014-02-11 23:30:00,0.378
2014-02-12 00:00:00,1.0700001
2014-02-12 00:30:00,0.195
2014-02-12 01:00:00,0.19
2014-02-12 01:30:00,0.177
2014-02-12 02:00:00,0.146
2014-02-12 02:30:00,0.15
2014-02-12 03:00:00,0.148
2014-02-12 03:30:00,0.168
2014-02-12 04:00:00,0.245
2014-02-12 04:30:00,0.246
2014-02-12 05:00:00,0.212
2014-02-12 05:30:00,0.174
2014-02-12 06:00:00,0.19
2014-02-12 06:30:00,0.243
2014-02-12 07:00:00,0.442
2014-02-12 07:30:00,0.41
2014-02-12 08:00:00,0.327
2014-02-12 08:30:00,0.355
2014-02-12 09:00:00,0.125
2014-02-12 09:30:00,0.119
2014-02-12 10:00:00,0.117
2014-02-12 10:30:00,0.155
2014-02-12 11:00:00,0.207
2014-02-12 11:30:00,0.204
2014-02-12 12:00:00,0.189
2014-02-12 12:30:00,0.172
2014-02-12 13:00:00,0.208
2014-02-12 13:30:00,0.298
2014-02-12 14:00:00,0.222
2014-02-12 14:30:00,0.136
2014-02-12 15:00:00,0.129
2014-02-12 15:30:00,0.158
2014-02-12 16:00:00,0.332
2014-02-12 16:30:00,0.234
2014-02-12 17:00:00,0.251
2014-02-12 17:30:00,1.124
2014-02-12 18:00:00,0.886
2014-02-12 18:30:00,0.628
2014-02-12 19:00:00,0.634
2014-02-12 19:30:00,0.634
2014-02-12 20:00:00,0.706
2014-02-12 20:30:00,0.676
2014-02-12 21:00:00,1.771
2014-02-12 21:30:00,1.1059999
2014-02-12 22:00:00,0.914
2014-02-12 22:30:00,0.481
2014-02-12 23:00:00,0.367
2014-02-12 23:30:00,0.237
2014-02-13 00:00:00,0.212
2014-02-13 00:30:00,0.141
2014-02-13 01:00:00,0.136
2014-02-13 01:30:00,0.137
2014-02-13 02:00:00,0.174
2014-02-13 02:30:00,0.175
2014-02-13 03:00:00,0.147
2014-02-13 03:30:00,0.198
2014-02-13 04:00:00,0.207
2014-02-13 04:30:00,0.218
2014-02-13 05:00:00,0.195
2014-02-13 05:30:00,0.152
2014-02-13 06:00:00,0.18
2014-02-13 06:30:00,0.186
2014-02-13 07:00:00,0.19
2014-02-13 07:30:00,0.433
2014-02-13 08:00:00,0.548
2014-02-13 08:30:00,0.278
2014-02-13 09:00:00,0.185
2014-02-13 09:30:00,0.132
2014-02-13 10:00:00,0.167
2014-02-13 10:30:00,0.221
2014-02-13 11:00:00,0.316
2014-02-13 11:30:00,0.174
2014-02-13 12:00:00,0.152
2014-02-13 12:30:00,0.134
2014-02-13 13:00:00,0.416
2014-02-13 13:30:00,0.271
2014-02-13 14:00:00,0.189
2014-02-13 14:30:00,0.122
2014-02-13 15:00:00,0.133
2014-02-13 15:30:00,0.208
2014-02-13 16:00:00,0.278
2014-02-13 16:30:00,0.305
2014-02-13 17:00:00,0.55
2014-02-13 17:30:00,0.447
2014-02-13 18:00:00,1.22
2014-02-13 18:30:00,1.423
2014-02-13 19:00:00,1.0190001
2014-02-13 19:30:00,0.639
2014-02-13 20:00:00,0.789
2014-02-13 20:30:00,0.728
2014-02-13 21:00:00,0.685
2014-02-13 21:30:00,0.626
2014-02-13 22:00:00,0.598
2014-02-13 22:30:00,1.258
2014-02-13 23:00:00,0.55
2014-02-13 23:30:00,0.934
2014-02-14 00:00:00,0.183
2014-02-14 00:30:00,0.158
2014-02-14 01:00:00,0.194
2014-02-14 01:30:00,0.192
2014-02-14 02:00:00,0.178
2014-02-14 02:30:00,0.147
2014-02-14 03:00:00,0.147
2014-02-14 03:30:00,0.18
2014-02-14 04:00:00,0.249
2014-02-14 04:30:00,0.249
2014-02-14 05:00:00,0.214
2014-02-14 05:30:00,0.148
2014-02-14 06:00:00,0.19
2014-02-14 06:30:00,0.2
2014-02-14 07:00:00,0.245
2014-02-14 07:30:00,0.478
2014-02-14 08:00:00,0.458
2014-02-14 08:30:00,0.184
2014-02-14 09:00:00,0.149
2014-02-14 09:30:00,0.169
2014-02-14 10:00:00,1.178
2014-02-14 10:30:00,0.933
2014-02-14 11:00:00,0.255
2014-02-14 11:30:00,0.267
2014-02-14 12:00:00,0.21
2014-02-14 12:30:00,0.186
2014-02-14 13:00:00,0.183
2014-02-14 13:30:00,1.0880001
2014-02-14 14:00:00,0.435
2014-02-14 14:30:00,0.718
2014-02-14 15:00:00,0.588
2014-02-14 15:30:00,0.195
2014-02-14 16:00:00,0.33
2014-02-14 16:30:00,0.904
2014-02-14 17:00:00,1.353
2014-02-14 17:30:00,1.477
2014-02-14 18:00:00,1.436
2014-02-14 18:30:00,0.536
2014-02-14 19:00:00,0.44
2014-02-14 19:30:00,1.1569999
2014-02-14 20:00:00,0.948
2014-02-14 20:30:00,1.143
2014-02-14 21:00:00,0.615
2014-02-14 21:30:00,0.784
2014-02-14 22:00:00,0.675
2014-02-14 22:30:00,0.732
2014-02-14 23:00:00,0.669
2014-02-14 23:30:00,0.427
2014-02-15 00:00:00,0.37
2014-02-15 00:30:00,0.196
2014-02-15 01:00:00,0.184
2014-02-15 01:30:00,0.184
2014-02-15 02:00:00,0.166
2014-02-15 02:30:00,0.145
2014-02-15 03:00:00,0.145
2014-02-15 03:30:00,0.146
2014-02-15 04:00:00,0.186
2014-02-15 04:30:00,0.2
2014-02-15 05:00:00,0.246
2014-02-15 05:30:00,0.209
2014-02-15 06:00:00,0.249
2014-02-15 06:30:00,0.203
2014-02-15 07:00:00,0.19
2014-02-15 07:30:00,0.303
2014-02-15 08:00:00,0.202
2014-02-15 08:30:00,0.203
2014-02-15 09:00:00,0.547
2014-02-15 09:30:00,1.705
2014-02-15 10:00:00,1.6670001
2014-02-15 10:30:00,0.644
2014-02-15 11:00:00,0.476
2014-02-15 11:30:00,0.247
2014-02-15 12:00:00,0.168
2014-02-15 12:30:00,0.109
2014-02-15 13:00:00,0.12
2014-02-15 13:30:00,0.236
2014-02-15 14:00:00,0.245
2014-02-15 14:30:00,0.248
2014-02-15 15:00:00,0.348
2014-02-15 15:30:00,0.454
2014-02-15 16:00:00,0.452
2014-02-15 16:30:00,0.407
2014-02-15 17:00:00,0.574
2014-02-15 17:30:00,0.937
2014-02-15 18:00:00,1.226
2014-02-15 18:30:00,0.558
2014-02-15 19:00:00,0.404
2014-02-15 19:30:00,0.435
2014-02-15 20:00:00,0.393
2014-02-15 20:30:00,0.494
2014-02-15 21:00:00,0.558
2014-02-15 21:30:00,0.428
2014-02-15 22:00:00,0.55
2014-02-15 22:30:00,0.449
2014-02-15 23:00:00,1.149
2014-02-15 23:30:00,0.563
2014-02-16 00:00:00,1.288
2014-02-16 00:30:00,0.334
2014-02-16 01:00:00,0.193
2014-02-16 01:30:00,0.19
2014-02-16 02:00:00,0.182
2014-02-16 02:30:00,0.149
2014-02-16 03:00:00,0.151
2014-02-16 03:30:00,0.149
2014-02-16 04:00:00,0.181
2014-02-16 04:30:00,0.202
2014-02-16 05:00:00,0.246
2014-02-16 05:30:00,0.212
2014-02-16 06:00:00,0.25
2014-02-16 06:30:00,0.207
2014-02-16 07:00:00,0.202
2014-02-16 07:30:00,0.187
2014-02-16 08:00:00,0.321
2014-02-16 08:30:00,0.185
2014-02-16 09:00:00,0.139
2014-02-16 09:30:00,0.202
2014-02-16 10:00:00,1.395
2014-02-16 10:30:00,1.075
2014-02-16 11:00:00,0.511
2014-02-16 11:30:00,0.605
2014-02-16 12:00:00,0.481
2014-02-16 12:30:00,0.334
2014-02-16 13:00:00,0.338
2014-02-16 13:30:00,0.361
2014-02-16 14:00:00,0.357
2014-02-16 14:30:00,0.445
2014-02-16 15:00:00,0.326
2014-02-16 15:30:00,0.356
2014-02-16 16:00:00,0.42
2014-02-16 16:30:00,0.505
2014-02-16 17:00:00,0.43
2014-02-16 17:30:00,0.631
2014-02-16 18:00:00,1.584
2014-02-16 18:30:00,1.41
2014-02-16 19:00:00,1.165
2014-02-16 19:30:00,0.565
2014-02-16 20:00:00,0.946
2014-02-16 20:30:00,0.719
2014-02-16 21:00:00,0.706
2014-02-16 21:30:00,0.714
2014-02-16 22:00:00,1.2180001
2014-02-16 22:30:00,0.944
2014-02-16 23:00:00,1.077
2014-02-16 23:30:00,0.597
2014-02-17 00:00:00,0.29
2014-02-17 00:30:00,0.214
2014-02-17 01:00:00,0.181
2014-02-17 01:30:00,0.184
2014-02-17 02:00:00,0.191
2014-02-17 02:30:00,0.186
2014-02-17 03:00:00,0.15
2014-02-17 03:30:00,0.147
2014-02-17 04:00:00,0.148
2014-02-17 04:30:00,0.16
2014-02-17 05:00:00,0.189
2014-02-17 05:30:00,0.184
2014-02-17 06:00:00,0.194
2014-02-17 06:30:00,0.259
2014-02-17 07:00:00,0.26
2014-02-17 07:30:00,0.508
2014-02-17 08:00:00,0.733
2014-02-17 08:30:00,0.389
2014-02-17 09:00:00,0.2
2014-02-17 09:30:00,0.848
2014-02-17 10:00:00,0.559
2014-02-17 10:30:00,0.173
2014-02-17 11:00:00,0.157
2014-02-17 11:30:00,0.158
2014-02-17 12:00:00,0.135
2014-02-17 12:30:00,0.119
2014-02-17 13:00:00,0.189
2014-02-17 13:30:00,0.282
2014-02-17 14:00:00,0.311
2014-02-17 14:30:00,0.312
2014-02-17 15:00:00,0.331
2014-02-17 15:30:00,0.269
2014-02-17 16:00:00,0.118
2014-02-17 16:30:00,0.2
2014-02-17 17:00:00,0.219
2014-02-17 17:30:00,0.562
2014-02-17 18:00:00,0.608
2014-02-17 18:30:00,0.842
2014-02-17 19:00:00,0.967
2014-02-17 19:30:00,0.805
2014-02-17 20:00:00,0.745
2014-02-17 20:30:00,0.744
2014-02-17 21:00:00,0.726
2014-02-17 21:30:00,0.854
2014-02-17 22:00:00,0.583
2014-02-17 22:30:00,1.133
2014-02-17 23:00:00,0.596
2014-02-17 23:30:00,1.132
2014-02-18 00:00:00,0.192
2014-02-18 00:30:00,0.19
2014-02-18 01:00:00,0.189
2014-02-18 01:30:00,0.188
2014-02-18 02:00:00,0.199
2014-02-18 02:30:00,0.214
2014-02-18 03:00:00,0.21
2014-02-18 03:30:00,0.208
2014-02-18 04:00:00,0.166
2014-02-18 04:30:00,0.148
2014-02-18 05:00:00,0.167
2014-02-18 05:30:00,0.189
2014-02-18 06:00:00,0.229
2014-02-18 06:30:00,0.232
2014-02-18 07:00:00,0.247
2014-02-18 07:30:00,0.373
2014-02-18 08:00:00,0.269
2014-02-18 08:30:00,0.334
2014-02-18 09:00:00,0.22
2014-02-18 09:30:00,0.283
2014-02-18 10:00:00,0.208
2014-02-18 10:30:00,0.135
2014-02-18 11:00:00,0.425
2014-02-18 11:30:00,0.397
2014-02-18 12:00:00,0.337
2014-02-18 12:30:00,0.819
2014-02-18 13:00:00,0.581
2014-02-18 13:30:00,0.174
2014-02-18 14:00:00,0.13
2014-02-18 14:30:00,0.153
2014-02-18 15:00:00,0.235
2014-02-18 15:30:00,0.289
2014-02-18 16:00:00,0.233
2014-02-18 16:30:00,0.805
2014-02-18 17:00:00,0.869
2014-02-18 17:30:00,0.894
2014-02-18 18:00:00,0.792
2014-02-18 18:30:00,1.017
2014-02-18 19:00:00,0.634
2014-02-18 19:30:00,0.614
2014-02-18 20:00:00,0.49
2014-02-18 20:30:00,0.737
2014-02-18 21:00:00,0.67
2014-02-18 21:30:00,0.622
2014-02-18 22:00:00,0.597
2014-02-18 22:30:00,0.641
2014-02-18 23:00:00,1.013
2014-02-18 23:30:00,0.336
2014-02-19 00:00:00,1.016
2014-02-19 00:30:00,0.195
2014-02-19 01:00:00,0.19
2014-02-19 01:30:00,0.177
2014-02-19 02:00:00,0.146
2014-02-19 02:30:00,0.15
2014-02-19 03:00:00,0.148
2014-02-19 03:30:00,0.168
2014-02-19 04:00:00,0.245
2014-02-19 04:30:00,0.246
2014-02-19 05:00:00,0.212
2014-02-19 05:30:00,0.174
2014-02-19 06:00:00,0.19
2014-02-19 06:30:00,0.243
2014-02-19 07:00:00,0.442
2014-02-19 07:30:00,0.41
2014-02-19 08:00:00,0.327
2014-02-19 08:30:00,0.355
2014-02-19 09:00:00,0.125
2014-02-19 09:30:00,0.119
2014-02-19 10:00:00,0.117
2014-02-19 10:30:00,0.155
2014-02-19 11:00:00,0.207
2014-02-19 11:30:00,0.204
2014-02-19 12:00:00,0.189
2014-02-19 12:30:00,0.172
2014-02-19 13:00:00,0.208
2014-02-19 13:30:00,0.298
2014-02-19 14:00:00,0.222
2014-02-19 14:30:00,0.136
2014-02-19 15:00:00,0.129
2014-02-19 15:30:00,0.158
2014-02-19 16:00:00,0.332
2014-02-19 16:30:00,0.234
2014-02-19 17:00:00,0.251
2014-02-19 17:30:00,1.124
2014-02-19 18:00:00,0.886
2014-02-19 18:30:00,0.628
2014-02-19 19:00:00,0.634
2014-02-19 19:30:00,0.634
2014-02-19 20:00:00,0.706
2014-02-19 20:30:00,0.676
2014-02-19 21:00:00,1.771
2014-02-19 21:30:00,1.1059999
2014-02-19 22:00:00,0.914
2014-02-19 22:30:00,0.481
2014-02-19 23:00:00,0.367
2014-02-19 23:30:00,0.237
2014-02-20 00:00:00,0.212
2014-02-20 00:30:00,0.141
2014-02-20 01:00:00,0.136
2014-02-20 01:30:00,0.137
2014-02-20 02:00:00,0.174
2014-02-20 02:30:00,0.175
2014-02-20 03:00:00,0.147
2014-02-20 03:30:00,0.198
2014-02-20 04:00:00,0.207
2014-02-20 04:30:00,0.218
2014-02-20 05:00:00,0.195
2014-02-20 05:30:00,0.152
2014-02-20 06:00:00,0.18
2014-02-20 06:30:00,0.186
2014-02-20 07:00:00,0.19
2014-02-20 07:30:00,0.433
2014-02-20 08:00:00,0.548
2014-02-20 08:30:00,0.278
2014-02-20 09:00:00,0.185
2014-02-20 09:30:00,0.132
2014-02-20 10:00:00,0.167
2014-02-20 10:30:00,0.221
2014-02-20 11:00:00,0.316
2014-02-20 11:30:00,0.174
2014-02-20 12:00:00,0.152
2014-02-20 12:30:00,0.134
2014-02-20 13:00:00,0.416
2014-02-20 13:30:00,0.271
2014-02-20 14:00:00,0.189
2014-02-20 14:30:00,0.122
2014-02-20 15:00:00,0.133
2014-02-20 15:30:00,0.208
2014-02-20 16:00:00,0.278
2014-02-20 16:30:00,0.305
2014-02-20 17:00:00,0.55
2014-02-20 17:30:00,0.447
2014-02-20 18:00:00,1.22
2014-02-20 18:30:00,1.423
2014-02-20 19:00:00,1.0190001
2014-02-20 19:30:00,0.639
2014-02-20 20:00:00,0.789
2014-02-20 20:30:00,0.728
2014-02-20 21:00:00,0.685
2014-02-20 21:30:00,0.626
2014-02-20 22:00:00,0.598
2014-02-20 22:30:00,1.258
2014-02-20 23:00:00,0.55
2014-02-20 23:30:00,0.934
2014-02-21 00:00:00,0.183
2014-02-21 00:30:00,0.223
2014-02-21 01:00:00,0.205
2014-02-21 01:30:00,0.191
2014-02-21 02:00:00,0.169
2014-02-21 02:30:00,0.188
2014-02-21 03:00:00,0.188
2014-02-21 03:30:00,0.187
2014-02-21 04:00:00,0.185
2014-02-21 04:30:00,0.185
2014-02-21 05:00:00,0.184
2014-02-21 05:30:00,0.181
2014-02-21 06:00:00,0.264
2014-02-21 06:30:00,0.287
2014-02-21 07:00:00,0.26
2014-02-21 07:30:00,0.195
2014-02-21 08:00:00,0.325
2014-02-21 08:30:00,0.575
2014-02-21 09:00:00,0.219
2014-02-21 09:30:00,0.157
2014-02-21 10:00:00,0.307
2014-02-21 10:30:00,0.249
2014-02-21 11:00:00,0.143
2014-02-21 11:30:00,0.254
2014-02-21 12:00:00,0.144
2014-02-21 12:30:00,0.214
2014-02-21 13:00:00,0.212
2014-02-21 13:30:00,0.277
2014-02-21 14:00:00,0.147
2014-02-21 14:30:00,0.312
2014-02-21 15:00:00,0.559
2014-02-21 15:30:00,0.223
2014-02-21 16:00:00,0.296
2014-02-21 16:30:00,1.012
2014-02-21 17:00:00,0.787
2014-02-21 17:30:00,0.429
2014-02-21 18:00:00,0.526
2014-02-21 18:30:00,1.515
2014-02-21 19:00:00,1.322
2014-02-21 19:30:00,0.851
2014-02-21 20:00:00,0.5
2014-02-21 20:30:00,0.612
2014-02-21 21:00:00,0.584
2014-02-21 21:30:00,1.5369999
2014-02-21 22:00:00,0.933
2014-02-21 22:30:00,1.187
2014-02-21 23:00:00,0.368
2014-02-21 23:30:00,0.333
2014-02-22 00:00:00,0.22
2014-02-22 00:30:00,0.212
2014-02-22 01:00:00,0.207
2014-02-22 01:30:00,0.199
2014-02-22 02:00:00,0.165
2014-02-22 02:30:00,0.19
2014-02-22 03:00:00,0.191
2014-02-22 03:30:00,0.185
2014-02-22 04:00:00,0.182
2014-02-22 04:30:00,0.18
2014-02-22 05:00:00,0.18
2014-02-22 05:30:00,0.181
2014-02-22 06:00:00,0.224
2014-02-22 06:30:00,0.238
2014-02-22 07:00:00,0.236
2014-02-22 07:30:00,0.291
2014-02-22 08:00:00,0.209
2014-02-22 08:30:00,0.123
2014-02-22 09:00:00,0.205
2014-02-22 09:30:00,2.1700001
2014-02-22 10:00:00,0.855
2014-02-22 10:30:00,0.231
2014-02-22 11:00:00,0.318
2014-02-22 11:30:00,0.219
2014-02-22 12:00:00,0.151
2014-02-22 12:30:00,0.23
2014-02-22 13:00:00,0.268
2014-02-22 13:30:00,0.26
2014-02-22 14:00:00,0.259
2014-02-22 14:30:00,0.133
2014-02-22 15:00:00,0.153
2014-02-22 15:30:00,0.265
2014-02-22 16:00:00,0.944
2014-02-22 16:30:00,0.4
2014-02-22 17:00:00,0.645
2014-02-22 17:30:00,1.325
2014-02-22 18:00:00,0.507
2014-02-22 18:30:00,1.34
2014-02-22 19:00:00,0.744
2014-02-22 19:30:00,0.558
2014-02-22 20:00:00,0.523
2014-02-22 20:30:00,0.492
2014-02-22 21:00:00,1.387
2014-02-22 21:30:00,0.697
2014-02-22 22:00:00,1.156
2014-02-22 22:30:00,0.907
2014-02-22 23:00:00,0.855
2014-02-22 23:30:00,0.351
2014-02-23 00:00:00,0.36
2014-02-23 00:30:00,0.334
2014-02-23 01:00:00,0.193
2014-02-23 01:30:00,0.19
2014-02-23 02:00:00,0.182
2014-02-23 02:30:00,0.149
2014-02-23 03:00:00,0.151
2014-02-23 03:30:00,0.149
2014-02-23 04:00:00,0.181
2014-02-23 04:30:00,0.202
2014-02-23 05:00:00,0.246
2014-02-23 05:30:00,0.212
2014-02-23 06:00:00,0.25
2014-02-23 06:30:00,0.207
2014-02-23 07:00:00,0.202
2014-02-23 07:30:00,0.187
2014-02-23 08:00:00,0.321
2014-02-23 08:30:00,0.185
2014-02-23 09:00:00,0.139
2014-02-23 09:30:00,0.202
2014-02-23 10:00:00,1.395
2014-02-23 10:30:00,1.075
2014-02-23 11:00:00,0.511
2014-02-23 11:30:00,0.605
2014-02-23 12:00:00,0.481
2014-02-23 12:30:00,0.334
2014-02-23 13:00:00,0.338
2014-02-23 13:30:00,0.361
2014-02-23 14:00:00,0.357
2014-02-23 14:30:00,0.445
2014-02-23 15:00:00,0.326
2014-02-23 15:30:00,0.356
2014-02-23 16:00:00,0.42
2014-02-23 16:30:00,0.505
2014-02-23 17:00:00,0.43
2014-02-23 17:30:00,0.631
2014-02-23 18:00:00,1.584
2014-02-23 18:30:00,1.41
2014-02-23 19:00:00,1.165
2014-02-23 19:30:00,0.565
2014-02-23 20:00:00,0.946
2014-02-23 20:30:00,0.719
2014-02-23 21:00:00,0.706
2014-02-23 21:30:00,0.714
2014-02-23 22:00:00,1.2180001
2014-02-23 22:30:00,0.944
2014-02-23 23:00:00,1.077
2014-02-23 23:30:00,0.597
2014-02-24 00:00:00,0.29
2014-02-24 00:30:00,0.214
2014-02-24 01:00:00,0.181
2014-02-24 01:30:00,0.184
2014-02-24 02:00:00,0.191
2014-02-24 02:30:00,0.186
2014-02-24 03:00:00,0.15
2014-02-24 03:30:00,0.147
2014-02-24 04:00:00,0.148
2014-02-24 04:30:00,0.16
2014-02-24 05:00:00,0.189
2014-02-24 05:30:00,0.184
2014-02-24 06:00:00,0.194
2014-02-24 06:30:00,0.259
2014-02-24 07:00:00,0.26
2014-02-24 07:30:00,0.508
2014-02-24 08:00:00,0.733
2014-02-24 08:30:00,0.389
2014-02-24 09:00:00,0.2
2014-02-24 09:30:00,0.848
2014-02-24 10:00:00,0.559
2014-02-24 10:30:00,0.173
2014-02-24 11:00:00,0.157
2014-02-24 11:30:00,0.158
2014-02-24 12:00:00,0.135
2014-02-24 12:30:00,0.119
2014-02-24 13:00:00,0.189
2014-02-24 13:30:00,0.282
2014-02-24 14:00:00,0.311
2014-02-24 14:30:00,0.312
2014-02-24 15:00:00,0.331
2014-02-24 15:30:00,0.269
2014-02-24 16:00:00,0.118
2014-02-24 16:30:00,0.2
2014-02-24 17:00:00,0.219
2014-02-24 17:30:00,0.562
2014-02-24 18:00:00,0.608
2014-02-24 18:30:00,0.842
2014-02-24 19:00:00,0.967
2014-02-24 19:30:00,0.805
2014-02-24 20:00:00,0.745
2014-02-24 20:30:00,0.744
2014-02-24 21:00:00,0.726
2014-02-24 21:30:00,0.854
2014-02-24 22:00:00,0.583
2014-02-24 22:30:00,1.133
2014-02-24 23:00:00,0.596
2014-02-24 23:30:00,1.132
2014-02-25 00:00:00,0.192
2014-02-25 00:30:00,0.186
2014-02-25 01:00:00,0.185
2014-02-25 01:30:00,0.223
2014-02-25 02:00:00,0.243
2014-02-25 02:30:00,0.24
2014-02-25 03:00:00,0.224
2014-02-25 03:30:00,0.116
2014-02-25 04:00:00,0.103
2014-02-25 04:30:00,0.102
2014-02-25 05:00:00,0.104
2014-02-25 05:30:00,0.103
2014-02-25 06:00:00,0.15
2014-02-25 06:30:00,0.187
2014-02-25 07:00:00,0.342
2014-02-25 07:30:00,0.478
2014-02-25 08:00:00,0.376
2014-02-25 08:30:00,0.345
2014-02-25 09:00:00,0.491
2014-02-25 09:30:00,0.182
2014-02-25 10:00:00,0.116
2014-02-25 10:30:00,0.108
2014-02-25 11:00:00,0.107
2014-02-25 11:30:00,0.288
2014-02-25 12:00:00,0.808
2014-02-25 12:30:00,0.248
2014-02-25 13:00:00,0.214
2014-02-25 13:30:00,0.217
2014-02-25 14:00:00,0.237
2014-02-25 14:30:00,0.287
2014-02-25 15:00:00,0.248
2014-02-25 15:30:00,0.385
2014-02-25 16:00:00,0.369
2014-02-25 16:30:00,0.294
2014-02-25 17:00:00,0.233
2014-02-25 17:30:00,0.329
2014-02-25 18:00:00,0.579
2014-02-25 18:30:00,0.579
2014-02-25 19:00:00,0.809
2014-02-25 19:30:00,0.651
2014-02-25 20:00:00,0.765
2014-02-25 20:30:00,0.668
2014-02-25 21:00:00,0.558
2014-02-25 21:30:00,0.93
2014-02-25 22:00:00,0.754
2014-02-25 22:30:00,1.02
2014-02-25 23:00:00,0.432
2014-02-25 23:30:00,0.21
2014-02-26 00:00:00,0.205
2014-02-26 00:30:00,0.195
2014-02-26 01:00:00,0.19
2014-02-26 01:30:00,0.177
2014-02-26 02:00:00,0.146
2014-02-26 02:30:00,0.15
2014-02-26 03:00:00,0.148
2014-02-26 03:30:00,0.168
2014-02-26 04:00:00,0.245
2014-02-26 04:30:00,0.246
2014-02-26 05:00:00,0.212
2014-02-26 05:30:00,0.174
2014-02-26 06:00:00,0.19
2014-02-26 06:30:00,0.243
2014-02-26 07:00:00,0.442
2014-02-26 07:30:00,0.41
2014-02-26 08:00:00,0.327
2014-02-26 08:30:00,0.355
2014-02-26 09:00:00,0.125
2014-02-26 09:30:00,0.119
2014-02-26 10:00:00,0.117
2014-02-26 10:30:00,0.155
2014-02-26 11:00:00,0.207
2014-02-26 11:30:00,0.204
2014-02-26 12:00:00,0.189
2014-02-26 12:30:00,0.172
2014-02-26 13:00:00,0.208
2014-02-26 13:30:00,0.298
2014-02-26 14:00:00,0.222
2014-02-26 14:30:00,0.136
2014-02-26 15:00:00,0.129
2014-02-26 15:30:00,0.158
2014-02-26 16:00:00,0.332
2014-02-26 16:30:00,0.234
2014-02-26 17:00:00,0.251
2014-02-26 17:30:00,1.124
2014-02-26 18:00:00,0.886
2014-02-26 18:30:00,0.628
2014-02-26 19:00:00,0.634
2014-02-26 19:30:00,0.634
2014-02-26 20:00:00,0.706
2014-02-26 20:30:00,0.676
2014-02-26 21:00:00,1.771
2014-02-26 21:30:00,1.1059999
2014-02-26 22:00:00,0.914
2014-02-26 22:30:00,0.481
2014-02-26 23:00:00,0.367
2014-02-26 23:30:00,0.237
2014-02-27 00:00:00,0.212
2014-02-27 00:30:00,0.168
2014-02-27 01:00:00,0.121
2014-02-27 01:30:00,0.104
2014-02-27 02:00:00,0.102
2014-02-27 02:30:00,0.148
2014-02-27 03:00:00,0.146
2014-02-27 03:30:00,0.142
2014-02-27 04:00:00,0.137
2014-02-27 04:30:00,0.139
2014-02-27 05:00:00,0.142
2014-02-27 05:30:00,0.166
2014-02-27 06:00:00,0.21
2014-02-27 06:30:00,0.22
2014-02-27 07:00:00,0.315
2014-02-27 07:30:00,0.412
2014-02-27 08:00:00,0.572
2014-02-27 08:30:00,0.489
2014-02-27 09:00:00,0.503
2014-02-27 09:30:00,0.786
2014-02-27 10:00:00,0.448
2014-02-27 10:30:00,0.121
2014-02-27 11:00:00,0.251
2014-02-27 11:30:00,0.177
2014-02-27 12:00:00,0.269
2014-02-27 12:30:00,0.412
2014-02-27 13:00:00,0.435
2014-02-27 13:30:00,0.235
2014-02-27 14:00:00,0.263
2014-02-27 14:30:00,0.23
2014-02-27 15:00:00,0.21
2014-02-27 15:30:00,0.25
2014-02-27 16:00:00,0.205
2014-02-27 16:30:00,0.148
2014-02-27 17:00:00,0.292
2014-02-27 17:30:00,0.356
2014-02-27 18:00:00,0.398
2014-02-27 18:30:00,0.396
2014-02-27 19:00:00,0.261
2014-02-27 19:30:00,0.197
2014-02-27 20:00:00,0.2
2014-02-27 20:30:00,0.198
2014-02-27 21:00:00,0.37
2014-02-27 21:30:00,0.453
2014-02-27 22:00:00,0.676
2014-02-27 22:30:00,0.435
2014-02-27 23:00:00,0.311
2014-02-27 23:30:00,0.911
2014-02-28 00:00:00,0.289
