tstp,energy(kWh/hh)
2012-02-23 10:30:00,0.046
2012-02-23 11:00:00,0.025
2012-02-23 11:30:00,0.042
2012-02-23 12:00:00,0.033
2012-02-23 12:30:00,0.03
2012-02-23 13:00:00,0.064
2012-02-23 13:30:00,0.032
2012-02-23 14:00:00,0.033
2012-02-23 14:30:00,0.023
2012-02-23 15:00:00,0.032
2012-02-23 15:30:00,0.032
2012-02-23 16:00:00,0.03
2012-02-23 16:30:00,0.044
2012-02-23 17:00:00,0.082
2012-02-23 17:30:00,0.111
2012-02-23 18:00:00,0.145
2012-02-23 18:30:00,0.124
2012-02-23 19:00:00,0.116
2012-02-23 19:30:00,0.139
2012-02-23 20:00:00,0.126
2012-02-23 20:30:00,0.162
2012-02-23 21:00:00,0.155
2012-02-23 21:30:00,0.087
2012-02-23 22:00:00,0.077
2012-02-23 22:30:00,0.051
2012-02-23 23:00:00,0.034
2012-02-23 23:30:00,0.013
2012-02-24 00:00:00,0.022
2012-02-24 00:30:00,2.0190001
2012-02-24 01:00:00,3.026
2012-02-24 01:30:00,3.5610001
2012-02-24 02:00:00,3.51
2012-02-24 02:30:00,2.201
2012-02-24 03:00:00,2.0480001
2012-02-24 03:30:00,2.227
2012-02-24 04:00:00,1.841
2012-02-24 04:30:00,0.831
2012-02-24 05:00:00,0.842
2012-02-24 05:30:00,0.844
2012-02-24 06:00:00,0.825
2012-02-24 06:30:00,1.9119999
2012-02-24 07:00:00,1.46
2012-02-24 07:30:00,0.04
2012-02-24 08:00:00,0.064
2012-02-24 08:30:00,0.097
2012-02-24 09:00:00,0.056
2012-02-24 09:30:00,0.018
2012-02-24 10:00:00,0.022
2012-02-24 10:30:00,0.022
2012-02-24 11:00:00,0.017
2012-02-24 11:30:00,0.017
2012-02-24 12:00:00,0.022
2012-02-24 12:30:00,0.022
2012-02-24 13:00:00,0.012
2012-02-24 13:30:00,0.022
2012-02-24 14:00:00,0.022
2012-02-24 14:30:00,0.015
2012-02-24 15:00:00,0.021
2012-02-24 15:30:00,0.029
2012-02-24 16:00:00,0.021
2012-02-24 16:30:00,0.035
2012-02-24 17:00:00,0.074
2012-02-24 17:30:00,0.131
2012-02-24 18:00:00,0.143
2012-02-24 18:30:00,0.092
2012-02-24 19:00:00,0.094
2012-02-24 19:30:00,0.091
2012-02-24 20:00:00,0.11
2012-02-24 20:30:00,0.154
2012-02-24 21:00:00,0.165
2012-02-24 21:30:00,0.074
2012-02-24 22:00:00,0.076
2012-02-24 22:30:00,0.052
2012-02-24 23:00:00,0.029
2012-02-24 23:30:00,0.017
2012-02-25 00:00:00,0.021
2012-02-25 00:30:00,2.0420001
2012-02-25 01:00:00,2.9719999
2012-02-25 01:30:00,3.0309999
2012-02-25 02:00:00,2.194
2012-02-25 02:30:00,2.016
2012-02-25 03:00:00,2.1900001
2012-02-25 03:30:00,2.043
2012-02-25 04:00:00,1.4680001
2012-02-25 04:30:00,0.846
2012-02-25 05:00:00,0.844
2012-02-25 05:30:00,0.844
2012-02-25 06:00:00,1.966
2012-02-25 06:30:00,1.835
2012-02-25 07:00:00,0.845
2012-02-25 07:30:00,0.034
2012-02-25 08:00:00,0.071
2012-02-25 08:30:00,0.084
2012-02-25 09:00:00,0.037
2012-02-25 09:30:00,0.025
2012-02-25 10:00:00,0.021
2012-02-25 10:30:00,0.019
2012-02-25 11:00:00,0.015
2012-02-25 11:30:00,0.022
2012-02-25 12:00:00,0.022
2012-02-25 12:30:00,0.017
2012-02-25 13:00:00,0.047
2012-02-25 13:30:00,0.022
2012-02-25 14:00:00,0.016
2012-02-25 14:30:00,0.017
2012-02-25 15:00:00,0.025
2012-02-25 15:30:00,0.028
2012-02-25 16:00:00,0.012
2012-02-25 16:30:00,0.044
2012-02-25 17:00:00,0.071
2012-02-25 17:30:00,0.075
2012-02-25 18:00:00,0.087
2012-02-25 18:30:00,0.093
2012-02-25 19:00:00,0.114
2012-02-25 19:30:00,0.114
2012-02-25 20:00:00,0.115
2012-02-25 20:30:00,0.156
2012-02-25 21:00:00,0.155
2012-02-25 21:30:00,0.104
2012-02-25 22:00:00,0.078
2012-02-25 22:30:00,0.044
2012-02-25 23:00:00,0.032
2012-02-25 23:30:00,0.022
2012-02-26 00:00:00,0.018
2012-02-26 00:30:00,2.0409999
2012-02-26 01:00:00,3.0209999
2012-02-26 01:30:00,2.813
2012-02-26 02:00:00,2.243
2012-02-26 02:30:00,2.0510001
2012-02-26 03:00:00,2.1029999
2012-02-26 03:30:00,2.1960001
2012-02-26 04:00:00,1.872
2012-02-26 04:30:00,0.858
2012-02-26 05:00:00,0.849
2012-02-26 05:30:00,0.856
2012-02-26 06:00:00,1.5599999
2012-02-26 06:30:00,2.0039999
2012-02-26 07:00:00,0.871
2012-02-26 07:30:00,0.043
2012-02-26 08:00:00,0.065
2012-02-26 08:30:00,0.079
2012-02-26 09:00:00,0.038
2012-02-26 09:30:00,0.025
2012-02-26 10:00:00,0.017
2012-02-26 10:30:00,0.043
2012-02-26 11:00:00,0.048
2012-02-26 11:30:00,0.016
2012-02-26 12:00:00,0.035
2012-02-26 12:30:00,0.023
2012-02-26 13:00:00,0.014
2012-02-26 13:30:00,0.02
2012-02-26 14:00:00,0.021
2012-02-26 14:30:00,0.019
2012-02-26 15:00:00,0.017
2012-02-26 15:30:00,0.029
2012-02-26 16:00:00,0.022
2012-02-26 16:30:00,0.019
2012-02-26 17:00:00,0.101
2012-02-26 17:30:00,0.087
2012-02-26 18:00:00,0.084
2012-02-26 18:30:00,0.105
2012-02-26 19:00:00,0.123
2012-02-26 19:30:00,0.133
2012-02-26 20:00:00,0.167
2012-02-26 20:30:00,0.173
2012-02-26 21:00:00,0.172
2012-02-26 21:30:00,0.115
2012-02-26 22:00:00,0.077
2012-02-26 22:30:00,0.058
2012-02-26 23:00:00,0.032
2012-02-26 23:30:00,0.042
2012-02-27 00:00:00,0.042
2012-02-27 00:30:00,2.0669999
2012-02-27 01:00:00,3.04
2012-02-27 01:30:00,3.5710001
2012-02-27 02:00:00,3.549
2012-02-27 02:30:00,2.2479999
2012-02-27 03:00:00,2.2520001
2012-02-27 03:30:00,2.0650001
2012-02-27 04:00:00,1.801
2012-02-27 04:30:00,0.868
2012-02-27 05:00:00,0.859
2012-02-27 05:30:00,0.864
2012-02-27 06:00:00,1.581
2012-02-27 06:30:00,2.0139999
2012-02-27 07:00:00,1.38
2012-02-27 07:30:00,0.041
2012-02-27 08:00:00,0.033
2012-02-27 08:30:00,0.016
2012-02-27 09:00:00,0.038
2012-02-27 09:30:00,0.028
2012-02-27 10:00:00,0.015
2012-02-27 10:30:00,0.018
2012-02-27 11:00:00,0.021
2012-02-27 11:30:00,0.019
2012-02-27 12:00:00,0.014
2012-02-27 12:30:00,0.033
2012-02-27 13:00:00,0.076
2012-02-27 13:30:00,0.013
2012-02-27 14:00:00,0.023
2012-02-27 14:30:00,0.022
2012-02-27 15:00:00,0.016
2012-02-27 15:30:00,0.029
2012-02-27 16:00:00,0.022
2012-02-27 16:30:00,0.014
2012-02-27 17:00:00,0.058
2012-02-27 17:30:00,0.077
2012-02-27 18:00:00,0.124
2012-02-27 18:30:00,0.091
2012-02-27 19:00:00,0.114
2012-02-27 19:30:00,0.146
2012-02-27 20:00:00,0.149
2012-02-27 20:30:00,0.15
2012-02-27 21:00:00,0.147
2012-02-27 21:30:00,0.099
2012-02-27 22:00:00,0.076
2012-02-27 22:30:00,0.058
2012-02-27 23:00:00,0.032
2012-02-27 23:30:00,0.043
2012-02-28 00:00:00,0.042
2012-02-28 00:30:00,2.0309999
2012-02-28 01:00:00,2.9860001
2012-02-28 01:30:00,3.1159999
2012-02-28 02:00:00,2.227
2012-02-28 02:30:00,2.0639999
2012-02-28 03:00:00,2.191
2012-02-28 03:30:00,2.132
2012-02-28 04:00:00,1.499
2012-02-28 04:30:00,0.857
2012-02-28 05:00:00,0.852
2012-02-28 05:30:00,0.865
2012-02-28 06:00:00,1.885
2012-02-28 06:30:00,1.867
2012-02-28 07:00:00,0.835
2012-02-28 07:30:00,0.041
2012-02-28 08:00:00,0.042
2012-02-28 08:30:00,0.032
2012-02-28 09:00:00,0.064
2012-02-28 09:30:00,0.061
2012-02-28 10:00:00,0.038
2012-02-28 10:30:00,0.071
2012-02-28 11:00:00,0.045
2012-02-28 11:30:00,0.035
2012-02-28 12:00:00,0.039
2012-02-28 12:30:00,0.052
2012-02-28 13:00:00,0.068
2012-02-28 13:30:00,0.036
2012-02-28 14:00:00,0.043
2012-02-28 14:30:00,0.041
2012-02-28 15:00:00,0.037
2012-02-28 15:30:00,0.049
2012-02-28 16:00:00,0.044
2012-02-28 16:30:00,0.032
2012-02-28 17:00:00,0.073
2012-02-28 17:30:00,0.098
2012-02-28 18:00:00,0.153
2012-02-28 18:30:00,0.112
2012-02-28 19:00:00,0.115
2012-02-28 19:30:00,0.11
2012-02-28 20:00:00,0.107
2012-02-28 20:30:00,0.141
2012-02-28 21:00:00,0.149
2012-02-28 21:30:00,0.089
2012-02-28 22:00:00,0.048
2012-02-28 22:30:00,0.038
2012-02-28 23:00:00,0.021
2012-02-28 23:30:00,0.017
2012-02-29 00:00:00,0.017
2012-02-29 00:30:00,2.0510001
2012-02-29 01:00:00,2.9690001
2012-02-29 01:30:00,2.8099999
2012-02-29 02:00:00,2.2019999
2012-02-29 02:30:00,2.191
2012-02-29 03:00:00,2.033
2012-02-29 03:30:00,2.056
2012-02-29 04:00:00,1.272
2012-02-29 04:30:00,0.84
2012-02-29 05:00:00,0.842
2012-02-29 05:30:00,1.352
2012-02-29 06:00:00,2.026
2012-02-29 06:30:00,0.904
2012-02-29 07:00:00,0.502
2012-02-29 07:30:00,0.017
2012-02-29 08:00:00,0.016
2012-02-29 08:30:00,0.041
2012-02-29 09:00:00,0.024
2012-02-29 09:30:00,0.018
2012-02-29 10:00:00,0.022
2012-02-29 10:30:00,0.022
2012-02-29 11:00:00,0.013
2012-02-29 11:30:00,0.038
2012-02-29 12:00:00,0.023
2012-02-29 12:30:00,0.022
2012-02-29 13:00:00,0.071
2012-02-29 13:30:00,0.022
2012-02-29 14:00:00,0.02
2012-02-29 14:30:00,0.016
2012-02-29 15:00:00,0.025
2012-02-29 15:30:00,0.029
2012-02-29 16:00:00,0.014
2012-02-29 16:30:00,0.022
2012-02-29 17:00:00,0.05
2012-02-29 17:30:00,0.082
2012-02-29 18:00:00,0.138
2012-02-29 18:30:00,0.116
2012-02-29 19:00:00,0.085
2012-02-29 19:30:00,0.106
2012-02-29 20:00:00,0.11
2012-02-29 20:30:00,0.128
2012-02-29 21:00:00,0.142
2012-02-29 21:30:00,0.088
2012-02-29 22:00:00,0.054
2012-02-29 22:30:00,0.032
2012-02-29 23:00:00,0.022
2012-02-29 23:30:00,0.022
2012-03-01 00:00:00,0.012
2012-03-01 00:30:00,2.03
2012-03-01 01:00:00,3.0420001
2012-03-01 01:30:00,3.5009999
2012-03-01 02:00:00,3.566
2012-03-01 02:30:00,2.095
2012-03-01 03:00:00,2.2219999
2012-03-01 03:30:00,2.069
2012-03-01 04:00:00,1.9119999
2012-03-01 04:30:00,0.842
2012-03-01 05:00:00,0.842
2012-03-01 05:30:00,1.1
2012-03-01 06:00:00,0.893
2012-03-01 06:30:00,1.9960001
2012-03-01 07:00:00,1.465
2012-03-01 07:30:00,0.022
2012-03-01 08:00:00,0.013
2012-03-01 08:30:00,0.021
2012-03-01 09:00:00,0.024
2012-03-01 09:30:00,0.019
2012-03-01 10:00:00,0.023
2012-03-01 10:30:00,0.032
2012-03-01 11:00:00,0.015
2012-03-01 11:30:00,0.026
2012-03-01 12:00:00,0.028
2012-03-01 12:30:00,0.022
2012-03-01 13:00:00,0.056
2012-03-01 13:30:00,0.023
2012-03-01 14:00:00,0.023
2012-03-01 14:30:00,0.014
2012-03-01 15:00:00,0.024
2012-03-01 15:30:00,0.03
2012-03-01 16:00:00,0.017
2012-03-01 16:30:00,0.019
2012-03-01 17:00:00,0.05
2012-03-01 17:30:00,0.098
2012-03-01 18:00:00,0.136
2012-03-01 18:30:00,0.095
2012-03-01 19:00:00,0.131
2012-03-01 19:30:00,0.092
2012-03-01 20:00:00,0.095
2012-03-01 20:30:00,0.153
2012-03-01 21:00:00,0.137
2012-03-01 21:30:00,0.085
2012-03-01 22:00:00,0.056
2012-03-01 22:30:00,0.029
2012-03-01 23:00:00,0.022
2012-03-01 23:30:00,0.021
2012-03-02 00:00:00,0.012
2012-03-02 00:30:00,2.052
2012-03-02 01:00:00,3.017
2012-03-02 01:30:00,3.0569999
2012-03-02 02:00:00,2.227
2012-03-02 02:30:00,2.03
2012-03-02 03:00:00,2.1900001
2012-03-02 03:30:00,2.0799999
2012-03-02 04:00:00,1.726
2012-03-02 04:30:00,0.843
2012-03-02 05:00:00,0.844
2012-03-02 05:30:00,0.845
2012-03-02 06:00:00,1.409
2012-03-02 06:30:00,2.016
2012-03-02 07:00:00,0.936
2012-03-02 07:30:00,0.011
2012-03-02 08:00:00,0.028
2012-03-02 08:30:00,0.022
2012-03-02 09:00:00,0.022
2012-03-02 09:30:00,0.029
2012-03-02 10:00:00,0.022
2012-03-02 10:30:00,0.019
2012-03-02 11:00:00,0.025
2012-03-02 11:30:00,0.023
2012-03-02 12:00:00,0.013
2012-03-02 12:30:00,0.022
2012-03-02 13:00:00,0.023
2012-03-02 13:30:00,0.013
2012-03-02 14:00:00,0.022
2012-03-02 14:30:00,0.022
2012-03-02 15:00:00,0.017
2012-03-02 15:30:00,0.026
2012-03-02 16:00:00,0.022
2012-03-02 16:30:00,0.013
2012-03-02 17:00:00,0.094
2012-03-02 17:30:00,0.12
2012-03-02 18:00:00,0.145
2012-03-02 18:30:00,0.093
2012-03-02 19:00:00,0.101
2012-03-02 19:30:00,0.085
2012-03-02 20:00:00,0.117
2012-03-02 20:30:00,0.158
2012-03-02 21:00:00,0.132
2012-03-02 21:30:00,0.083
2012-03-02 22:00:00,0.057
2012-03-02 22:30:00,0.031
2012-03-02 23:00:00,0.021
2012-03-02 23:30:00,0.023
2012-03-03 00:00:00,0.014
2012-03-03 00:30:00,2.0190001
2012-03-03 01:00:00,2.9300001
2012-03-03 01:30:00,3.125
2012-03-03 02:00:00,2.2060001
2012-03-03 02:30:00,2.0699999
2012-03-03 03:00:00,2.197
2012-03-03 03:30:00,2.0639999
2012-03-03 04:00:00,1.71
2012-03-03 04:30:00,0.848
2012-03-03 05:00:00,0.857
2012-03-03 05:30:00,0.847
2012-03-03 06:00:00,1.415
2012-03-03 06:30:00,2.029
2012-03-03 07:00:00,1.022
2012-03-03 07:30:00,0.015
2012-03-03 08:00:00,0.025
2012-03-03 08:30:00,0.029
2012-03-03 09:00:00,0.033
2012-03-03 09:30:00,0.029
2012-03-03 10:00:00,0.02
2012-03-03 10:30:00,0.014
2012-03-03 11:00:00,0.022
2012-03-03 11:30:00,0.022
2012-03-03 12:00:00,0.014
2012-03-03 12:30:00,0.038
2012-03-03 13:00:00,0.034
2012-03-03 13:30:00,0.014
2012-03-03 14:00:00,0.023
2012-03-03 14:30:00,0.02
2012-03-03 15:00:00,0.016
2012-03-03 15:30:00,0.029
2012-03-03 16:00:00,0.02
2012-03-03 16:30:00,0.014
2012-03-03 17:00:00,0.048
2012-03-03 17:30:00,0.063
2012-03-03 18:00:00,0.08
2012-03-03 18:30:00,0.094
2012-03-03 19:00:00,0.089
2012-03-03 19:30:00,0.088
2012-03-03 20:00:00,0.114
2012-03-03 20:30:00,0.09
2012-03-03 21:00:00,0.076
2012-03-03 21:30:00,0.083
2012-03-03 22:00:00,0.054
2012-03-03 22:30:00,0.031
2012-03-03 23:00:00,0.022
2012-03-03 23:30:00,0.018
2012-03-04 00:00:00,0.016
2012-03-04 00:30:00,2.059
2012-03-04 01:00:00,3.053
2012-03-04 01:30:00,2.865
2012-03-04 02:00:00,2.1949999
2012-03-04 02:30:00,2.0439999
2012-03-04 03:00:00,2.201
2012-03-04 03:30:00,2.072
2012-03-04 04:00:00,1.5190001
2012-03-04 04:30:00,0.859
2012-03-04 05:00:00,0.864
2012-03-04 05:30:00,0.851
2012-03-04 06:00:00,2.0350001
2012-03-04 06:30:00,1.654
2012-03-04 07:00:00,0.837
2012-03-04 07:30:00,0.022
2012-03-04 08:00:00,0.022
2012-03-04 08:30:00,0.011
2012-03-04 09:00:00,0.025
2012-03-04 09:30:00,0.028
2012-03-04 10:00:00,0.011
2012-03-04 10:30:00,0.022
2012-03-04 11:00:00,0.021
2012-03-04 11:30:00,0.012
2012-03-04 12:00:00,0.021
2012-03-04 12:30:00,0.022
2012-03-04 13:00:00,0.012
2012-03-04 13:30:00,0.021
2012-03-04 14:00:00,0.02
2012-03-04 14:30:00,0.013
2012-03-04 15:00:00,0.024
2012-03-04 15:30:00,0.025
2012-03-04 16:00:00,0.014
2012-03-04 16:30:00,0.039
2012-03-04 17:00:00,0.107
2012-03-04 17:30:00,0.109
2012-03-04 18:00:00,0.131
2012-03-04 18:30:00,0.133
2012-03-04 19:00:00,0.139
2012-03-04 19:30:00,0.187
2012-03-04 20:00:00,0.342
2012-03-04 20:30:00,0.671
2012-03-04 21:00:00,0.648
2012-03-04 21:30:00,0.072
2012-03-04 22:00:00,0.056
2012-03-04 22:30:00,0.036
2012-03-04 23:00:00,0.014
2012-03-04 23:30:00,0.022
2012-03-05 00:00:00,0.016
2012-03-05 00:30:00,2.0480001
2012-03-05 01:00:00,3.0869999
2012-03-05 01:30:00,2.747
2012-03-05 02:00:00,2.211
2012-03-05 02:30:00,2.1389999
2012-03-05 03:00:00,2.0940001
2012-03-05 03:30:00,2.0829999
2012-03-05 04:00:00,2.0669999
2012-03-05 04:30:00,1.325
2012-03-05 05:00:00,0.853
2012-03-05 05:30:00,0.833
2012-03-05 06:00:00,0.886
2012-03-05 06:30:00,2.0050001
2012-03-05 07:00:00,1.9960001
2012-03-05 07:30:00,0.021
2012-03-05 08:00:00,0.02
2012-03-05 08:30:00,0.013
2012-03-05 09:00:00,0.034
2012-03-05 09:30:00,0.023
2012-03-05 10:00:00,0.017
2012-03-05 10:30:00,0.021
2012-03-05 11:00:00,0.012
2012-03-05 11:30:00,0.021
2012-03-05 12:00:00,0.021
2012-03-05 12:30:00,0.012
2012-03-05 13:00:00,0.071
2012-03-05 13:30:00,0.022
2012-03-05 14:00:00,0.013
2012-03-05 14:30:00,0.022
2012-03-05 15:00:00,0.022
2012-03-05 15:30:00,0.022
2012-03-05 16:00:00,0.023
2012-03-05 16:30:00,0.015
2012-03-05 17:00:00,0.046
2012-03-05 17:30:00,0.099
2012-03-05 18:00:00,0.128
2012-03-05 18:30:00,0.092
2012-03-05 19:00:00,0.093
2012-03-05 19:30:00,0.093
2012-03-05 20:00:00,0.094
2012-03-05 20:30:00,0.152
2012-03-05 21:00:00,0.151
2012-03-05 21:30:00,0.071
2012-03-05 22:00:00,0.055
2012-03-05 22:30:00,0.037
2012-03-05 23:00:00,0.012
2012-03-05 23:30:00,0.022
2012-03-06 00:00:00,0.022
2012-03-06 00:30:00,2.039
2012-03-06 01:00:00,2.9030001
2012-03-06 01:30:00,3.2520001
2012-03-06 02:00:00,2.0309999
2012-03-06 02:30:00,2.0280001
2012-03-06 03:00:00,2.234
2012-03-06 03:30:00,2.0420001
2012-03-06 04:00:00,2.0550001
2012-03-06 04:30:00,1.399
2012-03-06 05:00:00,0.85
2012-03-06 05:30:00,0.849
2012-03-06 06:00:00,0.821
2012-03-06 06:30:00,1.266
2012-03-06 07:00:00,1.976
2012-03-06 07:30:00,0.016
2012-03-06 08:00:00,0.022
2012-03-06 08:30:00,0.014
2012-03-06 09:00:00,0.021
2012-03-06 09:30:00,0.027
2012-03-06 10:00:00,0.042
2012-03-06 10:30:00,0.029
2012-03-06 11:00:00,0.027
2012-03-06 11:30:00,0.011
2012-03-06 12:00:00,0.022
2012-03-06 12:30:00,0.038
2012-03-06 13:00:00,0.067
2012-03-06 13:30:00,0.021
2012-03-06 14:00:00,0.018
2012-03-06 14:30:00,0.017
2012-03-06 15:00:00,0.025
2012-03-06 15:30:00,0.021
2012-03-06 16:00:00,0.02
2012-03-06 16:30:00,0.022
2012-03-06 17:00:00,0.04
2012-03-06 17:30:00,0.096
2012-03-06 18:00:00,0.141
2012-03-06 18:30:00,0.273
2012-03-06 19:00:00,0.637
2012-03-06 19:30:00,0.615
2012-03-06 20:00:00,0.643
2012-03-06 20:30:00,0.672
2012-03-06 21:00:00,0.657
2012-03-06 21:30:00,0.088
2012-03-06 22:00:00,0.057
2012-03-06 22:30:00,0.029
2012-03-06 23:00:00,0.021
2012-03-06 23:30:00,0.022
2012-03-07 00:00:00,0.012
2012-03-07 00:30:00,2.0569999
2012-03-07 01:00:00,3.0880001
2012-03-07 01:30:00,3.54
2012-03-07 02:00:00,3.5469999
2012-03-07 02:30:00,2.25
2012-03-07 03:00:00,2.204
2012-03-07 03:30:00,2.0769999
2012-03-07 04:00:00,2.0469999
2012-03-07 04:30:00,1.107
2012-03-07 05:00:00,0.842
2012-03-07 05:30:00,0.842
2012-03-07 06:00:00,1.063
2012-03-07 06:30:00,1.817
2012-03-07 07:00:00,1.576
2012-03-07 07:30:00,0.022
2012-03-07 08:00:00,0.014
2012-03-07 08:30:00,0.022
2012-03-07 09:00:00,0.03
2012-03-07 09:30:00,0.021
2012-03-07 10:00:00,0.021
2012-03-07 10:30:00,0.021
2012-03-07 11:00:00,0.011
2012-03-07 11:30:00,0.021
2012-03-07 12:00:00,0.019
2012-03-07 12:30:00,0.013
2012-03-07 13:00:00,0.021
2012-03-07 13:30:00,0.014
2012-03-07 14:00:00,0.018
2012-03-07 14:30:00,0.021
2012-03-07 15:00:00,0.014
2012-03-07 15:30:00,0.027
2012-03-07 16:00:00,0.021
2012-03-07 16:30:00,0.012
2012-03-07 17:00:00,0.548
2012-03-07 17:30:00,0.607
2012-03-07 18:00:00,0.656
2012-03-07 18:30:00,0.629
2012-03-07 19:00:00,0.609
2012-03-07 19:30:00,0.602
2012-03-07 20:00:00,0.622
2012-03-07 20:30:00,0.667
2012-03-07 21:00:00,0.66
2012-03-07 21:30:00,0.233
2012-03-07 22:00:00,0.046
2012-03-07 22:30:00,0.038
2012-03-07 23:00:00,0.021
2012-03-07 23:30:00,0.011
2012-03-08 00:00:00,0.022
2012-03-08 00:30:00,2.029
2012-03-08 01:00:00,3.062
2012-03-08 01:30:00,3.098
2012-03-08 02:00:00,2.2149999
2012-03-08 02:30:00,2.0239999
2012-03-08 03:00:00,2.1719999
2012-03-08 03:30:00,2.0420001
2012-03-08 04:00:00,2.02
2012-03-08 04:30:00,1.1210001
2012-03-08 05:00:00,0.826
2012-03-08 05:30:00,0.835
2012-03-08 06:00:00,1.2180001
2012-03-08 06:30:00,2.0090001
2012-03-08 07:00:00,1.485
2012-03-08 07:30:00,0.014
2012-03-08 08:00:00,0.019
2012-03-08 08:30:00,0.021
2012-03-08 09:00:00,0.014
2012-03-08 09:30:00,0.038
2012-03-08 10:00:00,0.044
2012-03-08 10:30:00,0.021
2012-03-08 11:00:00,0.02
2012-03-08 11:30:00,0.02
2012-03-08 12:00:00,0.029
2012-03-08 12:30:00,0.022
2012-03-08 13:00:00,0.017
2012-03-08 13:30:00,0.018
2012-03-08 14:00:00,0.021
2012-03-08 14:30:00,0.016
2012-03-08 15:00:00,0.02
2012-03-08 15:30:00,0.028
2012-03-08 16:00:00,0.014
2012-03-08 16:30:00,0.019
2012-03-08 17:00:00,0.049
2012-03-08 17:30:00,0.093
2012-03-08 18:00:00,0.139
2012-03-08 18:30:00,0.097
2012-03-08 19:00:00,0.11
2012-03-08 19:30:00,0.109
2012-03-08 20:00:00,0.106
2012-03-08 20:30:00,0.142
2012-03-08 21:00:00,0.144
2012-03-08 21:30:00,0.08
2012-03-08 22:00:00,0.046
2012-03-08 22:30:00,0.037
2012-03-08 23:00:00,0.021
2012-03-08 23:30:00,0.011
2012-03-09 00:00:00,0.021
2012-03-09 00:30:00,2.0639999
2012-03-09 01:00:00,2.9749999
2012-03-09 01:30:00,3.494
2012-03-09 02:00:00,3.5469999
2012-03-09 02:30:00,2.359
2012-03-09 03:00:00,2.013
2012-03-09 03:30:00,2.1389999
2012-03-09 04:00:00,2.0209999
2012-03-09 04:30:00,0.883
2012-03-09 05:00:00,0.831
2012-03-09 05:30:00,0.854
2012-03-09 06:00:00,1.252
2012-03-09 06:30:00,2.0050001
2012-03-09 07:00:00,1.3380001
2012-03-09 07:30:00,0.021
2012-03-09 08:00:00,0.012
2012-03-09 08:30:00,0.026
2012-03-09 09:00:00,0.032
2012-03-09 09:30:00,0.02
2012-03-09 10:00:00,0.039
2012-03-09 10:30:00,0.02
2012-03-09 11:00:00,0.013
2012-03-09 11:30:00,0.021
2012-03-09 12:00:00,0.036
2012-03-09 12:30:00,0.017
2012-03-09 13:00:00,0.076
2012-03-09 13:30:00,0.019
2012-03-09 14:00:00,0.015
2012-03-09 14:30:00,0.022
2012-03-09 15:00:00,0.022
2012-03-09 15:30:00,0.023
2012-03-09 16:00:00,0.023
2012-03-09 16:30:00,0.019
2012-03-09 17:00:00,0.042
2012-03-09 17:30:00,0.106
2012-03-09 18:00:00,0.15
2012-03-09 18:30:00,0.09
2012-03-09 19:00:00,0.204
2012-03-09 19:30:00,0.115
2012-03-09 20:00:00,0.106
2012-03-09 20:30:00,0.154
2012-03-09 21:00:00,0.146
2012-03-09 21:30:00,0.076
2012-03-09 22:00:00,0.056
2012-03-09 22:30:00,0.032
2012-03-09 23:00:00,0.018
2012-03-09 23:30:00,0.021
2012-03-10 00:00:00,0.015
2012-03-10 00:30:00,2.026
2012-03-10 01:00:00,3.027
2012-03-10 01:30:00,3.0009999
2012-03-10 02:00:00,2.165
2012-03-10 02:30:00,2.039
2012-03-10 03:00:00,2.148
2012-03-10 03:30:00,2.0450001
2012-03-10 04:00:00,1.932
2012-03-10 04:30:00,0.854
2012-03-10 05:00:00,0.843
2012-03-10 05:30:00,0.839
2012-03-10 06:00:00,1.3200001
2012-03-10 06:30:00,2.027
2012-03-10 07:00:00,1.201
2012-03-10 07:30:00,0.015
2012-03-10 08:00:00,0.018
2012-03-10 08:30:00,0.022
2012-03-10 09:00:00,0.017
2012-03-10 09:30:00,0.024
2012-03-10 10:00:00,0.022
2012-03-10 10:30:00,0.015
2012-03-10 11:00:00,0.018
2012-03-10 11:30:00,0.031
2012-03-10 12:00:00,0.034
2012-03-10 12:30:00,0.015
2012-03-10 13:00:00,0.019
2012-03-10 13:30:00,0.022
2012-03-10 14:00:00,0.015
2012-03-10 14:30:00,0.018
2012-03-10 15:00:00,0.025
2012-03-10 15:30:00,0.024
2012-03-10 16:00:00,0.016
2012-03-10 16:30:00,0.022
2012-03-10 17:00:00,0.045
2012-03-10 17:30:00,0.066
2012-03-10 18:00:00,0.145
2012-03-10 18:30:00,0.142
2012-03-10 19:00:00,0.135
2012-03-10 19:30:00,0.135
2012-03-10 20:00:00,0.153
2012-03-10 20:30:00,0.142
2012-03-10 21:00:00,0.148
2012-03-10 21:30:00,0.083
2012-03-10 22:00:00,0.047
2012-03-10 22:30:00,0.039
2012-03-10 23:00:00,0.022
2012-03-10 23:30:00,0.014
2012-03-11 00:00:00,0.02
2012-03-11 00:30:00,2.0209999
2012-03-11 01:00:00,3.0339999
2012-03-11 01:30:00,2.832
2012-03-11 02:00:00,2.0380001
2012-03-11 02:30:00,2.187
2012-03-11 03:00:00,2.036
2012-03-11 03:30:00,2.1900001
2012-03-11 04:00:00,1.706
2012-03-11 04:30:00,0.852
2012-03-11 05:00:00,0.857
2012-03-11 05:30:00,0.849
2012-03-11 06:00:00,1.538
2012-03-11 06:30:00,1.9680001
2012-03-11 07:00:00,0.835
2012-03-11 07:30:00,0.015
2012-03-11 08:00:00,0.022
2012-03-11 08:30:00,0.032
2012-03-11 09:00:00,0.014
2012-03-11 09:30:00,0.028
2012-03-11 10:00:00,0.022
2012-03-11 10:30:00,0.011
2012-03-11 11:00:00,0.022
2012-03-11 11:30:00,0.022
2012-03-11 12:00:00,0.012
2012-03-11 12:30:00,0.021
2012-03-11 13:00:00,0.022
2012-03-11 13:30:00,0.014
2012-03-11 14:00:00,0.019
2012-03-11 14:30:00,0.022
2012-03-11 15:00:00,0.019
2012-03-11 15:30:00,0.023
2012-03-11 16:00:00,0.022
2012-03-11 16:30:00,0.041
2012-03-11 17:00:00,0.086
2012-03-11 17:30:00,0.096
2012-03-11 18:00:00,0.081
2012-03-11 18:30:00,0.07
2012-03-11 19:00:00,0.088
2012-03-11 19:30:00,0.106
2012-03-11 20:00:00,0.088
2012-03-11 20:30:00,0.083
2012-03-11 21:00:00,0.081
2012-03-11 21:30:00,0.078
2012-03-11 22:00:00,0.05
2012-03-11 22:30:00,0.039
2012-03-11 23:00:00,0.02
2012-03-11 23:30:00,0.013
2012-03-12 00:00:00,0.022
2012-03-12 00:30:00,2.0550001
2012-03-12 01:00:00,2.947
2012-03-12 01:30:00,2.7920001
2012-03-12 02:00:00,2.2179999
2012-03-12 02:30:00,2.0409999
2012-03-12 03:00:00,2.2119999
2012-03-12 03:30:00,2.0899999
2012-03-12 04:00:00,1.416
2012-03-12 04:30:00,0.86
2012-03-12 05:00:00,0.853
2012-03-12 05:30:00,1.0420001
2012-03-12 06:00:00,2.013
2012-03-12 06:30:00,1.3839999
2012-03-12 07:00:00,0.826
2012-03-12 07:30:00,0.019
2012-03-12 08:00:00,0.034
2012-03-12 08:30:00,0.018
2012-03-12 09:00:00,0.019
2012-03-12 09:30:00,0.028
2012-03-12 10:00:00,0.019
2012-03-12 10:30:00,0.015
2012-03-12 11:00:00,0.022
2012-03-12 11:30:00,0.021
2012-03-12 12:00:00,0.028
2012-03-12 12:30:00,0.037
2012-03-12 13:00:00,0.033
2012-03-12 13:30:00,0.012
2012-03-12 14:00:00,0.022
2012-03-12 14:30:00,0.023
2012-03-12 15:00:00,0.018
2012-03-12 15:30:00,0.026
2012-03-12 16:00:00,0.022
2012-03-12 16:30:00,0.02
2012-03-12 17:00:00,0.041
2012-03-12 17:30:00,0.053
2012-03-12 18:00:00,0.088
2012-03-12 18:30:00,0.097
2012-03-12 19:00:00,0.114
2012-03-12 19:30:00,0.11
2012-03-12 20:00:00,0.083
2012-03-12 20:30:00,0.094
2012-03-12 21:00:00,0.093
2012-03-12 21:30:00,0.078
2012-03-12 22:00:00,0.079
2012-03-12 22:30:00,0.04
2012-03-12 23:00:00,0.019
2012-03-12 23:30:00,0.016
2012-03-13 00:00:00,0.023
2012-03-13 00:30:00,2.076
2012-03-13 01:00:00,3.0450001
2012-03-13 01:30:00,2.7390001
2012-03-13 02:00:00,2.2420001
2012-03-13 02:30:00,2.1730001
2012-03-13 03:00:00,2.1359999
2012-03-13 03:30:00,2.089
2012-03-13 04:00:00,1.493
2012-03-13 04:30:00,0.863
2012-03-13 05:00:00,0.853
2012-03-13 05:30:00,0.884
2012-03-13 06:00:00,1.845
2012-03-13 06:30:00,1.348
2012-03-13 07:00:00,0.777
2012-03-13 07:30:00,0.023
2012-03-13 08:00:00,0.023
2012-03-13 08:30:00,0.019
2012-03-13 09:00:00,0.029
2012-03-13 09:30:00,0.034
2012-03-13 10:00:00,0.023
2012-03-13 10:30:00,0.018
2012-03-13 11:00:00,0.022
2012-03-13 11:30:00,0.02
2012-03-13 12:00:00,0.015
2012-03-13 12:30:00,0.023
2012-03-13 13:00:00,0.02
2012-03-13 13:30:00,0.019
2012-03-13 14:00:00,0.023
2012-03-13 14:30:00,0.023
2012-03-13 15:00:00,0.014
2012-03-13 15:30:00,0.022
2012-03-13 16:00:00,0.023
2012-03-13 16:30:00,0.014
2012-03-13 17:00:00,0.025
2012-03-13 17:30:00,0.103
2012-03-13 18:00:00,0.135
2012-03-13 18:30:00,0.084
2012-03-13 19:00:00,0.134
2012-03-13 19:30:00,0.095
2012-03-13 20:00:00,0.088
2012-03-13 20:30:00,0.084
2012-03-13 21:00:00,0.081
2012-03-13 21:30:00,0.081
2012-03-13 22:00:00,0.082
2012-03-13 22:30:00,0.035
2012-03-13 23:00:00,0.019
2012-03-13 23:30:00,0.023
2012-03-14 00:00:00,0.019
2012-03-14 00:30:00,2.069
2012-03-14 01:00:00,3.0420001
2012-03-14 01:30:00,3.5599999
2012-03-14 02:00:00,3.4619999
2012-03-14 02:30:00,2.2409999
2012-03-14 03:00:00,2.1389999
2012-03-14 03:30:00,2.1630001
2012-03-14 04:00:00,1.812
2012-03-14 04:30:00,0.847
2012-03-14 05:00:00,0.852
2012-03-14 05:30:00,0.845
2012-03-14 06:00:00,1.691
2012-03-14 06:30:00,1.865
2012-03-14 07:00:00,1.0829999
2012-03-14 07:30:00,0.03
2012-03-14 08:00:00,0.03
2012-03-14 08:30:00,0.029
2012-03-14 09:00:00,0.021
2012-03-14 09:30:00,0.027
2012-03-14 10:00:00,0.023
2012-03-14 10:30:00,0.017
2012-03-14 11:00:00,0.02
2012-03-14 11:30:00,0.048
2012-03-14 12:00:00,0.039
2012-03-14 12:30:00,0.02
2012-03-14 13:00:00,0.024
2012-03-14 13:30:00,0.015
2012-03-14 14:00:00,0.022
2012-03-14 14:30:00,0.023
2012-03-14 15:00:00,0.02
2012-03-14 15:30:00,0.027
2012-03-14 16:00:00,0.025
2012-03-14 16:30:00,0.018
2012-03-14 17:00:00,0.022
2012-03-14 17:30:00,0.063
2012-03-14 18:00:00,0.059
2012-03-14 18:30:00,0.053
2012-03-14 19:00:00,0.056
2012-03-14 19:30:00,0.125
2012-03-14 20:00:00,0.058
2012-03-14 20:30:00,0.109
2012-03-14 21:00:00,0.115
2012-03-14 21:30:00,0.06
2012-03-14 22:00:00,0.051
2012-03-14 22:30:00,0.034
2012-03-14 23:00:00,0.017
2012-03-14 23:30:00,0.023
2012-03-15 00:00:00,0.018
2012-03-15 00:30:00,2.0420001
2012-03-15 01:00:00,2.974
2012-03-15 01:30:00,3.0039999
2012-03-15 02:00:00,2.2579999
2012-03-15 02:30:00,2.085
2012-03-15 03:00:00,2.2720001
2012-03-15 03:30:00,2.0899999
2012-03-15 04:00:00,1.749
2012-03-15 04:30:00,0.864
2012-03-15 05:00:00,0.86
2012-03-15 05:30:00,0.846
2012-03-15 06:00:00,1.795
2012-03-15 06:30:00,1.6619999
2012-03-15 07:00:00,0.872
2012-03-15 07:30:00,0.719
2012-03-15 08:00:00,0.067
2012-03-15 08:30:00,0.038
2012-03-15 09:00:00,0.649
2012-03-15 09:30:00,0.07
2012-03-15 10:00:00,0.054
2012-03-15 10:30:00,0.012
2012-03-15 11:00:00,0.022
2012-03-15 11:30:00,0.041
2012-03-15 12:00:00,0.07
2012-03-15 12:30:00,0.234
2012-03-15 13:00:00,0.076
2012-03-15 13:30:00,0.01
2012-03-15 14:00:00,0.021
2012-03-15 14:30:00,0.021
2012-03-15 15:00:00,0.014
2012-03-15 15:30:00,0.028
2012-03-15 16:00:00,0.021
2012-03-15 16:30:00,0.011
2012-03-15 17:00:00,0.058
2012-03-15 17:30:00,0.043
2012-03-15 18:00:00,0.072
2012-03-15 18:30:00,0.103
2012-03-15 19:00:00,0.14
2012-03-15 19:30:00,0.093
2012-03-15 20:00:00,0.071
2012-03-15 20:30:00,0.146
2012-03-15 21:00:00,0.135
2012-03-15 21:30:00,0.057
2012-03-15 22:00:00,0.022
2012-03-15 22:30:00,0.015
2012-03-15 23:00:00,0.017
2012-03-15 23:30:00,0.022
2012-03-16 00:00:00,0.015
2012-03-16 00:30:00,0.851
2012-03-16 01:00:00,1.802
2012-03-16 01:30:00,2.4000001
2012-03-16 02:00:00,2.365
2012-03-16 02:30:00,1.0779999
2012-03-16 03:00:00,0.851
2012-03-16 03:30:00,0.868
2012-03-16 04:00:00,0.848
2012-03-16 04:30:00,0.837
2012-03-16 05:00:00,0.844
2012-03-16 05:30:00,0.851
2012-03-16 06:00:00,0.833
2012-03-16 06:30:00,0.839
2012-03-16 07:00:00,0.834
2012-03-16 07:30:00,0.012
2012-03-16 08:00:00,0.021
2012-03-16 08:30:00,0.022
2012-03-16 09:00:00,0.066
2012-03-16 09:30:00,0.029
2012-03-16 10:00:00,0.021
2012-03-16 10:30:00,0.012
2012-03-16 11:00:00,0.022
2012-03-16 11:30:00,0.021
2012-03-16 12:00:00,0.145
2012-03-16 12:30:00,0.045
2012-03-16 13:00:00,0.076
2012-03-16 13:30:00,0.012
2012-03-16 14:00:00,0.022
2012-03-16 14:30:00,0.022
2012-03-16 15:00:00,0.014
2012-03-16 15:30:00,0.029
2012-03-16 16:00:00,0.021
2012-03-16 16:30:00,0.042
2012-03-16 17:00:00,0.052
2012-03-16 17:30:00,0.508
2012-03-16 18:00:00,0.626
2012-03-16 18:30:00,1.005
2012-03-16 19:00:00,2.0280001
2012-03-16 19:30:00,0.633
2012-03-16 20:00:00,0.61
2012-03-16 20:30:00,0.666
2012-03-16 21:00:00,0.653
2012-03-16 21:30:00,0.025
2012-03-16 22:00:00,0.014
2012-03-16 22:30:00,0.019
2012-03-16 23:00:00,0.021
2012-03-16 23:30:00,0.011
2012-03-17 00:00:00,0.021
2012-03-17 00:30:00,2.0369999
2012-03-17 01:00:00,3.072
2012-03-17 01:30:00,3.533
2012-03-17 02:00:00,3.5409999
2012-03-17 02:30:00,2.52
2012-03-17 03:00:00,2.247
2012-03-17 03:30:00,2.0699999
2012-03-17 04:00:00,2.0510001
2012-03-17 04:30:00,2.039
2012-03-17 05:00:00,1.528
2012-03-17 05:30:00,0.832
2012-03-17 06:00:00,0.838
2012-03-17 06:30:00,1.018
2012-03-17 07:00:00,2.026
2012-03-17 07:30:00,0.021
2012-03-17 08:00:00,0.021
2012-03-17 08:30:00,0.022
2012-03-17 09:00:00,0.025
2012-03-17 09:30:00,0.017
2012-03-17 10:00:00,0.022
2012-03-17 10:30:00,0.021
2012-03-17 11:00:00,0.011
2012-03-17 11:30:00,0.022
2012-03-17 12:00:00,0.021
2012-03-17 12:30:00,0.011
2012-03-17 13:00:00,0.021
2012-03-17 13:30:00,0.021
2012-03-17 14:00:00,0.012
2012-03-17 14:30:00,0.021
2012-03-17 15:00:00,0.02
2012-03-17 15:30:00,0.02
2012-03-17 16:00:00,0.021
2012-03-17 16:30:00,0.046
2012-03-17 17:00:00,0.048
2012-03-17 17:30:00,0.16
2012-03-17 18:00:00,0.147
2012-03-17 18:30:00,0.121
2012-03-17 19:00:00,0.135
2012-03-17 19:30:00,0.081
2012-03-17 20:00:00,0.136
2012-03-17 20:30:00,0.15
2012-03-17 21:00:00,0.071
2012-03-17 21:30:00,0.023
2012-03-17 22:00:00,0.02
2012-03-17 22:30:00,0.011
2012-03-17 23:00:00,0.021
2012-03-17 23:30:00,0.019
2012-03-18 00:00:00,0.013
2012-03-18 00:30:00,2.053
2012-03-18 01:00:00,3.0209999
2012-03-18 01:30:00,3.0969999
2012-03-18 02:00:00,2.224
2012-03-18 02:30:00,2.03
2012-03-18 03:00:00,2.247
2012-03-18 03:30:00,2.0550001
2012-03-18 04:00:00,1.819
2012-03-18 04:30:00,0.851
2012-03-18 05:00:00,0.851
2012-03-18 05:30:00,0.835
2012-03-18 06:00:00,1.863
2012-03-18 06:30:00,1.684
2012-03-18 07:00:00,0.837
2012-03-18 07:30:00,0.021
2012-03-18 08:00:00,0.015
2012-03-18 08:30:00,0.017
2012-03-18 09:00:00,0.022
2012-03-18 09:30:00,0.02
2012-03-18 10:00:00,0.025
2012-03-18 10:30:00,0.021
2012-03-18 11:00:00,0.011
2012-03-18 11:30:00,0.02
2012-03-18 12:00:00,0.02
2012-03-18 12:30:00,0.011
2012-03-18 13:00:00,0.02
2012-03-18 13:30:00,0.02
2012-03-18 14:00:00,0.011
2012-03-18 14:30:00,0.02
2012-03-18 15:00:00,0.023
2012-03-18 15:30:00,0.017
2012-03-18 16:00:00,0.021
2012-03-18 16:30:00,0.065
2012-03-18 17:00:00,0.046
2012-03-18 17:30:00,0.051
2012-03-18 18:00:00,0.05
2012-03-18 18:30:00,0.041
2012-03-18 19:00:00,0.073
2012-03-18 19:30:00,0.126
2012-03-18 20:00:00,0.145
2012-03-18 20:30:00,0.078
2012-03-18 21:00:00,0.051
2012-03-18 21:30:00,0.023
2012-03-18 22:00:00,0.019
2012-03-18 22:30:00,0.011
2012-03-18 23:00:00,0.021
2012-03-18 23:30:00,0.02
2012-03-19 00:00:00,0.02
2012-03-19 00:30:00,2.0510001
2012-03-19 01:00:00,2.983
2012-03-19 01:30:00,3.0220001
2012-03-19 02:00:00,2.2639999
2012-03-19 02:30:00,2.079
2012-03-19 03:00:00,2.2880001
2012-03-19 03:30:00,2.075
2012-03-19 04:00:00,1.9809999
2012-03-19 04:30:00,0.86
2012-03-19 05:00:00,0.853
2012-03-19 05:30:00,0.973
2012-03-19 06:00:00,2.0190001
2012-03-19 06:30:00,1.9960001
2012-03-19 07:00:00,1.979
2012-03-19 07:30:00,0.02
2012-03-19 08:00:00,0.02
2012-03-19 08:30:00,0.01
2012-03-19 09:00:00,0.022
2012-03-19 09:30:00,0.027
2012-03-19 10:00:00,0.01
2012-03-19 10:30:00,0.023
2012-03-19 11:00:00,0.021
2012-03-19 11:30:00,0.011
2012-03-19 12:00:00,0.02
2012-03-19 12:30:00,0.021
2012-03-19 13:00:00,0.021
2012-03-19 13:30:00,0.02
2012-03-19 14:00:00,0.021
2012-03-19 14:30:00,0.014
2012-03-19 15:00:00,0.021
2012-03-19 15:30:00,0.027
2012-03-19 16:00:00,0.017
2012-03-19 16:30:00,0.045
2012-03-19 17:00:00,0.051
2012-03-19 17:30:00,0.083
2012-03-19 18:00:00,0.1
2012-03-19 18:30:00,0.056
2012-03-19 19:00:00,0.078
2012-03-19 19:30:00,0.074
2012-03-19 20:00:00,0.106
2012-03-19 20:30:00,0.127
2012-03-19 21:00:00,0.138
2012-03-19 21:30:00,0.076
2012-03-19 22:00:00,0.048
2012-03-19 22:30:00,0.032
2012-03-19 23:00:00,0.021
2012-03-19 23:30:00,0.018
2012-03-20 00:00:00,0.012
2012-03-20 00:30:00,0.844
2012-03-20 01:00:00,0.84
2012-03-20 01:30:00,0.851
2012-03-20 02:00:00,0.86
2012-03-20 02:30:00,0.849
2012-03-20 03:00:00,0.847
2012-03-20 03:30:00,0.854
2012-03-20 04:00:00,0.849
2012-03-20 04:30:00,0.842
2012-03-20 05:00:00,0.845
2012-03-20 05:30:00,0.841
2012-03-20 06:00:00,0.834
2012-03-20 06:30:00,0.828
2012-03-20 07:00:00,0.818
2012-03-20 07:30:00,0.017
2012-03-20 08:00:00,0.02
2012-03-20 08:30:00,0.012
2012-03-20 09:00:00,0.025
2012-03-20 09:30:00,0.026
2012-03-20 10:00:00,0.012
2012-03-20 10:30:00,0.019
2012-03-20 11:00:00,0.019
2012-03-20 11:30:00,0.044
2012-03-20 12:00:00,0.068
2012-03-20 12:30:00,0.04
2012-03-20 13:00:00,0.014
2012-03-20 13:30:00,0.023
2012-03-20 14:00:00,0.023
2012-03-20 14:30:00,0.013
2012-03-20 15:00:00,0.029
2012-03-20 15:30:00,0.029
2012-03-20 16:00:00,0.013
2012-03-20 16:30:00,0.022
2012-03-20 17:00:00,0.022
2012-03-20 17:30:00,0.026
2012-03-20 18:00:00,0.052
2012-03-20 18:30:00,0.053
2012-03-20 19:00:00,0.042
2012-03-20 19:30:00,0.053
2012-03-20 20:00:00,0.052
2012-03-20 20:30:00,0.043
2012-03-20 21:00:00,0.052
2012-03-20 21:30:00,0.053
2012-03-20 22:00:00,0.043
2012-03-20 22:30:00,0.041
2012-03-20 23:00:00,0.023
2012-03-20 23:30:00,0.013
2012-03-21 00:00:00,0.022
2012-03-21 00:30:00,0.844
2012-03-21 01:00:00,0.845
2012-03-21 01:30:00,0.863
2012-03-21 02:00:00,0.856
2012-03-21 02:30:00,0.839
2012-03-21 03:00:00,0.853
2012-03-21 03:30:00,0.854
2012-03-21 04:00:00,0.843
2012-03-21 04:30:00,0.848
2012-03-21 05:00:00,0.839
2012-03-21 05:30:00,0.84
2012-03-21 06:00:00,0.852
2012-03-21 06:30:00,0.842
2012-03-21 07:00:00,0.819
2012-03-21 07:30:00,0.022
2012-03-21 08:00:00,0.022
2012-03-21 08:30:00,0.013
2012-03-21 09:00:00,0.021
2012-03-21 09:30:00,0.002
2012-03-21 10:00:00,0.062
2012-03-21 10:30:00,0.013
2012-03-21 11:00:00,0.034
2012-03-21 11:30:00,0.001
2012-03-21 12:00:00,0.0
2012-03-21 12:30:00,0.0
2012-03-21 13:00:00,0.0
2012-03-21 13:30:00,0.0
2012-03-21 14:00:00,0.021
2012-03-21 14:30:00,0.021
2012-03-21 15:00:00,0.0
2012-03-21 15:30:00,0.161
2012-03-21 16:00:00,0.165
2012-03-21 16:30:00,0.12
2012-03-21 17:00:00,0.116
2012-03-21 17:30:00,0.11
2012-03-21 18:00:00,0.11
2012-03-21 18:30:00,0.114
2012-03-21 19:00:00,0.114
2012-03-21 19:30:00,0.107
2012-03-21 20:00:00,0.107
2012-03-21 20:30:00,0.112
2012-03-21 21:00:00,0.112
2012-03-21 21:30:00,0.104
2012-03-21 22:00:00,0.11
2012-03-21 22:30:00,0.114
2012-03-21 23:00:00,0.118
2012-03-21 23:30:00,0.137
2012-03-22 00:00:00,0.145
2012-03-22 00:30:00,0.953
2012-03-22 01:00:00,0.952
2012-03-22 01:30:00,0.972
2012-03-22 02:00:00,0.983
2012-03-22 02:30:00,0.976
2012-03-22 03:00:00,0.976
2012-03-22 03:30:00,0.98
2012-03-22 04:00:00,0.958
2012-03-22 04:30:00,0.938
2012-03-22 05:00:00,0.939
2012-03-22 05:30:00,0.906
2012-03-22 06:00:00,0.918
2012-03-22 06:30:00,0.918
2012-03-22 07:00:00,0.911
2012-03-22 07:30:00,0.105
2012-03-22 08:00:00,0.104
2012-03-22 08:30:00,0.094
2012-03-22 09:00:00,0.108
2012-03-22 09:30:00,0.102
2012-03-22 10:00:00,0.071
2012-03-22 10:30:00,0.078
2012-03-22 11:00:00,0.078
2012-03-22 11:30:00,0.139
2012-03-22 12:00:00,0.137
2012-03-22 12:30:00,0.105
2012-03-22 13:00:00,0.105
2012-03-22 13:30:00,0.029
2012-03-22 14:00:00,0.031
2012-03-22 14:30:00,0.029
2012-03-22 15:00:00,0.142
2012-03-22 15:30:00,0.03
2012-03-22 16:00:00,0.022
2012-03-22 16:30:00,0.0
2012-03-22 17:00:00,0.0
2012-03-22 17:30:00,0.0
2012-03-22 18:00:00,0.0
2012-03-22 18:30:00,0.0
2012-03-22 19:00:00,0.0
2012-03-22 19:30:00,0.0
2012-03-22 20:00:00,0.0
2012-03-22 20:30:00,0.0
2012-03-22 21:00:00,0.0
2012-03-22 21:30:00,0.0
2012-03-22 22:00:00,0.0
2012-03-22 22:30:00,0.0
2012-03-22 23:00:00,0.0
2012-03-22 23:30:00,0.0
2012-03-23 00:00:00,0.0
2012-03-23 00:30:00,0.0
2012-03-23 01:00:00,0.0
2012-03-23 01:30:00,0.0
2012-03-23 02:00:00,0.0
2012-03-23 02:30:00,0.0
2012-03-23 03:00:00,0.0
2012-03-23 03:30:00,0.0
2012-03-23 04:00:00,0.0
2012-03-23 04:30:00,0.0
2012-03-23 05:00:00,0.0
2012-03-23 05:30:00,0.0
2012-03-23 06:00:00,0.0
2012-03-23 06:30:00,0.0
2012-03-23 07:00:00,0.0
2012-03-23 07:30:00,0.0
2012-03-23 08:00:00,0.0
2012-03-23 08:30:00,0.0
2012-03-23 09:00:00,0.017
2012-03-23 09:30:00,0.03
2012-03-23 10:00:00,0.0
2012-03-23 10:30:00,0.119
2012-03-23 11:00:00,0.012
2012-03-23 11:30:00,0.012
2012-03-23 12:00:00,0.012
2012-03-23 12:30:00,0.012
2012-03-23 13:00:00,0.012
2012-03-23 13:30:00,0.188
2012-03-23 14:00:00,0.281
2012-03-23 14:30:00,0.332
2012-03-23 15:00:00,0.438
2012-03-23 15:30:00,0.368
2012-03-23 16:00:00,0.356
2012-03-23 16:30:00,0.34
2012-03-23 17:00:00,0.087
2012-03-23 17:30:00,0.09
2012-03-23 18:00:00,0.093
2012-03-23 18:30:00,0.091
2012-03-23 19:00:00,0.087
2012-03-23 19:30:00,0.083
2012-03-23 20:00:00,0.09
2012-03-23 20:30:00,0.09
2012-03-23 21:00:00,0.083
2012-03-23 21:30:00,0.087
2012-03-23 22:00:00,0.09
2012-03-23 22:30:00,0.09
2012-03-23 23:00:00,0.082
2012-03-23 23:30:00,0.091
2012-03-24 00:00:00,0.09
2012-03-24 00:30:00,0.892
2012-03-24 01:00:00,0.913
2012-03-24 01:30:00,0.927
2012-03-24 02:00:00,0.923
2012-03-24 02:30:00,0.932
2012-03-24 03:00:00,0.933
2012-03-24 03:30:00,0.926
2012-03-24 04:00:00,0.926
2012-03-24 04:30:00,0.924
2012-03-24 05:00:00,0.918
2012-03-24 05:30:00,0.913
2012-03-24 06:00:00,0.908
2012-03-24 06:30:00,0.893
2012-03-24 07:00:00,0.899
2012-03-24 07:30:00,0.082
2012-03-24 08:00:00,0.072
2012-03-24 08:30:00,0.082
2012-03-24 09:00:00,0.084
2012-03-24 09:30:00,0.078
2012-03-24 10:00:00,0.082
2012-03-24 10:30:00,0.082
2012-03-24 11:00:00,0.072
2012-03-24 11:30:00,0.081
2012-03-24 12:00:00,0.081
2012-03-24 12:30:00,0.073
2012-03-24 13:00:00,0.082
2012-03-24 13:30:00,0.081
2012-03-24 14:00:00,0.071
2012-03-24 14:30:00,0.082
2012-03-24 15:00:00,0.085
2012-03-24 15:30:00,0.08
2012-03-24 16:00:00,0.083
2012-03-24 16:30:00,0.082
2012-03-24 17:00:00,0.072
2012-03-24 17:30:00,0.081
2012-03-24 18:00:00,0.082
2012-03-24 18:30:00,0.072
2012-03-24 19:00:00,0.078
2012-03-24 19:30:00,0.08
2012-03-24 20:00:00,0.071
2012-03-24 20:30:00,0.078
2012-03-24 21:00:00,0.081
2012-03-24 21:30:00,0.073
2012-03-24 22:00:00,0.08
2012-03-24 22:30:00,0.082
2012-03-24 23:00:00,0.074
2012-03-24 23:30:00,0.081
2012-03-25 00:00:00,0.081
2012-03-25 00:30:00,0.902
2012-03-25 01:00:00,0.912
2012-03-25 01:30:00,0.925
2012-03-25 02:00:00,0.92
2012-03-25 02:30:00,0.923
2012-03-25 03:00:00,0.909
2012-03-25 03:30:00,0.899
2012-03-25 04:00:00,0.913
2012-03-25 04:30:00,0.911
2012-03-25 05:00:00,0.897
2012-03-25 05:30:00,0.897
2012-03-25 06:00:00,0.899
2012-03-25 06:30:00,0.892
2012-03-25 07:00:00,0.889
2012-03-25 07:30:00,0.079
2012-03-25 08:00:00,0.24
2012-03-25 08:30:00,1.605
2012-03-25 09:00:00,1.574
2012-03-25 09:30:00,1.386
2012-03-25 10:00:00,0.378
2012-03-25 10:30:00,0.077
2012-03-25 11:00:00,0.16
2012-03-25 11:30:00,0.236
2012-03-25 12:00:00,0.101
2012-03-25 12:30:00,0.202
2012-03-25 13:00:00,0.226
2012-03-25 13:30:00,0.077
2012-03-25 14:00:00,0.225
2012-03-25 14:30:00,0.089
2012-03-25 15:00:00,0.222
2012-03-25 15:30:00,0.076
2012-03-25 16:00:00,0.235
2012-03-25 16:30:00,0.077
2012-03-25 17:00:00,0.22
2012-03-25 17:30:00,0.081
2012-03-25 18:00:00,0.245
2012-03-25 18:30:00,0.077
2012-03-25 19:00:00,0.152
2012-03-25 19:30:00,0.297
2012-03-25 20:00:00,0.045
2012-03-25 20:30:00,0.213
2012-03-25 21:00:00,0.052
2012-03-25 21:30:00,0.096
2012-03-25 22:00:00,0.108
2012-03-25 22:30:00,0.02
2012-03-25 23:00:00,0.187
2012-03-25 23:30:00,0.022
2012-03-26 00:00:00,0.147
2012-03-26 00:30:00,0.844
2012-03-26 01:00:00,1.003
2012-03-26 01:30:00,0.853
2012-03-26 02:00:00,1.003
2012-03-26 02:30:00,0.856
2012-03-26 03:00:00,0.842
2012-03-26 03:30:00,0.996
2012-03-26 04:00:00,0.863
2012-03-26 04:30:00,1.018
2012-03-26 05:00:00,0.842
2012-03-26 05:30:00,0.977
2012-03-26 06:00:00,0.808
2012-03-26 06:30:00,0.923
2012-03-26 07:00:00,0.865
2012-03-26 07:30:00,0.012
2012-03-26 08:00:00,0.187
2012-03-26 08:30:00,0.026
2012-03-26 09:00:00,0.166
2012-03-26 09:30:00,0.021
2012-03-26 10:00:00,0.029
2012-03-26 10:30:00,0.118
2012-03-26 11:00:00,0.174
2012-03-26 11:30:00,0.019
2012-03-26 12:00:00,0.037
2012-03-26 12:30:00,0.17
2012-03-26 13:00:00,0.023
2012-03-26 13:30:00,0.138
2012-03-26 14:00:00,0.023
2012-03-26 14:30:00,0.194
2012-03-26 15:00:00,0.019
2012-03-26 15:30:00,0.015
2012-03-26 16:00:00,0.152
2012-03-26 16:30:00,0.064
2012-03-26 17:00:00,0.193
2012-03-26 17:30:00,0.053
2012-03-26 18:00:00,0.174
2012-03-26 18:30:00,0.476
2012-03-26 19:00:00,0.053
2012-03-26 19:30:00,0.053
2012-03-26 20:00:00,0.323
2012-03-26 20:30:00,0.045
2012-03-26 21:00:00,0.051
2012-03-26 21:30:00,0.052
2012-03-26 22:00:00,0.013
2012-03-26 22:30:00,0.021
2012-03-26 23:00:00,0.021
2012-03-26 23:30:00,0.012
2012-03-27 00:00:00,0.021
2012-03-27 00:30:00,0.843
2012-03-27 01:00:00,0.847
2012-03-27 01:30:00,0.868
2012-03-27 02:00:00,0.873
2012-03-27 02:30:00,0.853
2012-03-27 03:00:00,0.855
2012-03-27 03:30:00,0.857
2012-03-27 04:00:00,0.845
2012-03-27 04:30:00,0.844
2012-03-27 05:00:00,0.845
2012-03-27 05:30:00,0.833
2012-03-27 06:00:00,0.83
2012-03-27 06:30:00,0.832
2012-03-27 07:00:00,0.815
2012-03-27 07:30:00,0.021
2012-03-27 08:00:00,0.025
2012-03-27 08:30:00,1.498
2012-03-27 09:00:00,1.497
2012-03-27 09:30:00,0.692
2012-03-27 10:00:00,0.255
2012-03-27 10:30:00,0.028
2012-03-27 11:00:00,0.032
2012-03-27 11:30:00,0.016
2012-03-27 12:00:00,0.113
2012-03-27 12:30:00,0.022
2012-03-27 13:00:00,0.024
2012-03-27 13:30:00,0.11
2012-03-27 14:00:00,0.021
2012-03-27 14:30:00,0.108
2012-03-27 15:00:00,0.113
2012-03-27 15:30:00,0.021
2012-03-27 16:00:00,0.015
2012-03-27 16:30:00,0.017
2012-03-27 17:00:00,0.052
2012-03-27 17:30:00,0.048
2012-03-27 18:00:00,0.068
2012-03-27 18:30:00,0.057
2012-03-27 19:00:00,0.109
2012-03-27 19:30:00,0.047
2012-03-27 20:00:00,0.05
2012-03-27 20:30:00,0.05
2012-03-27 21:00:00,0.041
2012-03-27 21:30:00,0.051
2012-03-27 22:00:00,0.022
2012-03-27 22:30:00,0.01
2012-03-27 23:00:00,0.021
2012-03-27 23:30:00,0.02
2012-03-28 00:00:00,0.01
2012-03-28 00:30:00,0.86
2012-03-28 01:00:00,0.869
2012-03-28 01:30:00,0.865
2012-03-28 02:00:00,0.873
2012-03-28 02:30:00,0.871
2012-03-28 03:00:00,0.846
2012-03-28 03:30:00,0.857
2012-03-28 04:00:00,0.854
2012-03-28 04:30:00,0.842
2012-03-28 05:00:00,0.849
2012-03-28 05:30:00,0.843
2012-03-28 06:00:00,0.822
2012-03-28 06:30:00,0.836
2012-03-28 07:00:00,0.833
2012-03-28 07:30:00,0.01
2012-03-28 08:00:00,0.034
2012-03-28 08:30:00,1.482
2012-03-28 09:00:00,0.572
2012-03-28 09:30:00,0.181
2012-03-28 10:00:00,0.232
2012-03-28 10:30:00,0.234
2012-03-28 11:00:00,0.042
2012-03-28 11:30:00,0.039
2012-03-28 12:00:00,0.069
2012-03-28 12:30:00,0.023
2012-03-28 13:00:00,0.023
2012-03-28 13:30:00,0.017
2012-03-28 14:00:00,0.054
2012-03-28 14:30:00,0.04
2012-03-28 15:00:00,0.018
2012-03-28 15:30:00,0.018
2012-03-28 16:00:00,0.024
2012-03-28 16:30:00,0.02
2012-03-28 17:00:00,0.046
2012-03-28 17:30:00,0.056
2012-03-28 18:00:00,0.054
2012-03-28 18:30:00,0.074
2012-03-28 19:00:00,0.083
2012-03-28 19:30:00,0.137
2012-03-28 20:00:00,0.089
2012-03-28 20:30:00,0.081
2012-03-28 21:00:00,0.066
2012-03-28 21:30:00,0.05
2012-03-28 22:00:00,0.02
2012-03-28 22:30:00,0.024
2012-03-28 23:00:00,0.022
2012-03-28 23:30:00,0.017
2012-03-29 00:00:00,0.024
2012-03-29 00:30:00,0.022
2012-03-29 01:00:00,0.016
2012-03-29 01:30:00,0.024
2012-03-29 02:00:00,0.027
2012-03-29 02:30:00,0.02
2012-03-29 03:00:00,0.514
2012-03-29 03:30:00,0.067
2012-03-29 04:00:00,0.073
2012-03-29 04:30:00,0.024
2012-03-29 05:00:00,0.023
2012-03-29 05:30:00,0.014
2012-03-29 06:00:00,0.115
2012-03-29 06:30:00,0.289
2012-03-29 07:00:00,0.072
2012-03-29 07:30:00,0.023
2012-03-29 08:00:00,0.033
2012-03-29 08:30:00,1.4349999
2012-03-29 09:00:00,0.438
2012-03-29 09:30:00,0.225
2012-03-29 10:00:00,0.013
2012-03-29 10:30:00,0.199
2012-03-29 11:00:00,0.022
2012-03-29 11:30:00,0.013
2012-03-29 12:00:00,0.077
2012-03-29 12:30:00,0.025
2012-03-29 13:00:00,0.023
2012-03-29 13:30:00,0.038
2012-03-29 14:00:00,0.026
2012-03-29 14:30:00,0.024
2012-03-29 15:00:00,0.022
2012-03-29 15:30:00,0.024
2012-03-29 16:00:00,0.019
2012-03-29 16:30:00,0.02
2012-03-29 17:00:00,0.054
2012-03-29 17:30:00,0.07
2012-03-29 18:00:00,0.078
2012-03-29 18:30:00,0.083
2012-03-29 19:00:00,0.085
2012-03-29 19:30:00,0.08
2012-03-29 20:00:00,0.078
2012-03-29 20:30:00,0.084
2012-03-29 21:00:00,0.065
2012-03-29 21:30:00,0.045
2012-03-29 22:00:00,0.024
2012-03-29 22:30:00,0.023
2012-03-29 23:00:00,0.013
2012-03-29 23:30:00,0.023
2012-03-30 00:00:00,0.022
2012-03-30 00:30:00,0.014
2012-03-30 01:00:00,0.023
2012-03-30 01:30:00,0.023
2012-03-30 02:00:00,0.016
2012-03-30 02:30:00,0.029
2012-03-30 03:00:00,0.023
2012-03-30 03:30:00,0.013
2012-03-30 04:00:00,0.023
2012-03-30 04:30:00,0.023
2012-03-30 05:00:00,0.013
2012-03-30 05:30:00,0.023
2012-03-30 06:00:00,0.023
2012-03-30 06:30:00,0.013
2012-03-30 07:00:00,0.022
2012-03-30 07:30:00,0.023
2012-03-30 08:00:00,0.015
2012-03-30 08:30:00,1.418
2012-03-30 09:00:00,0.544
2012-03-30 09:30:00,0.188
2012-03-30 10:00:00,0.189
2012-03-30 10:30:00,0.401
2012-03-30 11:00:00,0.017
2012-03-30 11:30:00,0.03
2012-03-30 12:00:00,0.062
2012-03-30 12:30:00,0.016
2012-03-30 13:00:00,0.025
2012-03-30 13:30:00,0.026
2012-03-30 14:00:00,0.018
2012-03-30 14:30:00,0.032
2012-03-30 15:00:00,0.026
2012-03-30 15:30:00,0.016
2012-03-30 16:00:00,0.025
2012-03-30 16:30:00,0.055
2012-03-30 17:00:00,0.106
2012-03-30 17:30:00,0.074
2012-03-30 18:00:00,0.091
2012-03-30 18:30:00,0.077
2012-03-30 19:00:00,0.083
2012-03-30 19:30:00,0.146
2012-03-30 20:00:00,0.08
2012-03-30 20:30:00,0.082
2012-03-30 21:00:00,0.067
2012-03-30 21:30:00,0.048
2012-03-30 22:00:00,0.023
2012-03-30 22:30:00,0.024
2012-03-30 23:00:00,0.017
2012-03-30 23:30:00,0.02
2012-03-31 00:00:00,0.024
2012-03-31 00:30:00,0.017
2012-03-31 01:00:00,0.021
2012-03-31 01:30:00,0.024
2012-03-31 02:00:00,0.018
2012-03-31 02:30:00,0.029
2012-03-31 03:00:00,0.024
2012-03-31 03:30:00,0.015
2012-03-31 04:00:00,0.024
2012-03-31 04:30:00,0.024
2012-03-31 05:00:00,0.014
2012-03-31 05:30:00,0.024
2012-03-31 06:00:00,0.024
2012-03-31 06:30:00,0.257
2012-03-31 07:00:00,0.024
2012-03-31 07:30:00,0.024
2012-03-31 08:00:00,0.016
2012-03-31 08:30:00,1.48
2012-03-31 09:00:00,0.727
2012-03-31 09:30:00,0.188
2012-03-31 10:00:00,0.262
2012-03-31 10:30:00,0.057
2012-03-31 11:00:00,0.026
2012-03-31 11:30:00,0.024
2012-03-31 12:00:00,0.019
2012-03-31 12:30:00,0.022
2012-03-31 13:00:00,0.023
2012-03-31 13:30:00,0.023
2012-03-31 14:00:00,0.026
2012-03-31 14:30:00,0.021
2012-03-31 15:00:00,0.023
2012-03-31 15:30:00,0.036
2012-03-31 16:00:00,0.014
2012-03-31 16:30:00,0.023
2012-03-31 17:00:00,0.101
2012-03-31 17:30:00,0.093
2012-03-31 18:00:00,0.084
2012-03-31 18:30:00,0.083
2012-03-31 19:00:00,0.073
2012-03-31 19:30:00,0.082
2012-03-31 20:00:00,0.083
2012-03-31 20:30:00,0.075
2012-03-31 21:00:00,0.066
2012-03-31 21:30:00,0.054
2012-03-31 22:00:00,0.016
2012-03-31 22:30:00,0.023
2012-03-31 23:00:00,0.024
2012-03-31 23:30:00,0.015
2012-04-01 00:00:00,0.023
2012-04-01 00:30:00,2.043
2012-04-01 01:00:00,2.0710001
2012-04-01 01:30:00,2.0810001
2012-04-01 02:00:00,2.086
2012-04-01 02:30:00,2.0869999
2012-04-01 03:00:00,2.069
2012-04-01 03:30:00,2.0650001
2012-04-01 04:00:00,2.073
2012-04-01 04:30:00,2.0650001
2012-04-01 05:00:00,2.049
2012-04-01 05:30:00,2.0409999
2012-04-01 06:00:00,2.3659999
2012-04-01 06:30:00,1.844
2012-04-01 07:00:00,0.875
2012-04-01 07:30:00,0.021
2012-04-01 08:00:00,0.019
2012-04-01 08:30:00,1.388
2012-04-01 09:00:00,0.513
2012-04-01 09:30:00,0.165
2012-04-01 10:00:00,0.024
2012-04-01 10:30:00,0.176
2012-04-01 11:00:00,0.017
2012-04-01 11:30:00,0.024
2012-04-01 12:00:00,0.201
2012-04-01 12:30:00,0.19
2012-04-01 13:00:00,0.073
2012-04-01 13:30:00,0.021
2012-04-01 14:00:00,0.019
2012-04-01 14:30:00,0.031
2012-04-01 15:00:00,0.023
2012-04-01 15:30:00,0.022
2012-04-01 16:00:00,0.049
2012-04-01 16:30:00,0.023
2012-04-01 17:00:00,0.048
2012-04-01 17:30:00,0.356
2012-04-01 18:00:00,0.686
2012-04-01 18:30:00,0.073
2012-04-01 19:00:00,0.083
2012-04-01 19:30:00,0.139
2012-04-01 20:00:00,0.132
2012-04-01 20:30:00,0.084
2012-04-01 21:00:00,0.037
2012-04-01 21:30:00,0.014
2012-04-01 22:00:00,0.024
2012-04-01 22:30:00,0.024
2012-04-01 23:00:00,0.015
2012-04-01 23:30:00,0.023
2012-04-02 00:00:00,0.024
2012-04-02 00:30:00,2.0450001
2012-04-02 01:00:00,2.0669999
2012-04-02 01:30:00,2.0799999
2012-04-02 02:00:00,2.0769999
2012-04-02 02:30:00,2.085
2012-04-02 03:00:00,2.0739999
2012-04-02 03:30:00,2.056
2012-04-02 04:00:00,2.0409999
2012-04-02 04:30:00,2.0339999
2012-04-02 05:00:00,1.916
2012-04-02 05:30:00,0.9
2012-04-02 06:00:00,0.958
2012-04-02 06:30:00,1.995
2012-04-02 07:00:00,1.999
2012-04-02 07:30:00,0.024
2012-04-02 08:00:00,0.026
2012-04-02 08:30:00,1.391
2012-04-02 09:00:00,1.517
2012-04-02 09:30:00,1.17
2012-04-02 10:00:00,0.186
2012-04-02 10:30:00,0.025
2012-04-02 11:00:00,0.02
2012-04-02 11:30:00,0.082
2012-04-02 12:00:00,0.182
2012-04-02 12:30:00,0.027
2012-04-02 13:00:00,0.02
2012-04-02 13:30:00,0.025
2012-04-02 14:00:00,0.025
2012-04-02 14:30:00,0.025
2012-04-02 15:00:00,0.025
2012-04-02 15:30:00,0.024
2012-04-02 16:00:00,0.015
2012-04-02 16:30:00,0.052
2012-04-02 17:00:00,0.114
2012-04-02 17:30:00,0.065
2012-04-02 18:00:00,0.145
2012-04-02 18:30:00,0.143
2012-04-02 19:00:00,0.084
2012-04-02 19:30:00,0.14
2012-04-02 20:00:00,0.142
2012-04-02 20:30:00,0.118
2012-04-02 21:00:00,0.034
2012-04-02 21:30:00,0.025
2012-04-02 22:00:00,0.021
2012-04-02 22:30:00,0.018
2012-04-02 23:00:00,0.025
2012-04-02 23:30:00,0.022
2012-04-03 00:00:00,0.017
2012-04-03 00:30:00,2.0339999
2012-04-03 01:00:00,2.059
2012-04-03 01:30:00,2.062
2012-04-03 02:00:00,2.089
2012-04-03 02:30:00,2.085
2012-04-03 03:00:00,2.04
2012-04-03 03:30:00,2.0420001
2012-04-03 04:00:00,2.0339999
2012-04-03 04:30:00,2.029
2012-04-03 05:00:00,1.339
2012-04-03 05:30:00,0.849
2012-04-03 06:00:00,0.83
2012-04-03 06:30:00,1.7970001
2012-04-03 07:00:00,2.0239999
2012-04-03 07:30:00,0.014
2012-04-03 08:00:00,0.041
2012-04-03 08:30:00,1.526
2012-04-03 09:00:00,0.525
2012-04-03 09:30:00,0.207
2012-04-03 10:00:00,0.164
2012-04-03 10:30:00,0.019
2012-04-03 11:00:00,0.021
2012-04-03 11:30:00,0.041
2012-04-03 12:00:00,0.02
2012-04-03 12:30:00,0.02
2012-04-03 13:00:00,0.043
2012-04-03 13:30:00,0.023
2012-04-03 14:00:00,0.019
2012-04-03 14:30:00,0.032
2012-04-03 15:00:00,0.025
2012-04-03 15:30:00,0.015
2012-04-03 16:00:00,0.039
2012-04-03 16:30:00,0.06
2012-04-03 17:00:00,0.106
2012-04-03 17:30:00,0.132
2012-04-03 18:00:00,0.606
2012-04-03 18:30:00,0.615
2012-04-03 19:00:00,0.594
2012-04-03 19:30:00,0.658
2012-04-03 20:00:00,0.653
2012-04-03 20:30:00,0.272
2012-04-03 21:00:00,0.055
2012-04-03 21:30:00,0.023
2012-04-03 22:00:00,0.017
2012-04-03 22:30:00,0.025
2012-04-03 23:00:00,0.025
2012-04-03 23:30:00,0.015
2012-04-04 00:00:00,0.025
2012-04-04 00:30:00,2.036
2012-04-04 01:00:00,2.0480001
2012-04-04 01:30:00,2.0810001
2012-04-04 02:00:00,2.0869999
2012-04-04 02:30:00,2.0580001
2012-04-04 03:00:00,2.036
2012-04-04 03:30:00,2.0380001
2012-04-04 04:00:00,2.026
2012-04-04 04:30:00,2.023
2012-04-04 05:00:00,1.66
2012-04-04 05:30:00,0.856
2012-04-04 06:00:00,1.05
2012-04-04 06:30:00,1.602
2012-04-04 07:00:00,1.962
2012-04-04 07:30:00,0.03
2012-04-04 08:00:00,0.037
2012-04-04 08:30:00,1.495
2012-04-04 09:00:00,0.333
2012-04-04 09:30:00,0.17
2012-04-04 10:00:00,0.025
2012-04-04 10:30:00,0.226
2012-04-04 11:00:00,0.024
2012-04-04 11:30:00,0.025
2012-04-04 12:00:00,0.014
2012-04-04 12:30:00,0.024
2012-04-04 13:00:00,0.024
2012-04-04 13:30:00,0.015
2012-04-04 14:00:00,0.033
2012-04-04 14:30:00,0.031
2012-04-04 15:00:00,0.019
2012-04-04 15:30:00,0.024
2012-04-04 16:00:00,0.024
2012-04-04 16:30:00,0.067
2012-04-04 17:00:00,0.113
2012-04-04 17:30:00,0.162
2012-04-04 18:00:00,0.421
2012-04-04 18:30:00,0.654
2012-04-04 19:00:00,0.605
2012-04-04 19:30:00,0.668
2012-04-04 20:00:00,0.651
2012-04-04 20:30:00,0.312
2012-04-04 21:00:00,0.038
2012-04-04 21:30:00,0.016
2012-04-04 22:00:00,0.025
2012-04-04 22:30:00,0.056
2012-04-04 23:00:00,0.015
2012-04-04 23:30:00,0.057
2012-04-05 00:00:00,0.025
2012-04-05 00:30:00,2.046
2012-04-05 01:00:00,2.0599999
2012-04-05 01:30:00,2.108
2012-04-05 02:00:00,2.102
2012-04-05 02:30:00,2.0739999
2012-04-05 03:00:00,2.1070001
2012-04-05 03:30:00,2.112
2012-04-05 04:00:00,2.1129999
2012-04-05 04:30:00,2.0929999
2012-04-05 05:00:00,2.0550001
2012-04-05 05:30:00,1.77
2012-04-05 06:00:00,0.993
2012-04-05 06:30:00,0.979
2012-04-05 07:00:00,1.3099999
2012-04-05 07:30:00,0.033
2012-04-05 08:00:00,0.022
2012-04-05 08:30:00,1.355
2012-04-05 09:00:00,1.517
2012-04-05 09:30:00,1.421
2012-04-05 10:00:00,0.219
2012-04-05 10:30:00,0.025
2012-04-05 11:00:00,0.02
2012-04-05 11:30:00,0.043
2012-04-05 12:00:00,0.025
2012-04-05 12:30:00,0.019
2012-04-05 13:00:00,0.02
2012-04-05 13:30:00,0.025
2012-04-05 14:00:00,0.022
2012-04-05 14:30:00,0.027
2012-04-05 15:00:00,0.025
2012-04-05 15:30:00,0.021
2012-04-05 16:00:00,0.679
2012-04-05 16:30:00,0.755
2012-04-05 17:00:00,0.824
2012-04-05 17:30:00,0.776
2012-04-05 18:00:00,0.797
2012-04-05 18:30:00,0.748
2012-04-05 19:00:00,0.723
2012-04-05 19:30:00,0.771
2012-04-05 20:00:00,0.739
2012-04-05 20:30:00,0.246
2012-04-05 21:00:00,0.118
2012-04-05 21:30:00,0.108
2012-04-05 22:00:00,0.138
2012-04-05 22:30:00,0.13
2012-04-05 23:00:00,0.141
2012-04-05 23:30:00,0.122
2012-04-06 00:00:00,0.139
2012-04-06 00:30:00,2.9960001
2012-04-06 01:00:00,3.01
2012-04-06 01:30:00,3.05
2012-04-06 02:00:00,3.0280001
2012-04-06 02:30:00,2.9630001
2012-04-06 03:00:00,2.983
2012-04-06 03:30:00,3.0050001
2012-04-06 04:00:00,2.983
2012-04-06 04:30:00,2.967
2012-04-06 05:00:00,2.938
2012-04-06 05:30:00,2.7909999
2012-04-06 06:00:00,1.781
2012-04-06 06:30:00,1.831
2012-04-06 07:00:00,1.6289999
2012-04-06 07:30:00,0.018
2012-04-06 08:00:00,0.043
2012-04-06 08:30:00,1.536
2012-04-06 09:00:00,0.492
2012-04-06 09:30:00,0.197
2012-04-06 10:00:00,0.183
2012-04-06 10:30:00,0.016
2012-04-06 11:00:00,0.024
2012-04-06 11:30:00,0.025
2012-04-06 12:00:00,0.015
2012-04-06 12:30:00,0.025
2012-04-06 13:00:00,0.025
2012-04-06 13:30:00,0.03
2012-04-06 14:00:00,0.03
2012-04-06 14:30:00,0.031
2012-04-06 15:00:00,0.02
2012-04-06 15:30:00,0.021
2012-04-06 16:00:00,0.025
2012-04-06 16:30:00,0.047
2012-04-06 17:00:00,0.127
2012-04-06 17:30:00,0.614
2012-04-06 18:00:00,0.655
2012-04-06 18:30:00,0.741
2012-04-06 19:00:00,0.646
2012-04-06 19:30:00,0.629
2012-04-06 20:00:00,0.673
2012-04-06 20:30:00,0.261
2012-04-06 21:00:00,0.2
2012-04-06 21:30:00,0.091
2012-04-06 22:00:00,0.092
2012-04-06 22:30:00,0.081
2012-04-06 23:00:00,0.093
2012-04-06 23:30:00,0.091
2012-04-07 00:00:00,0.061
2012-04-07 00:30:00,2.8900001
2012-04-07 01:00:00,2.9159999
2012-04-07 01:30:00,2.95
2012-04-07 02:00:00,2.951
2012-04-07 02:30:00,2.9749999
2012-04-07 03:00:00,2.9790001
2012-04-07 03:30:00,2.9890001
2012-04-07 04:00:00,2.96
2012-04-07 04:30:00,2.934
2012-04-07 05:00:00,2.115
2012-04-07 05:30:00,1.747
2012-04-07 06:00:00,2.175
2012-04-07 06:30:00,2.7690001
2012-04-07 07:00:00,1.566
2012-04-07 07:30:00,0.065
2012-04-07 08:00:00,0.094
2012-04-07 08:30:00,1.525
2012-04-07 09:00:00,1.551
2012-04-07 09:30:00,1.2359999
2012-04-07 10:00:00,0.058
2012-04-07 10:30:00,0.273
2012-04-07 11:00:00,0.062
2012-04-07 11:30:00,0.072
2012-04-07 12:00:00,0.099
2012-04-07 12:30:00,0.082
2012-04-07 13:00:00,0.16
2012-04-07 13:30:00,0.17
2012-04-07 14:00:00,0.147
2012-04-07 14:30:00,0.111
2012-04-07 15:00:00,0.091
2012-04-07 15:30:00,0.066
2012-04-07 16:00:00,0.099
2012-04-07 16:30:00,0.119
2012-04-07 17:00:00,0.631
2012-04-07 17:30:00,0.717
2012-04-07 18:00:00,0.714
2012-04-07 18:30:00,0.667
2012-04-07 19:00:00,0.662
2012-04-07 19:30:00,0.671
2012-04-07 20:00:00,0.653
2012-04-07 20:30:00,0.363
2012-04-07 21:00:00,0.063
2012-04-07 21:30:00,0.027
2012-04-07 22:00:00,0.023
2012-04-07 22:30:00,0.03
2012-04-07 23:00:00,0.027
2012-04-07 23:30:00,0.017
2012-04-08 00:00:00,0.026
2012-04-08 00:30:00,2.8629999
2012-04-08 01:00:00,2.8659999
2012-04-08 01:30:00,2.888
2012-04-08 02:00:00,2.859
2012-04-08 02:30:00,2.868
2012-04-08 03:00:00,2.849
2012-04-08 03:30:00,2.8740001
2012-04-08 04:00:00,2.865
2012-04-08 04:30:00,2.8610001
2012-04-08 05:00:00,2.793
2012-04-08 05:30:00,1.689
2012-04-08 06:00:00,1.707
2012-04-08 06:30:00,2.2060001
2012-04-08 07:00:00,1.795
2012-04-08 07:30:00,0.072
2012-04-08 08:00:00,0.094
2012-04-08 08:30:00,1.55
2012-04-08 09:00:00,0.504
2012-04-08 09:30:00,0.253
2012-04-08 10:00:00,0.223
2012-04-08 10:30:00,0.106
2012-04-08 11:00:00,0.063
2012-04-08 11:30:00,0.075
2012-04-08 12:00:00,0.089
2012-04-08 12:30:00,0.053
2012-04-08 13:00:00,0.064
2012-04-08 13:30:00,0.102
2012-04-08 14:00:00,0.05
2012-04-08 14:30:00,0.065
2012-04-08 15:00:00,0.058
2012-04-08 15:30:00,0.058
2012-04-08 16:00:00,0.117
2012-04-08 16:30:00,0.036
2012-04-08 17:00:00,0.051
2012-04-08 17:30:00,0.113
2012-04-08 18:00:00,0.087
2012-04-08 18:30:00,0.098
2012-04-08 19:00:00,0.138
2012-04-08 19:30:00,0.144
2012-04-08 20:00:00,0.142
2012-04-08 20:30:00,0.075
2012-04-08 21:00:00,0.045
2012-04-08 21:30:00,0.026
2012-04-08 22:00:00,0.018
2012-04-08 22:30:00,0.023
2012-04-08 23:00:00,0.026
2012-04-08 23:30:00,0.021
2012-04-09 00:00:00,0.02
2012-04-09 00:30:00,2.085
2012-04-09 01:00:00,2.0869999
2012-04-09 01:30:00,2.089
2012-04-09 02:00:00,2.0739999
2012-04-09 02:30:00,2.063
2012-04-09 03:00:00,2.046
2012-04-09 03:30:00,2.063
2012-04-09 04:00:00,2.056
2012-04-09 04:30:00,2.0380001
2012-04-09 05:00:00,1.516
2012-04-09 05:30:00,1.082
2012-04-09 06:00:00,0.88
2012-04-09 06:30:00,0.828
2012-04-09 07:00:00,1.66
2012-04-09 07:30:00,0.063
2012-04-09 08:00:00,0.021
2012-04-09 08:30:00,1.497
2012-04-09 09:00:00,0.47
2012-04-09 09:30:00,0.169
2012-04-09 10:00:00,0.025
2012-04-09 10:30:00,0.188
2012-04-09 11:00:00,0.015
2012-04-09 11:30:00,0.025
2012-04-09 12:00:00,0.025
2012-04-09 12:30:00,0.026
2012-04-09 13:00:00,0.017
2012-04-09 13:30:00,0.022
2012-04-09 14:00:00,0.028
2012-04-09 14:30:00,0.026
2012-04-09 15:00:00,0.019
2012-04-09 15:30:00,0.025
2012-04-09 16:00:00,0.019
2012-04-09 16:30:00,0.055
2012-04-09 17:00:00,0.117
2012-04-09 17:30:00,0.095
2012-04-09 18:00:00,0.081
2012-04-09 18:30:00,0.084
2012-04-09 19:00:00,0.102
2012-04-09 19:30:00,0.136
2012-04-09 20:00:00,0.094
2012-04-09 20:30:00,0.079
2012-04-09 21:00:00,0.035
2012-04-09 21:30:00,0.026
2012-04-09 22:00:00,0.018
2012-04-09 22:30:00,0.021
2012-04-09 23:00:00,0.025
2012-04-09 23:30:00,0.018
2012-04-10 00:00:00,0.022
2012-04-10 00:30:00,2.079
2012-04-10 01:00:00,2.079
2012-04-10 01:30:00,2.096
2012-04-10 02:00:00,2.095
2012-04-10 02:30:00,2.0899999
2012-04-10 03:00:00,2.0899999
2012-04-10 03:30:00,2.0910001
2012-04-10 04:00:00,2.082
2012-04-10 04:30:00,2.082
2012-04-10 05:00:00,1.906
2012-04-10 05:30:00,0.851
2012-04-10 06:00:00,0.845
2012-04-10 06:30:00,0.662
2012-04-10 07:00:00,1.2180001
2012-04-10 07:30:00,0.035
2012-04-10 08:00:00,0.029
2012-04-10 08:30:00,1.482
2012-04-10 09:00:00,0.452
2012-04-10 09:30:00,0.139
2012-04-10 10:00:00,0.177
2012-04-10 10:30:00,0.175
2012-04-10 11:00:00,0.025
2012-04-10 11:30:00,0.017
2012-04-10 12:00:00,0.066
2012-04-10 12:30:00,0.027
2012-04-10 13:00:00,0.021
2012-04-10 13:30:00,0.02
2012-04-10 14:00:00,0.029
2012-04-10 14:30:00,0.025
2012-04-10 15:00:00,0.023
2012-04-10 15:30:00,0.026
2012-04-10 16:00:00,0.018
2012-04-10 16:30:00,0.054
2012-04-10 17:00:00,0.112
2012-04-10 17:30:00,0.065
2012-04-10 18:00:00,0.085
2012-04-10 18:30:00,0.121
2012-04-10 19:00:00,0.603
2012-04-10 19:30:00,0.65
2012-04-10 20:00:00,0.606
2012-04-10 20:30:00,0.075
2012-04-10 21:00:00,0.039
2012-04-10 21:30:00,0.025
2012-04-10 22:00:00,0.015
2012-04-10 22:30:00,0.026
2012-04-10 23:00:00,0.025
2012-04-10 23:30:00,0.015
2012-04-11 00:00:00,0.026
2012-04-11 00:30:00,2.072
2012-04-11 01:00:00,2.0829999
2012-04-11 01:30:00,2.089
2012-04-11 02:00:00,2.098
2012-04-11 02:30:00,2.0899999
2012-04-11 03:00:00,2.0880001
2012-04-11 03:30:00,2.085
2012-04-11 04:00:00,2.0669999
2012-04-11 04:30:00,2.05
2012-04-11 05:00:00,1.688
2012-04-11 05:30:00,0.838
2012-04-11 06:00:00,0.835
2012-04-11 06:30:00,1.181
2012-04-11 07:00:00,1.194
2012-04-11 07:30:00,0.025
2012-04-11 08:00:00,0.017
2012-04-11 08:30:00,1.402
2012-04-11 09:00:00,0.428
2012-04-11 09:30:00,0.219
2012-04-11 10:00:00,0.026
2012-04-11 10:30:00,0.172
2012-04-11 11:00:00,0.015
2012-04-11 11:30:00,0.026
2012-04-11 12:00:00,0.025
2012-04-11 12:30:00,0.02
2012-04-11 13:00:00,0.023
2012-04-11 13:30:00,0.026
2012-04-11 14:00:00,0.023
2012-04-11 14:30:00,0.027
2012-04-11 15:00:00,0.026
2012-04-11 15:30:00,0.04
2012-04-11 16:00:00,0.016
2012-04-11 16:30:00,0.517
2012-04-11 17:00:00,0.649
2012-04-11 17:30:00,0.659
2012-04-11 18:00:00,0.655
2012-04-11 18:30:00,0.627
2012-04-11 19:00:00,0.657
2012-04-11 19:30:00,0.085
2012-04-11 20:00:00,0.085
2012-04-11 20:30:00,0.079
2012-04-11 21:00:00,0.035
2012-04-11 21:30:00,0.026
2012-04-11 22:00:00,0.018
2012-04-11 22:30:00,0.024
2012-04-11 23:00:00,0.027
2012-04-11 23:30:00,0.017
2012-04-12 00:00:00,0.025
2012-04-12 00:30:00,2.0580001
2012-04-12 01:00:00,2.0739999
2012-04-12 01:30:00,2.1010001
2012-04-12 02:00:00,2.102
2012-04-12 02:30:00,2.079
2012-04-12 03:00:00,2.0840001
2012-04-12 03:30:00,2.0569999
2012-04-12 04:00:00,2.0309999
2012-04-12 04:30:00,2.036
2012-04-12 05:00:00,1.727
2012-04-12 05:30:00,0.833
2012-04-12 06:00:00,0.833
2012-04-12 06:30:00,1.226
2012-04-12 07:00:00,1.874
2012-04-12 07:30:00,0.076
2012-04-12 08:00:00,0.022
2012-04-12 08:30:00,1.497
2012-04-12 09:00:00,0.35
2012-04-12 09:30:00,0.028
2012-04-12 10:00:00,0.046
2012-04-12 10:30:00,0.219
2012-04-12 11:00:00,0.017
2012-04-12 11:30:00,0.025
2012-04-12 12:00:00,0.04
2012-04-12 12:30:00,0.021
2012-04-12 13:00:00,0.021
2012-04-12 13:30:00,0.027
2012-04-12 14:00:00,0.022
2012-04-12 14:30:00,0.029
2012-04-12 15:00:00,0.026
2012-04-12 15:30:00,0.019
2012-04-12 16:00:00,0.032
2012-04-12 16:30:00,0.052
2012-04-12 17:00:00,0.107
2012-04-12 17:30:00,0.247
2012-04-12 18:00:00,0.613
2012-04-12 18:30:00,0.593
2012-04-12 19:00:00,0.442
2012-04-12 19:30:00,0.085
2012-04-12 20:00:00,0.079
2012-04-12 20:30:00,0.081
2012-04-12 21:00:00,0.04
2012-04-12 21:30:00,0.02
2012-04-12 22:00:00,0.021
2012-04-12 22:30:00,0.027
2012-04-12 23:00:00,0.019
2012-04-12 23:30:00,0.022
2012-04-13 00:00:00,0.026
2012-04-13 00:30:00,2.0420001
2012-04-13 01:00:00,2.063
2012-04-13 01:30:00,2.062
2012-04-13 02:00:00,2.0669999
2012-04-13 02:30:00,2.0910001
2012-04-13 03:00:00,2.0910001
2012-04-13 03:30:00,2.089
2012-04-13 04:00:00,2.095
2012-04-13 04:30:00,2.079
2012-04-13 05:00:00,1.648
2012-04-13 05:30:00,0.844
2012-04-13 06:00:00,0.83
2012-04-13 06:30:00,1.201
2012-04-13 07:00:00,1.617
2012-04-13 07:30:00,0.02
2012-04-13 08:00:00,0.024
2012-04-13 08:30:00,1.48
2012-04-13 09:00:00,1.51
2012-04-13 09:30:00,1.177
2012-04-13 10:00:00,0.199
2012-04-13 10:30:00,0.134
2012-04-13 11:00:00,0.106
2012-04-13 11:30:00,0.028
2012-04-13 12:00:00,0.07
2012-04-13 12:30:00,0.024
2012-04-13 13:00:00,0.026
2012-04-13 13:30:00,0.017
2012-04-13 14:00:00,0.027
2012-04-13 14:30:00,0.034
2012-04-13 15:00:00,0.019
2012-04-13 15:30:00,0.022
2012-04-13 16:00:00,0.026
2012-04-13 16:30:00,0.018
2012-04-13 17:00:00,0.054
2012-04-13 17:30:00,0.056
2012-04-13 18:00:00,0.057
2012-04-13 18:30:00,0.054
2012-04-13 19:00:00,0.055
2012-04-13 19:30:00,0.104
2012-04-13 20:00:00,0.111
2012-04-13 20:30:00,0.054
2012-04-13 21:00:00,0.027
2012-04-13 21:30:00,0.024
2012-04-13 22:00:00,0.025
2012-04-13 22:30:00,0.014
2012-04-13 23:00:00,0.025
2012-04-13 23:30:00,0.025
2012-04-14 00:00:00,0.014
2012-04-14 00:30:00,2.0650001
2012-04-14 01:00:00,2.062
2012-04-14 01:30:00,2.0780001
2012-04-14 02:00:00,2.073
2012-04-14 02:30:00,2.0599999
2012-04-14 03:00:00,2.0769999
2012-04-14 03:30:00,2.0880001
2012-04-14 04:00:00,2.082
2012-04-14 04:30:00,2.052
2012-04-14 05:00:00,1.5369999
2012-04-14 05:30:00,0.834
2012-04-14 06:00:00,0.839
2012-04-14 06:30:00,1.2539999
2012-04-14 07:00:00,1.624
2012-04-14 07:30:00,0.024
2012-04-14 08:00:00,0.027
2012-04-14 08:30:00,1.3660001
2012-04-14 09:00:00,0.796
2012-04-14 09:30:00,0.223
2012-04-14 10:00:00,0.014
2012-04-14 10:30:00,0.184
2012-04-14 11:00:00,0.025
2012-04-14 11:30:00,0.014
2012-04-14 12:00:00,0.024
2012-04-14 12:30:00,0.028
2012-04-14 13:00:00,0.026
2012-04-14 13:30:00,0.025
2012-04-14 14:00:00,0.027
2012-04-14 14:30:00,0.02
2012-04-14 15:00:00,0.025
2012-04-14 15:30:00,0.025
2012-04-14 16:00:00,0.014
2012-04-14 16:30:00,0.039
2012-04-14 17:00:00,0.028
2012-04-14 17:30:00,0.031
2012-04-14 18:00:00,0.108
2012-04-14 18:30:00,0.058
2012-04-14 19:00:00,0.089
2012-04-14 19:30:00,0.116
2012-04-14 20:00:00,0.095
2012-04-14 20:30:00,0.081
2012-04-14 21:00:00,0.068
2012-04-14 21:30:00,0.046
2012-04-14 22:00:00,0.025
2012-04-14 22:30:00,0.019
2012-04-14 23:00:00,0.02
2012-04-14 23:30:00,0.025
2012-04-15 00:00:00,0.025
2012-04-15 00:30:00,2.072
2012-04-15 01:00:00,2.0880001
2012-04-15 01:30:00,2.0929999
2012-04-15 02:00:00,2.0940001
2012-04-15 02:30:00,2.062
2012-04-15 03:00:00,2.0450001
2012-04-15 03:30:00,2.056
2012-04-15 04:00:00,2.049
2012-04-15 04:30:00,2.0569999
2012-04-15 05:00:00,2.0450001
2012-04-15 05:30:00,0.943
2012-04-15 06:00:00,0.835
2012-04-15 06:30:00,0.838
2012-04-15 07:00:00,1.733
2012-04-15 07:30:00,0.024
2012-04-15 08:00:00,0.027
2012-04-15 08:30:00,1.477
2012-04-15 09:00:00,0.365
2012-04-15 09:30:00,0.143
2012-04-15 10:00:00,0.153
2012-04-15 10:30:00,0.022
2012-04-15 11:00:00,0.031
2012-04-15 11:30:00,0.025
2012-04-15 12:00:00,0.021
2012-04-15 12:30:00,0.029
2012-04-15 13:00:00,0.032
2012-04-15 13:30:00,0.019
2012-04-15 14:00:00,0.028
2012-04-15 14:30:00,0.029
2012-04-15 15:00:00,0.017
2012-04-15 15:30:00,0.032
2012-04-15 16:00:00,0.084
2012-04-15 16:30:00,0.045
2012-04-15 17:00:00,0.025
2012-04-15 17:30:00,0.053
2012-04-15 18:00:00,0.095
2012-04-15 18:30:00,0.375
2012-04-15 19:00:00,0.668
2012-04-15 19:30:00,0.661
2012-04-15 20:00:00,0.674
2012-04-15 20:30:00,0.154
2012-04-15 21:00:00,0.061
2012-04-15 21:30:00,0.045
2012-04-15 22:00:00,0.026
2012-04-15 22:30:00,0.018
2012-04-15 23:00:00,0.024
2012-04-15 23:30:00,0.026
2012-04-16 00:00:00,0.02
2012-04-16 00:30:00,2.076
2012-04-16 01:00:00,2.059
2012-04-16 01:30:00,2.0510001
2012-04-16 02:00:00,2.069
2012-04-16 02:30:00,2.0910001
2012-04-16 03:00:00,2.0650001
2012-04-16 03:30:00,2.0650001
2012-04-16 04:00:00,2.0739999
2012-04-16 04:30:00,2.04
2012-04-16 05:00:00,2.027
2012-04-16 05:30:00,1.313
2012-04-16 06:00:00,0.822
2012-04-16 06:30:00,0.836
2012-04-16 07:00:00,1.976
2012-04-16 07:30:00,0.015
2012-04-16 08:00:00,0.028
2012-04-16 08:30:00,1.465
2012-04-16 09:00:00,0.311
2012-04-16 09:30:00,0.229
2012-04-16 10:00:00,0.025
2012-04-16 10:30:00,0.151
2012-04-16 11:00:00,0.026
2012-04-16 11:30:00,0.046
2012-04-16 12:00:00,0.066
2012-04-16 12:30:00,0.025
2012-04-16 13:00:00,0.026
2012-04-16 13:30:00,0.015
2012-04-16 14:00:00,0.028
2012-04-16 14:30:00,0.033
2012-04-16 15:00:00,0.015
2012-04-16 15:30:00,0.026
2012-04-16 16:00:00,0.025
2012-04-16 16:30:00,0.052
2012-04-16 17:00:00,0.084
2012-04-16 17:30:00,0.11
2012-04-16 18:00:00,0.078
2012-04-16 18:30:00,0.313
2012-04-16 19:00:00,0.12
2012-04-16 19:30:00,0.138
2012-04-16 20:00:00,0.14
2012-04-16 20:30:00,0.1
2012-04-16 21:00:00,0.062
2012-04-16 21:30:00,0.04
2012-04-16 22:00:00,0.025
2012-04-16 22:30:00,0.02
2012-04-16 23:00:00,0.02
2012-04-16 23:30:00,0.025
2012-04-17 00:00:00,0.02
2012-04-17 00:30:00,2.0669999
2012-04-17 01:00:00,2.053
2012-04-17 01:30:00,2.05
2012-04-17 02:00:00,2.05
2012-04-17 02:30:00,2.0569999
2012-04-17 03:00:00,2.043
2012-04-17 03:30:00,2.0480001
2012-04-17 04:00:00,2.043
2012-04-17 04:30:00,2.046
2012-04-17 05:00:00,2.0120001
2012-04-17 05:30:00,1.089
2012-04-17 06:00:00,0.817
2012-04-17 06:30:00,0.834
2012-04-17 07:00:00,1.585
2012-04-17 07:30:00,0.016
2012-04-17 08:00:00,0.025
2012-04-17 08:30:00,0.03
2012-04-17 09:00:00,0.016
2012-04-17 09:30:00,0.023
2012-04-17 10:00:00,0.025
2012-04-17 10:30:00,0.016
2012-04-17 11:00:00,0.023
2012-04-17 11:30:00,0.024
2012-04-17 12:00:00,0.017
2012-04-17 12:30:00,0.022
2012-04-17 13:00:00,0.025
2012-04-17 13:30:00,0.016
2012-04-17 14:00:00,0.025
2012-04-17 14:30:00,0.031
2012-04-17 15:00:00,0.017
2012-04-17 15:30:00,0.023
2012-04-17 16:00:00,0.024
2012-04-17 16:30:00,0.016
2012-04-17 17:00:00,0.023
2012-04-17 17:30:00,0.052
2012-04-17 18:00:00,0.075
2012-04-17 18:30:00,0.082
2012-04-17 19:00:00,0.085
2012-04-17 19:30:00,0.073
2012-04-17 20:00:00,0.083
2012-04-17 20:30:00,0.084
2012-04-17 21:00:00,0.057
2012-04-17 21:30:00,0.046
2012-04-17 22:00:00,0.024
2012-04-17 22:30:00,0.015
2012-04-17 23:00:00,0.025
2012-04-17 23:30:00,0.025
2012-04-18 00:00:00,0.015
2012-04-18 00:30:00,2.0450001
2012-04-18 01:00:00,2.0480001
2012-04-18 01:30:00,2.0480001
2012-04-18 02:00:00,2.0799999
2012-04-18 02:30:00,2.0599999
2012-04-18 03:00:00,2.052
2012-04-18 03:30:00,2.0539999
2012-04-18 04:00:00,2.036
2012-04-18 04:30:00,2.026
2012-04-18 05:00:00,2.0250001
2012-04-18 05:30:00,0.88
2012-04-18 06:00:00,0.821
2012-04-18 06:30:00,0.897
2012-04-18 07:00:00,1.978
2012-04-18 07:30:00,0.021
2012-04-18 08:00:00,0.027
2012-04-18 08:30:00,0.019
2012-04-18 09:00:00,0.023
2012-04-18 09:30:00,0.024
2012-04-18 10:00:00,0.016
2012-04-18 10:30:00,0.023
2012-04-18 11:00:00,0.025
2012-04-18 11:30:00,0.014
2012-04-18 12:00:00,0.025
2012-04-18 12:30:00,0.024
2012-04-18 13:00:00,0.014
2012-04-18 13:30:00,0.025
2012-04-18 14:00:00,0.027
2012-04-18 14:30:00,0.018
2012-04-18 15:00:00,0.024
2012-04-18 15:30:00,0.024
2012-04-18 16:00:00,0.015
2012-04-18 16:30:00,0.024
2012-04-18 17:00:00,0.022
2012-04-18 17:30:00,0.044
2012-04-18 18:00:00,0.083
2012-04-18 18:30:00,0.077
2012-04-18 19:00:00,0.079
2012-04-18 19:30:00,0.082
2012-04-18 20:00:00,0.077
2012-04-18 20:30:00,0.082
2012-04-18 21:00:00,0.067
2012-04-18 21:30:00,0.035
2012-04-18 22:00:00,0.025
2012-04-18 22:30:00,0.025
2012-04-18 23:00:00,0.015
2012-04-18 23:30:00,0.025
2012-04-19 00:00:00,0.025
2012-04-19 00:30:00,2.0350001
2012-04-19 01:00:00,2.053
2012-04-19 01:30:00,2.069
2012-04-19 02:00:00,2.0810001
2012-04-19 02:30:00,2.085
2012-04-19 03:00:00,2.0680001
2012-04-19 03:30:00,2.079
2012-04-19 04:00:00,2.0680001
2012-04-19 04:30:00,2.0250001
2012-04-19 05:00:00,1.607
2012-04-19 05:30:00,0.832
2012-04-19 06:00:00,0.824
2012-04-19 06:30:00,1.2819999
2012-04-19 07:00:00,1.8839999
2012-04-19 07:30:00,0.018
2012-04-19 08:00:00,0.028
2012-04-19 08:30:00,0.02
2012-04-19 09:00:00,0.022
2012-04-19 09:30:00,0.024
2012-04-19 10:00:00,0.015
2012-04-19 10:30:00,0.024
2012-04-19 11:00:00,0.024
2012-04-19 11:30:00,0.014
2012-04-19 12:00:00,0.025
2012-04-19 12:30:00,0.024
2012-04-19 13:00:00,0.015
2012-04-19 13:30:00,0.024
2012-04-19 14:00:00,0.026
2012-04-19 14:30:00,0.018
2012-04-19 15:00:00,0.025
2012-04-19 15:30:00,0.02
2012-04-19 16:00:00,0.018
2012-04-19 16:30:00,0.025
2012-04-19 17:00:00,0.016
2012-04-19 17:30:00,0.051
2012-04-19 18:00:00,0.083
2012-04-19 18:30:00,0.073
2012-04-19 19:00:00,0.083
2012-04-19 19:30:00,0.083
2012-04-19 20:00:00,0.074
2012-04-19 20:30:00,0.084
2012-04-19 21:00:00,0.067
2012-04-19 21:30:00,0.035
2012-04-19 22:00:00,0.025
2012-04-19 22:30:00,0.025
2012-04-19 23:00:00,0.014
2012-04-19 23:30:00,0.025
2012-04-20 00:00:00,0.023
2012-04-20 00:30:00,2.0439999
2012-04-20 01:00:00,2.0380001
2012-04-20 01:30:00,2.0510001
2012-04-20 02:00:00,2.073
2012-04-20 02:30:00,2.0669999
2012-04-20 03:00:00,2.036
2012-04-20 03:30:00,2.0439999
2012-04-20 04:00:00,2.033
2012-04-20 04:30:00,2.0420001
2012-04-20 05:00:00,1.8789999
2012-04-20 05:30:00,0.829
2012-04-20 06:00:00,0.824
2012-04-20 06:30:00,1.239
2012-04-20 07:00:00,1.974
2012-04-20 07:30:00,0.022
2012-04-20 08:00:00,0.027
2012-04-20 08:30:00,0.018
2012-04-20 09:00:00,0.025
2012-04-20 09:30:00,0.024
2012-04-20 10:00:00,0.015
2012-04-20 10:30:00,0.024
2012-04-20 11:00:00,0.025
2012-04-20 11:30:00,0.014
2012-04-20 12:00:00,0.024
2012-04-20 12:30:00,0.024
2012-04-20 13:00:00,0.015
2012-04-20 13:30:00,0.024
2012-04-20 14:00:00,0.027
2012-04-20 14:30:00,0.018
2012-04-20 15:00:00,0.024
2012-04-20 15:30:00,0.023
2012-04-20 16:00:00,0.016
2012-04-20 16:30:00,0.024
2012-04-20 17:00:00,0.02
2012-04-20 17:30:00,0.047
2012-04-20 18:00:00,0.085
2012-04-20 18:30:00,0.076
2012-04-20 19:00:00,0.081
2012-04-20 19:30:00,0.083
2012-04-20 20:00:00,0.073
2012-04-20 20:30:00,0.084
2012-04-20 21:00:00,0.066
2012-04-20 21:30:00,0.035
2012-04-20 22:00:00,0.025
2012-04-20 22:30:00,0.025
2012-04-20 23:00:00,0.014
2012-04-20 23:30:00,0.025
2012-04-21 00:00:00,0.023
2012-04-21 00:30:00,2.0350001
2012-04-21 01:00:00,2.063
2012-04-21 01:30:00,2.052
2012-04-21 02:00:00,2.0810001
2012-04-21 02:30:00,2.085
2012-04-21 03:00:00,2.0469999
2012-04-21 03:30:00,2.0610001
2012-04-21 04:00:00,2.0699999
2012-04-21 04:30:00,2.0439999
2012-04-21 05:00:00,2.043
2012-04-21 05:30:00,0.99
2012-04-21 06:00:00,0.83
2012-04-21 06:30:00,0.835
2012-04-21 07:00:00,1.8380001
2012-04-21 07:30:00,0.021
2012-04-21 08:00:00,0.028
2012-04-21 08:30:00,0.017
2012-04-21 09:00:00,0.025
2012-04-21 09:30:00,0.025
2012-04-21 10:00:00,0.014
2012-04-21 10:30:00,0.025
2012-04-21 11:00:00,0.024
2012-04-21 11:30:00,0.014
2012-04-21 12:00:00,0.025
2012-04-21 12:30:00,0.025
2012-04-21 13:00:00,0.014
2012-04-21 13:30:00,0.025
2012-04-21 14:00:00,0.027
2012-04-21 14:30:00,0.018
2012-04-21 15:00:00,0.025
2012-04-21 15:30:00,0.025
2012-04-21 16:00:00,0.015
2012-04-21 16:30:00,0.024
2012-04-21 17:00:00,0.024
2012-04-21 17:30:00,0.044
2012-04-21 18:00:00,0.084
2012-04-21 18:30:00,0.083
2012-04-21 19:00:00,0.075
2012-04-21 19:30:00,0.084
2012-04-21 20:00:00,0.08
2012-04-21 20:30:00,0.079
2012-04-21 21:00:00,0.068
2012-04-21 21:30:00,0.039
2012-04-21 22:00:00,0.021
2012-04-21 22:30:00,0.025
2012-04-21 23:00:00,0.016
2012-04-21 23:30:00,0.023
2012-04-22 00:00:00,0.025
2012-04-22 00:30:00,2.027
2012-04-22 01:00:00,2.0280001
2012-04-22 01:30:00,2.062
2012-04-22 02:00:00,2.0699999
2012-04-22 02:30:00,2.0880001
2012-04-22 03:00:00,2.0639999
2012-04-22 03:30:00,2.0350001
2012-04-22 04:00:00,2.04
2012-04-22 04:30:00,2.017
2012-04-22 05:00:00,1.8150001
2012-04-22 05:30:00,0.839
2012-04-22 06:00:00,0.82
2012-04-22 06:30:00,1.646
2012-04-22 07:00:00,2.0179999
2012-04-22 07:30:00,0.015
2012-04-22 08:00:00,0.027
2012-04-22 08:30:00,0.028
2012-04-22 09:00:00,0.015
2012-04-22 09:30:00,0.024
2012-04-22 10:00:00,0.025
2012-04-22 10:30:00,0.015
2012-04-22 11:00:00,0.024
2012-04-22 11:30:00,0.025
2012-04-22 12:00:00,0.014
2012-04-22 12:30:00,0.025
2012-04-22 13:00:00,0.024
2012-04-22 13:30:00,0.015
2012-04-22 14:00:00,0.028
2012-04-22 14:30:00,0.026
2012-04-22 15:00:00,0.016
2012-04-22 15:30:00,0.025
2012-04-22 16:00:00,0.021
2012-04-22 16:30:00,0.018
2012-04-22 17:00:00,0.025
2012-04-22 17:30:00,0.048
2012-04-22 18:00:00,0.08
2012-04-22 18:30:00,0.084
2012-04-22 19:00:00,0.077
2012-04-22 19:30:00,0.082
2012-04-22 20:00:00,0.084
2012-04-22 20:30:00,0.075
2012-04-22 21:00:00,0.067
2012-04-22 21:30:00,0.045
2012-04-22 22:00:00,0.015
2012-04-22 22:30:00,0.024
2012-04-22 23:00:00,0.025
2012-04-22 23:30:00,0.015
2012-04-23 00:00:00,0.025
2012-04-23 00:30:00,2.03
2012-04-23 01:00:00,2.027
2012-04-23 01:30:00,2.0550001
2012-04-23 02:00:00,2.0680001
2012-04-23 02:30:00,2.062
2012-04-23 03:00:00,2.0699999
2012-04-23 03:30:00,2.086
2012-04-23 04:00:00,2.036
2012-04-23 04:30:00,2.0280001
2012-04-23 05:00:00,1.561
2012-04-23 05:30:00,0.837
2012-04-23 06:00:00,0.829
2012-04-23 06:30:00,1.613
2012-04-23 07:00:00,1.995
2012-04-23 07:30:00,0.024
2012-04-23 08:00:00,0.018
2012-04-23 08:30:00,0.028
2012-04-23 09:00:00,0.022
2012-04-23 09:30:00,0.018
2012-04-23 10:00:00,0.024
2012-04-23 10:30:00,0.022
2012-04-23 11:00:00,0.017
2012-04-23 11:30:00,0.025
2012-04-23 12:00:00,0.022
2012-04-23 12:30:00,0.017
2012-04-23 13:00:00,0.025
2012-04-23 13:30:00,0.019
2012-04-23 14:00:00,0.022
2012-04-23 14:30:00,0.028
2012-04-23 15:00:00,0.015
2012-04-23 15:30:00,0.023
2012-04-23 16:00:00,0.025
2012-04-23 16:30:00,0.015
2012-04-23 17:00:00,0.024
2012-04-23 17:30:00,0.052
2012-04-23 18:00:00,0.074
2012-04-23 18:30:00,0.084
2012-04-23 19:00:00,0.084
2012-04-23 19:30:00,0.072
2012-04-23 20:00:00,0.084
2012-04-23 20:30:00,0.081
2012-04-23 21:00:00,0.06
2012-04-23 21:30:00,0.046
2012-04-23 22:00:00,0.018
2012-04-23 22:30:00,0.021
2012-04-23 23:00:00,0.025
2012-04-23 23:30:00,0.017
2012-04-24 00:00:00,0.023
2012-04-24 00:30:00,2.069
2012-04-24 01:00:00,2.056
2012-04-24 01:30:00,2.0829999
2012-04-24 02:00:00,2.0840001
2012-04-24 02:30:00,2.0769999
2012-04-24 03:00:00,2.0610001
2012-04-24 03:30:00,2.05
2012-04-24 04:00:00,2.0380001
2012-04-24 04:30:00,2.0320001
2012-04-24 05:00:00,1.549
2012-04-24 05:30:00,0.84
2012-04-24 06:00:00,0.827
2012-04-24 06:30:00,1.781
2012-04-24 07:00:00,1.9450001
2012-04-24 07:30:00,0.025
2012-04-24 08:00:00,0.017
2012-04-24 08:30:00,0.027
2012-04-24 09:00:00,0.024
2012-04-24 09:30:00,0.015
2012-04-24 10:00:00,0.024
2012-04-24 10:30:00,0.021
2012-04-24 11:00:00,0.018
2012-04-24 11:30:00,0.025
2012-04-24 12:00:00,0.018
2012-04-24 12:30:00,0.02
2012-04-24 13:00:00,0.025
2012-04-24 13:30:00,0.015
2012-04-24 14:00:00,0.026
2012-04-24 14:30:00,0.027
2012-04-24 15:00:00,0.015
2012-04-24 15:30:00,0.024
2012-04-24 16:00:00,0.024
2012-04-24 16:30:00,0.015
2012-04-24 17:00:00,0.024
2012-04-24 17:30:00,0.053
2012-04-24 18:00:00,0.075
2012-04-24 18:30:00,0.084
2012-04-24 19:00:00,0.083
2012-04-24 19:30:00,0.075
2012-04-24 20:00:00,0.084
2012-04-24 20:30:00,0.08
2012-04-24 21:00:00,0.062
2012-04-24 21:30:00,0.046
2012-04-24 22:00:00,0.016
2012-04-24 22:30:00,0.023
2012-04-24 23:00:00,0.025
2012-04-24 23:30:00,0.015
2012-04-25 00:00:00,0.025
2012-04-25 00:30:00,2.063
2012-04-25 01:00:00,2.026
2012-04-25 01:30:00,2.062
2012-04-25 02:00:00,2.0650001
2012-04-25 02:30:00,2.056
2012-04-25 03:00:00,2.0539999
2012-04-25 03:30:00,2.063
2012-04-25 04:00:00,2.0599999
2012-04-25 04:30:00,2.0309999
2012-04-25 05:00:00,1.558
2012-04-25 05:30:00,0.834
2012-04-25 06:00:00,0.83
2012-04-25 06:30:00,1.849
2012-04-25 07:00:00,1.9579999
2012-04-25 07:30:00,0.022
2012-04-25 08:00:00,0.02
2012-04-25 08:30:00,0.027
2012-04-25 09:00:00,0.019
2012-04-25 09:30:00,0.021
2012-04-25 10:00:00,0.024
2012-04-25 10:30:00,0.017
2012-04-25 11:00:00,0.022
2012-04-25 11:30:00,0.025
2012-04-25 12:00:00,0.014
2012-04-25 12:30:00,0.024
2012-04-25 13:00:00,0.025
2012-04-25 13:30:00,0.014
2012-04-25 14:00:00,0.027
2012-04-25 14:30:00,0.025
2012-04-25 15:00:00,0.018
2012-04-25 15:30:00,0.024
2012-04-25 16:00:00,0.016
2012-04-25 16:30:00,0.023
2012-04-25 17:00:00,0.024
2012-04-25 17:30:00,0.042
2012-04-25 18:00:00,0.084
2012-04-25 18:30:00,0.083
2012-04-25 19:00:00,0.074
2012-04-25 19:30:00,0.084
2012-04-25 20:00:00,0.081
2012-04-25 20:30:00,0.077
2012-04-25 21:00:00,0.067
2012-04-25 21:30:00,0.038
2012-04-25 22:00:00,0.022
2012-04-25 22:30:00,0.025
2012-04-25 23:00:00,0.015
2012-04-25 23:30:00,0.025
2012-04-26 00:00:00,0.025
2012-04-26 00:30:00,2.0710001
2012-04-26 01:00:00,2.073
2012-04-26 01:30:00,2.0840001
2012-04-26 02:00:00,2.0880001
2012-04-26 02:30:00,2.0769999
2012-04-26 03:00:00,2.0580001
2012-04-26 03:30:00,2.0469999
2012-04-26 04:00:00,2.0309999
2012-04-26 04:30:00,2.027
2012-04-26 05:00:00,1.1440001
2012-04-26 05:30:00,0.838
2012-04-26 06:00:00,1.2130001
2012-04-26 06:30:00,1.803
2012-04-26 07:00:00,1.354
2012-04-26 07:30:00,0.021
2012-04-26 08:00:00,0.027
2012-04-26 08:30:00,0.018
2012-04-26 09:00:00,0.024
2012-04-26 09:30:00,0.025
2012-04-26 10:00:00,0.014
2012-04-26 10:30:00,0.025
2012-04-26 11:00:00,0.024
2012-04-26 11:30:00,0.014
2012-04-26 12:00:00,0.025
2012-04-26 12:30:00,0.022
2012-04-26 13:00:00,0.017
2012-04-26 13:30:00,0.024
2012-04-26 14:00:00,0.022
2012-04-26 14:30:00,0.023
2012-04-26 15:00:00,0.025
2012-04-26 15:30:00,0.017
2012-04-26 16:00:00,0.021
2012-04-26 16:30:00,0.025
2012-04-26 17:00:00,0.014
2012-04-26 17:30:00,0.052
2012-04-26 18:00:00,0.085
2012-04-26 18:30:00,0.075
2012-04-26 19:00:00,0.083
2012-04-26 19:30:00,0.083
2012-04-26 20:00:00,0.074
2012-04-26 20:30:00,0.083
2012-04-26 21:00:00,0.063
2012-04-26 21:30:00,0.038
2012-04-26 22:00:00,0.025
2012-04-26 22:30:00,0.02
2012-04-26 23:00:00,0.02
2012-04-26 23:30:00,0.025
2012-04-27 00:00:00,0.018
2012-04-27 00:30:00,2.063
2012-04-27 01:00:00,2.079
2012-04-27 01:30:00,2.0639999
2012-04-27 02:00:00,2.076
2012-04-27 02:30:00,2.0739999
2012-04-27 03:00:00,2.0599999
2012-04-27 03:30:00,2.0580001
2012-04-27 04:00:00,2.0610001
2012-04-27 04:30:00,2.0220001
2012-04-27 05:00:00,1.0829999
2012-04-27 05:30:00,0.842
2012-04-27 06:00:00,1.251
2012-04-27 06:30:00,1.987
2012-04-27 07:00:00,1.349
2012-04-27 07:30:00,0.024
2012-04-27 08:00:00,0.027
2012-04-27 08:30:00,0.018
2012-04-27 09:00:00,0.024
2012-04-27 09:30:00,0.025
2012-04-27 10:00:00,0.014
2012-04-27 10:30:00,0.025
2012-04-27 11:00:00,0.024
2012-04-27 11:30:00,0.015
2012-04-27 12:00:00,0.024
2012-04-27 12:30:00,0.024
2012-04-27 13:00:00,0.015
2012-04-27 13:30:00,0.024
2012-04-27 14:00:00,0.026
2012-04-27 14:30:00,0.019
2012-04-27 15:00:00,0.024
2012-04-27 15:30:00,0.022
2012-04-27 16:00:00,0.018
2012-04-27 16:30:00,0.025
2012-04-27 17:00:00,0.021
2012-04-27 17:30:00,0.046
2012-04-27 18:00:00,0.084
2012-04-27 18:30:00,0.078
2012-04-27 19:00:00,0.079
2012-04-27 19:30:00,0.085
2012-04-27 20:00:00,0.076
2012-04-27 20:30:00,0.081
2012-04-27 21:00:00,0.067
2012-04-27 21:30:00,0.038
2012-04-27 22:00:00,0.022
2012-04-27 22:30:00,0.025
2012-04-27 23:00:00,0.016
2012-04-27 23:30:00,0.024
2012-04-28 00:00:00,0.025
2012-04-28 00:30:00,2.0320001
2012-04-28 01:00:00,2.0669999
2012-04-28 01:30:00,2.0669999
2012-04-28 02:00:00,2.0680001
2012-04-28 02:30:00,2.0710001
2012-04-28 03:00:00,2.076
2012-04-28 03:30:00,2.0480001
2012-04-28 04:00:00,2.059
2012-04-28 04:30:00,2.0320001
2012-04-28 05:00:00,1.293
2012-04-28 05:30:00,0.844
2012-04-28 06:00:00,0.837
2012-04-28 06:30:00,1.7869999
2012-04-28 07:00:00,1.558
2012-04-28 07:30:00,0.018
2012-04-28 08:00:00,0.024
2012-04-28 08:30:00,0.028
2012-04-28 09:00:00,0.017
2012-04-28 09:30:00,0.022
2012-04-28 10:00:00,0.025
2012-04-28 10:30:00,0.018
2012-04-28 11:00:00,0.021
2012-04-28 11:30:00,0.025
2012-04-28 12:00:00,0.018
2012-04-28 12:30:00,0.021
2012-04-28 13:00:00,0.025
2012-04-28 13:30:00,0.016
2012-04-28 14:00:00,0.026
2012-04-28 14:30:00,0.028
2012-04-28 15:00:00,0.014
2012-04-28 15:30:00,0.025
2012-04-28 16:00:00,0.024
2012-04-28 16:30:00,0.015
2012-04-28 17:00:00,0.024
2012-04-28 17:30:00,0.05
2012-04-28 18:00:00,0.075
2012-04-28 18:30:00,0.083
2012-04-28 19:00:00,0.08
2012-04-28 19:30:00,0.078
2012-04-28 20:00:00,0.084
2012-04-28 20:30:00,0.076
2012-04-28 21:00:00,0.066
2012-04-28 21:30:00,0.046
2012-04-28 22:00:00,0.014
2012-04-28 22:30:00,0.025
2012-04-28 23:00:00,0.023
2012-04-28 23:30:00,0.016
2012-04-29 00:00:00,0.025
2012-04-29 00:30:00,2.0380001
2012-04-29 01:00:00,2.0380001
2012-04-29 01:30:00,2.0639999
2012-04-29 02:00:00,2.0699999
2012-04-29 02:30:00,2.066
2012-04-29 03:00:00,2.056
2012-04-29 03:30:00,2.0280001
2012-04-29 04:00:00,2.0350001
2012-04-29 04:30:00,2.03
2012-04-29 05:00:00,2.0239999
2012-04-29 05:30:00,1.6900001
2012-04-29 06:00:00,0.826
2012-04-29 06:30:00,0.833
2012-04-29 07:00:00,0.965
2012-04-29 07:30:00,0.015
2012-04-29 08:00:00,0.039
2012-04-29 08:30:00,0.024
2012-04-29 09:00:00,0.02
2012-04-29 09:30:00,0.025
2012-04-29 10:00:00,0.027
2012-04-29 10:30:00,0.045
2012-04-29 11:00:00,0.024
2012-04-29 11:30:00,0.015
2012-04-29 12:00:00,0.024
2012-04-29 12:30:00,0.023
2012-04-29 13:00:00,0.016
2012-04-29 13:30:00,0.024
2012-04-29 14:00:00,0.022
2012-04-29 14:30:00,0.023
2012-04-29 15:00:00,0.024
2012-04-29 15:30:00,0.033
2012-04-29 16:00:00,0.056
2012-04-29 16:30:00,0.053
2012-04-29 17:00:00,0.015
2012-04-29 17:30:00,0.052
2012-04-29 18:00:00,0.144
2012-04-29 18:30:00,0.122
2012-04-29 19:00:00,0.084
2012-04-29 19:30:00,0.138
2012-04-29 20:00:00,0.132
2012-04-29 20:30:00,0.083
2012-04-29 21:00:00,0.062
2012-04-29 21:30:00,0.039
2012-04-29 22:00:00,0.025
2012-04-29 22:30:00,0.018
2012-04-29 23:00:00,0.021
2012-04-29 23:30:00,0.025
2012-04-30 00:00:00,0.017
2012-04-30 00:30:00,2.0510001
2012-04-30 01:00:00,2.0569999
2012-04-30 01:30:00,2.0420001
2012-04-30 02:00:00,2.066
2012-04-30 02:30:00,2.0880001
2012-04-30 03:00:00,2.0680001
2012-04-30 03:30:00,2.0810001
2012-04-30 04:00:00,2.0669999
2012-04-30 04:30:00,2.053
2012-04-30 05:00:00,1.961
2012-04-30 05:30:00,0.837
2012-04-30 06:00:00,0.824
2012-04-30 06:30:00,0.833
2012-04-30 07:00:00,1.984
2012-04-30 07:30:00,0.025
2012-04-30 08:00:00,0.026
2012-04-30 08:30:00,1.311
2012-04-30 09:00:00,1.511
2012-04-30 09:30:00,1.506
2012-04-30 10:00:00,0.73
2012-04-30 10:30:00,0.21
2012-04-30 11:00:00,0.021
2012-04-30 11:30:00,0.018
2012-04-30 12:00:00,0.024
2012-04-30 12:30:00,0.022
2012-04-30 13:00:00,0.017
2012-04-30 13:30:00,0.025
2012-04-30 14:00:00,0.024
2012-04-30 14:30:00,0.02
2012-04-30 15:00:00,0.025
2012-04-30 15:30:00,0.023
2012-04-30 16:00:00,0.016
2012-04-30 16:30:00,0.053
2012-04-30 17:00:00,0.025
2012-04-30 17:30:00,0.034
2012-04-30 18:00:00,0.064
2012-04-30 18:30:00,0.088
2012-04-30 19:00:00,0.081
2012-04-30 19:30:00,0.087
2012-04-30 20:00:00,0.083
2012-04-30 20:30:00,0.073
2012-04-30 21:00:00,0.084
2012-04-30 21:30:00,0.072
2012-04-30 22:00:00,0.014
2012-04-30 22:30:00,0.025
2012-04-30 23:00:00,0.025
2012-04-30 23:30:00,0.015
2012-05-01 00:00:00,0.025
2012-05-01 00:30:00,2.0380001
2012-05-01 01:00:00,2.023
2012-05-01 01:30:00,2.0569999
2012-05-01 02:00:00,2.0710001
2012-05-01 02:30:00,2.0650001
2012-05-01 03:00:00,2.056
2012-05-01 03:30:00,2.0420001
2012-05-01 04:00:00,2.033
2012-05-01 04:30:00,2.0190001
2012-05-01 05:00:00,1.05
2012-05-01 05:30:00,0.832
2012-05-01 06:00:00,0.505
2012-05-01 06:30:00,1.965
2012-05-01 07:00:00,1.308
2012-05-01 07:30:00,0.032
2012-05-01 08:00:00,0.023
2012-05-01 08:30:00,1.428
2012-05-01 09:00:00,0.667
2012-05-01 09:30:00,0.201
2012-05-01 10:00:00,0.014
2012-05-01 10:30:00,0.201
2012-05-01 11:00:00,0.047
2012-05-01 11:30:00,0.021
2012-05-01 12:00:00,0.067
2012-05-01 12:30:00,0.026
2012-05-01 13:00:00,0.016
2012-05-01 13:30:00,0.025
2012-05-01 14:00:00,0.029
2012-05-01 14:30:00,0.022
2012-05-01 15:00:00,0.023
2012-05-01 15:30:00,0.026
2012-05-01 16:00:00,0.048
2012-05-01 16:30:00,0.029
2012-05-01 17:00:00,0.027
2012-05-01 17:30:00,0.038
2012-05-01 18:00:00,0.055
2012-05-01 18:30:00,0.079
2012-05-01 19:00:00,0.086
2012-05-01 19:30:00,0.087
2012-05-01 20:00:00,0.075
2012-05-01 20:30:00,0.084
2012-05-01 21:00:00,0.085
2012-05-01 21:30:00,0.061
2012-05-01 22:00:00,0.025
2012-05-01 22:30:00,0.025
2012-05-01 23:00:00,0.014
2012-05-01 23:30:00,0.026
2012-05-02 00:00:00,0.024
2012-05-02 00:30:00,2.039
2012-05-02 01:00:00,2.039
2012-05-02 01:30:00,2.062
2012-05-02 02:00:00,2.052
2012-05-02 02:30:00,2.0539999
2012-05-02 03:00:00,2.0179999
2012-05-02 03:30:00,2.0120001
2012-05-02 04:00:00,2.0239999
2012-05-02 04:30:00,1.938
2012-05-02 05:00:00,0.847
2012-05-02 05:30:00,0.834
2012-05-02 06:00:00,1.133
2012-05-02 06:30:00,1.955
2012-05-02 07:00:00,0.859
2012-05-02 07:30:00,0.028
2012-05-02 08:00:00,0.024
2012-05-02 08:30:00,1.473
2012-05-02 09:00:00,1.5039999
2012-05-02 09:30:00,1.063
2012-05-02 10:00:00,0.193
2012-05-02 10:30:00,0.179
2012-05-02 11:00:00,0.019
2012-05-02 11:30:00,0.025
2012-05-02 12:00:00,0.064
2012-05-02 12:30:00,0.022
2012-05-02 13:00:00,0.032
2012-05-02 13:30:00,0.023
2012-05-02 14:00:00,0.021
2012-05-02 14:30:00,0.029
2012-05-02 15:00:00,0.023
2012-05-02 15:30:00,0.018
2012-05-02 16:00:00,0.027
2012-05-02 16:30:00,0.023
2012-05-02 17:00:00,0.019
2012-05-02 17:30:00,0.059
2012-05-02 18:00:00,0.054
2012-05-02 18:30:00,0.129
2012-05-02 19:00:00,0.085
2012-05-02 19:30:00,0.137
2012-05-02 20:00:00,0.132
2012-05-02 20:30:00,0.086
2012-05-02 21:00:00,0.082
2012-05-02 21:30:00,0.064
2012-05-02 22:00:00,0.026
2012-05-02 22:30:00,0.023
2012-05-02 23:00:00,0.017
2012-05-02 23:30:00,0.026
2012-05-03 00:00:00,0.022
2012-05-03 00:30:00,2.049
2012-05-03 01:00:00,2.069
2012-05-03 01:30:00,2.0710001
2012-05-03 02:00:00,2.0739999
2012-05-03 02:30:00,2.082
2012-05-03 03:00:00,2.0539999
2012-05-03 03:30:00,2.066
2012-05-03 04:00:00,2.062
2012-05-03 04:30:00,1.8839999
2012-05-03 05:00:00,0.832
2012-05-03 05:30:00,0.928
2012-05-03 06:00:00,1.995
2012-05-03 06:30:00,1.637
2012-05-03 07:00:00,0.403
2012-05-03 07:30:00,0.023
2012-05-03 08:00:00,0.025
2012-05-03 08:30:00,1.365
2012-05-03 09:00:00,0.533
2012-05-03 09:30:00,0.188
2012-05-03 10:00:00,0.176
2012-05-03 10:30:00,0.015
2012-05-03 11:00:00,0.024
2012-05-03 11:30:00,0.025
2012-05-03 12:00:00,0.054
2012-05-03 12:30:00,0.025
2012-05-03 13:00:00,0.026
2012-05-03 13:30:00,0.015
2012-05-03 14:00:00,0.027
2012-05-03 14:30:00,0.029
2012-05-03 15:00:00,0.015
2012-05-03 15:30:00,0.026
2012-05-03 16:00:00,0.041
2012-05-03 16:30:00,0.074
2012-05-03 17:00:00,0.065
2012-05-03 17:30:00,0.039
2012-05-03 18:00:00,0.056
2012-05-03 18:30:00,0.093
2012-05-03 19:00:00,0.089
2012-05-03 19:30:00,0.134
2012-05-03 20:00:00,0.14
2012-05-03 20:30:00,0.084
2012-05-03 21:00:00,0.074
2012-05-03 21:30:00,0.072
2012-05-03 22:00:00,0.024
2012-05-03 22:30:00,0.015
2012-05-03 23:00:00,0.025
2012-05-03 23:30:00,0.024
2012-05-04 00:00:00,0.015
2012-05-04 00:30:00,2.04
2012-05-04 01:00:00,2.053
2012-05-04 01:30:00,2.0639999
2012-05-04 02:00:00,2.086
2012-05-04 02:30:00,2.0799999
2012-05-04 03:00:00,2.079
2012-05-04 03:30:00,2.0810001
2012-05-04 04:00:00,2.0610001
2012-05-04 04:30:00,2.052
2012-05-04 05:00:00,0.931
2012-05-04 05:30:00,0.823
2012-05-04 06:00:00,1.6059999
2012-05-04 06:30:00,1.8430001
2012-05-04 07:00:00,0.284
2012-05-04 07:30:00,0.044
2012-05-04 08:00:00,0.038
2012-05-04 08:30:00,1.376
2012-05-04 09:00:00,0.426
2012-05-04 09:30:00,0.177
2012-05-04 10:00:00,0.157
2012-05-04 10:30:00,0.028
2012-05-04 11:00:00,0.019
2012-05-04 11:30:00,0.022
2012-05-04 12:00:00,0.07
2012-05-04 12:30:00,0.019
2012-05-04 13:00:00,0.023
2012-05-04 13:30:00,0.025
2012-05-04 14:00:00,0.019
2012-05-04 14:30:00,0.028
2012-05-04 15:00:00,0.026
2012-05-04 15:30:00,0.015
2012-05-04 16:00:00,0.025
2012-05-04 16:30:00,0.026
2012-05-04 17:00:00,0.015
2012-05-04 17:30:00,0.042
2012-05-04 18:00:00,0.054
2012-05-04 18:30:00,0.078
2012-05-04 19:00:00,0.091
2012-05-04 19:30:00,0.13
2012-05-04 20:00:00,0.08
2012-05-04 20:30:00,0.086
2012-05-04 21:00:00,0.076
2012-05-04 21:30:00,0.073
2012-05-04 22:00:00,0.026
2012-05-04 22:30:00,0.016
2012-05-04 23:00:00,0.026
2012-05-04 23:30:00,0.025
2012-05-05 00:00:00,0.018
2012-05-05 00:30:00,2.075
2012-05-05 01:00:00,2.04
2012-05-05 01:30:00,2.029
2012-05-05 02:00:00,2.053
2012-05-05 02:30:00,2.0639999
2012-05-05 03:00:00,2.0550001
2012-05-05 03:30:00,2.059
2012-05-05 04:00:00,2.0409999
2012-05-05 04:30:00,2.0450001
2012-05-05 05:00:00,2.0079999
2012-05-05 05:30:00,0.825
2012-05-05 06:00:00,0.833
2012-05-05 06:30:00,0.825
2012-05-05 07:00:00,1.721
2012-05-05 07:30:00,0.035
2012-05-05 08:00:00,0.018
2012-05-05 08:30:00,1.462
2012-05-05 09:00:00,1.48
2012-05-05 09:30:00,1.043
2012-05-05 10:00:00,0.245
2012-05-05 10:30:00,0.024
2012-05-05 11:00:00,0.017
2012-05-05 11:30:00,0.025
2012-05-05 12:00:00,0.02
2012-05-05 12:30:00,0.02
2012-05-05 13:00:00,0.025
2012-05-05 13:30:00,0.018
2012-05-05 14:00:00,0.025
2012-05-05 14:30:00,0.029
2012-05-05 15:00:00,0.015
2012-05-05 15:30:00,0.025
2012-05-05 16:00:00,0.025
2012-05-05 16:30:00,0.015
2012-05-05 17:00:00,0.026
2012-05-05 17:30:00,0.242
2012-05-05 18:00:00,0.624
2012-05-05 18:30:00,0.617
2012-05-05 19:00:00,0.605
2012-05-05 19:30:00,0.667
2012-05-05 20:00:00,0.38
2012-05-05 20:30:00,0.075
2012-05-05 21:00:00,0.085
2012-05-05 21:30:00,0.073
2012-05-05 22:00:00,0.015
2012-05-05 22:30:00,0.025
2012-05-05 23:00:00,0.021
2012-05-05 23:30:00,0.02
2012-05-06 00:00:00,0.025
2012-05-06 00:30:00,2.0309999
2012-05-06 01:00:00,2.043
2012-05-06 01:30:00,2.0639999
2012-05-06 02:00:00,2.0469999
2012-05-06 02:30:00,2.04
2012-05-06 03:00:00,2.033
2012-05-06 03:30:00,2.04
2012-05-06 04:00:00,2.043
2012-05-06 04:30:00,2.039
2012-05-06 05:00:00,2.013
2012-05-06 05:30:00,0.921
2012-05-06 06:00:00,0.816
2012-05-06 06:30:00,0.826
2012-05-06 07:00:00,1.768
2012-05-06 07:30:00,0.024
2012-05-06 08:00:00,0.027
2012-05-06 08:30:00,1.465
2012-05-06 09:00:00,0.667
2012-05-06 09:30:00,0.195
2012-05-06 10:00:00,0.126
2012-05-06 10:30:00,0.079
2012-05-06 11:00:00,0.025
2012-05-06 11:30:00,0.014
2012-05-06 12:00:00,0.026
2012-05-06 12:30:00,0.021
2012-05-06 13:00:00,0.019
2012-05-06 13:30:00,0.025
2012-05-06 14:00:00,0.021
2012-05-06 14:30:00,0.025
2012-05-06 15:00:00,0.025
2012-05-06 15:30:00,0.015
2012-05-06 16:00:00,0.026
2012-05-06 16:30:00,0.026
2012-05-06 17:00:00,0.044
2012-05-06 17:30:00,0.096
2012-05-06 18:00:00,0.44
2012-05-06 18:30:00,0.628
2012-05-06 19:00:00,0.617
2012-05-06 19:30:00,0.65
2012-05-06 20:00:00,0.381
2012-05-06 20:30:00,0.089
2012-05-06 21:00:00,0.075
2012-05-06 21:30:00,0.073
2012-05-06 22:00:00,0.025
2012-05-06 22:30:00,0.015
2012-05-06 23:00:00,0.026
2012-05-06 23:30:00,0.024
2012-05-07 00:00:00,0.016
2012-05-07 00:30:00,2.0250001
2012-05-07 01:00:00,2.0250001
2012-05-07 01:30:00,2.0190001
2012-05-07 02:00:00,2.0420001
2012-05-07 02:30:00,2.0150001
2012-05-07 03:00:00,2.0139999
2012-05-07 03:30:00,2.026
2012-05-07 04:00:00,2.01
2012-05-07 04:30:00,2.0369999
2012-05-07 05:00:00,2.036
2012-05-07 05:30:00,1.482
2012-05-07 06:00:00,0.83
2012-05-07 06:30:00,0.822
2012-05-07 07:00:00,1.097
2012-05-07 07:30:00,0.037
2012-05-07 08:00:00,0.019
2012-05-07 08:30:00,1.381
2012-05-07 09:00:00,0.544
2012-05-07 09:30:00,0.185
2012-05-07 10:00:00,0.197
2012-05-07 10:30:00,0.019
2012-05-07 11:00:00,0.022
2012-05-07 11:30:00,0.026
2012-05-07 12:00:00,0.062
2012-05-07 12:30:00,0.038
2012-05-07 13:00:00,0.026
2012-05-07 13:30:00,0.016
2012-05-07 14:00:00,0.029
2012-05-07 14:30:00,0.029
2012-05-07 15:00:00,0.015
2012-05-07 15:30:00,0.026
2012-05-07 16:00:00,0.023
2012-05-07 16:30:00,0.019
2012-05-07 17:00:00,0.026
2012-05-07 17:30:00,0.021
2012-05-07 18:00:00,0.025
2012-05-07 18:30:00,0.054
2012-05-07 19:00:00,0.048
2012-05-07 19:30:00,0.115
2012-05-07 20:00:00,0.109
2012-05-07 20:30:00,0.044
2012-05-07 21:00:00,0.054
2012-05-07 21:30:00,0.051
2012-05-07 22:00:00,0.015
2012-05-07 22:30:00,0.025
2012-05-07 23:00:00,0.02
2012-05-07 23:30:00,0.019
2012-05-08 00:00:00,0.025
2012-05-08 00:30:00,2.05
2012-05-08 01:00:00,2.059
2012-05-08 01:30:00,2.073
2012-05-08 02:00:00,2.0699999
2012-05-08 02:30:00,2.073
2012-05-08 03:00:00,2.0439999
2012-05-08 03:30:00,2.0420001
2012-05-08 04:00:00,2.0420001
2012-05-08 04:30:00,2.0120001
2012-05-08 05:00:00,1.293
2012-05-08 05:30:00,0.848
2012-05-08 06:00:00,1.046
2012-05-08 06:30:00,2.0
2012-05-08 07:00:00,1.789
2012-05-08 07:30:00,0.014
2012-05-08 08:00:00,0.034
2012-05-08 08:30:00,1.5190001
2012-05-08 09:00:00,1.49
2012-05-08 09:30:00,1.191
2012-05-08 10:00:00,0.206
2012-05-08 10:30:00,0.015
2012-05-08 11:00:00,0.042
2012-05-08 11:30:00,0.028
2012-05-08 12:00:00,0.072
2012-05-08 12:30:00,0.025
2012-05-08 13:00:00,0.023
2012-05-08 13:30:00,0.017
2012-05-08 14:00:00,0.028
2012-05-08 14:30:00,0.024
2012-05-08 15:00:00,0.02
2012-05-08 15:30:00,0.026
2012-05-08 16:00:00,0.018
2012-05-08 16:30:00,0.054
2012-05-08 17:00:00,0.085
2012-05-08 17:30:00,0.026
2012-05-08 18:00:00,0.026
2012-05-08 18:30:00,0.055
2012-05-08 19:00:00,0.045
2012-05-08 19:30:00,0.11
2012-05-08 20:00:00,0.097
2012-05-08 20:30:00,0.074
2012-05-08 21:00:00,0.085
2012-05-08 21:30:00,0.082
2012-05-08 22:00:00,0.02
2012-05-08 22:30:00,0.026
2012-05-08 23:00:00,0.026
2012-05-08 23:30:00,0.015
2012-05-09 00:00:00,0.026
2012-05-09 00:30:00,2.056
2012-05-09 01:00:00,2.05
2012-05-09 01:30:00,2.0739999
2012-05-09 02:00:00,2.0469999
2012-05-09 02:30:00,2.013
2012-05-09 03:00:00,2.0179999
2012-05-09 03:30:00,2.0250001
2012-05-09 04:00:00,2.0209999
2012-05-09 04:30:00,2.0380001
2012-05-09 05:00:00,1.274
2012-05-09 05:30:00,0.838
2012-05-09 06:00:00,0.831
2012-05-09 06:30:00,0.569
2012-05-09 07:00:00,1.613
2012-05-09 07:30:00,0.026
2012-05-09 08:00:00,0.025
2012-05-09 08:30:00,1.4680001
2012-05-09 09:00:00,0.566
2012-05-09 09:30:00,0.191
2012-05-09 10:00:00,0.028
2012-05-09 10:30:00,0.179
2012-05-09 11:00:00,0.023
2012-05-09 11:30:00,0.02
2012-05-09 12:00:00,0.078
2012-05-09 12:30:00,0.039
2012-05-09 13:00:00,0.018
2012-05-09 13:30:00,0.027
2012-05-09 14:00:00,0.026
2012-05-09 14:30:00,0.022
2012-05-09 15:00:00,0.026
2012-05-09 15:30:00,0.023
2012-05-09 16:00:00,0.019
2012-05-09 16:30:00,0.057
2012-05-09 17:00:00,0.08
2012-05-09 17:30:00,0.054
2012-05-09 18:00:00,0.07
2012-05-09 18:30:00,0.084
2012-05-09 19:00:00,0.081
2012-05-09 19:30:00,0.141
2012-05-09 20:00:00,0.132
2012-05-09 20:30:00,0.08
2012-05-09 21:00:00,0.079
2012-05-09 21:30:00,0.046
2012-05-09 22:00:00,0.021
2012-05-09 22:30:00,0.026
2012-05-09 23:00:00,0.019
2012-05-09 23:30:00,0.022
2012-05-10 00:00:00,0.026
2012-05-10 00:30:00,2.0480001
2012-05-10 01:00:00,2.0650001
2012-05-10 01:30:00,2.0739999
2012-05-10 02:00:00,2.0569999
2012-05-10 02:30:00,2.0769999
2012-05-10 03:00:00,2.076
2012-05-10 03:30:00,2.0599999
2012-05-10 04:00:00,2.0669999
2012-05-10 04:30:00,1.683
2012-05-10 05:00:00,0.824
2012-05-10 05:30:00,0.567
2012-05-10 06:00:00,1.508
2012-05-10 06:30:00,1.524
2012-05-10 07:00:00,0.41
2012-05-10 07:30:00,0.035
2012-05-10 08:00:00,0.03
2012-05-10 08:30:00,1.444
2012-05-10 09:00:00,0.315
2012-05-10 09:30:00,0.194
2012-05-10 10:00:00,0.026
2012-05-10 10:30:00,0.158
2012-05-10 11:00:00,0.015
2012-05-10 11:30:00,0.026
2012-05-10 12:00:00,0.067
2012-05-10 12:30:00,0.032
2012-05-10 13:00:00,0.028
2012-05-10 13:30:00,0.027
2012-05-10 14:00:00,0.021
2012-05-10 14:30:00,0.029
2012-05-10 15:00:00,0.034
2012-05-10 15:30:00,0.022
2012-05-10 16:00:00,0.027
2012-05-10 16:30:00,0.027
2012-05-10 17:00:00,0.025
2012-05-10 17:30:00,0.056
2012-05-10 18:00:00,0.063
2012-05-10 18:30:00,0.075
2012-05-10 19:00:00,0.086
2012-05-10 19:30:00,0.147
2012-05-10 20:00:00,0.13
2012-05-10 20:30:00,0.085
2012-05-10 21:00:00,0.079
2012-05-10 21:30:00,0.044
2012-05-10 22:00:00,0.025
2012-05-10 22:30:00,0.026
2012-05-10 23:00:00,0.019
2012-05-10 23:30:00,0.024
2012-05-11 00:00:00,0.027
2012-05-11 00:30:00,2.0179999
2012-05-11 01:00:00,2.0480001
2012-05-11 01:30:00,2.0680001
2012-05-11 02:00:00,2.072
2012-05-11 02:30:00,2.043
2012-05-11 03:00:00,2.0409999
2012-05-11 03:30:00,2.059
2012-05-11 04:00:00,2.0669999
2012-05-11 04:30:00,1.726
2012-05-11 05:00:00,0.832
2012-05-11 05:30:00,1.256
2012-05-11 06:00:00,1.7460001
2012-05-11 06:30:00,0.927
2012-05-11 07:00:00,0.373
2012-05-11 07:30:00,0.027
2012-05-11 08:00:00,0.019
2012-05-11 08:30:00,1.483
2012-05-11 09:00:00,0.251
2012-05-11 09:30:00,0.071
2012-05-11 10:00:00,0.219
2012-05-11 10:30:00,0.026
2012-05-11 11:00:00,0.018
2012-05-11 11:30:00,0.024
2012-05-11 12:00:00,0.07
2012-05-11 12:30:00,0.021
2012-05-11 13:00:00,0.022
2012-05-11 13:30:00,0.027
2012-05-11 14:00:00,0.025
2012-05-11 14:30:00,0.024
2012-05-11 15:00:00,0.027
2012-05-11 15:30:00,0.025
2012-05-11 16:00:00,0.018
2012-05-11 16:30:00,0.056
2012-05-11 17:00:00,0.092
2012-05-11 17:30:00,0.046
2012-05-11 18:00:00,0.06
2012-05-11 18:30:00,0.087
2012-05-11 19:00:00,0.078
2012-05-11 19:30:00,0.146
2012-05-11 20:00:00,0.091
2012-05-11 20:30:00,0.075
2012-05-11 21:00:00,0.08
2012-05-11 21:30:00,0.053
2012-05-11 22:00:00,0.017
2012-05-11 22:30:00,0.025
2012-05-11 23:00:00,0.026
2012-05-11 23:30:00,0.018
2012-05-12 00:00:00,0.024
2012-05-12 00:30:00,2.052
2012-05-12 01:00:00,2.053
2012-05-12 01:30:00,2.0910001
2012-05-12 02:00:00,2.0899999
2012-05-12 02:30:00,2.0450001
2012-05-12 03:00:00,2.043
2012-05-12 03:30:00,2.043
2012-05-12 04:00:00,2.066
2012-05-12 04:30:00,2.0569999
2012-05-12 05:00:00,1.5700001
2012-05-12 05:30:00,0.843
2012-05-12 06:00:00,0.859
2012-05-12 06:30:00,1.427
2012-05-12 07:00:00,1.671
2012-05-12 07:30:00,0.027
2012-05-12 08:00:00,0.028
2012-05-12 08:30:00,1.475
2012-05-12 09:00:00,1.488
2012-05-12 09:30:00,0.793
2012-05-12 10:00:00,0.096
2012-05-12 10:30:00,0.187
2012-05-12 11:00:00,0.026
2012-05-12 11:30:00,0.015
2012-05-12 12:00:00,0.033
2012-05-12 12:30:00,0.028
2012-05-12 13:00:00,0.016
2012-05-12 13:30:00,0.027
2012-05-12 14:00:00,0.029
2012-05-12 14:30:00,0.019
2012-05-12 15:00:00,0.026
2012-05-12 15:30:00,0.026
2012-05-12 16:00:00,0.016
2012-05-12 16:30:00,0.037
2012-05-12 17:00:00,0.034
2012-05-12 17:30:00,0.049
2012-05-12 18:00:00,0.059
2012-05-12 18:30:00,0.088
2012-05-12 19:00:00,0.08
2012-05-12 19:30:00,0.144
2012-05-12 20:00:00,0.142
2012-05-12 20:30:00,0.081
2012-05-12 21:00:00,0.077
2012-05-12 21:30:00,0.054
2012-05-12 22:00:00,0.022
2012-05-12 22:30:00,0.02
2012-05-12 23:00:00,0.027
2012-05-12 23:30:00,0.022
2012-05-13 00:00:00,0.021
2012-05-13 00:30:00,1.251
2012-05-13 01:00:00,1.2460001
2012-05-13 01:30:00,1.226
2012-05-13 02:00:00,1.253
2012-05-13 02:30:00,1.2410001
2012-05-13 03:00:00,1.217
2012-05-13 03:30:00,1.238
2012-05-13 04:00:00,1.238
2012-05-13 04:30:00,1.249
2012-05-13 05:00:00,0.267
2012-05-13 05:30:00,0.017
2012-05-13 06:00:00,0.025
2012-05-13 06:30:00,1.159
2012-05-13 07:00:00,0.999
2012-05-13 07:30:00,0.026
2012-05-13 08:00:00,0.028
2012-05-13 08:30:00,1.4170001
2012-05-13 09:00:00,0.606
2012-05-13 09:30:00,0.2
2012-05-13 10:00:00,0.016
2012-05-13 10:30:00,0.083
2012-05-13 11:00:00,0.031
2012-05-13 11:30:00,0.016
2012-05-13 12:00:00,0.027
2012-05-13 12:30:00,0.026
2012-05-13 13:00:00,0.016
2012-05-13 13:30:00,0.026
2012-05-13 14:00:00,0.028
2012-05-13 14:30:00,0.02
2012-05-13 15:00:00,0.026
2012-05-13 15:30:00,0.027
2012-05-13 16:00:00,0.046
2012-05-13 16:30:00,0.037
2012-05-13 17:00:00,0.034
2012-05-13 17:30:00,0.046
2012-05-13 18:00:00,0.059
2012-05-13 18:30:00,0.355
2012-05-13 19:00:00,0.098
2012-05-13 19:30:00,0.087
2012-05-13 20:00:00,0.085
2012-05-13 20:30:00,0.075
2012-05-13 21:00:00,0.081
2012-05-13 21:30:00,0.053
2012-05-13 22:00:00,0.016
2012-05-13 22:30:00,0.027
2012-05-13 23:00:00,0.026
2012-05-13 23:30:00,0.017
2012-05-14 00:00:00,0.027
2012-05-14 00:30:00,1.256
2012-05-14 01:00:00,1.24
2012-05-14 01:30:00,1.242
2012-05-14 02:00:00,1.245
2012-05-14 02:30:00,1.249
2012-05-14 03:00:00,1.25
2012-05-14 03:30:00,1.2460001
2012-05-14 04:00:00,1.243
2012-05-14 04:30:00,1.226
2012-05-14 05:00:00,0.255
2012-05-14 05:30:00,0.026
2012-05-14 06:00:00,0.026
2012-05-14 06:30:00,0.898
2012-05-14 07:00:00,0.778
2012-05-14 07:30:00,0.028
2012-05-14 08:00:00,0.019
2012-05-14 08:30:00,1.4630001
2012-05-14 09:00:00,1.503
2012-05-14 09:30:00,1.1440001
2012-05-14 10:00:00,0.198
2012-05-14 10:30:00,0.019
2012-05-14 11:00:00,0.022
2012-05-14 11:30:00,0.03
2012-05-14 12:00:00,0.03
2012-05-14 12:30:00,0.045
2012-05-14 13:00:00,0.037
2012-05-14 13:30:00,0.026
2012-05-14 14:00:00,0.039
2012-05-14 14:30:00,0.039
2012-05-14 15:00:00,0.025
2012-05-14 15:30:00,0.036
2012-05-14 16:00:00,0.034
2012-05-14 16:30:00,0.05
2012-05-14 17:00:00,0.055
2012-05-14 17:30:00,0.067
2012-05-14 18:00:00,0.062
2012-05-14 18:30:00,0.093
2012-05-14 19:00:00,0.083
2012-05-14 19:30:00,0.144
2012-05-14 20:00:00,0.141
2012-05-14 20:30:00,0.081
2012-05-14 21:00:00,0.088
2012-05-14 21:30:00,0.061
2012-05-14 22:00:00,0.024
2012-05-14 22:30:00,0.035
2012-05-14 23:00:00,0.034
2012-05-14 23:30:00,0.025
2012-05-15 00:00:00,0.034
2012-05-15 00:30:00,1.226
2012-05-15 01:00:00,1.219
2012-05-15 01:30:00,1.23
2012-05-15 02:00:00,1.215
2012-05-15 02:30:00,1.23
2012-05-15 03:00:00,1.226
2012-05-15 03:30:00,1.202
2012-05-15 04:00:00,1.226
2012-05-15 04:30:00,1.227
2012-05-15 05:00:00,0.854
2012-05-15 05:30:00,0.025
2012-05-15 06:00:00,0.016
2012-05-15 06:30:00,0.486
2012-05-15 07:00:00,1.142
2012-05-15 07:30:00,0.037
2012-05-15 08:00:00,0.028
2012-05-15 08:30:00,1.308
2012-05-15 09:00:00,0.726
2012-05-15 09:30:00,0.242
2012-05-15 10:00:00,0.017
2012-05-15 10:30:00,0.198
2012-05-15 11:00:00,0.025
2012-05-15 11:30:00,0.015
2012-05-15 12:00:00,0.057
2012-05-15 12:30:00,0.024
2012-05-15 13:00:00,0.017
2012-05-15 13:30:00,0.025
2012-05-15 14:00:00,0.02
2012-05-15 14:30:00,0.026
2012-05-15 15:00:00,0.025
2012-05-15 15:30:00,0.015
2012-05-15 16:00:00,0.025
2012-05-15 16:30:00,0.026
2012-05-15 17:00:00,0.022
2012-05-15 17:30:00,0.055
2012-05-15 18:00:00,0.048
2012-05-15 18:30:00,0.078
2012-05-15 19:00:00,0.083
2012-05-15 19:30:00,0.133
2012-05-15 20:00:00,0.132
2012-05-15 20:30:00,0.082
2012-05-15 21:00:00,0.068
2012-05-15 21:30:00,0.052
2012-05-15 22:00:00,0.018
2012-05-15 22:30:00,0.021
2012-05-15 23:00:00,0.025
2012-05-15 23:30:00,0.015
2012-05-16 00:00:00,0.025
2012-05-16 00:30:00,1.206
2012-05-16 01:00:00,1.2079999
2012-05-16 01:30:00,1.2309999
2012-05-16 02:00:00,1.237
2012-05-16 02:30:00,1.239
2012-05-16 03:00:00,1.23
2012-05-16 03:30:00,1.224
2012-05-16 04:00:00,1.2359999
2012-05-16 04:30:00,1.223
2012-05-16 05:00:00,1.209
2012-05-16 05:30:00,0.196
2012-05-16 06:00:00,0.015
2012-05-16 06:30:00,0.184
2012-05-16 07:00:00,1.147
2012-05-16 07:30:00,0.016
2012-05-16 08:00:00,0.027
2012-05-16 08:30:00,0.018
2012-05-16 09:00:00,0.023
2012-05-16 09:30:00,0.024
2012-05-16 10:00:00,0.014
2012-05-16 10:30:00,0.024
2012-05-16 11:00:00,0.018
2012-05-16 11:30:00,0.02
2012-05-16 12:00:00,0.024
2012-05-16 12:30:00,0.015
2012-05-16 13:00:00,0.024
2012-05-16 13:30:00,0.022
2012-05-16 14:00:00,0.018
2012-05-16 14:30:00,0.028
2012-05-16 15:00:00,0.018
2012-05-16 15:30:00,0.02
2012-05-16 16:00:00,0.024
2012-05-16 16:30:00,0.014
2012-05-16 17:00:00,0.03
2012-05-16 17:30:00,0.053
2012-05-16 18:00:00,0.045
2012-05-16 18:30:00,0.083
2012-05-16 19:00:00,0.077
2012-05-16 19:30:00,0.077
2012-05-16 20:00:00,0.08
2012-05-16 20:30:00,0.071
2012-05-16 21:00:00,0.078
2012-05-16 21:30:00,0.051
2012-05-16 22:00:00,0.015
2012-05-16 22:30:00,0.025
2012-05-16 23:00:00,0.021
2012-05-16 23:30:00,0.019
2012-05-17 00:00:00,0.025
2012-05-17 00:30:00,1.222
2012-05-17 01:00:00,1.2309999
2012-05-17 01:30:00,1.23
2012-05-17 02:00:00,1.21
2012-05-17 02:30:00,1.222
2012-05-17 03:00:00,1.217
2012-05-17 03:30:00,1.216
2012-05-17 04:00:00,1.225
2012-05-17 04:30:00,1.219
2012-05-17 05:00:00,0.643
2012-05-17 05:30:00,0.024
2012-05-17 06:00:00,0.015
2012-05-17 06:30:00,1.075
2012-05-17 07:00:00,1.027
2012-05-17 07:30:00,0.021
2012-05-17 08:00:00,0.027
2012-05-17 08:30:00,0.017
2012-05-17 09:00:00,0.024
2012-05-17 09:30:00,0.023
2012-05-17 10:00:00,0.015
2012-05-17 10:30:00,0.025
2012-05-17 11:00:00,0.015
2012-05-17 11:30:00,0.022
2012-05-17 12:00:00,0.025
2012-05-17 12:30:00,0.014
2012-05-17 13:00:00,0.024
2012-05-17 13:30:00,0.021
2012-05-17 14:00:00,0.02
2012-05-17 14:30:00,0.027
2012-05-17 15:00:00,0.015
2012-05-17 15:30:00,0.024
2012-05-17 16:00:00,0.024
2012-05-17 16:30:00,0.014
2012-05-17 17:00:00,0.03
2012-05-17 17:30:00,0.048
2012-05-17 18:00:00,0.05
2012-05-17 18:30:00,0.083
2012-05-17 19:00:00,0.071
2012-05-17 19:30:00,0.082
2012-05-17 20:00:00,0.081
2012-05-17 20:30:00,0.072
2012-05-17 21:00:00,0.078
2012-05-17 21:30:00,0.047
2012-05-17 22:00:00,0.019
2012-05-17 22:30:00,0.024
2012-05-17 23:00:00,0.015
2012-05-17 23:30:00,0.026
2012-05-18 00:00:00,0.025
2012-05-18 00:30:00,1.223
2012-05-18 01:00:00,1.2309999
2012-05-18 01:30:00,1.228
2012-05-18 02:00:00,1.212
2012-05-18 02:30:00,1.225
2012-05-18 03:00:00,1.222
2012-05-18 03:30:00,1.237
2012-05-18 04:00:00,1.234
2012-05-18 04:30:00,1.204
2012-05-18 05:00:00,0.183
2012-05-18 05:30:00,0.016
2012-05-18 06:00:00,0.774
2012-05-18 06:30:00,0.428
2012-05-18 07:00:00,0.014
2012-05-18 07:30:00,0.024
2012-05-18 08:00:00,0.024
2012-05-18 08:30:00,0.021
2012-05-18 09:00:00,0.024
2012-05-18 09:30:00,0.019
2012-05-18 10:00:00,0.019
2012-05-18 10:30:00,0.024
2012-05-18 11:00:00,0.014
2012-05-18 11:30:00,0.025
2012-05-18 12:00:00,0.024
2012-05-18 12:30:00,0.014
2012-05-18 13:00:00,0.024
2012-05-18 13:30:00,0.021
2012-05-18 14:00:00,0.02
2012-05-18 14:30:00,0.027
2012-05-18 15:00:00,0.015
2012-05-18 15:30:00,0.024
2012-05-18 16:00:00,0.025
2012-05-18 16:30:00,0.014
2012-05-18 17:00:00,0.03
2012-05-18 17:30:00,0.05
2012-05-18 18:00:00,0.049
2012-05-18 18:30:00,0.082
2012-05-18 19:00:00,0.072
2012-05-18 19:30:00,0.082
2012-05-18 20:00:00,0.081
2012-05-18 20:30:00,0.071
2012-05-18 21:00:00,0.078
2012-05-18 21:30:00,0.047
2012-05-18 22:00:00,0.02
2012-05-18 22:30:00,0.025
2012-05-18 23:00:00,0.015
2012-05-18 23:30:00,0.025
2012-05-19 00:00:00,0.025
2012-05-19 00:30:00,1.2079999
2012-05-19 01:00:00,1.207
2012-05-19 01:30:00,1.221
2012-05-19 02:00:00,1.235
2012-05-19 02:30:00,1.24
2012-05-19 03:00:00,1.224
2012-05-19 03:30:00,1.222
2012-05-19 04:00:00,1.216
2012-05-19 04:30:00,1.1210001
2012-05-19 05:00:00,0.025
2012-05-19 05:30:00,0.172
2012-05-19 06:00:00,0.708
2012-05-19 06:30:00,1.192
2012-05-19 07:00:00,0.163
2012-05-19 07:30:00,0.025
2012-05-19 08:00:00,0.027
2012-05-19 08:30:00,0.018
2012-05-19 09:00:00,0.024
2012-05-19 09:30:00,0.022
2012-05-19 10:00:00,0.017
2012-05-19 10:30:00,0.024
2012-05-19 11:00:00,0.017
2012-05-19 11:30:00,0.022
2012-05-19 12:00:00,0.025
2012-05-19 12:30:00,0.014
2012-05-19 13:00:00,0.025
2012-05-19 13:30:00,0.025
2012-05-19 14:00:00,0.016
2012-05-19 14:30:00,0.028
2012-05-19 15:00:00,0.02
2012-05-19 15:30:00,0.019
2012-05-19 16:00:00,0.025
2012-05-19 16:30:00,0.014
2012-05-19 17:00:00,0.03
2012-05-19 17:30:00,0.055
2012-05-19 18:00:00,0.045
2012-05-19 18:30:00,0.083
2012-05-19 19:00:00,0.082
2012-05-19 19:30:00,0.075
2012-05-19 20:00:00,0.083
2012-05-19 20:30:00,0.078
2012-05-19 21:00:00,0.073
2012-05-19 21:30:00,0.053
2012-05-19 22:00:00,0.016
2012-05-19 22:30:00,0.023
2012-05-19 23:00:00,0.025
2012-05-19 23:30:00,0.015
2012-05-20 00:00:00,0.025
2012-05-20 00:30:00,1.225
2012-05-20 01:00:00,1.2180001
2012-05-20 01:30:00,1.217
2012-05-20 02:00:00,1.219
2012-05-20 02:30:00,1.209
2012-05-20 03:00:00,1.204
2012-05-20 03:30:00,1.198
2012-05-20 04:00:00,1.226
2012-05-20 04:30:00,1.232
2012-05-20 05:00:00,0.089
2012-05-20 05:30:00,0.025
2012-05-20 06:00:00,1.154
2012-05-20 06:30:00,1.173
2012-05-20 07:00:00,0.025
2012-05-20 07:30:00,0.019
2012-05-20 08:00:00,0.023
2012-05-20 08:30:00,0.028
2012-05-20 09:00:00,0.014
2012-05-20 09:30:00,0.025
2012-05-20 10:00:00,0.024
2012-05-20 10:30:00,0.014
2012-05-20 11:00:00,0.025
2012-05-20 11:30:00,0.019
2012-05-20 12:00:00,0.02
2012-05-20 12:30:00,0.024
2012-05-20 13:00:00,0.015
2012-05-20 13:30:00,0.025
2012-05-20 14:00:00,0.026
2012-05-20 14:30:00,0.017
2012-05-20 15:00:00,0.025
2012-05-20 15:30:00,0.021
2012-05-20 16:00:00,0.017
2012-05-20 16:30:00,0.025
2012-05-20 17:00:00,0.02
2012-05-20 17:30:00,0.054
2012-05-20 18:00:00,0.055
2012-05-20 18:30:00,0.072
2012-05-20 19:00:00,0.081
2012-05-20 19:30:00,0.079
2012-05-20 20:00:00,0.074
2012-05-20 20:30:00,0.082
2012-05-20 21:00:00,0.071
2012-05-20 21:30:00,0.05
2012-05-20 22:00:00,0.025
2012-05-20 22:30:00,0.015
2012-05-20 23:00:00,0.026
2012-05-20 23:30:00,0.023
2012-05-21 00:00:00,0.017
2012-05-21 00:30:00,1.232
2012-05-21 01:00:00,1.201
2012-05-21 01:30:00,1.211
2012-05-21 02:00:00,1.222
2012-05-21 02:30:00,1.2180001
2012-05-21 03:00:00,1.227
2012-05-21 03:30:00,1.22
2012-05-21 04:00:00,1.22
2012-05-21 04:30:00,1.232
2012-05-21 05:00:00,0.383
2012-05-21 05:30:00,0.025
2012-05-21 06:00:00,0.053
2012-05-21 06:30:00,1.156
2012-05-21 07:00:00,1.124
2012-05-21 07:30:00,0.018
2012-05-21 08:00:00,0.023
2012-05-21 08:30:00,0.028
2012-05-21 09:00:00,0.014
2012-05-21 09:30:00,0.025
2012-05-21 10:00:00,0.023
2012-05-21 10:30:00,0.016
2012-05-21 11:00:00,0.024
2012-05-21 11:30:00,0.017
2012-05-21 12:00:00,0.022
2012-05-21 12:30:00,0.024
2012-05-21 13:00:00,0.015
2012-05-21 13:30:00,0.024
2012-05-21 14:00:00,0.024
2012-05-21 14:30:00,0.021
2012-05-21 15:00:00,0.025
2012-05-21 15:30:00,0.017
2012-05-21 16:00:00,0.022
2012-05-21 16:30:00,0.025
2012-05-21 17:00:00,0.02
2012-05-21 17:30:00,0.054
2012-05-21 18:00:00,0.055
2012-05-21 18:30:00,0.073
2012-05-21 19:00:00,0.082
2012-05-21 19:30:00,0.076
2012-05-21 20:00:00,0.077
2012-05-21 20:30:00,0.082
2012-05-21 21:00:00,0.07
2012-05-21 21:30:00,0.05
2012-05-21 22:00:00,0.025
2012-05-21 22:30:00,0.014
2012-05-21 23:00:00,0.026
2012-05-21 23:30:00,0.024
2012-05-22 00:00:00,0.017
2012-05-22 00:30:00,1.223
2012-05-22 01:00:00,1.216
2012-05-22 01:30:00,1.225
2012-05-22 02:00:00,1.222
2012-05-22 02:30:00,1.214
2012-05-22 03:00:00,1.212
2012-05-22 03:30:00,1.217
2012-05-22 04:00:00,1.2180001
2012-05-22 04:30:00,0.981
2012-05-22 05:00:00,0.02
2012-05-22 05:30:00,0.02
2012-05-22 06:00:00,0.745
2012-05-22 06:30:00,0.934
2012-05-22 07:00:00,0.025
2012-05-22 07:30:00,0.025
2012-05-22 08:00:00,0.017
2012-05-22 08:30:00,0.028
2012-05-22 09:00:00,0.02
2012-05-22 09:30:00,0.019
2012-05-22 10:00:00,0.024
2012-05-22 10:30:00,0.015
2012-05-22 11:00:00,0.024
2012-05-22 11:30:00,0.024
2012-05-22 12:00:00,0.014
2012-05-22 12:30:00,0.025
2012-05-22 13:00:00,0.025
2012-05-22 13:30:00,0.014
2012-05-22 14:00:00,0.027
2012-05-22 14:30:00,0.026
2012-05-22 15:00:00,0.016
2012-05-22 15:30:00,0.025
2012-05-22 16:00:00,0.021
2012-05-22 16:30:00,0.018
2012-05-22 17:00:00,0.031
2012-05-22 17:30:00,0.048
2012-05-22 18:00:00,0.051
2012-05-22 18:30:00,0.083
2012-05-22 19:00:00,0.076
2012-05-22 19:30:00,0.08
2012-05-22 20:00:00,0.081
2012-05-22 20:30:00,0.073
2012-05-22 21:00:00,0.075
2012-05-22 21:30:00,0.053
2012-05-22 22:00:00,0.015
2012-05-22 22:30:00,0.025
2012-05-22 23:00:00,0.026
2012-05-22 23:30:00,0.015
2012-05-23 00:00:00,0.026
2012-05-23 00:30:00,1.228
2012-05-23 01:00:00,1.224
2012-05-23 01:30:00,1.214
2012-05-23 02:00:00,1.2309999
2012-05-23 02:30:00,1.222
2012-05-23 03:00:00,1.228
2012-05-23 03:30:00,1.238
2012-05-23 04:00:00,1.2180001
2012-05-23 04:30:00,0.821
2012-05-23 05:00:00,0.023
2012-05-23 05:30:00,0.018
2012-05-23 06:00:00,0.579
2012-05-23 06:30:00,1.175
2012-05-23 07:00:00,0.064
2012-05-23 07:30:00,0.026
2012-05-23 08:00:00,0.02
2012-05-23 08:30:00,0.025
2012-05-23 09:00:00,0.025
2012-05-23 09:30:00,0.016
2012-05-23 10:00:00,0.023
2012-05-23 10:30:00,0.025
2012-05-23 11:00:00,0.017
2012-05-23 11:30:00,0.023
2012-05-23 12:00:00,0.025
2012-05-23 12:30:00,0.016
2012-05-23 13:00:00,0.023
2012-05-23 13:30:00,0.025
2012-05-23 14:00:00,0.018
2012-05-23 14:30:00,0.027
2012-05-23 15:00:00,0.025
2012-05-23 15:30:00,0.017
2012-05-23 16:00:00,0.022
2012-05-23 16:30:00,0.026
2012-05-23 17:00:00,0.023
2012-05-23 17:30:00,0.051
2012-05-23 18:00:00,0.055
2012-05-23 18:30:00,0.077
2012-05-23 19:00:00,0.079
2012-05-23 19:30:00,0.084
2012-05-23 20:00:00,0.077
2012-05-23 20:30:00,0.076
2012-05-23 21:00:00,0.079
2012-05-23 21:30:00,0.048
2012-05-23 22:00:00,0.019
2012-05-23 22:30:00,0.026
2012-05-23 23:00:00,0.024
2012-05-23 23:30:00,0.017
2012-05-24 00:00:00,0.026
2012-05-24 00:30:00,1.217
2012-05-24 01:00:00,1.219
2012-05-24 01:30:00,1.225
2012-05-24 02:00:00,1.2410001
2012-05-24 02:30:00,1.222
2012-05-24 03:00:00,1.2180001
2012-05-24 03:30:00,1.214
2012-05-24 04:00:00,1.211
2012-05-24 04:30:00,0.306
2012-05-24 05:00:00,0.026
2012-05-24 05:30:00,0.049
2012-05-24 06:00:00,1.1720001
2012-05-24 06:30:00,0.501
2012-05-24 07:00:00,0.015
2012-05-24 07:30:00,0.025
2012-05-24 08:00:00,0.028
2012-05-24 08:30:00,0.018
2012-05-24 09:00:00,0.025
2012-05-24 09:30:00,0.025
2012-05-24 10:00:00,0.014
2012-05-24 10:30:00,0.025
2012-05-24 11:00:00,0.025
2012-05-24 11:30:00,0.014
2012-05-24 12:00:00,0.026
2012-05-24 12:30:00,0.025
2012-05-24 13:00:00,0.014
2012-05-24 13:30:00,0.026
2012-05-24 14:00:00,0.028
2012-05-24 14:30:00,0.019
2012-05-24 15:00:00,0.024
2012-05-24 15:30:00,0.025
2012-05-24 16:00:00,0.019
2012-05-24 16:30:00,0.021
2012-05-24 17:00:00,0.032
2012-05-24 17:30:00,0.049
2012-05-24 18:00:00,0.05
2012-05-24 18:30:00,0.084
2012-05-24 19:00:00,0.081
2012-05-24 19:30:00,0.075
2012-05-24 20:00:00,0.083
2012-05-24 20:30:00,0.081
2012-05-24 21:00:00,0.068
2012-05-24 21:30:00,0.053
2012-05-24 22:00:00,0.027
2012-05-24 22:30:00,0.017
2012-05-24 23:00:00,0.024
2012-05-24 23:30:00,0.026
2012-05-25 00:00:00,0.02
2012-05-25 00:30:00,1.199
2012-05-25 01:00:00,1.207
2012-05-25 01:30:00,1.1950001
2012-05-25 02:00:00,1.207
2012-05-25 02:30:00,1.216
2012-05-25 03:00:00,1.2130001
2012-05-25 03:30:00,1.21
2012-05-25 04:00:00,1.224
2012-05-25 04:30:00,0.409
2012-05-25 05:00:00,0.018
2012-05-25 05:30:00,0.027
2012-05-25 06:00:00,1.0140001
2012-05-25 06:30:00,0.389
2012-05-25 07:00:00,0.026
2012-05-25 07:30:00,0.025
2012-05-25 08:00:00,0.017
2012-05-25 08:30:00,0.029
2012-05-25 09:00:00,0.025
2012-05-25 09:30:00,0.015
2012-05-25 10:00:00,0.025
2012-05-25 10:30:00,0.026
2012-05-25 11:00:00,0.014
2012-05-25 11:30:00,0.025
2012-05-25 12:00:00,0.026
2012-05-25 12:30:00,0.015
2012-05-25 13:00:00,0.025
2012-05-25 13:30:00,0.026
2012-05-25 14:00:00,0.021
2012-05-25 14:30:00,0.024
2012-05-25 15:00:00,0.026
2012-05-25 15:30:00,0.023
2012-05-25 16:00:00,0.018
2012-05-25 16:30:00,0.026
2012-05-25 17:00:00,0.031
2012-05-25 17:30:00,0.044
2012-05-25 18:00:00,0.056
2012-05-25 18:30:00,0.084
2012-05-25 19:00:00,0.075
2012-05-25 19:30:00,0.083
2012-05-25 20:00:00,0.083
2012-05-25 20:30:00,0.077
2012-05-25 21:00:00,0.073
2012-05-25 21:30:00,0.053
2012-05-25 22:00:00,0.021
2012-05-25 22:30:00,0.019
2012-05-25 23:00:00,0.027
2012-05-25 23:30:00,0.025
2012-05-26 00:00:00,0.016
2012-05-26 00:30:00,1.211
2012-05-26 01:00:00,1.221
2012-05-26 01:30:00,1.2180001
2012-05-26 02:00:00,1.2309999
2012-05-26 02:30:00,1.215
2012-05-26 03:00:00,1.205
2012-05-26 03:30:00,1.224
2012-05-26 04:00:00,1.234
2012-05-26 04:30:00,0.603
2012-05-26 05:00:00,0.024
2012-05-26 05:30:00,0.026
2012-05-26 06:00:00,0.986
2012-05-26 06:30:00,0.859
2012-05-26 07:00:00,0.026
2012-05-26 07:30:00,0.021
2012-05-26 08:00:00,0.022
2012-05-26 08:30:00,0.029
2012-05-26 09:00:00,0.022
2012-05-26 09:30:00,0.018
2012-05-26 10:00:00,0.025
2012-05-26 10:30:00,0.024
2012-05-26 11:00:00,0.016
2012-05-26 11:30:00,0.025
2012-05-26 12:00:00,0.025
2012-05-26 12:30:00,0.015
2012-05-26 13:00:00,0.026
2012-05-26 13:30:00,0.026
2012-05-26 14:00:00,0.017
2012-05-26 14:30:00,0.028
2012-05-26 15:00:00,0.026
2012-05-26 15:30:00,0.019
2012-05-26 16:00:00,0.022
2012-05-26 16:30:00,0.026
2012-05-26 17:00:00,0.028
2012-05-26 17:30:00,0.048
2012-05-26 18:00:00,0.056
2012-05-26 18:30:00,0.084
2012-05-26 19:00:00,0.074
2012-05-26 19:30:00,0.084
2012-05-26 20:00:00,0.084
2012-05-26 20:30:00,0.077
2012-05-26 21:00:00,0.075
2012-05-26 21:30:00,0.054
2012-05-26 22:00:00,0.022
2012-05-26 22:30:00,0.019
2012-05-26 23:00:00,0.026
2012-05-26 23:30:00,0.025
2012-05-27 00:00:00,0.016
2012-05-27 00:30:00,1.226
2012-05-27 01:00:00,1.2180001
2012-05-27 01:30:00,1.206
2012-05-27 02:00:00,1.224
2012-05-27 02:30:00,1.217
2012-05-27 03:00:00,1.201
2012-05-27 03:30:00,1.216
2012-05-27 04:00:00,1.222
2012-05-27 04:30:00,0.356
2012-05-27 05:00:00,0.022
2012-05-27 05:30:00,0.383
2012-05-27 06:00:00,0.891
2012-05-27 06:30:00,0.019
2012-05-27 07:00:00,0.075
2012-05-27 07:30:00,0.024
2012-05-27 08:00:00,0.019
2012-05-27 08:30:00,0.029
2012-05-27 09:00:00,0.024
2012-05-27 09:30:00,0.016
2012-05-27 10:00:00,0.026
2012-05-27 10:30:00,0.025
2012-05-27 11:00:00,0.015
2012-05-27 11:30:00,0.026
2012-05-27 12:00:00,0.025
2012-05-27 12:30:00,0.015
2012-05-27 13:00:00,0.025
2012-05-27 13:30:00,0.026
2012-05-27 14:00:00,0.022
2012-05-27 14:30:00,0.024
2012-05-27 15:00:00,0.026
2012-05-27 15:30:00,0.024
2012-05-27 16:00:00,0.016
2012-05-27 16:30:00,0.026
2012-05-27 17:00:00,0.031
2012-05-27 17:30:00,0.047
2012-05-27 18:00:00,0.053
2012-05-27 18:30:00,0.084
2012-05-27 19:00:00,0.078
2012-05-27 19:30:00,0.077
2012-05-27 20:00:00,0.084
2012-05-27 20:30:00,0.083
2012-05-27 21:00:00,0.068
2012-05-27 21:30:00,0.053
2012-05-27 22:00:00,0.027
2012-05-27 22:30:00,0.018
2012-05-27 23:00:00,0.023
2012-05-27 23:30:00,0.026
2012-05-28 00:00:00,0.023
2012-05-28 00:30:00,1.222
2012-05-28 01:00:00,1.23
2012-05-28 01:30:00,1.234
2012-05-28 02:00:00,1.232
2012-05-28 02:30:00,1.248
2012-05-28 03:00:00,1.2410001
2012-05-28 03:30:00,1.23
2012-05-28 04:00:00,1.244
2012-05-28 04:30:00,0.146
2012-05-28 05:00:00,0.02
2012-05-28 05:30:00,0.252
2012-05-28 06:00:00,1.219
2012-05-28 06:30:00,0.181
2012-05-28 07:00:00,0.02
2012-05-28 07:30:00,0.026
2012-05-28 08:00:00,0.026
2012-05-28 08:30:00,0.021
2012-05-28 09:00:00,0.026
2012-05-28 09:30:00,0.025
2012-05-28 10:00:00,0.016
2012-05-28 10:30:00,0.026
2012-05-28 11:00:00,0.026
2012-05-28 11:30:00,0.015
2012-05-28 12:00:00,0.026
2012-05-28 12:30:00,0.027
2012-05-28 13:00:00,0.016
2012-05-28 13:30:00,0.025
2012-05-28 14:00:00,0.029
2012-05-28 14:30:00,0.024
2012-05-28 15:00:00,0.021
2012-05-28 15:30:00,0.026
2012-05-28 16:00:00,0.026
2012-05-28 16:30:00,0.016
2012-05-28 17:00:00,0.032
2012-05-28 17:30:00,0.057
2012-05-28 18:00:00,0.049
2012-05-28 18:30:00,0.084
2012-05-28 19:00:00,0.086
2012-05-28 19:30:00,0.081
2012-05-28 20:00:00,0.077
2012-05-28 20:30:00,0.085
2012-05-28 21:00:00,0.08
2012-05-28 21:30:00,0.043
2012-05-28 22:00:00,0.026
2012-05-28 22:30:00,0.027
2012-05-28 23:00:00,0.02
2012-05-28 23:30:00,0.022
2012-05-29 00:00:00,0.027
2012-05-29 00:30:00,1.237
2012-05-29 01:00:00,1.238
2012-05-29 01:30:00,1.2359999
2012-05-29 02:00:00,1.24
2012-05-29 02:30:00,1.211
2012-05-29 03:00:00,1.223
2012-05-29 03:30:00,1.217
2012-05-29 04:00:00,1.224
2012-05-29 04:30:00,0.077
2012-05-29 05:00:00,0.026
2012-05-29 05:30:00,0.252
2012-05-29 06:00:00,1.197
2012-05-29 06:30:00,0.027
2012-05-29 07:00:00,0.023
2012-05-29 07:30:00,0.019
2012-05-29 08:00:00,0.029
2012-05-29 08:30:00,0.028
2012-05-29 09:00:00,0.016
2012-05-29 09:30:00,0.026
2012-05-29 10:00:00,0.027
2012-05-29 10:30:00,0.014
2012-05-29 11:00:00,0.027
2012-05-29 11:30:00,0.026
2012-05-29 12:00:00,0.017
2012-05-29 12:30:00,0.024
2012-05-29 13:00:00,0.026
2012-05-29 13:30:00,0.022
2012-05-29 14:00:00,0.021
2012-05-29 14:30:00,0.03
2012-05-29 15:00:00,0.026
2012-05-29 15:30:00,0.015
2012-05-29 16:00:00,0.026
2012-05-29 16:30:00,0.026
2012-05-29 17:00:00,0.024
2012-05-29 17:30:00,0.053
2012-05-29 18:00:00,0.058
2012-05-29 18:30:00,0.081
2012-05-29 19:00:00,0.078
2012-05-29 19:30:00,0.084
2012-05-29 20:00:00,0.082
2012-05-29 20:30:00,0.075
2012-05-29 21:00:00,0.08
2012-05-29 21:30:00,0.054
2012-05-29 22:00:00,0.016
2012-05-29 22:30:00,0.026
2012-05-29 23:00:00,0.026
2012-05-29 23:30:00,0.02
2012-05-30 00:00:00,0.022
2012-05-30 00:30:00,1.234
2012-05-30 01:00:00,1.217
2012-05-30 01:30:00,1.222
2012-05-30 02:00:00,1.233
2012-05-30 02:30:00,1.237
2012-05-30 03:00:00,1.223
2012-05-30 03:30:00,1.229
2012-05-30 04:00:00,1.216
2012-05-30 04:30:00,0.443
2012-05-30 05:00:00,0.027
2012-05-30 05:30:00,0.027
2012-05-30 06:00:00,1.005
2012-05-30 06:30:00,0.62
2012-05-30 07:00:00,0.026
2012-05-30 07:30:00,0.02
2012-05-30 08:00:00,0.023
2012-05-30 08:30:00,0.03
2012-05-30 09:00:00,0.023
2012-05-30 09:30:00,0.018
2012-05-30 10:00:00,0.026
2012-05-30 10:30:00,0.024
2012-05-30 11:00:00,0.016
2012-05-30 11:30:00,0.026
2012-05-30 12:00:00,0.026
2012-05-30 12:30:00,0.015
2012-05-30 13:00:00,0.026
2012-05-30 13:30:00,0.026
2012-05-30 14:00:00,0.021
2012-05-30 14:30:00,0.026
2012-05-30 15:00:00,0.026
2012-05-30 15:30:00,0.022
2012-05-30 16:00:00,0.019
2012-05-30 16:30:00,0.026
2012-05-30 17:00:00,0.032
2012-05-30 17:30:00,0.044
2012-05-30 18:00:00,0.059
2012-05-30 18:30:00,0.087
2012-05-30 19:00:00,0.075
2012-05-30 19:30:00,0.086
2012-05-30 20:00:00,0.086
2012-05-30 20:30:00,0.079
2012-05-30 21:00:00,0.076
2012-05-30 21:30:00,0.054
2012-05-30 22:00:00,0.022
2012-05-30 22:30:00,0.02
2012-05-30 23:00:00,0.026
2012-05-30 23:30:00,0.026
2012-05-31 00:00:00,0.016
2012-05-31 00:30:00,1.24
2012-05-31 01:00:00,1.235
2012-05-31 01:30:00,1.221
2012-05-31 02:00:00,1.247
2012-05-31 02:30:00,1.251
2012-05-31 03:00:00,1.235
2012-05-31 03:30:00,1.2079999
2012-05-31 04:00:00,1.154
2012-05-31 04:30:00,0.021
2012-05-31 05:00:00,0.021
2012-05-31 05:30:00,0.891
2012-05-31 06:00:00,0.807
2012-05-31 06:30:00,0.017
2012-05-31 07:00:00,0.026
2012-05-31 07:30:00,0.027
2012-05-31 08:00:00,0.017
2012-05-31 08:30:00,0.029
2012-05-31 09:00:00,0.026
2012-05-31 09:30:00,0.016
2012-05-31 10:00:00,0.025
2012-05-31 10:30:00,0.026
2012-05-31 11:00:00,0.017
2012-05-31 11:30:00,0.024
2012-05-31 12:00:00,0.026
2012-05-31 12:30:00,0.021
2012-05-31 13:00:00,0.02
2012-05-31 13:30:00,0.026
2012-05-31 14:00:00,0.025
2012-05-31 14:30:00,0.021
2012-05-31 15:00:00,0.027
2012-05-31 15:30:00,0.024
2012-05-31 16:00:00,0.016
2012-05-31 16:30:00,0.027
2012-05-31 17:00:00,0.031
2012-05-31 17:30:00,0.045
2012-05-31 18:00:00,0.057
2012-05-31 18:30:00,0.085
2012-05-31 19:00:00,0.076
2012-05-31 19:30:00,0.085
2012-05-31 20:00:00,0.086
2012-05-31 20:30:00,0.078
2012-05-31 21:00:00,0.077
2012-05-31 21:30:00,0.054
2012-05-31 22:00:00,0.023
2012-05-31 22:30:00,0.018
2012-05-31 23:00:00,0.026
2012-05-31 23:30:00,0.025
2012-06-01 00:00:00,0.017
2012-06-01 00:30:00,1.247
2012-06-01 01:00:00,1.245
2012-06-01 01:30:00,1.227
2012-06-01 02:00:00,1.233
2012-06-01 02:30:00,1.24
2012-06-01 03:00:00,1.223
2012-06-01 03:30:00,1.228
2012-06-01 04:00:00,1.244
2012-06-01 04:30:00,0.451
2012-06-01 05:00:00,0.026
2012-06-01 05:30:00,0.027
2012-06-01 06:00:00,1.087
2012-06-01 06:30:00,0.442
2012-06-01 07:00:00,0.026
2012-06-01 07:30:00,0.016
2012-06-01 08:00:00,0.027
2012-06-01 08:30:00,0.03
2012-06-01 09:00:00,0.017
2012-06-01 09:30:00,0.023
2012-06-01 10:00:00,0.026
2012-06-01 10:30:00,0.019
2012-06-01 11:00:00,0.022
2012-06-01 11:30:00,0.026
2012-06-01 12:00:00,0.021
2012-06-01 12:30:00,0.02
2012-06-01 13:00:00,0.026
2012-06-01 13:30:00,0.024
2012-06-01 14:00:00,0.019
2012-06-01 14:30:00,0.03
2012-06-01 15:00:00,0.026
2012-06-01 15:30:00,0.014
2012-06-01 16:00:00,0.027
2012-06-01 16:30:00,0.026
2012-06-01 17:00:00,0.021
2012-06-01 17:30:00,0.056
2012-06-01 18:00:00,0.058
2012-06-01 18:30:00,0.075
2012-06-01 19:00:00,0.085
2012-06-01 19:30:00,0.086
2012-06-01 20:00:00,0.075
2012-06-01 20:30:00,0.084
2012-06-01 21:00:00,0.082
2012-06-01 21:30:00,0.045
2012-06-01 22:00:00,0.024
2012-06-01 22:30:00,0.027
2012-06-01 23:00:00,0.017
2012-06-01 23:30:00,0.025
2012-06-02 00:00:00,0.026
2012-06-02 00:30:00,1.2359999
2012-06-02 01:00:00,1.25
2012-06-02 01:30:00,1.256
2012-06-02 02:00:00,1.242
2012-06-02 02:30:00,1.233
2012-06-02 03:00:00,1.24
2012-06-02 03:30:00,1.23
2012-06-02 04:00:00,1.239
2012-06-02 04:30:00,0.433
2012-06-02 05:00:00,0.021
2012-06-02 05:30:00,0.601
2012-06-02 06:00:00,0.781
2012-06-02 06:30:00,0.021
2012-06-02 07:00:00,0.298
2012-06-02 07:30:00,0.027
2012-06-02 08:00:00,0.024
2012-06-02 08:30:00,0.023
2012-06-02 09:00:00,0.026
2012-06-02 09:30:00,0.021
2012-06-02 10:00:00,0.02
2012-06-02 10:30:00,0.025
2012-06-02 11:00:00,0.022
2012-06-02 11:30:00,0.019
2012-06-02 12:00:00,0.026
2012-06-02 12:30:00,0.021
2012-06-02 13:00:00,0.02
2012-06-02 13:30:00,0.027
2012-06-02 14:00:00,0.023
2012-06-02 14:30:00,0.023
2012-06-02 15:00:00,0.026
2012-06-02 15:30:00,0.021
2012-06-02 16:00:00,0.021
2012-06-02 16:30:00,0.026
2012-06-02 17:00:00,0.026
2012-06-02 17:30:00,0.052
2012-06-02 18:00:00,0.058
2012-06-02 18:30:00,0.082
2012-06-02 19:00:00,0.081
2012-06-02 19:30:00,0.086
2012-06-02 20:00:00,0.08
2012-06-02 20:30:00,0.081
2012-06-02 21:00:00,0.083
2012-06-02 21:30:00,0.048
2012-06-02 22:00:00,0.022
2012-06-02 22:30:00,0.026
2012-06-02 23:00:00,0.02
2012-06-02 23:30:00,0.022
2012-06-03 00:00:00,0.026
2012-06-03 00:30:00,1.2460001
2012-06-03 01:00:00,1.255
2012-06-03 01:30:00,1.252
2012-06-03 02:00:00,1.242
2012-06-03 02:30:00,1.249
2012-06-03 03:00:00,1.248
2012-06-03 03:30:00,1.2410001
2012-06-03 04:00:00,1.248
2012-06-03 04:30:00,1.153
2012-06-03 05:00:00,0.015
2012-06-03 05:30:00,0.026
2012-06-03 06:00:00,0.251
2012-06-03 06:30:00,1.221
2012-06-03 07:00:00,0.169
2012-06-03 07:30:00,0.026
2012-06-03 08:00:00,0.018
2012-06-03 08:30:00,0.029
2012-06-03 09:00:00,0.025
2012-06-03 09:30:00,0.017
2012-06-03 10:00:00,0.026
2012-06-03 10:30:00,0.023
2012-06-03 11:00:00,0.018
2012-06-03 11:30:00,0.026
2012-06-03 12:00:00,0.02
2012-06-03 12:30:00,0.022
2012-06-03 13:00:00,0.026
2012-06-03 13:30:00,0.017
2012-06-03 14:00:00,0.027
2012-06-03 14:30:00,0.029
2012-06-03 15:00:00,0.015
2012-06-03 15:30:00,0.026
2012-06-03 16:00:00,0.026
2012-06-03 16:30:00,0.016
2012-06-03 17:00:00,0.031
2012-06-03 17:30:00,0.055
2012-06-03 18:00:00,0.05
2012-06-03 18:30:00,0.086
2012-06-03 19:00:00,0.079
2012-06-03 19:30:00,0.083
2012-06-03 20:00:00,0.087
2012-06-03 20:30:00,0.075
2012-06-03 21:00:00,0.082
2012-06-03 21:30:00,0.054
2012-06-03 22:00:00,0.015
2012-06-03 22:30:00,0.027
2012-06-03 23:00:00,0.022
2012-06-03 23:30:00,0.019
2012-06-04 00:00:00,0.027
2012-06-04 00:30:00,1.24
2012-06-04 01:00:00,1.2539999
2012-06-04 01:30:00,1.2640001
2012-06-04 02:00:00,1.255
2012-06-04 02:30:00,1.257
2012-06-04 03:00:00,1.256
2012-06-04 03:30:00,1.243
2012-06-04 04:00:00,1.257
2012-06-04 04:30:00,1.242
2012-06-04 05:00:00,0.099
2012-06-04 05:30:00,0.026
2012-06-04 06:00:00,0.324
2012-06-04 06:30:00,1.232
2012-06-04 07:00:00,0.554
2012-06-04 07:30:00,0.015
2012-06-04 08:00:00,0.029
2012-06-04 08:30:00,0.024
2012-06-04 09:00:00,0.02
2012-06-04 09:30:00,0.025
2012-06-04 10:00:00,0.016
2012-06-04 10:30:00,0.025
2012-06-04 11:00:00,0.026
2012-06-04 11:30:00,0.015
2012-06-04 12:00:00,0.026
2012-06-04 12:30:00,0.023
2012-06-04 13:00:00,0.018
2012-06-04 13:30:00,0.026
2012-06-04 14:00:00,0.021
2012-06-04 14:30:00,0.025
2012-06-04 15:00:00,0.026
2012-06-04 15:30:00,0.015
2012-06-04 16:00:00,0.026
2012-06-04 16:30:00,0.024
2012-06-04 17:00:00,0.022
2012-06-04 17:30:00,0.057
2012-06-04 18:00:00,0.051
2012-06-04 18:30:00,0.083
2012-06-04 19:00:00,0.087
2012-06-04 19:30:00,0.075
2012-06-04 20:00:00,0.086
2012-06-04 20:30:00,0.086
2012-06-04 21:00:00,0.071
2012-06-04 21:30:00,0.055
2012-06-04 22:00:00,0.023
2012-06-04 22:30:00,0.018
2012-06-04 23:00:00,0.026
2012-06-04 23:30:00,0.018
2012-06-05 00:00:00,0.023
2012-06-05 00:30:00,1.27
2012-06-05 01:00:00,1.257
2012-06-05 01:30:00,1.261
2012-06-05 02:00:00,1.258
2012-06-05 02:30:00,1.2589999
2012-06-05 03:00:00,1.263
2012-06-05 03:30:00,1.242
2012-06-05 04:00:00,1.242
2012-06-05 04:30:00,1.028
2012-06-05 05:00:00,0.016
2012-06-05 05:30:00,0.025
2012-06-05 06:00:00,0.865
2012-06-05 06:30:00,1.022
2012-06-05 07:00:00,0.026
2012-06-05 07:30:00,0.023
2012-06-05 08:00:00,0.02
2012-06-05 08:30:00,0.029
2012-06-05 09:00:00,0.017
2012-06-05 09:30:00,0.024
2012-06-05 10:00:00,0.026
2012-06-05 10:30:00,0.015
2012-06-05 11:00:00,0.025
2012-06-05 11:30:00,0.024
2012-06-05 12:00:00,0.017
2012-06-05 12:30:00,0.025
2012-06-05 13:00:00,0.02
2012-06-05 13:30:00,0.021
2012-06-05 14:00:00,0.028
2012-06-05 14:30:00,0.018
2012-06-05 15:00:00,0.025
2012-06-05 15:30:00,0.026
2012-06-05 16:00:00,0.014
2012-06-05 16:30:00,0.026
2012-06-05 17:00:00,0.027
2012-06-05 17:30:00,0.05
2012-06-05 18:00:00,0.056
2012-06-05 18:30:00,0.074
2012-06-05 19:00:00,0.084
2012-06-05 19:30:00,0.085
2012-06-05 20:00:00,0.074
2012-06-05 20:30:00,0.085
2012-06-05 21:00:00,0.078
2012-06-05 21:30:00,0.045
2012-06-05 22:00:00,0.026
2012-06-05 22:30:00,0.018
2012-06-05 23:00:00,0.023
2012-06-05 23:30:00,0.026
2012-06-06 00:00:00,0.015
2012-06-06 00:30:00,1.238
2012-06-06 01:00:00,1.255
2012-06-06 01:30:00,1.261
2012-06-06 02:00:00,1.272
2012-06-06 02:30:00,1.239
2012-06-06 03:00:00,1.23
2012-06-06 03:30:00,1.232
2012-06-06 04:00:00,1.232
2012-06-06 04:30:00,1.005
2012-06-06 05:00:00,0.023
2012-06-06 05:30:00,0.018
2012-06-06 06:00:00,0.461
2012-06-06 06:30:00,1.01
2012-06-06 07:00:00,0.025
2012-06-06 07:30:00,0.026
2012-06-06 08:00:00,0.017
2012-06-06 08:30:00,0.029
2012-06-06 09:00:00,0.023
2012-06-06 09:30:00,0.018
2012-06-06 10:00:00,0.026
2012-06-06 10:30:00,0.017
2012-06-06 11:00:00,0.023
2012-06-06 11:30:00,0.025
2012-06-06 12:00:00,0.015
2012-06-06 12:30:00,0.026
2012-06-06 13:00:00,0.025
2012-06-06 13:30:00,0.016
2012-06-06 14:00:00,0.028
2012-06-06 14:30:00,0.022
2012-06-06 15:00:00,0.021
2012-06-06 15:30:00,0.026
2012-06-06 16:00:00,0.016
2012-06-06 16:30:00,0.025
2012-06-06 17:00:00,0.031
2012-06-06 17:30:00,0.046
2012-06-06 18:00:00,0.058
2012-06-06 18:30:00,0.085
2012-06-06 19:00:00,0.075
2012-06-06 19:30:00,0.086
2012-06-06 20:00:00,0.08
2012-06-06 20:30:00,0.078
2012-06-06 21:00:00,0.081
2012-06-06 21:30:00,0.044
2012-06-06 22:00:00,0.025
2012-06-06 22:30:00,0.026
2012-06-06 23:00:00,0.015
2012-06-06 23:30:00,0.026
2012-06-07 00:00:00,0.026
2012-06-07 00:30:00,1.239
2012-06-07 01:00:00,1.257
2012-06-07 01:30:00,1.247
2012-06-07 02:00:00,1.2539999
2012-06-07 02:30:00,1.26
2012-06-07 03:00:00,1.232
2012-06-07 03:30:00,1.233
2012-06-07 04:00:00,1.247
2012-06-07 04:30:00,1.2309999
2012-06-07 05:00:00,0.741
2012-06-07 05:30:00,0.023
2012-06-07 06:00:00,0.018
2012-06-07 06:30:00,0.026
2012-06-07 07:00:00,0.019
2012-06-07 07:30:00,0.022
2012-06-07 08:00:00,0.028
2012-06-07 08:30:00,0.017
2012-06-07 09:00:00,0.026
2012-06-07 09:30:00,0.026
2012-06-07 10:00:00,0.014
2012-06-07 10:30:00,0.026
2012-06-07 11:00:00,0.023
2012-06-07 11:30:00,0.017
2012-06-07 12:00:00,0.026
2012-06-07 12:30:00,0.016
2012-06-07 13:00:00,0.024
2012-06-07 13:30:00,0.025
2012-06-07 14:00:00,0.017
2012-06-07 14:30:00,0.029
2012-06-07 15:00:00,0.024
2012-06-07 15:30:00,0.016
2012-06-07 16:00:00,0.026
2012-06-07 16:30:00,0.02
2012-06-07 17:00:00,0.026
2012-06-07 17:30:00,0.057
2012-06-07 18:00:00,0.046
2012-06-07 18:30:00,0.085
2012-06-07 19:00:00,0.084
2012-06-07 19:30:00,0.075
2012-06-07 20:00:00,0.085
2012-06-07 20:30:00,0.079
2012-06-07 21:00:00,0.077
2012-06-07 21:30:00,0.053
2012-06-07 22:00:00,0.015
2012-06-07 22:30:00,0.026
2012-06-07 23:00:00,0.027
2012-06-07 23:30:00,0.015
2012-06-08 00:00:00,0.026
2012-06-08 00:30:00,1.2460001
2012-06-08 01:00:00,1.242
2012-06-08 01:30:00,1.26
2012-06-08 02:00:00,1.26
2012-06-08 02:30:00,1.244
2012-06-08 03:00:00,1.233
2012-06-08 03:30:00,1.216
2012-06-08 04:00:00,1.248
2012-06-08 04:30:00,0.831
2012-06-08 05:00:00,0.018
2012-06-08 05:30:00,0.138
2012-06-08 06:00:00,1.013
2012-06-08 06:30:00,0.024
2012-06-08 07:00:00,0.375
2012-06-08 07:30:00,0.015
2012-06-08 08:00:00,0.028
2012-06-08 08:30:00,0.026
2012-06-08 09:00:00,0.018
2012-06-08 09:30:00,0.025
2012-06-08 10:00:00,0.017
2012-06-08 10:30:00,0.023
2012-06-08 11:00:00,0.026
2012-06-08 11:30:00,0.014
2012-06-08 12:00:00,0.026
2012-06-08 12:30:00,0.021
2012-06-08 13:00:00,0.019
2012-06-08 13:30:00,0.025
2012-06-08 14:00:00,0.018
2012-06-08 14:30:00,0.028
2012-06-08 15:00:00,0.026
2012-06-08 15:30:00,0.015
2012-06-08 16:00:00,0.025
2012-06-08 16:30:00,0.021
2012-06-08 17:00:00,0.025
2012-06-08 17:30:00,0.057
2012-06-08 18:00:00,0.046
2012-06-08 18:30:00,0.085
2012-06-08 19:00:00,0.086
2012-06-08 19:30:00,0.076
2012-06-08 20:00:00,0.085
2012-06-08 20:30:00,0.078
2012-06-08 21:00:00,0.078
2012-06-08 21:30:00,0.054
2012-06-08 22:00:00,0.015
2012-06-08 22:30:00,0.026
2012-06-08 23:00:00,0.026
2012-06-08 23:30:00,0.016
2012-06-09 00:00:00,0.026
2012-06-09 00:30:00,1.2460001
2012-06-09 01:00:00,1.26
2012-06-09 01:30:00,1.261
2012-06-09 02:00:00,1.256
2012-06-09 02:30:00,1.26
2012-06-09 03:00:00,1.248
2012-06-09 03:30:00,1.244
2012-06-09 04:00:00,1.267
2012-06-09 04:30:00,1.182
2012-06-09 05:00:00,0.023
2012-06-09 05:30:00,0.026
2012-06-09 06:00:00,0.314
2012-06-09 06:30:00,1.2359999
2012-06-09 07:00:00,0.27
2012-06-09 07:30:00,0.017
2012-06-09 08:00:00,0.029
2012-06-09 08:30:00,0.02
2012-06-09 09:00:00,0.023
2012-06-09 09:30:00,0.026
2012-06-09 10:00:00,0.015
2012-06-09 10:30:00,0.025
2012-06-09 11:00:00,0.023
2012-06-09 11:30:00,0.018
2012-06-09 12:00:00,0.025
2012-06-09 12:30:00,0.017
2012-06-09 13:00:00,0.024
2012-06-09 13:30:00,0.026
2012-06-09 14:00:00,0.017
2012-06-09 14:30:00,0.028
2012-06-09 15:00:00,0.025
2012-06-09 15:30:00,0.016
2012-06-09 16:00:00,0.025
2012-06-09 16:30:00,0.02
2012-06-09 17:00:00,0.026
2012-06-09 17:30:00,0.056
2012-06-09 18:00:00,0.048
2012-06-09 18:30:00,0.085
2012-06-09 19:00:00,0.087
2012-06-09 19:30:00,0.076
2012-06-09 20:00:00,0.086
2012-06-09 20:30:00,0.083
2012-06-09 21:00:00,0.072
2012-06-09 21:30:00,0.054
2012-06-09 22:00:00,0.02
2012-06-09 22:30:00,0.021
2012-06-09 23:00:00,0.026
2012-06-09 23:30:00,0.016
2012-06-10 00:00:00,0.026
2012-06-10 00:30:00,1.251
2012-06-10 01:00:00,1.235
2012-06-10 01:30:00,1.2640001
2012-06-10 02:00:00,1.258
2012-06-10 02:30:00,1.26
2012-06-10 03:00:00,1.249
2012-06-10 03:30:00,1.235
2012-06-10 04:00:00,1.0700001
2012-06-10 04:30:00,1.235
2012-06-10 05:00:00,0.189
2012-06-10 05:30:00,0.026
2012-06-10 06:00:00,0.026
2012-06-10 06:30:00,0.908
2012-06-10 07:00:00,0.352
2012-06-10 07:30:00,0.02
2012-06-10 08:00:00,0.023
2012-06-10 08:30:00,0.029
2012-06-10 09:00:00,0.014
2012-06-10 09:30:00,0.026
2012-06-10 10:00:00,0.026
2012-06-10 10:30:00,0.036
2012-06-10 11:00:00,0.026
2012-06-10 11:30:00,0.024
2012-06-10 12:00:00,0.018
2012-06-10 12:30:00,0.026
2012-06-10 13:00:00,0.018
2012-06-10 13:30:00,0.023
2012-06-10 14:00:00,0.029
2012-06-10 14:30:00,0.018
2012-06-10 15:00:00,0.026
2012-06-10 15:30:00,0.03
2012-06-10 16:00:00,0.051
2012-06-10 16:30:00,0.047
2012-06-10 17:00:00,0.029
2012-06-10 17:30:00,0.047
2012-06-10 18:00:00,0.069
2012-06-10 18:30:00,0.116
2012-06-10 19:00:00,0.142
2012-06-10 19:30:00,0.143
2012-06-10 20:00:00,0.074
2012-06-10 20:30:00,0.085
2012-06-10 21:00:00,0.082
2012-06-10 21:30:00,0.042
2012-06-10 22:00:00,0.026
2012-06-10 22:30:00,0.025
2012-06-10 23:00:00,0.017
2012-06-10 23:30:00,0.026
2012-06-11 00:00:00,0.02
2012-06-11 00:30:00,1.251
2012-06-11 01:00:00,1.237
2012-06-11 01:30:00,1.232
2012-06-11 02:00:00,1.2589999
2012-06-11 02:30:00,1.261
2012-06-11 03:00:00,1.2460001
2012-06-11 03:30:00,1.253
2012-06-11 04:00:00,1.25
2012-06-11 04:30:00,0.78
2012-06-11 05:00:00,0.026
2012-06-11 05:30:00,0.016
2012-06-11 06:00:00,0.781
2012-06-11 06:30:00,1.181
2012-06-11 07:00:00,0.361
2012-06-11 07:30:00,0.033
2012-06-11 08:00:00,0.045
2012-06-11 08:30:00,1.341
2012-06-11 09:00:00,1.478
2012-06-11 09:30:00,1.477
2012-06-11 10:00:00,0.592
2012-06-11 10:30:00,0.239
2012-06-11 11:00:00,0.024
2012-06-11 11:30:00,0.014
2012-06-11 12:00:00,0.025
2012-06-11 12:30:00,0.027
2012-06-11 13:00:00,0.034
2012-06-11 13:30:00,0.025
2012-06-11 14:00:00,0.016
2012-06-11 14:30:00,0.028
2012-06-11 15:00:00,0.025
2012-06-11 15:30:00,0.014
2012-06-11 16:00:00,0.025
2012-06-11 16:30:00,0.136
2012-06-11 17:00:00,0.062
2012-06-11 17:30:00,0.666
2012-06-11 18:00:00,0.074
2012-06-11 18:30:00,0.072
2012-06-11 19:00:00,0.075
2012-06-11 19:30:00,0.131
2012-06-11 20:00:00,0.13
2012-06-11 20:30:00,0.078
2012-06-11 21:00:00,0.069
2012-06-11 21:30:00,0.042
2012-06-11 22:00:00,0.014
2012-06-11 22:30:00,0.015
2012-06-11 23:00:00,0.014
2012-06-11 23:30:00,0.015
2012-06-12 00:00:00,0.014
2012-06-12 00:30:00,1.253
2012-06-12 01:00:00,1.237
2012-06-12 01:30:00,1.247
2012-06-12 02:00:00,1.239
2012-06-12 02:30:00,1.217
2012-06-12 03:00:00,1.229
2012-06-12 03:30:00,1.2410001
2012-06-12 04:00:00,1.239
2012-06-12 04:30:00,0.729
2012-06-12 05:00:00,0.014
2012-06-12 05:30:00,0.049
2012-06-12 06:00:00,1.207
2012-06-12 06:30:00,0.333
2012-06-12 07:00:00,0.015
2012-06-12 07:30:00,0.014
2012-06-12 08:00:00,0.023
2012-06-12 08:30:00,1.41
2012-06-12 09:00:00,1.467
2012-06-12 09:30:00,1.206
2012-06-12 10:00:00,0.216
2012-06-12 10:30:00,0.015
2012-06-12 11:00:00,0.015
2012-06-12 11:30:00,0.02
2012-06-12 12:00:00,0.07
2012-06-12 12:30:00,0.016
2012-06-12 13:00:00,0.015
2012-06-12 13:30:00,0.016
2012-06-12 14:00:00,0.018
2012-06-12 14:30:00,0.019
2012-06-12 15:00:00,0.016
2012-06-12 15:30:00,0.016
2012-06-12 16:00:00,0.016
2012-06-12 16:30:00,0.016
2012-06-12 17:00:00,0.021
2012-06-12 17:30:00,0.082
2012-06-12 18:00:00,0.098
2012-06-12 18:30:00,0.073
2012-06-12 19:00:00,0.074
2012-06-12 19:30:00,0.127
2012-06-12 20:00:00,0.131
2012-06-12 20:30:00,0.074
2012-06-12 21:00:00,0.07
2012-06-12 21:30:00,0.043
2012-06-12 22:00:00,0.016
2012-06-12 22:30:00,0.016
2012-06-12 23:00:00,0.016
2012-06-12 23:30:00,0.016
2012-06-13 00:00:00,0.016
2012-06-13 00:30:00,1.2359999
2012-06-13 01:00:00,1.244
2012-06-13 01:30:00,1.2539999
2012-06-13 02:00:00,1.263
2012-06-13 02:30:00,1.258
2012-06-13 03:00:00,1.249
2012-06-13 03:30:00,1.2359999
2012-06-13 04:00:00,1.257
2012-06-13 04:30:00,1.227
2012-06-13 05:00:00,0.194
2012-06-13 05:30:00,0.016
2012-06-13 06:00:00,0.026
2012-06-13 06:30:00,1.1950001
2012-06-13 07:00:00,1.001
2012-06-13 07:30:00,0.017
2012-06-13 08:00:00,0.018
2012-06-13 08:30:00,1.4400001
2012-06-13 09:00:00,0.619
2012-06-13 09:30:00,0.172
2012-06-13 10:00:00,0.161
2012-06-13 10:30:00,0.015
2012-06-13 11:00:00,0.015
2012-06-13 11:30:00,0.015
2012-06-13 12:00:00,0.058
2012-06-13 12:30:00,0.018
2012-06-13 13:00:00,0.016
2012-06-13 13:30:00,0.016
2012-06-13 14:00:00,0.018
2012-06-13 14:30:00,0.019
2012-06-13 15:00:00,0.016
2012-06-13 15:30:00,0.019
2012-06-13 16:00:00,0.016
2012-06-13 16:30:00,0.017
2012-06-13 17:00:00,0.037
2012-06-13 17:30:00,0.047
2012-06-13 18:00:00,0.048
2012-06-13 18:30:00,0.076
2012-06-13 19:00:00,0.082
2012-06-13 19:30:00,0.136
2012-06-13 20:00:00,0.123
2012-06-13 20:30:00,0.074
2012-06-13 21:00:00,0.07
2012-06-13 21:30:00,0.042
2012-06-13 22:00:00,0.015
2012-06-13 22:30:00,0.014
2012-06-13 23:00:00,0.014
2012-06-13 23:30:00,0.015
2012-06-14 00:00:00,0.015
2012-06-14 00:30:00,1.249
2012-06-14 01:00:00,1.257
2012-06-14 01:30:00,1.25
2012-06-14 02:00:00,1.2640001
2012-06-14 02:30:00,1.263
2012-06-14 03:00:00,1.257
2012-06-14 03:30:00,1.24
2012-06-14 04:00:00,1.255
2012-06-14 04:30:00,1.234
2012-06-14 05:00:00,0.283
2012-06-14 05:30:00,0.014
2012-06-14 06:00:00,0.015
2012-06-14 06:30:00,0.014
2012-06-14 07:00:00,0.793
2012-06-14 07:30:00,0.014
2012-06-14 08:00:00,0.024
2012-06-14 08:30:00,1.329
2012-06-14 09:00:00,0.497
2012-06-14 09:30:00,0.215
2012-06-14 10:00:00,0.156
2012-06-14 10:30:00,0.015
2012-06-14 11:00:00,0.014
2012-06-14 11:30:00,0.022
2012-06-14 12:00:00,0.073
2012-06-14 12:30:00,0.015
2012-06-14 13:00:00,0.016
2012-06-14 13:30:00,0.016
2012-06-14 14:00:00,0.018
2012-06-14 14:30:00,0.019
2012-06-14 15:00:00,0.015
2012-06-14 15:30:00,0.016
2012-06-14 16:00:00,0.016
2012-06-14 16:30:00,0.057
2012-06-14 17:00:00,0.087
2012-06-14 17:30:00,0.109
2012-06-14 18:00:00,0.095
2012-06-14 18:30:00,0.051
2012-06-14 19:00:00,0.054
2012-06-14 19:30:00,0.116
2012-06-14 20:00:00,0.111
2012-06-14 20:30:00,0.046
2012-06-14 21:00:00,0.041
2012-06-14 21:30:00,0.015
2012-06-14 22:00:00,0.015
2012-06-14 22:30:00,0.016
2012-06-14 23:00:00,0.015
2012-06-14 23:30:00,0.015
2012-06-15 00:00:00,0.016
2012-06-15 00:30:00,1.245
2012-06-15 01:00:00,1.2410001
2012-06-15 01:30:00,1.24
2012-06-15 02:00:00,1.251
2012-06-15 02:30:00,1.255
2012-06-15 03:00:00,1.25
2012-06-15 03:30:00,1.249
2012-06-15 04:00:00,1.223
2012-06-15 04:30:00,0.943
2012-06-15 05:00:00,0.016
2012-06-15 05:30:00,0.015
2012-06-15 06:00:00,0.296
2012-06-15 06:30:00,1.199
2012-06-15 07:00:00,0.497
2012-06-15 07:30:00,0.016
2012-06-15 08:00:00,0.017
2012-06-15 08:30:00,1.447
2012-06-15 09:00:00,0.275
2012-06-15 09:30:00,0.227
2012-06-15 10:00:00,0.018
2012-06-15 10:30:00,0.198
2012-06-15 11:00:00,0.02
2012-06-15 11:30:00,0.015
2012-06-15 12:00:00,0.054
2012-06-15 12:30:00,0.018
2012-06-15 13:00:00,0.035
2012-06-15 13:30:00,0.017
2012-06-15 14:00:00,0.018
2012-06-15 14:30:00,0.018
2012-06-15 15:00:00,0.016
2012-06-15 15:30:00,0.015
2012-06-15 16:00:00,0.016
2012-06-15 16:30:00,0.016
2012-06-15 17:00:00,0.021
2012-06-15 17:30:00,0.091
2012-06-15 18:00:00,0.098
2012-06-15 18:30:00,0.047
2012-06-15 19:00:00,0.049
2012-06-15 19:30:00,0.108
2012-06-15 20:00:00,0.081
2012-06-15 20:30:00,0.045
2012-06-15 21:00:00,0.041
2012-06-15 21:30:00,0.015
2012-06-15 22:00:00,0.015
2012-06-15 22:30:00,0.014
2012-06-15 23:00:00,0.015
2012-06-15 23:30:00,0.015
2012-06-16 00:00:00,0.015
2012-06-16 00:30:00,1.251
2012-06-16 01:00:00,1.242
2012-06-16 01:30:00,1.248
2012-06-16 02:00:00,1.242
2012-06-16 02:30:00,1.2539999
2012-06-16 03:00:00,1.2309999
2012-06-16 03:30:00,1.2359999
2012-06-16 04:00:00,1.2460001
2012-06-16 04:30:00,0.922
2012-06-16 05:00:00,0.014
2012-06-16 05:30:00,0.015
2012-06-16 06:00:00,0.021
2012-06-16 06:30:00,1.2359999
2012-06-16 07:00:00,1.756
2012-06-16 07:30:00,0.069
2012-06-16 08:00:00,0.063
2012-06-16 08:30:00,1.455
2012-06-16 09:00:00,1.524
2012-06-16 09:30:00,0.759
2012-06-16 10:00:00,0.258
2012-06-16 10:30:00,0.018
2012-06-16 11:00:00,0.017
2012-06-16 11:30:00,0.017
2012-06-16 12:00:00,0.018
2012-06-16 12:30:00,0.017
2012-06-16 13:00:00,0.018
2012-06-16 13:30:00,0.017
2012-06-16 14:00:00,0.02
2012-06-16 14:30:00,0.021
2012-06-16 15:00:00,0.017
2012-06-16 15:30:00,0.018
2012-06-16 16:00:00,0.017
2012-06-16 16:30:00,0.018
2012-06-16 17:00:00,0.023
2012-06-16 17:30:00,0.062
2012-06-16 18:00:00,0.071
2012-06-16 18:30:00,0.096
2012-06-16 19:00:00,0.131
2012-06-16 19:30:00,0.13
2012-06-16 20:00:00,0.089
2012-06-16 20:30:00,0.068
2012-06-16 21:00:00,0.044
2012-06-16 21:30:00,0.018
2012-06-16 22:00:00,0.018
2012-06-16 22:30:00,0.018
2012-06-16 23:00:00,0.018
2012-06-16 23:30:00,0.019
2012-06-17 00:00:00,0.018
2012-06-17 00:30:00,1.257
2012-06-17 01:00:00,1.2539999
2012-06-17 01:30:00,1.253
2012-06-17 02:00:00,1.2539999
2012-06-17 02:30:00,1.26
2012-06-17 03:00:00,1.244
2012-06-17 03:30:00,1.234
2012-06-17 04:00:00,1.238
2012-06-17 04:30:00,0.991
2012-06-17 05:00:00,0.018
2012-06-17 05:30:00,0.018
2012-06-17 06:00:00,0.019
2012-06-17 06:30:00,0.951
2012-06-17 07:00:00,0.966
2012-06-17 07:30:00,0.018
2012-06-17 08:00:00,0.02
2012-06-17 08:30:00,1.369
2012-06-17 09:00:00,0.565
2012-06-17 09:30:00,0.182
2012-06-17 10:00:00,0.018
2012-06-17 10:30:00,0.158
2012-06-17 11:00:00,0.018
2012-06-17 11:30:00,0.023
2012-06-17 12:00:00,0.032
2012-06-17 12:30:00,0.018
2012-06-17 13:00:00,0.019
2012-06-17 13:30:00,0.018
2012-06-17 14:00:00,0.02
2012-06-17 14:30:00,0.022
2012-06-17 15:00:00,0.018
2012-06-17 15:30:00,0.022
2012-06-17 16:00:00,0.052
2012-06-17 16:30:00,0.019
2012-06-17 17:00:00,0.022
2012-06-17 17:30:00,0.068
2012-06-17 18:00:00,0.067
2012-06-17 18:30:00,0.101
2012-06-17 19:00:00,0.126
2012-06-17 19:30:00,0.123
2012-06-17 20:00:00,0.078
2012-06-17 20:30:00,0.066
2012-06-17 21:00:00,0.04
2012-06-17 21:30:00,0.015
2012-06-17 22:00:00,0.015
2012-06-17 22:30:00,0.015
2012-06-17 23:00:00,0.015
2012-06-17 23:30:00,0.016
2012-06-18 00:00:00,0.015
2012-06-18 00:30:00,1.2539999
2012-06-18 01:00:00,1.243
2012-06-18 01:30:00,1.247
2012-06-18 02:00:00,1.229
2012-06-18 02:30:00,1.2359999
2012-06-18 03:00:00,1.242
2012-06-18 03:30:00,1.243
2012-06-18 04:00:00,1.226
2012-06-18 04:30:00,0.431
2012-06-18 05:00:00,0.015
2012-06-18 05:30:00,0.016
2012-06-18 06:00:00,1.124
2012-06-18 06:30:00,0.598
2012-06-18 07:00:00,0.218
2012-06-18 07:30:00,0.027
2012-06-18 08:00:00,0.018
2012-06-18 08:30:00,1.351
2012-06-18 09:00:00,0.379
2012-06-18 09:30:00,0.215
2012-06-18 10:00:00,0.015
2012-06-18 10:30:00,0.158
2012-06-18 11:00:00,0.015
2012-06-18 11:30:00,0.015
2012-06-18 12:00:00,0.015
2012-06-18 12:30:00,0.015
2012-06-18 13:00:00,0.015
2012-06-18 13:30:00,0.029
2012-06-18 14:00:00,0.021
2012-06-18 14:30:00,0.018
2012-06-18 15:00:00,0.016
2012-06-18 15:30:00,0.015
2012-06-18 16:00:00,0.015
2012-06-18 16:30:00,0.018
2012-06-18 17:00:00,0.023
2012-06-18 17:30:00,0.066
2012-06-18 18:00:00,0.066
2012-06-18 18:30:00,0.066
2012-06-18 19:00:00,0.066
2012-06-18 19:30:00,0.124
2012-06-18 20:00:00,0.101
2012-06-18 20:30:00,0.071
2012-06-18 21:00:00,0.041
2012-06-18 21:30:00,0.015
2012-06-18 22:00:00,0.015
2012-06-18 22:30:00,0.016
2012-06-18 23:00:00,0.015
2012-06-18 23:30:00,0.016
2012-06-19 00:00:00,0.015
2012-06-19 00:30:00,1.248
2012-06-19 01:00:00,1.255
2012-06-19 01:30:00,1.24
2012-06-19 02:00:00,1.243
2012-06-19 02:30:00,1.243
2012-06-19 03:00:00,1.233
2012-06-19 03:30:00,1.244
2012-06-19 04:00:00,1.252
2012-06-19 04:30:00,0.883
2012-06-19 05:00:00,0.015
2012-06-19 05:30:00,0.015
2012-06-19 06:00:00,0.424
2012-06-19 06:30:00,1.194
2012-06-19 07:00:00,0.062
2012-06-19 07:30:00,0.015
2012-06-19 08:00:00,0.017
2012-06-19 08:30:00,1.441
2012-06-19 09:00:00,1.4809999
2012-06-19 09:30:00,0.667
2012-06-19 10:00:00,0.215
2012-06-19 10:30:00,0.07
2012-06-19 11:00:00,0.015
2012-06-19 11:30:00,0.016
2012-06-19 12:00:00,0.05
2012-06-19 12:30:00,0.016
2012-06-19 13:00:00,0.016
2012-06-19 13:30:00,0.016
2012-06-19 14:00:00,0.018
2012-06-19 14:30:00,0.018
2012-06-19 15:00:00,0.016
2012-06-19 15:30:00,0.015
2012-06-19 16:00:00,0.016
2012-06-19 16:30:00,0.03
2012-06-19 17:00:00,0.023
2012-06-19 17:30:00,0.067
2012-06-19 18:00:00,0.068
2012-06-19 18:30:00,0.048
2012-06-19 19:00:00,0.08
2012-06-19 19:30:00,0.105
2012-06-19 20:00:00,0.056
2012-06-19 20:30:00,0.044
2012-06-19 21:00:00,0.04
2012-06-19 21:30:00,0.014
2012-06-19 22:00:00,0.014
2012-06-19 22:30:00,0.014
2012-06-19 23:00:00,0.015
2012-06-19 23:30:00,0.014
2012-06-20 00:00:00,0.014
2012-06-20 00:30:00,0.015
2012-06-20 01:00:00,0.014
2012-06-20 01:30:00,0.014
2012-06-20 02:00:00,0.017
2012-06-20 02:30:00,0.018
2012-06-20 03:00:00,0.014
2012-06-20 03:30:00,0.014
2012-06-20 04:00:00,0.015
2012-06-20 04:30:00,0.015
2012-06-20 05:00:00,0.014
2012-06-20 05:30:00,0.014
2012-06-20 06:00:00,0.014
2012-06-20 06:30:00,0.014
2012-06-20 07:00:00,0.014
2012-06-20 07:30:00,0.02
2012-06-20 08:00:00,0.019
2012-06-20 08:30:00,0.017
2012-06-20 09:00:00,0.014
2012-06-20 09:30:00,0.014
2012-06-20 10:00:00,0.013
2012-06-20 10:30:00,0.014
2012-06-20 11:00:00,0.014
2012-06-20 11:30:00,0.013
2012-06-20 12:00:00,0.014
2012-06-20 12:30:00,0.014
2012-06-20 13:00:00,0.014
2012-06-20 13:30:00,0.014
2012-06-20 14:00:00,0.016
2012-06-20 14:30:00,0.017
2012-06-20 15:00:00,0.014
2012-06-20 15:30:00,0.013
2012-06-20 16:00:00,0.014
2012-06-20 16:30:00,0.014
2012-06-20 17:00:00,0.019
2012-06-20 17:30:00,0.044
2012-06-20 18:00:00,0.043
2012-06-20 18:30:00,0.044
2012-06-20 19:00:00,0.043
2012-06-20 19:30:00,0.045
2012-06-20 20:00:00,0.044
2012-06-20 20:30:00,0.044
2012-06-20 21:00:00,0.04
2012-06-20 21:30:00,0.014
2012-06-20 22:00:00,0.013
2012-06-20 22:30:00,0.014
2012-06-20 23:00:00,0.014
2012-06-20 23:30:00,0.015
2012-06-21 00:00:00,0.014
2012-06-21 00:30:00,0.014
2012-06-21 01:00:00,0.014
2012-06-21 01:30:00,0.014
2012-06-21 02:00:00,0.017
2012-06-21 02:30:00,0.017
2012-06-21 03:00:00,0.014
2012-06-21 03:30:00,0.014
2012-06-21 04:00:00,0.014
2012-06-21 04:30:00,0.014
2012-06-21 05:00:00,0.014
2012-06-21 05:30:00,0.014
2012-06-21 06:00:00,0.014
2012-06-21 06:30:00,0.014
2012-06-21 07:00:00,0.014
2012-06-21 07:30:00,0.014
2012-06-21 08:00:00,0.016
2012-06-21 08:30:00,0.017
2012-06-21 09:00:00,0.013
2012-06-21 09:30:00,0.014
2012-06-21 10:00:00,0.014
2012-06-21 10:30:00,0.013
2012-06-21 11:00:00,0.014
2012-06-21 11:30:00,0.014
2012-06-21 12:00:00,0.013
2012-06-21 12:30:00,0.014
2012-06-21 13:00:00,0.014
2012-06-21 13:30:00,0.014
2012-06-21 14:00:00,0.016
2012-06-21 14:30:00,0.017
2012-06-21 15:00:00,0.013
2012-06-21 15:30:00,0.014
2012-06-21 16:00:00,0.015
2012-06-21 16:30:00,0.014
2012-06-21 17:00:00,0.019
2012-06-21 17:30:00,0.045
2012-06-21 18:00:00,0.045
2012-06-21 18:30:00,0.045
2012-06-21 19:00:00,0.044
2012-06-21 19:30:00,0.045
2012-06-21 20:00:00,0.045
2012-06-21 20:30:00,0.044
2012-06-21 21:00:00,0.041
2012-06-21 21:30:00,0.013
2012-06-21 22:00:00,0.014
2012-06-21 22:30:00,0.014
2012-06-21 23:00:00,0.014
2012-06-21 23:30:00,0.015
2012-06-22 00:00:00,0.014
2012-06-22 00:30:00,0.015
2012-06-22 01:00:00,0.014
2012-06-22 01:30:00,0.014
2012-06-22 02:00:00,0.017
2012-06-22 02:30:00,0.017
2012-06-22 03:00:00,0.014
2012-06-22 03:30:00,0.015
2012-06-22 04:00:00,0.014
2012-06-22 04:30:00,0.014
2012-06-22 05:00:00,0.014
2012-06-22 05:30:00,0.015
2012-06-22 06:00:00,0.014
2012-06-22 06:30:00,0.014
2012-06-22 07:00:00,0.014
2012-06-22 07:30:00,0.013
2012-06-22 08:00:00,0.017
2012-06-22 08:30:00,0.017
2012-06-22 09:00:00,0.014
2012-06-22 09:30:00,0.014
2012-06-22 10:00:00,0.014
2012-06-22 10:30:00,0.014
2012-06-22 11:00:00,0.013
2012-06-22 11:30:00,0.014
2012-06-22 12:00:00,0.014
2012-06-22 12:30:00,0.014
2012-06-22 13:00:00,0.014
2012-06-22 13:30:00,0.014
2012-06-22 14:00:00,0.017
2012-06-22 14:30:00,0.017
2012-06-22 15:00:00,0.014
2012-06-22 15:30:00,0.014
2012-06-22 16:00:00,0.014
2012-06-22 16:30:00,0.014
2012-06-22 17:00:00,0.02
2012-06-22 17:30:00,0.045
2012-06-22 18:00:00,0.045
2012-06-22 18:30:00,0.045
2012-06-22 19:00:00,0.045
2012-06-22 19:30:00,0.045
2012-06-22 20:00:00,0.044
2012-06-22 20:30:00,0.045
2012-06-22 21:00:00,0.04
2012-06-22 21:30:00,0.014
2012-06-22 22:00:00,0.014
2012-06-22 22:30:00,0.015
2012-06-22 23:00:00,0.014
2012-06-22 23:30:00,0.014
2012-06-23 00:00:00,0.015
2012-06-23 00:30:00,0.014
2012-06-23 01:00:00,0.014
2012-06-23 01:30:00,0.015
2012-06-23 02:00:00,0.016
2012-06-23 02:30:00,0.018
2012-06-23 03:00:00,0.014
2012-06-23 03:30:00,0.015
2012-06-23 04:00:00,0.014
2012-06-23 04:30:00,0.015
2012-06-23 05:00:00,0.014
2012-06-23 05:30:00,0.014
2012-06-23 06:00:00,0.015
2012-06-23 06:30:00,0.014
2012-06-23 07:00:00,0.014
2012-06-23 07:30:00,0.014
2012-06-23 08:00:00,0.017
2012-06-23 08:30:00,0.017
2012-06-23 09:00:00,0.014
2012-06-23 09:30:00,0.013
2012-06-23 10:00:00,0.014
2012-06-23 10:30:00,0.014
2012-06-23 11:00:00,0.014
2012-06-23 11:30:00,0.014
2012-06-23 12:00:00,0.014
2012-06-23 12:30:00,0.015
2012-06-23 13:00:00,0.014
2012-06-23 13:30:00,0.014
2012-06-23 14:00:00,0.016
2012-06-23 14:30:00,0.018
2012-06-23 15:00:00,0.014
2012-06-23 15:30:00,0.014
2012-06-23 16:00:00,0.014
2012-06-23 16:30:00,0.014
2012-06-23 17:00:00,0.019
2012-06-23 17:30:00,0.045
2012-06-23 18:00:00,0.045
2012-06-23 18:30:00,0.045
2012-06-23 19:00:00,0.044
2012-06-23 19:30:00,0.045
2012-06-23 20:00:00,0.044
2012-06-23 20:30:00,0.046
2012-06-23 21:00:00,0.04
2012-06-23 21:30:00,0.014
2012-06-23 22:00:00,0.014
2012-06-23 22:30:00,0.014
2012-06-23 23:00:00,0.015
2012-06-23 23:30:00,0.014
2012-06-24 00:00:00,0.014
2012-06-24 00:30:00,0.015
2012-06-24 01:00:00,0.014
2012-06-24 01:30:00,0.015
2012-06-24 02:00:00,0.017
2012-06-24 02:30:00,0.018
2012-06-24 03:00:00,0.014
2012-06-24 03:30:00,0.014
2012-06-24 04:00:00,0.015
2012-06-24 04:30:00,0.014
2012-06-24 05:00:00,0.015
2012-06-24 05:30:00,0.014
2012-06-24 06:00:00,0.015
2012-06-24 06:30:00,0.014
2012-06-24 07:00:00,0.014
2012-06-24 07:30:00,0.014
2012-06-24 08:00:00,0.016
2012-06-24 08:30:00,0.018
2012-06-24 09:00:00,0.013
2012-06-24 09:30:00,0.014
2012-06-24 10:00:00,0.014
2012-06-24 10:30:00,0.014
2012-06-24 11:00:00,0.014
2012-06-24 11:30:00,0.014
2012-06-24 12:00:00,0.014
2012-06-24 12:30:00,0.014
2012-06-24 13:00:00,0.014
2012-06-24 13:30:00,0.014
2012-06-24 14:00:00,0.016
2012-06-24 14:30:00,0.017
2012-06-24 15:00:00,0.014
2012-06-24 15:30:00,0.014
2012-06-24 16:00:00,0.014
2012-06-24 16:30:00,0.014
2012-06-24 17:00:00,0.019
2012-06-24 17:30:00,0.045
2012-06-24 18:00:00,0.045
2012-06-24 18:30:00,0.044
2012-06-24 19:00:00,0.043
2012-06-24 19:30:00,0.045
2012-06-24 20:00:00,0.044
2012-06-24 20:30:00,0.044
2012-06-24 21:00:00,0.041
2012-06-24 21:30:00,0.014
2012-06-24 22:00:00,0.014
2012-06-24 22:30:00,0.014
2012-06-24 23:00:00,0.014
2012-06-24 23:30:00,0.015
2012-06-25 00:00:00,0.014
2012-06-25 00:30:00,0.015
2012-06-25 01:00:00,0.014
2012-06-25 01:30:00,0.015
2012-06-25 02:00:00,0.017
2012-06-25 02:30:00,0.017
2012-06-25 03:00:00,0.014
2012-06-25 03:30:00,0.014
2012-06-25 04:00:00,0.015
2012-06-25 04:30:00,0.014
2012-06-25 05:00:00,0.015
2012-06-25 05:30:00,0.014
2012-06-25 06:00:00,0.014
2012-06-25 06:30:00,0.014
2012-06-25 07:00:00,0.015
2012-06-25 07:30:00,0.014
2012-06-25 08:00:00,0.016
2012-06-25 08:30:00,0.017
2012-06-25 09:00:00,0.014
2012-06-25 09:30:00,0.014
2012-06-25 10:00:00,0.014
2012-06-25 10:30:00,0.014
2012-06-25 11:00:00,0.013
2012-06-25 11:30:00,0.014
2012-06-25 12:00:00,0.014
2012-06-25 12:30:00,0.014
2012-06-25 13:00:00,0.014
2012-06-25 13:30:00,0.014
2012-06-25 14:00:00,0.016
2012-06-25 14:30:00,0.017
2012-06-25 15:00:00,0.014
2012-06-25 15:30:00,0.014
2012-06-25 16:00:00,0.014
2012-06-25 16:30:00,0.014
2012-06-25 17:00:00,0.02
2012-06-25 17:30:00,0.044
2012-06-25 18:00:00,0.044
2012-06-25 18:30:00,0.045
2012-06-25 19:00:00,0.044
2012-06-25 19:30:00,0.044
2012-06-25 20:00:00,0.044
2012-06-25 20:30:00,0.044
2012-06-25 21:00:00,0.04
2012-06-25 21:30:00,0.014
2012-06-25 22:00:00,0.014
2012-06-25 22:30:00,0.014
2012-06-25 23:00:00,0.015
2012-06-25 23:30:00,0.014
2012-06-26 00:00:00,0.014
2012-06-26 00:30:00,0.015
2012-06-26 01:00:00,0.014
2012-06-26 01:30:00,0.015
2012-06-26 02:00:00,0.016
2012-06-26 02:30:00,0.018
2012-06-26 03:00:00,0.014
2012-06-26 03:30:00,0.014
2012-06-26 04:00:00,0.015
2012-06-26 04:30:00,0.014
2012-06-26 05:00:00,0.014
2012-06-26 05:30:00,0.014
2012-06-26 06:00:00,0.015
2012-06-26 06:30:00,0.014
2012-06-26 07:00:00,0.013
2012-06-26 07:30:00,0.014
2012-06-26 08:00:00,0.017
2012-06-26 08:30:00,0.017
2012-06-26 09:00:00,0.014
2012-06-26 09:30:00,0.014
2012-06-26 10:00:00,0.013
2012-06-26 10:30:00,0.014
2012-06-26 11:00:00,0.014
2012-06-26 11:30:00,0.014
2012-06-26 12:00:00,0.013
2012-06-26 12:30:00,0.014
2012-06-26 13:00:00,0.014
2012-06-26 13:30:00,0.014
2012-06-26 14:00:00,0.016
2012-06-26 14:30:00,0.017
2012-06-26 15:00:00,0.014
2012-06-26 15:30:00,0.014
2012-06-26 16:00:00,0.014
2012-06-26 16:30:00,0.013
2012-06-26 17:00:00,0.02
2012-06-26 17:30:00,0.045
2012-06-26 18:00:00,0.045
2012-06-26 18:30:00,0.044
2012-06-26 19:00:00,0.044
2012-06-26 19:30:00,0.045
2012-06-26 20:00:00,0.044
2012-06-26 20:30:00,0.044
2012-06-26 21:00:00,0.04
2012-06-26 21:30:00,0.014
2012-06-26 22:00:00,0.014
2012-06-26 22:30:00,0.014
2012-06-26 23:00:00,0.014
2012-06-26 23:30:00,0.014
2012-06-27 00:00:00,0.014
2012-06-27 00:30:00,0.014
2012-06-27 01:00:00,0.015
2012-06-27 01:30:00,0.014
2012-06-27 02:00:00,0.017
2012-06-27 02:30:00,0.017
2012-06-27 03:00:00,0.015
2012-06-27 03:30:00,0.014
2012-06-27 04:00:00,0.015
2012-06-27 04:30:00,0.014
2012-06-27 05:00:00,0.014
2012-06-27 05:30:00,0.014
2012-06-27 06:00:00,0.014
2012-06-27 06:30:00,0.014
2012-06-27 07:00:00,0.014
2012-06-27 07:30:00,0.014
2012-06-27 08:00:00,0.016
2012-06-27 08:30:00,0.017
2012-06-27 09:00:00,0.014
2012-06-27 09:30:00,0.014
2012-06-27 10:00:00,0.014
2012-06-27 10:30:00,0.014
2012-06-27 11:00:00,0.014
2012-06-27 11:30:00,0.013
2012-06-27 12:00:00,0.014
2012-06-27 12:30:00,0.014
2012-06-27 13:00:00,0.014
2012-06-27 13:30:00,0.014
2012-06-27 14:00:00,0.016
2012-06-27 14:30:00,0.017
2012-06-27 15:00:00,0.014
2012-06-27 15:30:00,0.014
2012-06-27 16:00:00,0.014
2012-06-27 16:30:00,0.013
2012-06-27 17:00:00,0.02
2012-06-27 17:30:00,0.045
2012-06-27 18:00:00,0.044
2012-06-27 18:30:00,0.044
2012-06-27 19:00:00,0.045
2012-06-27 19:30:00,0.045
2012-06-27 20:00:00,0.044
2012-06-27 20:30:00,0.045
2012-06-27 21:00:00,0.04
2012-06-27 21:30:00,0.014
2012-06-27 22:00:00,0.014
2012-06-27 22:30:00,0.014
2012-06-27 23:00:00,0.014
2012-06-27 23:30:00,0.014
2012-06-28 00:00:00,0.015
2012-06-28 00:30:00,0.014
2012-06-28 01:00:00,0.014
2012-06-28 01:30:00,0.014
2012-06-28 02:00:00,0.017
2012-06-28 02:30:00,0.017
2012-06-28 03:00:00,0.014
2012-06-28 03:30:00,0.014
2012-06-28 04:00:00,0.015
2012-06-28 04:30:00,0.014
2012-06-28 05:00:00,0.014
2012-06-28 05:30:00,0.015
2012-06-28 06:00:00,0.014
2012-06-28 06:30:00,0.014
2012-06-28 07:00:00,0.013
2012-06-28 07:30:00,0.014
2012-06-28 08:00:00,0.016
2012-06-28 08:30:00,0.017
2012-06-28 09:00:00,0.014
2012-06-28 09:30:00,0.014
2012-06-28 10:00:00,0.013
2012-06-28 10:30:00,0.014
2012-06-28 11:00:00,0.014
2012-06-28 11:30:00,0.013
2012-06-28 12:00:00,0.014
2012-06-28 12:30:00,0.013
2012-06-28 13:00:00,0.014
2012-06-28 13:30:00,0.014
2012-06-28 14:00:00,0.016
2012-06-28 14:30:00,0.017
2012-06-28 15:00:00,0.014
2012-06-28 15:30:00,0.013
2012-06-28 16:00:00,0.014
2012-06-28 16:30:00,0.014
2012-06-28 17:00:00,0.019
2012-06-28 17:30:00,0.044
2012-06-28 18:00:00,0.044
2012-06-28 18:30:00,0.044
2012-06-28 19:00:00,0.044
2012-06-28 19:30:00,0.044
2012-06-28 20:00:00,0.044
2012-06-28 20:30:00,0.044
2012-06-28 21:00:00,0.039
2012-06-28 21:30:00,0.014
2012-06-28 22:00:00,0.014
2012-06-28 22:30:00,0.014
2012-06-28 23:00:00,0.014
2012-06-28 23:30:00,0.014
2012-06-29 00:00:00,0.015
2012-06-29 00:30:00,0.014
2012-06-29 01:00:00,0.014
2012-06-29 01:30:00,0.015
2012-06-29 02:00:00,0.016
2012-06-29 02:30:00,0.018
2012-06-29 03:00:00,0.014
2012-06-29 03:30:00,0.014
2012-06-29 04:00:00,0.014
2012-06-29 04:30:00,0.015
2012-06-29 05:00:00,0.014
2012-06-29 05:30:00,0.014
2012-06-29 06:00:00,0.014
2012-06-29 06:30:00,0.014
2012-06-29 07:00:00,0.014
2012-06-29 07:30:00,0.014
2012-06-29 08:00:00,0.017
2012-06-29 08:30:00,0.016
2012-06-29 09:00:00,0.014
2012-06-29 09:30:00,0.014
2012-06-29 10:00:00,0.013
2012-06-29 10:30:00,0.014
2012-06-29 11:00:00,0.014
2012-06-29 11:30:00,0.014
2012-06-29 12:00:00,0.013
2012-06-29 12:30:00,0.014
2012-06-29 13:00:00,0.014
2012-06-29 13:30:00,0.014
2012-06-29 14:00:00,0.016
2012-06-29 14:30:00,0.017
2012-06-29 15:00:00,0.014
2012-06-29 15:30:00,0.014
2012-06-29 16:00:00,0.014
2012-06-29 16:30:00,0.014
2012-06-29 17:00:00,0.02
2012-06-29 17:30:00,0.045
2012-06-29 18:00:00,0.044
2012-06-29 18:30:00,0.044
2012-06-29 19:00:00,0.045
2012-06-29 19:30:00,0.044
2012-06-29 20:00:00,0.044
2012-06-29 20:30:00,0.044
2012-06-29 21:00:00,0.04
2012-06-29 21:30:00,0.014
2012-06-29 22:00:00,0.014
2012-06-29 22:30:00,0.014
2012-06-29 23:00:00,0.014
2012-06-29 23:30:00,0.015
2012-06-30 00:00:00,0.014
2012-06-30 00:30:00,0.014
2012-06-30 01:00:00,0.015
2012-06-30 01:30:00,0.014
2012-06-30 02:00:00,0.017
2012-06-30 02:30:00,0.018
2012-06-30 03:00:00,0.014
2012-06-30 03:30:00,0.014
2012-06-30 04:00:00,0.014
2012-06-30 04:30:00,0.015
2012-06-30 05:00:00,0.014
2012-06-30 05:30:00,0.014
2012-06-30 06:00:00,0.015
2012-06-30 06:30:00,0.014
2012-06-30 07:00:00,0.014
2012-06-30 07:30:00,0.014
2012-06-30 08:00:00,0.016
2012-06-30 08:30:00,0.017
2012-06-30 09:00:00,0.014
2012-06-30 09:30:00,0.015
2012-06-30 10:00:00,0.013
2012-06-30 10:30:00,0.015
2012-06-30 11:00:00,0.013
2012-06-30 11:30:00,0.014
2012-06-30 12:00:00,0.014
2012-06-30 12:30:00,0.014
2012-06-30 13:00:00,0.014
2012-06-30 13:30:00,0.013
2012-06-30 14:00:00,0.017
2012-06-30 14:30:00,0.016
2012-06-30 15:00:00,0.014
2012-06-30 15:30:00,0.014
2012-06-30 16:00:00,0.014
2012-06-30 16:30:00,0.014
2012-06-30 17:00:00,0.019
2012-06-30 17:30:00,0.044
2012-06-30 18:00:00,0.044
2012-06-30 18:30:00,0.045
2012-06-30 19:00:00,0.045
2012-06-30 19:30:00,0.045
2012-06-30 20:00:00,0.044
2012-06-30 20:30:00,0.045
2012-06-30 21:00:00,0.039
2012-06-30 21:30:00,0.014
2012-06-30 22:00:00,0.014
2012-06-30 22:30:00,0.014
2012-06-30 23:00:00,0.013
2012-06-30 23:30:00,0.015
2012-07-01 00:00:00,0.014
2012-07-01 00:30:00,0.014
2012-07-01 01:00:00,0.014
2012-07-01 01:30:00,0.014
2012-07-01 02:00:00,0.017
2012-07-01 02:30:00,0.017
2012-07-01 03:00:00,0.015
2012-07-01 03:30:00,0.014
2012-07-01 04:00:00,0.014
2012-07-01 04:30:00,0.014
2012-07-01 05:00:00,0.014
2012-07-01 05:30:00,0.015
2012-07-01 06:00:00,0.014
2012-07-01 06:30:00,0.014
2012-07-01 07:00:00,0.014
2012-07-01 07:30:00,0.014
2012-07-01 08:00:00,0.016
2012-07-01 08:30:00,0.017
2012-07-01 09:00:00,0.014
2012-07-01 09:30:00,0.013
2012-07-01 10:00:00,0.014
2012-07-01 10:30:00,0.014
2012-07-01 11:00:00,0.014
2012-07-01 11:30:00,0.014
2012-07-01 12:00:00,0.014
2012-07-01 12:30:00,0.013
2012-07-01 13:00:00,0.014
2012-07-01 13:30:00,0.013
2012-07-01 14:00:00,0.017
2012-07-01 14:30:00,0.016
2012-07-01 15:00:00,0.014
2012-07-01 15:30:00,0.014
2012-07-01 16:00:00,0.013
2012-07-01 16:30:00,0.014
2012-07-01 17:00:00,0.02
2012-07-01 17:30:00,0.044
2012-07-01 18:00:00,0.045
2012-07-01 18:30:00,0.044
2012-07-01 19:00:00,0.045
2012-07-01 19:30:00,0.044
2012-07-01 20:00:00,0.045
2012-07-01 20:30:00,0.044
2012-07-01 21:00:00,0.039
2012-07-01 21:30:00,0.014
2012-07-01 22:00:00,0.014
2012-07-01 22:30:00,0.014
2012-07-01 23:00:00,0.014
2012-07-01 23:30:00,0.014
2012-07-02 00:00:00,0.014
2012-07-02 00:30:00,0.014
2012-07-02 01:00:00,0.015
2012-07-02 01:30:00,0.014
2012-07-02 02:00:00,0.017
2012-07-02 02:30:00,0.017
2012-07-02 03:00:00,0.014
2012-07-02 03:30:00,0.014
2012-07-02 04:00:00,0.014
2012-07-02 04:30:00,0.015
2012-07-02 05:00:00,0.014
2012-07-02 05:30:00,0.014
2012-07-02 06:00:00,0.014
2012-07-02 06:30:00,0.014
2012-07-02 07:00:00,0.014
2012-07-02 07:30:00,0.014
2012-07-02 08:00:00,0.017
2012-07-02 08:30:00,0.016
2012-07-02 09:00:00,0.014
2012-07-02 09:30:00,0.014
2012-07-02 10:00:00,0.014
2012-07-02 10:30:00,0.013
2012-07-02 11:00:00,0.014
2012-07-02 11:30:00,0.014
2012-07-02 12:00:00,0.013
2012-07-02 12:30:00,0.014
2012-07-02 13:00:00,0.014
2012-07-02 13:30:00,0.014
2012-07-02 14:00:00,0.016
2012-07-02 14:30:00,0.017
2012-07-02 15:00:00,0.013
2012-07-02 15:30:00,0.014
2012-07-02 16:00:00,0.014
2012-07-02 16:30:00,0.014
2012-07-02 17:00:00,0.019
2012-07-02 17:30:00,0.044
2012-07-02 18:00:00,0.044
2012-07-02 18:30:00,0.044
2012-07-02 19:00:00,0.044
2012-07-02 19:30:00,0.043
2012-07-02 20:00:00,0.044
2012-07-02 20:30:00,0.043
2012-07-02 21:00:00,0.04
2012-07-02 21:30:00,0.014
2012-07-02 22:00:00,0.014
2012-07-02 22:30:00,0.014
2012-07-02 23:00:00,0.014
2012-07-02 23:30:00,0.014
2012-07-03 00:00:00,0.014
2012-07-03 00:30:00,0.014
2012-07-03 01:00:00,0.015
2012-07-03 01:30:00,0.014
2012-07-03 02:00:00,0.016
2012-07-03 02:30:00,0.017
2012-07-03 03:00:00,0.014
2012-07-03 03:30:00,0.014
2012-07-03 04:00:00,0.015
2012-07-03 04:30:00,0.014
2012-07-03 05:00:00,0.014
2012-07-03 05:30:00,0.014
2012-07-03 06:00:00,0.014
2012-07-03 06:30:00,0.014
2012-07-03 07:00:00,0.014
2012-07-03 07:30:00,0.014
2012-07-03 08:00:00,0.016
2012-07-03 08:30:00,0.016
2012-07-03 09:00:00,0.014
2012-07-03 09:30:00,0.013
2012-07-03 10:00:00,0.014
2012-07-03 10:30:00,0.013
2012-07-03 11:00:00,0.014
2012-07-03 11:30:00,0.013
2012-07-03 12:00:00,0.014
2012-07-03 12:30:00,0.014
2012-07-03 13:00:00,0.013
2012-07-03 13:30:00,0.014
2012-07-03 14:00:00,0.016
2012-07-03 14:30:00,0.017
2012-07-03 15:00:00,0.014
2012-07-03 15:30:00,0.014
2012-07-03 16:00:00,0.013
2012-07-03 16:30:00,0.014
2012-07-03 17:00:00,0.02
2012-07-03 17:30:00,0.044
2012-07-03 18:00:00,0.044
2012-07-03 18:30:00,0.043
2012-07-03 19:00:00,0.044
2012-07-03 19:30:00,0.044
2012-07-03 20:00:00,0.044
2012-07-03 20:30:00,0.043
2012-07-03 21:00:00,0.04
2012-07-03 21:30:00,0.013
2012-07-03 22:00:00,0.014
2012-07-03 22:30:00,0.014
2012-07-03 23:00:00,0.014
2012-07-03 23:30:00,0.014
2012-07-04 00:00:00,0.014
2012-07-04 00:30:00,0.014
2012-07-04 01:00:00,0.015
2012-07-04 01:30:00,0.014
2012-07-04 02:00:00,0.016
2012-07-04 02:30:00,0.018
2012-07-04 03:00:00,0.013
2012-07-04 03:30:00,0.014
2012-07-04 04:00:00,0.015
2012-07-04 04:30:00,0.014
2012-07-04 05:00:00,0.014
2012-07-04 05:30:00,0.014
2012-07-04 06:00:00,0.014
2012-07-04 06:30:00,0.014
2012-07-04 07:00:00,0.013
2012-07-04 07:30:00,0.014
2012-07-04 08:00:00,0.016
2012-07-04 08:30:00,0.017
2012-07-04 09:00:00,0.014
2012-07-04 09:30:00,0.013
2012-07-04 10:00:00,0.014
2012-07-04 10:30:00,0.014
2012-07-04 11:00:00,0.013
2012-07-04 11:30:00,0.014
2012-07-04 12:00:00,0.014
2012-07-04 12:30:00,0.013
2012-07-04 13:00:00,0.014
2012-07-04 13:30:00,0.014
2012-07-04 14:00:00,0.016
2012-07-04 14:30:00,0.017
2012-07-04 15:00:00,0.013
2012-07-04 15:30:00,0.014
2012-07-04 16:00:00,0.014
2012-07-04 16:30:00,0.014
2012-07-04 17:00:00,0.019
2012-07-04 17:30:00,0.044
2012-07-04 18:00:00,0.044
2012-07-04 18:30:00,0.044
2012-07-04 19:00:00,0.045
2012-07-04 19:30:00,0.043
2012-07-04 20:00:00,0.044
2012-07-04 20:30:00,0.044
2012-07-04 21:00:00,0.04
2012-07-04 21:30:00,0.014
2012-07-04 22:00:00,0.013
2012-07-04 22:30:00,0.014
2012-07-04 23:00:00,0.014
2012-07-04 23:30:00,0.014
2012-07-05 00:00:00,0.014
2012-07-05 00:30:00,0.014
2012-07-05 01:00:00,0.014
2012-07-05 01:30:00,0.014
2012-07-05 02:00:00,0.016
2012-07-05 02:30:00,0.017
2012-07-05 03:00:00,0.015
2012-07-05 03:30:00,0.014
2012-07-05 04:00:00,0.014
2012-07-05 04:30:00,0.014
2012-07-05 05:00:00,0.014
2012-07-05 05:30:00,0.014
2012-07-05 06:00:00,0.014
2012-07-05 06:30:00,0.014
2012-07-05 07:00:00,0.014
2012-07-05 07:30:00,0.013
2012-07-05 08:00:00,0.017
2012-07-05 08:30:00,0.016
2012-07-05 09:00:00,0.014
2012-07-05 09:30:00,0.014
2012-07-05 10:00:00,0.013
2012-07-05 10:30:00,0.014
2012-07-05 11:00:00,0.013
2012-07-05 11:30:00,0.014
2012-07-05 12:00:00,0.014
2012-07-05 12:30:00,0.013
2012-07-05 13:00:00,0.014
2012-07-05 13:30:00,0.014
2012-07-05 14:00:00,0.016
2012-07-05 14:30:00,0.017
2012-07-05 15:00:00,0.013
2012-07-05 15:30:00,0.014
2012-07-05 16:00:00,0.014
2012-07-05 16:30:00,0.014
2012-07-05 17:00:00,0.019
2012-07-05 17:30:00,0.044
2012-07-05 18:00:00,0.044
2012-07-05 18:30:00,0.045
2012-07-05 19:00:00,0.044
2012-07-05 19:30:00,0.044
2012-07-05 20:00:00,0.043
2012-07-05 20:30:00,0.044
2012-07-05 21:00:00,0.04
2012-07-05 21:30:00,0.013
2012-07-05 22:00:00,0.014
2012-07-05 22:30:00,0.014
2012-07-05 23:00:00,0.014
2012-07-05 23:30:00,0.014
2012-07-06 00:00:00,0.014
2012-07-06 00:30:00,0.014
2012-07-06 01:00:00,0.015
2012-07-06 01:30:00,0.014
2012-07-06 02:00:00,0.017
2012-07-06 02:30:00,0.017
2012-07-06 03:00:00,0.015
2012-07-06 03:30:00,0.014
2012-07-06 04:00:00,0.014
2012-07-06 04:30:00,0.015
2012-07-06 05:00:00,0.014
2012-07-06 05:30:00,0.014
2012-07-06 06:00:00,0.014
2012-07-06 06:30:00,0.014
2012-07-06 07:00:00,0.014
2012-07-06 07:30:00,0.013
2012-07-06 08:00:00,0.017
2012-07-06 08:30:00,0.016
2012-07-06 09:00:00,0.014
2012-07-06 09:30:00,0.014
2012-07-06 10:00:00,0.013
2012-07-06 10:30:00,0.014
2012-07-06 11:00:00,0.014
2012-07-06 11:30:00,0.014
2012-07-06 12:00:00,0.014
2012-07-06 12:30:00,0.013
2012-07-06 13:00:00,0.014
2012-07-06 13:30:00,0.014
2012-07-06 14:00:00,0.016
2012-07-06 14:30:00,0.017
2012-07-06 15:00:00,0.014
2012-07-06 15:30:00,0.014
2012-07-06 16:00:00,0.013
2012-07-06 16:30:00,0.014
2012-07-06 17:00:00,0.02
2012-07-06 17:30:00,0.044
2012-07-06 18:00:00,0.044
2012-07-06 18:30:00,0.045
2012-07-06 19:00:00,0.044
2012-07-06 19:30:00,0.044
2012-07-06 20:00:00,0.044
2012-07-06 20:30:00,0.044
2012-07-06 21:00:00,0.04
2012-07-06 21:30:00,0.013
2012-07-06 22:00:00,0.014
2012-07-06 22:30:00,0.014
2012-07-06 23:00:00,0.014
2012-07-06 23:30:00,0.014
2012-07-07 00:00:00,0.014
2012-07-07 00:30:00,0.014
2012-07-07 01:00:00,0.014
2012-07-07 01:30:00,0.015
2012-07-07 02:00:00,0.016
2012-07-07 02:30:00,0.018
2012-07-07 03:00:00,0.014
2012-07-07 03:30:00,0.014
2012-07-07 04:00:00,0.015
2012-07-07 04:30:00,0.014
2012-07-07 05:00:00,0.014
2012-07-07 05:30:00,0.014
2012-07-07 06:00:00,0.014
2012-07-07 06:30:00,0.014
2012-07-07 07:00:00,0.014
2012-07-07 07:30:00,0.014
2012-07-07 08:00:00,0.017
2012-07-07 08:30:00,0.017
2012-07-07 09:00:00,0.013
2012-07-07 09:30:00,0.014
2012-07-07 10:00:00,0.014
2012-07-07 10:30:00,0.013
2012-07-07 11:00:00,0.014
2012-07-07 11:30:00,0.014
2012-07-07 12:00:00,0.014
2012-07-07 12:30:00,0.013
2012-07-07 13:00:00,0.014
2012-07-07 13:30:00,0.014
2012-07-07 14:00:00,0.016
2012-07-07 14:30:00,0.017
2012-07-07 15:00:00,0.013
2012-07-07 15:30:00,0.014
2012-07-07 16:00:00,0.014
2012-07-07 16:30:00,0.014
2012-07-07 17:00:00,0.019
2012-07-07 17:30:00,0.044
2012-07-07 18:00:00,0.043
2012-07-07 18:30:00,0.044
2012-07-07 19:00:00,0.044
2012-07-07 19:30:00,0.045
2012-07-07 20:00:00,0.044
2012-07-07 20:30:00,0.044
2012-07-07 21:00:00,0.04
2012-07-07 21:30:00,0.014
2012-07-07 22:00:00,0.014
2012-07-07 22:30:00,0.014
2012-07-07 23:00:00,0.014
2012-07-07 23:30:00,0.014
2012-07-08 00:00:00,0.015
2012-07-08 00:30:00,0.014
2012-07-08 01:00:00,0.014
2012-07-08 01:30:00,0.014
2012-07-08 02:00:00,0.017
2012-07-08 02:30:00,0.017
2012-07-08 03:00:00,0.014
2012-07-08 03:30:00,0.014
2012-07-08 04:00:00,0.015
2012-07-08 04:30:00,0.014
2012-07-08 05:00:00,0.014
2012-07-08 05:30:00,0.014
2012-07-08 06:00:00,0.014
2012-07-08 06:30:00,0.014
2012-07-08 07:00:00,0.014
2012-07-08 07:30:00,0.014
2012-07-08 08:00:00,0.016
2012-07-08 08:30:00,0.017
2012-07-08 09:00:00,0.014
2012-07-08 09:30:00,0.014
2012-07-08 10:00:00,0.014
2012-07-08 10:30:00,0.014
2012-07-08 11:00:00,0.013
2012-07-08 11:30:00,0.014
2012-07-08 12:00:00,0.014
2012-07-08 12:30:00,0.014
2012-07-08 13:00:00,0.013
2012-07-08 13:30:00,0.014
2012-07-08 14:00:00,0.016
2012-07-08 14:30:00,0.017
2012-07-08 15:00:00,0.014
2012-07-08 15:30:00,0.014
2012-07-08 16:00:00,0.013
2012-07-08 16:30:00,0.014
2012-07-08 17:00:00,0.02
2012-07-08 17:30:00,0.044
2012-07-08 18:00:00,0.044
2012-07-08 18:30:00,0.045
2012-07-08 19:00:00,0.044
2012-07-08 19:30:00,0.045
2012-07-08 20:00:00,0.043
2012-07-08 20:30:00,0.044
2012-07-08 21:00:00,0.04
2012-07-08 21:30:00,0.014
2012-07-08 22:00:00,0.014
2012-07-08 22:30:00,0.014
2012-07-08 23:00:00,0.014
2012-07-08 23:30:00,0.014
2012-07-09 00:00:00,0.014
2012-07-09 00:30:00,0.014
2012-07-09 01:00:00,0.014
2012-07-09 01:30:00,0.014
2012-07-09 02:00:00,0.017
2012-07-09 02:30:00,0.017
2012-07-09 03:00:00,0.015
2012-07-09 03:30:00,0.014
2012-07-09 04:00:00,0.014
2012-07-09 04:30:00,0.014
2012-07-09 05:00:00,0.014
2012-07-09 05:30:00,0.014
2012-07-09 06:00:00,0.014
2012-07-09 06:30:00,0.013
2012-07-09 07:00:00,0.014
2012-07-09 07:30:00,0.014
2012-07-09 08:00:00,0.016
2012-07-09 08:30:00,0.017
2012-07-09 09:00:00,0.014
2012-07-09 09:30:00,0.013
2012-07-09 10:00:00,0.014
2012-07-09 10:30:00,0.014
2012-07-09 11:00:00,0.013
2012-07-09 11:30:00,0.014
2012-07-09 12:00:00,0.014
2012-07-09 12:30:00,0.013
2012-07-09 13:00:00,0.014
2012-07-09 13:30:00,0.014
2012-07-09 14:00:00,0.016
2012-07-09 14:30:00,0.017
2012-07-09 15:00:00,0.014
2012-07-09 15:30:00,0.013
2012-07-09 16:00:00,0.014
2012-07-09 16:30:00,0.014
2012-07-09 17:00:00,0.019
2012-07-09 17:30:00,0.044
2012-07-09 18:00:00,0.044
2012-07-09 18:30:00,0.044
2012-07-09 19:00:00,0.044
2012-07-09 19:30:00,0.044
2012-07-09 20:00:00,0.044
2012-07-09 20:30:00,0.044
2012-07-09 21:00:00,0.039
2012-07-09 21:30:00,0.014
2012-07-09 22:00:00,0.014
2012-07-09 22:30:00,0.014
2012-07-09 23:00:00,0.014
2012-07-09 23:30:00,0.014
2012-07-10 00:00:00,0.014
2012-07-10 00:30:00,0.014
2012-07-10 01:00:00,0.014
2012-07-10 01:30:00,0.015
2012-07-10 02:00:00,0.016
2012-07-10 02:30:00,0.017
2012-07-10 03:00:00,0.015
2012-07-10 03:30:00,0.014
2012-07-10 04:00:00,0.014
2012-07-10 04:30:00,0.014
2012-07-10 05:00:00,0.014
2012-07-10 05:30:00,0.015
2012-07-10 06:00:00,0.014
2012-07-10 06:30:00,0.014
2012-07-10 07:00:00,0.014
2012-07-10 07:30:00,0.013
2012-07-10 08:00:00,0.017
2012-07-10 08:30:00,0.016
2012-07-10 09:00:00,0.014
2012-07-10 09:30:00,0.014
2012-07-10 10:00:00,0.013
2012-07-10 10:30:00,0.014
2012-07-10 11:00:00,0.014
2012-07-10 11:30:00,0.013
2012-07-10 12:00:00,0.014
2012-07-10 12:30:00,0.014
2012-07-10 13:00:00,0.013
2012-07-10 13:30:00,0.014
2012-07-10 14:00:00,0.017
2012-07-10 14:30:00,0.016
2012-07-10 15:00:00,0.014
2012-07-10 15:30:00,0.014
2012-07-10 16:00:00,0.013
2012-07-10 16:30:00,0.014
2012-07-10 17:00:00,0.019
2012-07-10 17:30:00,0.045
2012-07-10 18:00:00,0.044
2012-07-10 18:30:00,0.043
2012-07-10 19:00:00,0.044
2012-07-10 19:30:00,0.044
2012-07-10 20:00:00,0.044
2012-07-10 20:30:00,0.044
2012-07-10 21:00:00,0.04
2012-07-10 21:30:00,0.014
2012-07-10 22:00:00,0.014
2012-07-10 22:30:00,0.014
2012-07-10 23:00:00,0.015
2012-07-10 23:30:00,0.014
2012-07-11 00:00:00,0.014
2012-07-11 00:30:00,0.014
2012-07-11 01:00:00,0.015
2012-07-11 01:30:00,0.014
2012-07-11 02:00:00,0.017
2012-07-11 02:30:00,0.017
2012-07-11 03:00:00,0.014
2012-07-11 03:30:00,0.014
2012-07-11 04:00:00,0.015
2012-07-11 04:30:00,0.014
2012-07-11 05:00:00,0.014
2012-07-11 05:30:00,0.014
2012-07-11 06:00:00,0.014
2012-07-11 06:30:00,0.014
2012-07-11 07:00:00,0.014
2012-07-11 07:30:00,0.014
2012-07-11 08:00:00,0.016
2012-07-11 08:30:00,0.017
2012-07-11 09:00:00,0.014
2012-07-11 09:30:00,0.014
2012-07-11 10:00:00,0.014
2012-07-11 10:30:00,0.013
2012-07-11 11:00:00,0.014
2012-07-11 11:30:00,0.013
2012-07-11 12:00:00,0.014
2012-07-11 12:30:00,0.014
2012-07-11 13:00:00,0.013
2012-07-11 13:30:00,0.014
2012-07-11 14:00:00,0.016
2012-07-11 14:30:00,0.017
2012-07-11 15:00:00,0.014
2012-07-11 15:30:00,0.014
2012-07-11 16:00:00,0.014
2012-07-11 16:30:00,0.014
2012-07-11 17:00:00,0.019
2012-07-11 17:30:00,0.044
2012-07-11 18:00:00,0.045
2012-07-11 18:30:00,0.045
2012-07-11 19:00:00,0.044
2012-07-11 19:30:00,0.044
2012-07-11 20:00:00,0.043
2012-07-11 20:30:00,0.044
2012-07-11 21:00:00,0.04
2012-07-11 21:30:00,0.014
2012-07-11 22:00:00,0.014
2012-07-11 22:30:00,0.014
2012-07-11 23:00:00,0.014
2012-07-11 23:30:00,0.014
2012-07-12 00:00:00,0.015
2012-07-12 00:30:00,0.014
2012-07-12 01:00:00,0.014
2012-07-12 01:30:00,0.014
2012-07-12 02:00:00,0.017
2012-07-12 02:30:00,0.017
2012-07-12 03:00:00,0.015
2012-07-12 03:30:00,0.014
2012-07-12 04:00:00,0.014
2012-07-12 04:30:00,0.014
2012-07-12 05:00:00,0.014
2012-07-12 05:30:00,0.015
2012-07-12 06:00:00,0.014
2012-07-12 06:30:00,0.014
2012-07-12 07:00:00,0.014
2012-07-12 07:30:00,0.013
2012-07-12 08:00:00,0.017
2012-07-12 08:30:00,0.016
2012-07-12 09:00:00,0.014
2012-07-12 09:30:00,0.014
2012-07-12 10:00:00,0.014
2012-07-12 10:30:00,0.014
2012-07-12 11:00:00,0.014
2012-07-12 11:30:00,0.013
2012-07-12 12:00:00,0.014
2012-07-12 12:30:00,0.014
2012-07-12 13:00:00,0.013
2012-07-12 13:30:00,0.014
2012-07-12 14:00:00,0.016
2012-07-12 14:30:00,0.017
2012-07-12 15:00:00,0.014
2012-07-12 15:30:00,0.014
2012-07-12 16:00:00,0.013
2012-07-12 16:30:00,0.014
2012-07-12 17:00:00,0.02
2012-07-12 17:30:00,0.044
2012-07-12 18:00:00,0.043
2012-07-12 18:30:00,0.044
2012-07-12 19:00:00,0.045
2012-07-12 19:30:00,0.044
2012-07-12 20:00:00,0.044
2012-07-12 20:30:00,0.044
2012-07-12 21:00:00,0.04
2012-07-12 21:30:00,0.014
2012-07-12 22:00:00,0.014
2012-07-12 22:30:00,0.014
2012-07-12 23:00:00,0.014
2012-07-12 23:30:00,0.014
2012-07-13 00:00:00,0.014
2012-07-13 00:30:00,0.014
2012-07-13 01:00:00,0.014
2012-07-13 01:30:00,0.014
2012-07-13 02:00:00,0.017
2012-07-13 02:30:00,0.018
2012-07-13 03:00:00,0.014
2012-07-13 03:30:00,0.015
2012-07-13 04:00:00,0.014
2012-07-13 04:30:00,0.014
2012-07-13 05:00:00,0.014
2012-07-13 05:30:00,0.015
2012-07-13 06:00:00,0.013
2012-07-13 06:30:00,0.015
2012-07-13 07:00:00,0.013
2012-07-13 07:30:00,0.014
2012-07-13 08:00:00,0.017
2012-07-13 08:30:00,0.017
2012-07-13 09:00:00,0.014
2012-07-13 09:30:00,0.013
2012-07-13 10:00:00,0.014
2012-07-13 10:30:00,0.014
2012-07-13 11:00:00,0.014
2012-07-13 11:30:00,0.014
2012-07-13 12:00:00,0.014
2012-07-13 12:30:00,0.013
2012-07-13 13:00:00,0.014
2012-07-13 13:30:00,0.014
2012-07-13 14:00:00,0.016
2012-07-13 14:30:00,0.017
2012-07-13 15:00:00,0.014
2012-07-13 15:30:00,0.014
2012-07-13 16:00:00,0.013
2012-07-13 16:30:00,0.014
2012-07-13 17:00:00,0.019
2012-07-13 17:30:00,0.044
2012-07-13 18:00:00,0.045
2012-07-13 18:30:00,0.044
2012-07-13 19:00:00,0.045
2012-07-13 19:30:00,0.043
2012-07-13 20:00:00,0.044
2012-07-13 20:30:00,0.044
2012-07-13 21:00:00,0.04
2012-07-13 21:30:00,0.014
2012-07-13 22:00:00,0.014
2012-07-13 22:30:00,0.014
2012-07-13 23:00:00,0.014
2012-07-13 23:30:00,0.014
2012-07-14 00:00:00,0.014
2012-07-14 00:30:00,0.015
2012-07-14 01:00:00,0.014
2012-07-14 01:30:00,0.014
2012-07-14 02:00:00,0.016
2012-07-14 02:30:00,0.018
2012-07-14 03:00:00,0.014
2012-07-14 03:30:00,0.015
2012-07-14 04:00:00,0.014
2012-07-14 04:30:00,0.014
2012-07-14 05:00:00,0.015
2012-07-14 05:30:00,0.014
2012-07-14 06:00:00,0.014
2012-07-14 06:30:00,0.014
2012-07-14 07:00:00,0.014
2012-07-14 07:30:00,0.014
2012-07-14 08:00:00,0.016
2012-07-14 08:30:00,0.017
2012-07-14 09:00:00,0.014
2012-07-14 09:30:00,0.014
2012-07-14 10:00:00,0.014
2012-07-14 10:30:00,0.013
2012-07-14 11:00:00,0.014
2012-07-14 11:30:00,0.014
2012-07-14 12:00:00,0.013
2012-07-14 12:30:00,0.014
2012-07-14 13:00:00,0.014
2012-07-14 13:30:00,0.014
2012-07-14 14:00:00,0.017
2012-07-14 14:30:00,0.017
2012-07-14 15:00:00,0.014
2012-07-14 15:30:00,0.014
2012-07-14 16:00:00,0.014
2012-07-14 16:30:00,0.013
2012-07-14 17:00:00,0.02
2012-07-14 17:30:00,0.043
2012-07-14 18:00:00,0.044
2012-07-14 18:30:00,0.045
2012-07-14 19:00:00,0.044
2012-07-14 19:30:00,0.044
2012-07-14 20:00:00,0.044
2012-07-14 20:30:00,0.044
2012-07-14 21:00:00,0.041
2012-07-14 21:30:00,0.014
2012-07-14 22:00:00,0.014
2012-07-14 22:30:00,0.014
2012-07-14 23:00:00,0.014
2012-07-14 23:30:00,0.014
2012-07-15 00:00:00,0.014
2012-07-15 00:30:00,0.014
2012-07-15 01:00:00,0.015
2012-07-15 01:30:00,0.014
2012-07-15 02:00:00,0.017
2012-07-15 02:30:00,0.017
2012-07-15 03:00:00,0.014
2012-07-15 03:30:00,0.014
2012-07-15 04:00:00,0.015
2012-07-15 04:30:00,0.014
2012-07-15 05:00:00,0.015
2012-07-15 05:30:00,0.014
2012-07-15 06:00:00,0.014
2012-07-15 06:30:00,0.014
2012-07-15 07:00:00,0.014
2012-07-15 07:30:00,0.014
2012-07-15 08:00:00,0.017
2012-07-15 08:30:00,0.017
2012-07-15 09:00:00,0.014
2012-07-15 09:30:00,0.014
2012-07-15 10:00:00,0.013
2012-07-15 10:30:00,0.014
2012-07-15 11:00:00,0.014
2012-07-15 11:30:00,0.014
2012-07-15 12:00:00,0.014
2012-07-15 12:30:00,0.014
2012-07-15 13:00:00,0.014
2012-07-15 13:30:00,0.014
2012-07-15 14:00:00,0.017
2012-07-15 14:30:00,0.017
2012-07-15 15:00:00,0.014
2012-07-15 15:30:00,0.014
2012-07-15 16:00:00,0.014
2012-07-15 16:30:00,0.014
2012-07-15 17:00:00,0.02
2012-07-15 17:30:00,0.043
2012-07-15 18:00:00,0.044
2012-07-15 18:30:00,0.045
2012-07-15 19:00:00,0.044
2012-07-15 19:30:00,0.044
2012-07-15 20:00:00,0.045
2012-07-15 20:30:00,0.044
2012-07-15 21:00:00,0.04
2012-07-15 21:30:00,0.014
2012-07-15 22:00:00,0.014
2012-07-15 22:30:00,0.014
2012-07-15 23:00:00,0.015
2012-07-15 23:30:00,0.014
2012-07-16 00:00:00,0.014
2012-07-16 00:30:00,0.014
2012-07-16 01:00:00,0.015
2012-07-16 01:30:00,0.014
2012-07-16 02:00:00,0.017
2012-07-16 02:30:00,0.018
2012-07-16 03:00:00,0.014
2012-07-16 03:30:00,0.014
2012-07-16 04:00:00,0.015
2012-07-16 04:30:00,0.014
2012-07-16 05:00:00,0.014
2012-07-16 05:30:00,0.014
2012-07-16 06:00:00,0.014
2012-07-16 06:30:00,0.014
2012-07-16 07:00:00,0.014
2012-07-16 07:30:00,0.014
2012-07-16 08:00:00,0.016
2012-07-16 08:30:00,0.017
2012-07-16 09:00:00,0.014
2012-07-16 09:30:00,0.014
2012-07-16 10:00:00,0.014
2012-07-16 10:30:00,0.014
2012-07-16 11:00:00,0.014
2012-07-16 11:30:00,0.013
2012-07-16 12:00:00,0.014
2012-07-16 12:30:00,0.014
2012-07-16 13:00:00,0.014
2012-07-16 13:30:00,0.013
2012-07-16 14:00:00,0.017
2012-07-16 14:30:00,0.017
2012-07-16 15:00:00,0.014
2012-07-16 15:30:00,0.014
2012-07-16 16:00:00,0.013
2012-07-16 16:30:00,0.014
2012-07-16 17:00:00,0.02
2012-07-16 17:30:00,0.044
2012-07-16 18:00:00,0.045
2012-07-16 18:30:00,0.044
2012-07-16 19:00:00,0.045
2012-07-16 19:30:00,0.044
2012-07-16 20:00:00,0.044
2012-07-16 20:30:00,0.044
2012-07-16 21:00:00,0.04
2012-07-16 21:30:00,0.014
2012-07-16 22:00:00,0.014
2012-07-16 22:30:00,0.014
2012-07-16 23:00:00,0.014
2012-07-16 23:30:00,0.014
2012-07-17 00:00:00,0.014
2012-07-17 00:30:00,0.014
2012-07-17 01:00:00,0.015
2012-07-17 01:30:00,0.014
2012-07-17 02:00:00,0.017
2012-07-17 02:30:00,0.017
2012-07-17 03:00:00,0.014
2012-07-17 03:30:00,0.015
2012-07-17 04:00:00,0.014
2012-07-17 04:30:00,0.014
2012-07-17 05:00:00,0.014
2012-07-17 05:30:00,0.014
2012-07-17 06:00:00,0.014
2012-07-17 06:30:00,0.014
2012-07-17 07:00:00,0.014
2012-07-17 07:30:00,0.014
2012-07-17 08:00:00,0.016
2012-07-17 08:30:00,0.017
2012-07-17 09:00:00,0.014
2012-07-17 09:30:00,0.013
2012-07-17 10:00:00,0.014
2012-07-17 10:30:00,0.014
2012-07-17 11:00:00,0.013
2012-07-17 11:30:00,0.014
2012-07-17 12:00:00,0.014
2012-07-17 12:30:00,0.014
2012-07-17 13:00:00,0.014
2012-07-17 13:30:00,0.014
2012-07-17 14:00:00,0.016
2012-07-17 14:30:00,0.017
2012-07-17 15:00:00,0.014
2012-07-17 15:30:00,0.014
2012-07-17 16:00:00,0.014
2012-07-17 16:30:00,0.013
2012-07-17 17:00:00,0.02
2012-07-17 17:30:00,0.044
2012-07-17 18:00:00,0.044
2012-07-17 18:30:00,0.044
2012-07-17 19:00:00,0.043
2012-07-17 19:30:00,0.045
2012-07-17 20:00:00,0.044
2012-07-17 20:30:00,0.044
2012-07-17 21:00:00,0.04
2012-07-17 21:30:00,0.014
2012-07-17 22:00:00,0.014
2012-07-17 22:30:00,0.014
2012-07-17 23:00:00,0.014
2012-07-17 23:30:00,0.014
2012-07-18 00:00:00,0.014
2012-07-18 00:30:00,0.014
2012-07-18 01:00:00,0.014
2012-07-18 01:30:00,0.014
2012-07-18 02:00:00,0.017
2012-07-18 02:30:00,0.017
2012-07-18 03:00:00,0.014
2012-07-18 03:30:00,0.014
2012-07-18 04:00:00,0.014
2012-07-18 04:30:00,0.014
2012-07-18 05:00:00,0.014
2012-07-18 05:30:00,0.014
2012-07-18 06:00:00,0.014
2012-07-18 06:30:00,0.014
2012-07-18 07:00:00,0.014
2012-07-18 07:30:00,0.014
2012-07-18 08:00:00,0.016
2012-07-18 08:30:00,0.017
2012-07-18 09:00:00,0.013
2012-07-18 09:30:00,0.014
2012-07-18 10:00:00,0.014
2012-07-18 10:30:00,0.014
2012-07-18 11:00:00,0.013
2012-07-18 11:30:00,0.014
2012-07-18 12:00:00,0.014
2012-07-18 12:30:00,0.014
2012-07-18 13:00:00,0.013
2012-07-18 13:30:00,0.014
2012-07-18 14:00:00,0.016
2012-07-18 14:30:00,0.018
2012-07-18 15:00:00,0.013
2012-07-18 15:30:00,0.014
2012-07-18 16:00:00,0.014
2012-07-18 16:30:00,0.014
2012-07-18 17:00:00,0.02
2012-07-18 17:30:00,0.044
2012-07-18 18:00:00,0.044
2012-07-18 18:30:00,0.044
2012-07-18 19:00:00,0.045
2012-07-18 19:30:00,0.043
2012-07-18 20:00:00,0.044
2012-07-18 20:30:00,0.044
2012-07-18 21:00:00,0.04
2012-07-18 21:30:00,0.014
2012-07-18 22:00:00,0.014
2012-07-18 22:30:00,0.014
2012-07-18 23:00:00,0.014
2012-07-18 23:30:00,0.014
2012-07-19 00:00:00,0.014
2012-07-19 00:30:00,0.014
2012-07-19 01:00:00,0.014
2012-07-19 01:30:00,0.015
2012-07-19 02:00:00,0.016
2012-07-19 02:30:00,0.018
2012-07-19 03:00:00,0.014
2012-07-19 03:30:00,0.014
2012-07-19 04:00:00,0.014
2012-07-19 04:30:00,0.014
2012-07-19 05:00:00,0.014
2012-07-19 05:30:00,0.014
2012-07-19 06:00:00,0.014
2012-07-19 06:30:00,0.014
2012-07-19 07:00:00,0.014
2012-07-19 07:30:00,0.013
2012-07-19 08:00:00,0.017
2012-07-19 08:30:00,0.017
2012-07-19 09:00:00,0.014
2012-07-19 09:30:00,0.013
2012-07-19 10:00:00,0.014
2012-07-19 10:30:00,0.014
2012-07-19 11:00:00,0.013
2012-07-19 11:30:00,0.014
2012-07-19 12:00:00,0.013
2012-07-19 12:30:00,0.014
2012-07-19 13:00:00,0.014
2012-07-19 13:30:00,0.014
2012-07-19 14:00:00,0.016
2012-07-19 14:30:00,0.017
2012-07-19 15:00:00,0.013
2012-07-19 15:30:00,0.014
2012-07-19 16:00:00,0.014
2012-07-19 16:30:00,0.014
2012-07-19 17:00:00,0.019
2012-07-19 17:30:00,0.044
2012-07-19 18:00:00,0.045
2012-07-19 18:30:00,0.044
2012-07-19 19:00:00,0.044
2012-07-19 19:30:00,0.044
2012-07-19 20:00:00,0.044
2012-07-19 20:30:00,0.045
2012-07-19 21:00:00,0.04
2012-07-19 21:30:00,0.014
2012-07-19 22:00:00,0.014
2012-07-19 22:30:00,0.013
2012-07-19 23:00:00,0.014
2012-07-19 23:30:00,0.014
2012-07-20 00:00:00,0.014
2012-07-20 00:30:00,0.015
2012-07-20 01:00:00,0.014
2012-07-20 01:30:00,0.014
2012-07-20 02:00:00,0.017
2012-07-20 02:30:00,0.017
2012-07-20 03:00:00,0.014
2012-07-20 03:30:00,0.014
2012-07-20 04:00:00,0.014
2012-07-20 04:30:00,0.014
2012-07-20 05:00:00,0.014
2012-07-20 05:30:00,0.014
2012-07-20 06:00:00,0.014
2012-07-20 06:30:00,0.014
2012-07-20 07:00:00,0.014
2012-07-20 07:30:00,0.014
2012-07-20 08:00:00,0.016
2012-07-20 08:30:00,0.017
2012-07-20 09:00:00,0.014
2012-07-20 09:30:00,0.013
2012-07-20 10:00:00,0.014
2012-07-20 10:30:00,0.014
2012-07-20 11:00:00,0.014
2012-07-20 11:30:00,0.014
2012-07-20 12:00:00,0.013
2012-07-20 12:30:00,0.014
2012-07-20 13:00:00,0.014
2012-07-20 13:30:00,0.014
2012-07-20 14:00:00,0.016
2012-07-20 14:30:00,0.017
2012-07-20 15:00:00,0.014
2012-07-20 15:30:00,0.014
2012-07-20 16:00:00,0.013
2012-07-20 16:30:00,0.014
2012-07-20 17:00:00,0.02
2012-07-20 17:30:00,0.044
2012-07-20 18:00:00,0.045
2012-07-20 18:30:00,0.044
2012-07-20 19:00:00,0.044
2012-07-20 19:30:00,0.043
2012-07-20 20:00:00,0.044
2012-07-20 20:30:00,0.045
2012-07-20 21:00:00,0.04
2012-07-20 21:30:00,0.014
2012-07-20 22:00:00,0.014
2012-07-20 22:30:00,0.014
2012-07-20 23:00:00,0.014
2012-07-20 23:30:00,0.014
2012-07-21 00:00:00,0.015
2012-07-21 00:30:00,0.014
2012-07-21 01:00:00,0.014
2012-07-21 01:30:00,0.014
2012-07-21 02:00:00,0.017
2012-07-21 02:30:00,0.018
2012-07-21 03:00:00,0.014
2012-07-21 03:30:00,0.014
2012-07-21 04:00:00,0.015
2012-07-21 04:30:00,0.014
2012-07-21 05:00:00,0.014
2012-07-21 05:30:00,0.015
2012-07-21 06:00:00,0.014
2012-07-21 06:30:00,0.014
2012-07-21 07:00:00,0.014
2012-07-21 07:30:00,0.014
2012-07-21 08:00:00,0.016
2012-07-21 08:30:00,0.017
2012-07-21 09:00:00,0.014
2012-07-21 09:30:00,0.014
2012-07-21 10:00:00,0.014
2012-07-21 10:30:00,0.013
2012-07-21 11:00:00,0.014
2012-07-21 11:30:00,0.014
2012-07-21 12:00:00,0.014
2012-07-21 12:30:00,0.014
2012-07-21 13:00:00,0.014
2012-07-21 13:30:00,0.014
2012-07-21 14:00:00,0.016
2012-07-21 14:30:00,0.017
2012-07-21 15:00:00,0.014
2012-07-21 15:30:00,0.014
2012-07-21 16:00:00,0.014
2012-07-21 16:30:00,0.014
2012-07-21 17:00:00,0.019
2012-07-21 17:30:00,0.044
2012-07-21 18:00:00,0.044
2012-07-21 18:30:00,0.045
2012-07-21 19:00:00,0.044
2012-07-21 19:30:00,0.045
2012-07-21 20:00:00,0.044
2012-07-21 20:30:00,0.044
2012-07-21 21:00:00,0.041
2012-07-21 21:30:00,0.014
2012-07-21 22:00:00,0.013
2012-07-21 22:30:00,0.014
2012-07-21 23:00:00,0.015
2012-07-21 23:30:00,0.014
2012-07-22 00:00:00,0.014
2012-07-22 00:30:00,0.014
2012-07-22 01:00:00,0.015
2012-07-22 01:30:00,0.014
2012-07-22 02:00:00,0.016
2012-07-22 02:30:00,0.018
2012-07-22 03:00:00,0.014
2012-07-22 03:30:00,0.014
2012-07-22 04:00:00,0.015
2012-07-22 04:30:00,0.014
2012-07-22 05:00:00,0.014
2012-07-22 05:30:00,0.014
2012-07-22 06:00:00,0.015
2012-07-22 06:30:00,0.014
2012-07-22 07:00:00,0.014
2012-07-22 07:30:00,0.014
2012-07-22 08:00:00,0.016
2012-07-22 08:30:00,0.048
2012-07-22 09:00:00,0.056
2012-07-22 09:30:00,0.04
2012-07-22 10:00:00,0.033
2012-07-22 10:30:00,0.033
2012-07-22 11:00:00,0.036
2012-07-22 11:30:00,0.033
2012-07-22 12:00:00,0.435
2012-07-22 12:30:00,1.51
2012-07-22 13:00:00,1.524
2012-07-22 13:30:00,0.951
2012-07-22 14:00:00,0.21
2012-07-22 14:30:00,0.178
2012-07-22 15:00:00,0.034
2012-07-22 15:30:00,0.195
2012-07-22 16:00:00,0.036
2012-07-22 16:30:00,0.09
2012-07-22 17:00:00,0.152
2012-07-22 17:30:00,0.081
2012-07-22 18:00:00,0.168
2012-07-22 18:30:00,0.051
2012-07-22 19:00:00,0.051
2012-07-22 19:30:00,0.092
2012-07-22 20:00:00,0.134
2012-07-22 20:30:00,0.061
2012-07-22 21:00:00,0.048
2012-07-22 21:30:00,0.018
2012-07-22 22:00:00,0.023
2012-07-22 22:30:00,0.025
2012-07-22 23:00:00,0.024
2012-07-22 23:30:00,0.022
2012-07-23 00:00:00,0.017
2012-07-23 00:30:00,0.025
2012-07-23 01:00:00,0.024
2012-07-23 01:30:00,0.025
2012-07-23 02:00:00,0.023
2012-07-23 02:30:00,0.021
2012-07-23 03:00:00,0.024
2012-07-23 03:30:00,0.025
2012-07-23 04:00:00,0.024
2012-07-23 04:30:00,0.017
2012-07-23 05:00:00,0.021
2012-07-23 05:30:00,0.025
2012-07-23 06:00:00,0.026
2012-07-23 06:30:00,0.025
2012-07-23 07:00:00,0.019
2012-07-23 07:30:00,0.027
2012-07-23 08:00:00,0.047
2012-07-23 08:30:00,1.326
2012-07-23 09:00:00,1.5
2012-07-23 09:30:00,1.148
2012-07-23 10:00:00,0.03
2012-07-23 10:30:00,0.214
2012-07-23 11:00:00,0.035
2012-07-23 11:30:00,0.031
2012-07-23 12:00:00,0.054
2012-07-23 12:30:00,0.033
2012-07-23 13:00:00,0.03
2012-07-23 13:30:00,0.029
2012-07-23 14:00:00,0.031
2012-07-23 14:30:00,0.031
2012-07-23 15:00:00,0.027
2012-07-23 15:30:00,0.027
2012-07-23 16:00:00,0.025
2012-07-23 16:30:00,0.028
2012-07-23 17:00:00,0.039
2012-07-23 17:30:00,0.117
2012-07-23 18:00:00,0.073
2012-07-23 18:30:00,0.058
2012-07-23 19:00:00,0.057
2012-07-23 19:30:00,0.102
2012-07-23 20:00:00,0.107
2012-07-23 20:30:00,0.07
2012-07-23 21:00:00,0.053
2012-07-23 21:30:00,0.026
2012-07-23 22:00:00,0.027
2012-07-23 22:30:00,0.023
2012-07-23 23:00:00,0.021
2012-07-23 23:30:00,0.025
2012-07-24 00:00:00,0.027
2012-07-24 00:30:00,0.027
2012-07-24 01:00:00,0.027
2012-07-24 01:30:00,0.022
2012-07-24 02:00:00,0.024
2012-07-24 02:30:00,0.029
2012-07-24 03:00:00,0.027
2012-07-24 03:30:00,0.026
2012-07-24 04:00:00,0.023
2012-07-24 04:30:00,0.02
2012-07-24 05:00:00,0.026
2012-07-24 05:30:00,0.026
2012-07-24 06:00:00,0.026
2012-07-24 06:30:00,0.028
2012-07-24 07:00:00,0.019
2012-07-24 07:30:00,0.025
2012-07-24 08:00:00,0.028
2012-07-24 08:30:00,1.434
2012-07-24 09:00:00,0.43
2012-07-24 09:30:00,0.224
2012-07-24 10:00:00,0.026
2012-07-24 10:30:00,0.182
2012-07-24 11:00:00,0.027
2012-07-24 11:30:00,0.024
2012-07-24 12:00:00,0.035
2012-07-24 12:30:00,0.034
2012-07-24 13:00:00,0.032
2012-07-24 13:30:00,0.027
2012-07-24 14:00:00,0.029
2012-07-24 14:30:00,0.024
2012-07-24 15:00:00,0.022
2012-07-24 15:30:00,0.028
2012-07-24 16:00:00,0.027
2012-07-24 16:30:00,0.035
2012-07-24 17:00:00,0.033
2012-07-24 17:30:00,0.105
2012-07-24 18:00:00,0.032
2012-07-24 18:30:00,0.029
2012-07-24 19:00:00,0.077
2012-07-24 19:30:00,0.139
2012-07-24 20:00:00,0.128
2012-07-24 20:30:00,0.072
2012-07-24 21:00:00,0.076
2012-07-24 21:30:00,0.058
2012-07-24 22:00:00,0.058
2012-07-24 22:30:00,0.056
2012-07-24 23:00:00,0.051
2012-07-24 23:30:00,0.024
2012-07-25 00:00:00,0.027
2012-07-25 00:30:00,0.027
2012-07-25 01:00:00,0.027
2012-07-25 01:30:00,0.024
2012-07-25 02:00:00,0.023
2012-07-25 02:30:00,0.029
2012-07-25 03:00:00,0.027
2012-07-25 03:30:00,0.028
2012-07-25 04:00:00,0.027
2012-07-25 04:30:00,0.021
2012-07-25 05:00:00,0.022
2012-07-25 05:30:00,0.027
2012-07-25 06:00:00,0.027
2012-07-25 06:30:00,0.034
2012-07-25 07:00:00,0.049
2012-07-25 07:30:00,0.036
2012-07-25 08:00:00,0.041
2012-07-25 08:30:00,1.513
2012-07-25 09:00:00,0.414
2012-07-25 09:30:00,0.11
2012-07-25 10:00:00,0.201
2012-07-25 10:30:00,0.035
2012-07-25 11:00:00,0.04
2012-07-25 11:30:00,0.039
2012-07-25 12:00:00,0.035
2012-07-25 12:30:00,0.022
2012-07-25 13:00:00,0.02
2012-07-25 13:30:00,0.025
2012-07-25 14:00:00,0.029
2012-07-25 14:30:00,0.029
2012-07-25 15:00:00,0.025
2012-07-25 15:30:00,0.175
2012-07-25 16:00:00,0.068
2012-07-25 16:30:00,0.033
2012-07-25 17:00:00,0.026
2012-07-25 17:30:00,0.027
2012-07-25 18:00:00,0.024
2012-07-25 18:30:00,0.022
2012-07-25 19:00:00,0.061
2012-07-25 19:30:00,0.099
2012-07-25 20:00:00,0.135
2012-07-25 20:30:00,0.078
2012-07-25 21:00:00,0.073
2012-07-25 21:30:00,0.051
2012-07-25 22:00:00,0.054
2012-07-25 22:30:00,0.047
2012-07-25 23:00:00,0.026
2012-07-25 23:30:00,0.026
2012-07-26 00:00:00,0.023
2012-07-26 00:30:00,0.021
2012-07-26 01:00:00,0.024
2012-07-26 01:30:00,0.039
2012-07-26 02:00:00,0.041
2012-07-26 02:30:00,0.042
2012-07-26 03:00:00,0.036
2012-07-26 03:30:00,0.033
2012-07-26 04:00:00,0.036
2012-07-26 04:30:00,0.043
2012-07-26 05:00:00,0.388
2012-07-26 05:30:00,0.094
2012-07-26 06:00:00,0.032
2012-07-26 06:30:00,0.022
2012-07-26 07:00:00,0.033
2012-07-26 07:30:00,0.03
2012-07-26 08:00:00,0.028
2012-07-26 08:30:00,1.324
2012-07-26 09:00:00,1.4859999
2012-07-26 09:30:00,0.378
2012-07-26 10:00:00,0.043
2012-07-26 10:30:00,0.168
2012-07-26 11:00:00,0.025
2012-07-26 11:30:00,0.024
2012-07-26 12:00:00,0.027
2012-07-26 12:30:00,0.044
2012-07-26 13:00:00,0.043
2012-07-26 13:30:00,0.034
2012-07-26 14:00:00,0.055
2012-07-26 14:30:00,0.042
2012-07-26 15:00:00,0.033
2012-07-26 15:30:00,0.182
2012-07-26 16:00:00,0.115
2012-07-26 16:30:00,0.034
2012-07-26 17:00:00,0.03
2012-07-26 17:30:00,0.081
2012-07-26 18:00:00,0.07
2012-07-26 18:30:00,0.056
2012-07-26 19:00:00,0.097
2012-07-26 19:30:00,0.13
2012-07-26 20:00:00,0.128
2012-07-26 20:30:00,0.082
2012-07-26 21:00:00,0.079
2012-07-26 21:30:00,0.059
2012-07-26 22:00:00,0.058
2012-07-26 22:30:00,0.049
2012-07-26 23:00:00,0.028
2012-07-26 23:30:00,0.027
2012-07-27 00:00:00,0.026
2012-07-27 00:30:00,0.025
2012-07-27 01:00:00,0.025
2012-07-27 01:30:00,0.025
2012-07-27 02:00:00,0.027
2012-07-27 02:30:00,0.028
2012-07-27 03:00:00,0.026
2012-07-27 03:30:00,0.027
2012-07-27 04:00:00,0.026
2012-07-27 04:30:00,0.026
2012-07-27 05:00:00,0.026
2012-07-27 05:30:00,0.028
2012-07-27 06:00:00,0.022
2012-07-27 06:30:00,0.022
2012-07-27 07:00:00,0.021
2012-07-27 07:30:00,0.112
2012-07-27 08:00:00,0.081
2012-07-27 08:30:00,1.427
2012-07-27 09:00:00,0.262
2012-07-27 09:30:00,0.208
2012-07-27 10:00:00,0.028
2012-07-27 10:30:00,0.165
2012-07-27 11:00:00,0.024
2012-07-27 11:30:00,0.022
2012-07-27 12:00:00,0.027
2012-07-27 12:30:00,0.026
2012-07-27 13:00:00,0.026
2012-07-27 13:30:00,0.026
2012-07-27 14:00:00,0.028
2012-07-27 14:30:00,0.029
2012-07-27 15:00:00,0.023
2012-07-27 15:30:00,0.022
2012-07-27 16:00:00,0.023
2012-07-27 16:30:00,0.028
2012-07-27 17:00:00,0.048
2012-07-27 17:30:00,0.059
2012-07-27 18:00:00,0.078
2012-07-27 18:30:00,0.052
2012-07-27 19:00:00,0.073
2012-07-27 19:30:00,0.072
2012-07-27 20:00:00,0.074
2012-07-27 20:30:00,0.076
2012-07-27 21:00:00,0.098
2012-07-27 21:30:00,0.075
2012-07-27 22:00:00,0.076
2012-07-27 22:30:00,0.066
2012-07-27 23:00:00,0.041
2012-07-27 23:30:00,0.041
2012-07-28 00:00:00,0.045
2012-07-28 00:30:00,0.045
2012-07-28 01:00:00,0.046
2012-07-28 01:30:00,0.027
2012-07-28 02:00:00,0.028
2012-07-28 02:30:00,0.027
2012-07-28 03:00:00,0.021
2012-07-28 03:30:00,0.021
2012-07-28 04:00:00,0.026
2012-07-28 04:30:00,0.025
2012-07-28 05:00:00,0.025
2012-07-28 05:30:00,0.026
2012-07-28 06:00:00,0.025
2012-07-28 06:30:00,0.021
2012-07-28 07:00:00,0.029
2012-07-28 07:30:00,0.029
2012-07-28 08:00:00,0.032
2012-07-28 08:30:00,1.437
2012-07-28 09:00:00,0.373
2012-07-28 09:30:00,0.085
2012-07-28 10:00:00,0.215
2012-07-28 10:30:00,0.081
2012-07-28 11:00:00,0.085
2012-07-28 11:30:00,0.041
2012-07-28 12:00:00,0.087
2012-07-28 12:30:00,0.09
2012-07-28 13:00:00,0.025
2012-07-28 13:30:00,0.021
2012-07-28 14:00:00,0.024
2012-07-28 14:30:00,0.029
2012-07-28 15:00:00,0.026
2012-07-28 15:30:00,0.026
2012-07-28 16:00:00,0.03
2012-07-28 16:30:00,0.028
2012-07-28 17:00:00,0.023
2012-07-28 17:30:00,0.03
2012-07-28 18:00:00,0.084
2012-07-28 18:30:00,0.102
2012-07-28 19:00:00,0.078
2012-07-28 19:30:00,0.126
2012-07-28 20:00:00,0.129
2012-07-28 20:30:00,0.114
2012-07-28 21:00:00,0.093
2012-07-28 21:30:00,0.056
2012-07-28 22:00:00,0.057
2012-07-28 22:30:00,0.048
2012-07-28 23:00:00,0.026
2012-07-28 23:30:00,0.026
2012-07-29 00:00:00,0.026
2012-07-29 00:30:00,0.026
2012-07-29 01:00:00,0.026
2012-07-29 01:30:00,0.025
2012-07-29 02:00:00,0.028
2012-07-29 02:30:00,0.029
2012-07-29 03:00:00,0.025
2012-07-29 03:30:00,0.026
2012-07-29 04:00:00,0.025
2012-07-29 04:30:00,0.026
2012-07-29 05:00:00,0.027
2012-07-29 05:30:00,0.036
2012-07-29 06:00:00,0.027
2012-07-29 06:30:00,0.026
2012-07-29 07:00:00,0.026
2012-07-29 07:30:00,0.026
2012-07-29 08:00:00,0.085
2012-07-29 08:30:00,1.349
2012-07-29 09:00:00,1.511
2012-07-29 09:30:00,0.326
2012-07-29 10:00:00,0.185
2012-07-29 10:30:00,0.172
2012-07-29 11:00:00,0.027
2012-07-29 11:30:00,0.025
2012-07-29 12:00:00,0.024
2012-07-29 12:30:00,0.023
2012-07-29 13:00:00,0.024
2012-07-29 13:30:00,0.027
2012-07-29 14:00:00,0.029
2012-07-29 14:30:00,0.029
2012-07-29 15:00:00,0.027
2012-07-29 15:30:00,0.039
2012-07-29 16:00:00,0.087
2012-07-29 16:30:00,0.1
2012-07-29 17:00:00,0.091
2012-07-29 17:30:00,0.082
2012-07-29 18:00:00,0.083
2012-07-29 18:30:00,0.11
2012-07-29 19:00:00,0.136
2012-07-29 19:30:00,0.134
2012-07-29 20:00:00,0.135
2012-07-29 20:30:00,0.151
2012-07-29 21:00:00,0.072
2012-07-29 21:30:00,0.088
2012-07-29 22:00:00,0.055
2012-07-29 22:30:00,0.046
2012-07-29 23:00:00,0.025
2012-07-29 23:30:00,0.025
2012-07-30 00:00:00,0.026
2012-07-30 00:30:00,0.022
2012-07-30 01:00:00,0.021
2012-07-30 01:30:00,0.025
2012-07-30 02:00:00,0.028
2012-07-30 02:30:00,0.028
2012-07-30 03:00:00,0.026
2012-07-30 03:30:00,0.025
2012-07-30 04:00:00,0.021
2012-07-30 04:30:00,0.021
2012-07-30 05:00:00,0.025
2012-07-30 05:30:00,0.026
2012-07-30 06:00:00,0.028
2012-07-30 06:30:00,0.029
2012-07-30 07:00:00,0.028
2012-07-30 07:30:00,0.028
2012-07-30 08:00:00,0.04
2012-07-30 08:30:00,1.4400001
2012-07-30 09:00:00,0.416
2012-07-30 09:30:00,0.335
2012-07-30 10:00:00,0.026
2012-07-30 10:30:00,0.171
2012-07-30 11:00:00,0.02
2012-07-30 11:30:00,0.023
2012-07-30 12:00:00,0.025
2012-07-30 12:30:00,0.211
2012-07-30 13:00:00,0.044
2012-07-30 13:30:00,0.045
2012-07-30 14:00:00,0.023
2012-07-30 14:30:00,0.026
2012-07-30 15:00:00,0.025
2012-07-30 15:30:00,0.026
2012-07-30 16:00:00,0.026
2012-07-30 16:30:00,0.026
2012-07-30 17:00:00,0.052
2012-07-30 17:30:00,0.038
2012-07-30 18:00:00,0.025
2012-07-30 18:30:00,0.06
2012-07-30 19:00:00,0.098
2012-07-30 19:30:00,0.137
2012-07-30 20:00:00,0.136
2012-07-30 20:30:00,0.103
2012-07-30 21:00:00,0.078
2012-07-30 21:30:00,0.055
2012-07-30 22:00:00,0.055
2012-07-30 22:30:00,0.047
2012-07-30 23:00:00,0.025
2012-07-30 23:30:00,0.025
2012-07-31 00:00:00,0.022
2012-07-31 00:30:00,0.02
2012-07-31 01:00:00,0.026
2012-07-31 01:30:00,0.025
2012-07-31 02:00:00,0.028
2012-07-31 02:30:00,0.029
2012-07-31 03:00:00,0.023
2012-07-31 03:30:00,0.02
2012-07-31 04:00:00,0.024
2012-07-31 04:30:00,0.025
2012-07-31 05:00:00,0.025
2012-07-31 05:30:00,0.026
2012-07-31 06:00:00,0.024
2012-07-31 06:30:00,0.02
2012-07-31 07:00:00,0.022
2012-07-31 07:30:00,0.025
2012-07-31 08:00:00,0.027
2012-07-31 08:30:00,1.428
2012-07-31 09:00:00,1.522
2012-07-31 09:30:00,1.1619999
2012-07-31 10:00:00,0.193
2012-07-31 10:30:00,0.216
2012-07-31 11:00:00,0.086
2012-07-31 11:30:00,0.084
2012-07-31 12:00:00,0.026
2012-07-31 12:30:00,0.022
2012-07-31 13:00:00,0.021
2012-07-31 13:30:00,0.026
2012-07-31 14:00:00,0.028
2012-07-31 14:30:00,0.029
2012-07-31 15:00:00,0.026
2012-07-31 15:30:00,0.023
2012-07-31 16:00:00,0.02
2012-07-31 16:30:00,0.072
2012-07-31 17:00:00,0.04
2012-07-31 17:30:00,0.026
2012-07-31 18:00:00,0.025
2012-07-31 18:30:00,0.092
2012-07-31 19:00:00,0.133
2012-07-31 19:30:00,0.136
2012-07-31 20:00:00,0.14
2012-07-31 20:30:00,0.1
2012-07-31 21:00:00,0.074
2012-07-31 21:30:00,0.054
2012-07-31 22:00:00,0.05
2012-07-31 22:30:00,0.044
2012-07-31 23:00:00,0.026
2012-07-31 23:30:00,0.025
2012-08-01 00:00:00,0.026
2012-08-01 00:30:00,0.024
2012-08-01 01:00:00,0.02
2012-08-01 01:30:00,0.023
2012-08-01 02:00:00,0.028
2012-08-01 02:30:00,0.029
2012-08-01 03:00:00,0.025
2012-08-01 03:30:00,0.025
2012-08-01 04:00:00,0.02
2012-08-01 04:30:00,0.023
2012-08-01 05:00:00,0.025
2012-08-01 05:30:00,0.026
2012-08-01 06:00:00,0.025
2012-08-01 06:30:00,0.023
2012-08-01 07:00:00,0.032
2012-08-01 07:30:00,0.05
2012-08-01 08:00:00,0.03
2012-08-01 08:30:00,1.266
2012-08-01 09:00:00,1.494
2012-08-01 09:30:00,1.035
2012-08-01 10:00:00,0.337
2012-08-01 10:30:00,0.101
2012-08-01 11:00:00,0.085
2012-08-01 11:30:00,0.086
2012-08-01 12:00:00,0.085
2012-08-01 12:30:00,0.081
2012-08-01 13:00:00,0.086
2012-08-01 13:30:00,0.037
2012-08-01 14:00:00,0.028
2012-08-01 14:30:00,0.029
2012-08-01 15:00:00,0.026
2012-08-01 15:30:00,0.064
2012-08-01 16:00:00,0.079
2012-08-01 16:30:00,0.082
2012-08-01 17:00:00,0.081
2012-08-01 17:30:00,0.088
2012-08-01 18:00:00,0.077
2012-08-01 18:30:00,0.047
2012-08-01 19:00:00,0.073
2012-08-01 19:30:00,0.137
2012-08-01 20:00:00,0.134
2012-08-01 20:30:00,0.099
2012-08-01 21:00:00,0.075
2012-08-01 21:30:00,0.051
2012-08-01 22:00:00,0.05
2012-08-01 22:30:00,0.046
2012-08-01 23:00:00,0.025
2012-08-01 23:30:00,0.026
2012-08-02 00:00:00,0.026
2012-08-02 00:30:00,0.023
2012-08-02 01:00:00,0.02
2012-08-02 01:30:00,0.025
2012-08-02 02:00:00,0.028
2012-08-02 02:30:00,0.029
2012-08-02 03:00:00,0.026
2012-08-02 03:30:00,0.023
2012-08-02 04:00:00,0.019
2012-08-02 04:30:00,0.026
2012-08-02 05:00:00,0.025
2012-08-02 05:30:00,0.05
2012-08-02 06:00:00,0.236
2012-08-02 06:30:00,0.096
2012-08-02 07:00:00,0.405
2012-08-02 07:30:00,0.036
2012-08-02 08:00:00,0.028
2012-08-02 08:30:00,1.41
2012-08-02 09:00:00,0.464
2012-08-02 09:30:00,0.171
2012-08-02 10:00:00,0.176
2012-08-02 10:30:00,0.025
2012-08-02 11:00:00,0.025
2012-08-02 11:30:00,0.025
2012-08-02 12:00:00,0.025
2012-08-02 12:30:00,0.021
2012-08-02 13:00:00,0.02
2012-08-02 13:30:00,0.025
2012-08-02 14:00:00,0.027
2012-08-02 14:30:00,0.029
2012-08-02 15:00:00,0.025
2012-08-02 15:30:00,0.023
2012-08-02 16:00:00,0.02
2012-08-02 16:30:00,0.024
2012-08-02 17:00:00,0.032
2012-08-02 17:30:00,0.028
2012-08-02 18:00:00,0.025
2012-08-02 18:30:00,0.053
2012-08-02 19:00:00,0.083
2012-08-02 19:30:00,0.124
2012-08-02 20:00:00,0.133
2012-08-02 20:30:00,0.132
2012-08-02 21:00:00,0.098
2012-08-02 21:30:00,0.077
2012-08-02 22:00:00,0.074
2012-08-02 22:30:00,0.061
2012-08-02 23:00:00,0.044
2012-08-02 23:30:00,0.046
2012-08-03 00:00:00,0.046
2012-08-03 00:30:00,0.047
2012-08-03 01:00:00,0.045
2012-08-03 01:30:00,0.041
2012-08-03 02:00:00,0.045
2012-08-03 02:30:00,0.049
2012-08-03 03:00:00,0.046
2012-08-03 03:30:00,0.046
2012-08-03 04:00:00,0.047
2012-08-03 04:30:00,0.041
2012-08-03 05:00:00,0.042
2012-08-03 05:30:00,0.045
2012-08-03 06:00:00,0.045
2012-08-03 06:30:00,0.046
2012-08-03 07:00:00,0.058
2012-08-03 07:30:00,0.062
2012-08-03 08:00:00,0.072
2012-08-03 08:30:00,1.442
2012-08-03 09:00:00,1.51
2012-08-03 09:30:00,1.033
2012-08-03 10:00:00,0.221
2012-08-03 10:30:00,0.107
2012-08-03 11:00:00,0.035
2012-08-03 11:30:00,0.025
2012-08-03 12:00:00,0.026
2012-08-03 12:30:00,0.025
2012-08-03 13:00:00,0.026
2012-08-03 13:30:00,0.02
2012-08-03 14:00:00,0.024
2012-08-03 14:30:00,0.028
2012-08-03 15:00:00,0.025
2012-08-03 15:30:00,0.026
2012-08-03 16:00:00,0.069
2012-08-03 16:30:00,0.092
2012-08-03 17:00:00,0.093
2012-08-03 17:30:00,0.115
2012-08-03 18:00:00,0.093
2012-08-03 18:30:00,0.111
2012-08-03 19:00:00,0.137
2012-08-03 19:30:00,0.136
2012-08-03 20:00:00,0.144
2012-08-03 20:30:00,0.171
2012-08-03 21:00:00,0.19
2012-08-03 21:30:00,0.091
2012-08-03 22:00:00,0.055
2012-08-03 22:30:00,0.047
2012-08-03 23:00:00,0.026
2012-08-03 23:30:00,0.027
2012-08-04 00:00:00,0.025
2012-08-04 00:30:00,0.021
2012-08-04 01:00:00,0.024
2012-08-04 01:30:00,0.027
2012-08-04 02:00:00,0.029
2012-08-04 02:30:00,0.03
2012-08-04 03:00:00,0.026
2012-08-04 03:30:00,0.021
2012-08-04 04:00:00,0.024
2012-08-04 04:30:00,0.026
2012-08-04 05:00:00,0.027
2012-08-04 05:30:00,0.026
2012-08-04 06:00:00,0.026
2012-08-04 06:30:00,0.023
2012-08-04 07:00:00,0.047
2012-08-04 07:30:00,0.036
2012-08-04 08:00:00,0.033
2012-08-04 08:30:00,1.3380001
2012-08-04 09:00:00,1.535
2012-08-04 09:30:00,0.951
2012-08-04 10:00:00,0.279
2012-08-04 10:30:00,0.086
2012-08-04 11:00:00,0.085
2012-08-04 11:30:00,0.086
2012-08-04 12:00:00,0.082
2012-08-04 12:30:00,0.048
2012-08-04 13:00:00,0.074
2012-08-04 13:30:00,0.066
2012-08-04 14:00:00,0.029
2012-08-04 14:30:00,0.029
2012-08-04 15:00:00,0.034
2012-08-04 15:30:00,0.06
2012-08-04 16:00:00,0.024
2012-08-04 16:30:00,0.027
2012-08-04 17:00:00,0.026
2012-08-04 17:30:00,0.027
2012-08-04 18:00:00,0.026
2012-08-04 18:30:00,0.102
2012-08-04 19:00:00,0.132
2012-08-04 19:30:00,0.138
2012-08-04 20:00:00,0.157
2012-08-04 20:30:00,0.166
2012-08-04 21:00:00,0.155
2012-08-04 21:30:00,0.072
2012-08-04 22:00:00,0.05
2012-08-04 22:30:00,0.046
2012-08-04 23:00:00,0.026
2012-08-04 23:30:00,0.026
2012-08-05 00:00:00,0.026
2012-08-05 00:30:00,0.022
2012-08-05 01:00:00,0.02
2012-08-05 01:30:00,0.025
2012-08-05 02:00:00,0.029
2012-08-05 02:30:00,0.029
2012-08-05 03:00:00,0.026
2012-08-05 03:30:00,0.023
2012-08-05 04:00:00,0.019
2012-08-05 04:30:00,0.026
2012-08-05 05:00:00,0.025
2012-08-05 05:30:00,0.037
2012-08-05 06:00:00,0.04
2012-08-05 06:30:00,0.026
2012-08-05 07:00:00,0.021
2012-08-05 07:30:00,0.027
2012-08-05 08:00:00,0.035
2012-08-05 08:30:00,1.415
2012-08-05 09:00:00,0.491
2012-08-05 09:30:00,0.214
2012-08-05 10:00:00,0.04
2012-08-05 10:30:00,0.174
2012-08-05 11:00:00,0.025
2012-08-05 11:30:00,0.025
2012-08-05 12:00:00,0.026
2012-08-05 12:30:00,0.02
2012-08-05 13:00:00,0.021
2012-08-05 13:30:00,0.028
2012-08-05 14:00:00,0.028
2012-08-05 14:30:00,0.028
2012-08-05 15:00:00,0.025
2012-08-05 15:30:00,0.047
2012-08-05 16:00:00,0.022
2012-08-05 16:30:00,0.071
2012-08-05 17:00:00,0.083
2012-08-05 17:30:00,0.117
2012-08-05 18:00:00,0.108
2012-08-05 18:30:00,0.125
2012-08-05 19:00:00,0.137
2012-08-05 19:30:00,0.132
2012-08-05 20:00:00,0.098
2012-08-05 20:30:00,0.098
2012-08-05 21:00:00,0.075
2012-08-05 21:30:00,0.055
2012-08-05 22:00:00,0.056
2012-08-05 22:30:00,0.042
2012-08-05 23:00:00,0.02
2012-08-05 23:30:00,0.026
2012-08-06 00:00:00,0.025
2012-08-06 00:30:00,0.026
2012-08-06 01:00:00,0.025
2012-08-06 01:30:00,0.021
2012-08-06 02:00:00,0.024
2012-08-06 02:30:00,0.029
2012-08-06 03:00:00,0.026
2012-08-06 03:30:00,0.025
2012-08-06 04:00:00,0.026
2012-08-06 04:30:00,0.02
2012-08-06 05:00:00,0.022
2012-08-06 05:30:00,0.025
2012-08-06 06:00:00,0.028
2012-08-06 06:30:00,0.029
2012-08-06 07:00:00,0.027
2012-08-06 07:30:00,0.027
2012-08-06 08:00:00,0.179
2012-08-06 08:30:00,1.405
2012-08-06 09:00:00,1.476
2012-08-06 09:30:00,0.704
2012-08-06 10:00:00,0.29
2012-08-06 10:30:00,0.098
2012-08-06 11:00:00,0.068
2012-08-06 11:30:00,0.025
2012-08-06 12:00:00,0.027
2012-08-06 12:30:00,0.031
2012-08-06 13:00:00,0.037
2012-08-06 13:30:00,0.02
2012-08-06 14:00:00,0.028
2012-08-06 14:30:00,0.029
2012-08-06 15:00:00,0.026
2012-08-06 15:30:00,0.025
2012-08-06 16:00:00,0.023
2012-08-06 16:30:00,0.029
2012-08-06 17:00:00,0.04
2012-08-06 17:30:00,0.092
2012-08-06 18:00:00,0.098
2012-08-06 18:30:00,0.162
2012-08-06 19:00:00,0.189
2012-08-06 19:30:00,0.184
2012-08-06 20:00:00,0.189
2012-08-06 20:30:00,0.151
2012-08-06 21:00:00,0.083
2012-08-06 21:30:00,0.056
2012-08-06 22:00:00,0.054
2012-08-06 22:30:00,0.042
2012-08-06 23:00:00,0.023
2012-08-06 23:30:00,0.026
2012-08-07 00:00:00,0.026
2012-08-07 00:30:00,0.027
2012-08-07 01:00:00,0.024
2012-08-07 01:30:00,0.02
2012-08-07 02:00:00,0.026
2012-08-07 02:30:00,0.029
2012-08-07 03:00:00,0.026
2012-08-07 03:30:00,0.026
2012-08-07 04:00:00,0.023
2012-08-07 04:30:00,0.02
2012-08-07 05:00:00,0.033
2012-08-07 05:30:00,0.036
2012-08-07 06:00:00,0.026
2012-08-07 06:30:00,0.026
2012-08-07 07:00:00,0.02
2012-08-07 07:30:00,0.022
2012-08-07 08:00:00,0.029
2012-08-07 08:30:00,1.2869999
2012-08-07 09:00:00,0.609
2012-08-07 09:30:00,0.176
2012-08-07 10:00:00,0.166
2012-08-07 10:30:00,0.024
2012-08-07 11:00:00,0.025
2012-08-07 11:30:00,0.026
2012-08-07 12:00:00,0.025
2012-08-07 12:30:00,0.021
2012-08-07 13:00:00,0.034
2012-08-07 13:30:00,0.06
2012-08-07 14:00:00,0.033
2012-08-07 14:30:00,0.029
2012-08-07 15:00:00,0.024
2012-08-07 15:30:00,0.02
2012-08-07 16:00:00,0.032
2012-08-07 16:30:00,0.087
2012-08-07 17:00:00,0.087
2012-08-07 17:30:00,0.096
2012-08-07 18:00:00,0.103
2012-08-07 18:30:00,0.22
2012-08-07 19:00:00,0.085
2012-08-07 19:30:00,0.077
2012-08-07 20:00:00,0.078
2012-08-07 20:30:00,0.163
2012-08-07 21:00:00,0.113
2012-08-07 21:30:00,0.051
2012-08-07 22:00:00,0.057
2012-08-07 22:30:00,0.048
2012-08-07 23:00:00,0.027
2012-08-07 23:30:00,0.027
2012-08-08 00:00:00,0.022
2012-08-08 00:30:00,0.023
2012-08-08 01:00:00,0.027
2012-08-08 01:30:00,0.027
2012-08-08 02:00:00,0.031
2012-08-08 02:30:00,0.029
2012-08-08 03:00:00,0.021
2012-08-08 03:30:00,0.025
2012-08-08 04:00:00,0.027
2012-08-08 04:30:00,0.027
2012-08-08 05:00:00,0.027
2012-08-08 05:30:00,0.023
2012-08-08 06:00:00,0.022
2012-08-08 06:30:00,0.027
2012-08-08 07:00:00,0.03
2012-08-08 07:30:00,0.03
2012-08-08 08:00:00,0.075
2012-08-08 08:30:00,1.39
2012-08-08 09:00:00,0.483
2012-08-08 09:30:00,0.18
2012-08-08 10:00:00,0.164
2012-08-08 10:30:00,0.024
2012-08-08 11:00:00,0.021
2012-08-08 11:30:00,0.064
2012-08-08 12:00:00,0.131
2012-08-08 12:30:00,0.092
2012-08-08 13:00:00,0.086
2012-08-08 13:30:00,0.055
2012-08-08 14:00:00,0.042
2012-08-08 14:30:00,0.029
2012-08-08 15:00:00,0.028
2012-08-08 15:30:00,0.028
2012-08-08 16:00:00,0.027
2012-08-08 16:30:00,0.031
2012-08-08 17:00:00,0.256
2012-08-08 17:30:00,0.071
2012-08-08 18:00:00,0.042
2012-08-08 18:30:00,0.058
2012-08-08 19:00:00,0.077
2012-08-08 19:30:00,0.093
2012-08-08 20:00:00,0.13
2012-08-08 20:30:00,0.108
2012-08-08 21:00:00,0.094
2012-08-08 21:30:00,0.076
2012-08-08 22:00:00,0.075
2012-08-08 22:30:00,0.055
2012-08-08 23:00:00,0.042
2012-08-08 23:30:00,0.023
2012-08-09 00:00:00,0.026
2012-08-09 00:30:00,0.025
2012-08-09 01:00:00,0.029
2012-08-09 01:30:00,0.025
2012-08-09 02:00:00,0.023
2012-08-09 02:30:00,0.027
2012-08-09 03:00:00,0.026
2012-08-09 03:30:00,0.026
2012-08-09 04:00:00,0.026
2012-08-09 04:30:00,0.022
2012-08-09 05:00:00,0.019
2012-08-09 05:30:00,0.026
2012-08-09 06:00:00,0.025
2012-08-09 06:30:00,0.026
2012-08-09 07:00:00,0.026
2012-08-09 07:30:00,0.024
2012-08-09 08:00:00,0.046
2012-08-09 08:30:00,1.531
2012-08-09 09:00:00,1.527
2012-08-09 09:30:00,0.989
2012-08-09 10:00:00,0.237
2012-08-09 10:30:00,0.019
2012-08-09 11:00:00,0.029
2012-08-09 11:30:00,0.087
2012-08-09 12:00:00,0.085
2012-08-09 12:30:00,0.049
2012-08-09 13:00:00,0.077
2012-08-09 13:30:00,0.04
2012-08-09 14:00:00,0.024
2012-08-09 14:30:00,0.029
2012-08-09 15:00:00,0.026
2012-08-09 15:30:00,0.054
2012-08-09 16:00:00,0.027
2012-08-09 16:30:00,0.095
2012-08-09 17:00:00,0.098
2012-08-09 17:30:00,0.022
2012-08-09 18:00:00,0.026
2012-08-09 18:30:00,0.035
2012-08-09 19:00:00,0.099
2012-08-09 19:30:00,0.087
2012-08-09 20:00:00,0.132
2012-08-09 20:30:00,0.093
2012-08-09 21:00:00,0.067
2012-08-09 21:30:00,0.055
2012-08-09 22:00:00,0.036
2012-08-09 22:30:00,0.025
2012-08-09 23:00:00,0.026
2012-08-09 23:30:00,0.023
2012-08-10 00:00:00,0.021
2012-08-10 00:30:00,0.023
2012-08-10 01:00:00,0.026
2012-08-10 01:30:00,0.026
2012-08-10 02:00:00,0.028
2012-08-10 02:30:00,0.029
2012-08-10 03:00:00,0.023
2012-08-10 03:30:00,0.02
2012-08-10 04:00:00,0.025
2012-08-10 04:30:00,0.026
2012-08-10 05:00:00,0.026
2012-08-10 05:30:00,0.025
2012-08-10 06:00:00,0.029
2012-08-10 06:30:00,0.026
2012-08-10 07:00:00,0.032
2012-08-10 07:30:00,0.046
2012-08-10 08:00:00,0.03
2012-08-10 08:30:00,1.398
2012-08-10 09:00:00,0.505
2012-08-10 09:30:00,0.291
2012-08-10 10:00:00,0.044
2012-08-10 10:30:00,0.086
2012-08-10 11:00:00,0.085
2012-08-10 11:30:00,0.027
2012-08-10 12:00:00,0.027
2012-08-10 12:30:00,0.024
2012-08-10 13:00:00,0.021
2012-08-10 13:30:00,0.043
2012-08-10 14:00:00,0.032
2012-08-10 14:30:00,0.029
2012-08-10 15:00:00,0.026
2012-08-10 15:30:00,0.058
2012-08-10 16:00:00,0.083
2012-08-10 16:30:00,0.041
2012-08-10 17:00:00,0.025
2012-08-10 17:30:00,0.033
2012-08-10 18:00:00,0.116
2012-08-10 18:30:00,0.123
2012-08-10 19:00:00,0.135
2012-08-10 19:30:00,0.134
2012-08-10 20:00:00,0.128
2012-08-10 20:30:00,0.101
2012-08-10 21:00:00,0.116
2012-08-10 21:30:00,0.069
2012-08-10 22:00:00,0.058
2012-08-10 22:30:00,0.039
2012-08-10 23:00:00,0.027
2012-08-10 23:30:00,0.022
2012-08-11 00:00:00,0.021
2012-08-11 00:30:00,0.025
2012-08-11 01:00:00,0.027
2012-08-11 01:30:00,0.026
2012-08-11 02:00:00,0.029
2012-08-11 02:30:00,0.029
2012-08-11 03:00:00,0.022
2012-08-11 03:30:00,0.021
2012-08-11 04:00:00,0.025
2012-08-11 04:30:00,0.027
2012-08-11 05:00:00,0.026
2012-08-11 05:30:00,0.026
2012-08-11 06:00:00,0.026
2012-08-11 06:30:00,0.022
2012-08-11 07:00:00,0.024
2012-08-11 07:30:00,0.029
2012-08-11 08:00:00,0.048
2012-08-11 08:30:00,1.339
2012-08-11 09:00:00,0.368
2012-08-11 09:30:00,0.193
2012-08-11 10:00:00,0.022
2012-08-11 10:30:00,0.245
2012-08-11 11:00:00,0.025
2012-08-11 11:30:00,0.025
2012-08-11 12:00:00,0.026
2012-08-11 12:30:00,0.031
2012-08-11 13:00:00,0.087
2012-08-11 13:30:00,0.068
2012-08-11 14:00:00,0.027
2012-08-11 14:30:00,0.027
2012-08-11 15:00:00,0.027
2012-08-11 15:30:00,0.032
2012-08-11 16:00:00,0.112
2012-08-11 16:30:00,0.092
2012-08-11 17:00:00,0.103
2012-08-11 17:30:00,0.081
2012-08-11 18:00:00,0.084
2012-08-11 18:30:00,0.12
2012-08-11 19:00:00,0.136
2012-08-11 19:30:00,0.136
2012-08-11 20:00:00,0.136
2012-08-11 20:30:00,0.134
2012-08-11 21:00:00,0.068
2012-08-11 21:30:00,0.051
2012-08-11 22:00:00,0.053
2012-08-11 22:30:00,0.037
2012-08-11 23:00:00,0.026
2012-08-11 23:30:00,0.026
2012-08-12 00:00:00,0.025
2012-08-12 00:30:00,0.025
2012-08-12 01:00:00,0.022
2012-08-12 01:30:00,0.021
2012-08-12 02:00:00,0.029
2012-08-12 02:30:00,0.029
2012-08-12 03:00:00,0.026
2012-08-12 03:30:00,0.026
2012-08-12 04:00:00,0.026
2012-08-12 04:30:00,0.022
2012-08-12 05:00:00,0.02
2012-08-12 05:30:00,0.026
2012-08-12 06:00:00,0.026
2012-08-12 06:30:00,0.03
2012-08-12 07:00:00,0.028
2012-08-12 07:30:00,0.027
2012-08-12 08:00:00,0.026
2012-08-12 08:30:00,1.459
2012-08-12 09:00:00,0.309
2012-08-12 09:30:00,0.051
2012-08-12 10:00:00,0.028
2012-08-12 10:30:00,0.261
2012-08-12 11:00:00,0.218
2012-08-12 11:30:00,0.128
2012-08-12 12:00:00,0.083
2012-08-12 12:30:00,0.051
2012-08-12 13:00:00,0.026
2012-08-12 13:30:00,0.049
2012-08-12 14:00:00,0.04
2012-08-12 14:30:00,0.028
2012-08-12 15:00:00,0.022
2012-08-12 15:30:00,0.023
2012-08-12 16:00:00,0.027
2012-08-12 16:30:00,0.027
2012-08-12 17:00:00,0.029
2012-08-12 17:30:00,0.026
2012-08-12 18:00:00,0.03
2012-08-12 18:30:00,0.06
2012-08-12 19:00:00,0.074
2012-08-12 19:30:00,0.076
2012-08-12 20:00:00,0.101
2012-08-12 20:30:00,0.102
2012-08-12 21:00:00,0.081
2012-08-12 21:30:00,0.05
2012-08-12 22:00:00,0.025
2012-08-12 22:30:00,0.021
2012-08-12 23:00:00,0.023
2012-08-12 23:30:00,0.026
2012-08-13 00:00:00,0.026
2012-08-13 00:30:00,0.026
2012-08-13 01:00:00,0.026
2012-08-13 01:30:00,0.025
2012-08-13 02:00:00,0.025
2012-08-13 02:30:00,0.024
2012-08-13 03:00:00,0.026
2012-08-13 03:30:00,0.026
2012-08-13 04:00:00,0.061
2012-08-13 04:30:00,0.386
2012-08-13 05:00:00,0.085
2012-08-13 05:30:00,0.057
2012-08-13 06:00:00,0.145
2012-08-13 06:30:00,0.357
2012-08-13 07:00:00,0.079
2012-08-13 07:30:00,0.071
2012-08-13 08:00:00,0.037
2012-08-13 08:30:00,1.472
2012-08-13 09:00:00,1.6160001
2012-08-13 09:30:00,0.701
2012-08-13 10:00:00,0.247
2012-08-13 10:30:00,0.354
2012-08-13 11:00:00,0.074
2012-08-13 11:30:00,0.134
2012-08-13 12:00:00,0.071
2012-08-13 12:30:00,0.021
2012-08-13 13:00:00,0.025
2012-08-13 13:30:00,0.027
2012-08-13 14:00:00,0.028
2012-08-13 14:30:00,0.03
2012-08-13 15:00:00,0.026
2012-08-13 15:30:00,0.023
2012-08-13 16:00:00,0.022
2012-08-13 16:30:00,0.026
2012-08-13 17:00:00,0.026
2012-08-13 17:30:00,0.182
2012-08-13 18:00:00,0.117
2012-08-13 18:30:00,0.063
2012-08-13 19:00:00,0.073
2012-08-13 19:30:00,0.072
2012-08-13 20:00:00,0.101
2012-08-13 20:30:00,0.076
2012-08-13 21:00:00,0.07
2012-08-13 21:30:00,0.048
2012-08-13 22:00:00,0.022
2012-08-13 22:30:00,0.021
2012-08-13 23:00:00,0.023
2012-08-13 23:30:00,0.025
2012-08-14 00:00:00,0.026
2012-08-14 00:30:00,0.025
2012-08-14 01:00:00,0.025
2012-08-14 01:30:00,0.02
2012-08-14 02:00:00,0.024
2012-08-14 02:30:00,0.028
2012-08-14 03:00:00,0.025
2012-08-14 03:30:00,0.026
2012-08-14 04:00:00,0.026
2012-08-14 04:30:00,0.021
2012-08-14 05:00:00,0.028
2012-08-14 05:30:00,0.047
2012-08-14 06:00:00,0.042
2012-08-14 06:30:00,0.027
2012-08-14 07:00:00,0.109
2012-08-14 07:30:00,0.193
2012-08-14 08:00:00,0.043
2012-08-14 08:30:00,0.043
2012-08-14 09:00:00,0.046
2012-08-14 09:30:00,0.114
2012-08-14 10:00:00,0.069
2012-08-14 10:30:00,0.023
2012-08-14 11:00:00,0.02
2012-08-14 11:30:00,0.022
2012-08-14 12:00:00,0.033
2012-08-14 12:30:00,0.025
2012-08-14 13:00:00,0.025
2012-08-14 13:30:00,0.025
2012-08-14 14:00:00,0.022
2012-08-14 14:30:00,0.024
2012-08-14 15:00:00,0.033
2012-08-14 15:30:00,0.029
2012-08-14 16:00:00,0.026
2012-08-14 16:30:00,0.04
2012-08-14 17:00:00,0.025
2012-08-14 17:30:00,0.042
2012-08-14 18:00:00,0.053
2012-08-14 18:30:00,0.062
2012-08-14 19:00:00,0.077
2012-08-14 19:30:00,0.132
2012-08-14 20:00:00,0.133
2012-08-14 20:30:00,0.073
2012-08-14 21:00:00,0.065
2012-08-14 21:30:00,0.045
2012-08-14 22:00:00,0.025
2012-08-14 22:30:00,0.025
2012-08-14 23:00:00,0.025
2012-08-14 23:30:00,0.025
2012-08-15 00:00:00,0.021
2012-08-15 00:30:00,0.02
2012-08-15 01:00:00,0.926
2012-08-15 01:30:00,1.557
2012-08-15 02:00:00,1.038
2012-08-15 02:30:00,0.208
2012-08-15 03:00:00,0.023
2012-08-15 03:30:00,0.189
2012-08-15 04:00:00,0.024
2012-08-15 04:30:00,0.025
2012-08-15 05:00:00,0.025
2012-08-15 05:30:00,0.025
2012-08-15 06:00:00,0.024
2012-08-15 06:30:00,0.02
2012-08-15 07:00:00,0.021
2012-08-15 07:30:00,0.028
2012-08-15 08:00:00,0.027
2012-08-15 08:30:00,0.031
2012-08-15 09:00:00,0.025
2012-08-15 09:30:00,0.02
2012-08-15 10:00:00,0.018
2012-08-15 10:30:00,0.025
2012-08-15 11:00:00,0.024
2012-08-15 11:30:00,0.024
2012-08-15 12:00:00,0.024
2012-08-15 12:30:00,0.021
2012-08-15 13:00:00,0.019
2012-08-15 13:30:00,0.023
2012-08-15 14:00:00,0.026
2012-08-15 14:30:00,0.027
2012-08-15 15:00:00,0.024
2012-08-15 15:30:00,0.023
2012-08-15 16:00:00,0.019
2012-08-15 16:30:00,0.021
2012-08-15 17:00:00,0.024
2012-08-15 17:30:00,0.047
2012-08-15 18:00:00,0.054
2012-08-15 18:30:00,0.061
2012-08-15 19:00:00,0.071
2012-08-15 19:30:00,0.07
2012-08-15 20:00:00,0.075
2012-08-15 20:30:00,0.075
2012-08-15 21:00:00,0.068
2012-08-15 21:30:00,0.048
2012-08-15 22:00:00,0.022
2012-08-15 22:30:00,0.019
2012-08-15 23:00:00,0.022
2012-08-15 23:30:00,0.024
2012-08-16 00:00:00,0.024
2012-08-16 00:30:00,0.025
2012-08-16 01:00:00,0.023
2012-08-16 01:30:00,0.019
2012-08-16 02:00:00,0.024
2012-08-16 02:30:00,0.027
2012-08-16 03:00:00,0.025
2012-08-16 03:30:00,0.024
2012-08-16 04:00:00,0.024
2012-08-16 04:30:00,0.018
2012-08-16 05:00:00,0.021
2012-08-16 05:30:00,0.025
2012-08-16 06:00:00,0.024
2012-08-16 06:30:00,0.024
2012-08-16 07:00:00,0.023
2012-08-16 07:30:00,0.018
2012-08-16 08:00:00,0.024
2012-08-16 08:30:00,0.026
2012-08-16 09:00:00,0.024
2012-08-16 09:30:00,0.024
2012-08-16 10:00:00,0.024
2012-08-16 10:30:00,0.018
2012-08-16 11:00:00,0.02
2012-08-16 11:30:00,0.024
2012-08-16 12:00:00,0.024
2012-08-16 12:30:00,0.024
2012-08-16 13:00:00,0.024
2012-08-16 13:30:00,0.019
2012-08-16 14:00:00,0.021
2012-08-16 14:30:00,0.027
2012-08-16 15:00:00,0.024
2012-08-16 15:30:00,0.024
2012-08-16 16:00:00,0.024
2012-08-16 16:30:00,0.022
2012-08-16 17:00:00,0.018
2012-08-16 17:30:00,0.044
2012-08-16 18:00:00,0.054
2012-08-16 18:30:00,0.062
2012-08-16 19:00:00,0.075
2012-08-16 19:30:00,0.074
2012-08-16 20:00:00,0.069
2012-08-16 20:30:00,0.071
2012-08-16 21:00:00,0.069
2012-08-16 21:30:00,0.047
2012-08-16 22:00:00,0.024
2012-08-16 22:30:00,0.024
2012-08-16 23:00:00,0.021
2012-08-16 23:30:00,0.019
2012-08-17 00:00:00,0.024
2012-08-17 00:30:00,0.024
2012-08-17 01:00:00,0.024
2012-08-17 01:30:00,0.025
2012-08-17 02:00:00,0.024
2012-08-17 02:30:00,0.021
2012-08-17 03:00:00,0.023
2012-08-17 03:30:00,0.024
2012-08-17 04:00:00,0.024
2012-08-17 04:30:00,0.024
2012-08-17 05:00:00,0.023
2012-08-17 05:30:00,0.019
2012-08-17 06:00:00,0.021
2012-08-17 06:30:00,0.024
2012-08-17 07:00:00,0.024
2012-08-17 07:30:00,0.024
2012-08-17 08:00:00,0.027
2012-08-17 08:30:00,0.021
2012-08-17 09:00:00,0.02
2012-08-17 09:30:00,0.023
2012-08-17 10:00:00,0.024
2012-08-17 10:30:00,0.024
2012-08-17 11:00:00,0.023
2012-08-17 11:30:00,0.02
2012-08-17 12:00:00,0.018
2012-08-17 12:30:00,0.023
2012-08-17 13:00:00,0.024
2012-08-17 13:30:00,0.023
2012-08-17 14:00:00,0.027
2012-08-17 14:30:00,0.026
2012-08-17 15:00:00,0.019
2012-08-17 15:30:00,0.02
2012-08-17 16:00:00,0.024
2012-08-17 16:30:00,0.024
2012-08-17 17:00:00,0.024
2012-08-17 17:30:00,0.046
2012-08-17 18:00:00,0.052
2012-08-17 18:30:00,0.056
2012-08-17 19:00:00,0.073
2012-08-17 19:30:00,0.075
2012-08-17 20:00:00,0.075
2012-08-17 20:30:00,0.075
2012-08-17 21:00:00,0.068
2012-08-17 21:30:00,0.045
2012-08-17 22:00:00,0.019
2012-08-17 22:30:00,0.023
2012-08-17 23:00:00,0.024
2012-08-17 23:30:00,0.024
2012-08-18 00:00:00,0.025
2012-08-18 00:30:00,0.024
2012-08-18 01:00:00,0.02
2012-08-18 01:30:00,0.02
2012-08-18 02:00:00,0.027
2012-08-18 02:30:00,0.027
2012-08-18 03:00:00,0.025
2012-08-18 03:30:00,0.025
2012-08-18 04:00:00,0.023
2012-08-18 04:30:00,0.02
2012-08-18 05:00:00,0.021
2012-08-18 05:30:00,0.024
2012-08-18 06:00:00,0.024
2012-08-18 06:30:00,0.024
2012-08-18 07:00:00,0.025
2012-08-18 07:30:00,0.021
2012-08-18 08:00:00,0.021
2012-08-18 08:30:00,0.026
2012-08-18 09:00:00,0.023
2012-08-18 09:30:00,0.024
2012-08-18 10:00:00,0.025
2012-08-18 10:30:00,0.024
2012-08-18 11:00:00,0.02
2012-08-18 11:30:00,0.019
2012-08-18 12:00:00,0.024
2012-08-18 12:30:00,0.024
2012-08-18 13:00:00,0.025
2012-08-18 13:30:00,0.024
2012-08-18 14:00:00,0.024
2012-08-18 14:30:00,0.023
2012-08-18 15:00:00,0.02
2012-08-18 15:30:00,0.025
2012-08-18 16:00:00,0.024
2012-08-18 16:30:00,0.024
2012-08-18 17:00:00,0.024
2012-08-18 17:30:00,0.045
2012-08-18 18:00:00,0.05
2012-08-18 18:30:00,0.056
2012-08-18 19:00:00,0.076
2012-08-18 19:30:00,0.075
2012-08-18 20:00:00,0.075
2012-08-18 20:30:00,0.075
2012-08-18 21:00:00,0.068
2012-08-18 21:30:00,0.044
2012-08-18 22:00:00,0.02
2012-08-18 22:30:00,0.023
2012-08-18 23:00:00,0.025
2012-08-18 23:30:00,0.025
2012-08-19 00:00:00,0.024
2012-08-19 00:30:00,0.025
2012-08-19 01:00:00,0.022
2012-08-19 01:30:00,0.02
2012-08-19 02:00:00,0.025
2012-08-19 02:30:00,0.028
2012-08-19 03:00:00,0.025
2012-08-19 03:30:00,0.025
2012-08-19 04:00:00,0.025
2012-08-19 04:30:00,0.021
2012-08-19 05:00:00,0.02
2012-08-19 05:30:00,0.023
2012-08-19 06:00:00,0.025
2012-08-19 06:30:00,0.024
2012-08-19 07:00:00,0.025
2012-08-19 07:30:00,0.024
2012-08-19 08:00:00,0.022
2012-08-19 08:30:00,0.023
2012-08-19 09:00:00,0.025
2012-08-19 09:30:00,0.024
2012-08-19 10:00:00,0.025
2012-08-19 10:30:00,0.024
2012-08-19 11:00:00,0.023
2012-08-19 11:30:00,0.019
2012-08-19 12:00:00,0.021
2012-08-19 12:30:00,0.025
2012-08-19 13:00:00,0.025
2012-08-19 13:30:00,0.024
2012-08-19 14:00:00,0.027
2012-08-19 14:30:00,0.025
2012-08-19 15:00:00,0.02
2012-08-19 15:30:00,0.023
2012-08-19 16:00:00,0.024
2012-08-19 16:30:00,0.025
2012-08-19 17:00:00,0.025
2012-08-19 17:30:00,0.046
2012-08-19 18:00:00,0.051
2012-08-19 18:30:00,0.056
2012-08-19 19:00:00,0.073
2012-08-19 19:30:00,0.075
2012-08-19 20:00:00,0.077
2012-08-19 20:30:00,0.076
2012-08-19 21:00:00,0.069
2012-08-19 21:30:00,0.046
2012-08-19 22:00:00,0.02
2012-08-19 22:30:00,0.022
2012-08-19 23:00:00,0.025
2012-08-19 23:30:00,0.025
2012-08-20 00:00:00,0.026
2012-08-20 00:30:00,0.025
2012-08-20 01:00:00,0.022
2012-08-20 01:30:00,0.02
2012-08-20 02:00:00,0.025
2012-08-20 02:30:00,0.028
2012-08-20 03:00:00,0.025
2012-08-20 03:30:00,0.025
2012-08-20 04:00:00,0.026
2012-08-20 04:30:00,0.02
2012-08-20 05:00:00,0.02
2012-08-20 05:30:00,0.025
2012-08-20 06:00:00,0.025
2012-08-20 06:30:00,0.024
2012-08-20 07:00:00,0.025
2012-08-20 07:30:00,0.023
2012-08-20 08:00:00,0.022
2012-08-20 08:30:00,0.024
2012-08-20 09:00:00,0.024
2012-08-20 09:30:00,0.025
2012-08-20 10:00:00,0.024
2012-08-20 10:30:00,0.024
2012-08-20 11:00:00,0.02
2012-08-20 11:30:00,0.019
2012-08-20 12:00:00,0.024
2012-08-20 12:30:00,0.024
2012-08-20 13:00:00,0.025
2012-08-20 13:30:00,0.025
2012-08-20 14:00:00,0.025
2012-08-20 14:30:00,0.023
2012-08-20 15:00:00,0.021
2012-08-20 15:30:00,0.024
2012-08-20 16:00:00,0.025
2012-08-20 16:30:00,0.024
2012-08-20 17:00:00,0.025
2012-08-20 17:30:00,0.043
2012-08-20 18:00:00,0.049
2012-08-20 18:30:00,0.059
2012-08-20 19:00:00,0.075
2012-08-20 19:30:00,0.075
2012-08-20 20:00:00,0.075
2012-08-20 20:30:00,0.075
2012-08-20 21:00:00,0.065
2012-08-20 21:30:00,0.043
2012-08-20 22:00:00,0.024
2012-08-20 22:30:00,0.025
2012-08-20 23:00:00,0.025
2012-08-20 23:30:00,0.025
2012-08-21 00:00:00,0.023
2012-08-21 00:30:00,0.02
2012-08-21 01:00:00,0.022
2012-08-21 01:30:00,0.025
2012-08-21 02:00:00,0.027
2012-08-21 02:30:00,0.028
2012-08-21 03:00:00,0.025
2012-08-21 03:30:00,0.02
2012-08-21 04:00:00,0.02
2012-08-21 04:30:00,0.024
2012-08-21 05:00:00,0.024
2012-08-21 05:30:00,0.025
2012-08-21 06:00:00,0.024
2012-08-21 06:30:00,0.023
2012-08-21 07:00:00,0.02
2012-08-21 07:30:00,0.02
2012-08-21 08:00:00,0.027
2012-08-21 08:30:00,0.027
2012-08-21 09:00:00,0.024
2012-08-21 09:30:00,0.024
2012-08-21 10:00:00,0.021
2012-08-21 10:30:00,0.018
2012-08-21 11:00:00,0.024
2012-08-21 11:30:00,0.024
2012-08-21 12:00:00,0.024
2012-08-21 12:30:00,0.025
2012-08-21 13:00:00,0.022
2012-08-21 13:30:00,0.019
2012-08-21 14:00:00,0.023
2012-08-21 14:30:00,0.028
2012-08-21 15:00:00,0.024
2012-08-21 15:30:00,0.025
2012-08-21 16:00:00,0.024
2012-08-21 16:30:00,0.02
2012-08-21 17:00:00,0.02
2012-08-21 17:30:00,0.046
2012-08-21 18:00:00,0.055
2012-08-21 18:30:00,0.061
2012-08-21 19:00:00,0.075
2012-08-21 19:30:00,0.073
2012-08-21 20:00:00,0.07
2012-08-21 20:30:00,0.073
2012-08-21 21:00:00,0.069
2012-08-21 21:30:00,0.048
2012-08-21 22:00:00,0.024
2012-08-21 22:30:00,0.025
2012-08-21 23:00:00,0.021
2012-08-21 23:30:00,0.018
2012-08-22 00:00:00,0.024
2012-08-22 00:30:00,0.025
2012-08-22 01:00:00,0.025
2012-08-22 01:30:00,0.024
2012-08-22 02:00:00,0.025
2012-08-22 02:30:00,0.023
2012-08-22 03:00:00,0.022
2012-08-22 03:30:00,0.024
2012-08-22 04:00:00,0.025
2012-08-22 04:30:00,0.024
2012-08-22 05:00:00,0.024
2012-08-22 05:30:00,0.019
2012-08-22 06:00:00,0.02
2012-08-22 06:30:00,0.024
2012-08-22 07:00:00,0.024
2012-08-22 07:30:00,0.024
2012-08-22 08:00:00,0.026
2012-08-22 08:30:00,0.023
2012-08-22 09:00:00,0.018
2012-08-22 09:30:00,0.024
2012-08-22 10:00:00,0.024
2012-08-22 10:30:00,0.024
2012-08-22 11:00:00,0.024
2012-08-22 11:30:00,0.02
2012-08-22 12:00:00,0.018
2012-08-22 12:30:00,0.024
2012-08-22 13:00:00,0.024
2012-08-22 13:30:00,0.024
2012-08-22 14:00:00,0.026
2012-08-22 14:30:00,0.024
2012-08-22 15:00:00,0.019
2012-08-22 15:30:00,0.022
2012-08-22 16:00:00,0.025
2012-08-22 16:30:00,0.023
2012-08-22 17:00:00,0.024
2012-08-22 17:30:00,0.045
2012-08-22 18:00:00,0.048
2012-08-22 18:30:00,0.056
2012-08-22 19:00:00,0.075
2012-08-22 19:30:00,0.075
2012-08-22 20:00:00,0.074
2012-08-22 20:30:00,0.075
2012-08-22 21:00:00,0.065
2012-08-22 21:30:00,0.042
2012-08-22 22:00:00,0.024
2012-08-22 22:30:00,0.024
2012-08-22 23:00:00,0.024
2012-08-22 23:30:00,0.024
2012-08-23 00:00:00,0.023
2012-08-23 00:30:00,0.018
2012-08-23 01:00:00,0.022
2012-08-23 01:30:00,0.025
2012-08-23 02:00:00,0.026
2012-08-23 02:30:00,0.028
2012-08-23 03:00:00,0.022
2012-08-23 03:30:00,0.019
2012-08-23 04:00:00,0.022
2012-08-23 04:30:00,0.024
2012-08-23 05:00:00,0.025
2012-08-23 05:30:00,0.023
2012-08-23 06:00:00,0.022
2012-08-23 06:30:00,0.017
2012-08-23 07:00:00,0.024
2012-08-23 07:30:00,0.023
2012-08-23 08:00:00,0.026
2012-08-23 08:30:00,0.027
2012-08-23 09:00:00,0.021
2012-08-23 09:30:00,0.017
2012-08-23 10:00:00,0.024
2012-08-23 10:30:00,0.023
2012-08-23 11:00:00,0.024
2012-08-23 11:30:00,0.024
2012-08-23 12:00:00,0.019
2012-08-23 12:30:00,0.019
2012-08-23 13:00:00,0.024
2012-08-23 13:30:00,0.023
2012-08-23 14:00:00,0.026
2012-08-23 14:30:00,0.027
2012-08-23 15:00:00,0.02
2012-08-23 15:30:00,0.018
2012-08-23 16:00:00,0.024
2012-08-23 16:30:00,0.024
2012-08-23 17:00:00,0.023
2012-08-23 17:30:00,0.046
2012-08-23 18:00:00,0.052
2012-08-23 18:30:00,0.054
2012-08-23 19:00:00,0.073
2012-08-23 19:30:00,0.074
2012-08-23 20:00:00,0.074
2012-08-23 20:30:00,0.075
2012-08-23 21:00:00,0.066
2012-08-23 21:30:00,0.042
2012-08-23 22:00:00,0.021
2012-08-23 22:30:00,0.024
2012-08-23 23:00:00,0.025
2012-08-23 23:30:00,0.024
2012-08-24 00:00:00,0.023
2012-08-24 00:30:00,0.019
2012-08-24 01:00:00,0.021
2012-08-24 01:30:00,0.024
2012-08-24 02:00:00,0.027
2012-08-24 02:30:00,0.027
2012-08-24 03:00:00,0.023
2012-08-24 03:30:00,0.019
2012-08-24 04:00:00,0.021
2012-08-24 04:30:00,0.024
2012-08-24 05:00:00,0.024
2012-08-24 05:30:00,0.024
2012-08-24 06:00:00,0.022
2012-08-24 06:30:00,0.018
2012-08-24 07:00:00,0.023
2012-08-24 07:30:00,0.024
2012-08-24 08:00:00,0.026
2012-08-24 08:30:00,0.027
2012-08-24 09:00:00,0.02
2012-08-24 09:30:00,0.018
2012-08-24 10:00:00,0.023
2012-08-24 10:30:00,0.024
2012-08-24 11:00:00,0.024
2012-08-24 11:30:00,0.023
2012-08-24 12:00:00,0.019
2012-08-24 12:30:00,0.019
2012-08-24 13:00:00,0.024
2012-08-24 13:30:00,0.024
2012-08-24 14:00:00,0.026
2012-08-24 14:30:00,0.027
2012-08-24 15:00:00,0.018
2012-08-24 15:30:00,0.02
2012-08-24 16:00:00,0.024
2012-08-24 16:30:00,0.024
2012-08-24 17:00:00,0.024
2012-08-24 17:30:00,0.045
2012-08-24 18:00:00,0.048
2012-08-24 18:30:00,0.058
2012-08-24 19:00:00,0.075
2012-08-24 19:30:00,0.074
2012-08-24 20:00:00,0.074
2012-08-24 20:30:00,0.073
2012-08-24 21:00:00,0.064
2012-08-24 21:30:00,0.046
2012-08-24 22:00:00,0.024
2012-08-24 22:30:00,0.024
2012-08-24 23:00:00,0.024
2012-08-24 23:30:00,0.02
2012-08-25 00:00:00,0.019
2012-08-25 00:30:00,0.024
2012-08-25 01:00:00,0.025
2012-08-25 01:30:00,0.024
2012-08-25 02:00:00,0.026
2012-08-25 02:30:00,0.022
2012-08-25 03:00:00,0.021
2012-08-25 03:30:00,0.024
2012-08-25 04:00:00,0.024
2012-08-25 04:30:00,0.024
2012-08-25 05:00:00,0.022
2012-08-25 05:30:00,0.017
2012-08-25 06:00:00,0.024
2012-08-25 06:30:00,0.024
2012-08-25 07:00:00,0.024
2012-08-25 07:30:00,0.024
2012-08-25 08:00:00,0.02
2012-08-25 08:30:00,0.024
2012-08-25 09:00:00,0.024
2012-08-25 09:30:00,0.023
2012-08-25 10:00:00,0.024
2012-08-25 10:30:00,0.021
2012-08-25 11:00:00,0.018
2012-08-25 11:30:00,0.023
2012-08-25 12:00:00,0.024
2012-08-25 12:30:00,0.024
2012-08-25 13:00:00,0.022
2012-08-25 13:30:00,0.018
2012-08-25 14:00:00,0.024
2012-08-25 14:30:00,0.027
2012-08-25 15:00:00,0.024
2012-08-25 15:30:00,0.025
2012-08-25 16:00:00,0.02
2012-08-25 16:30:00,0.018
2012-08-25 17:00:00,0.025
2012-08-25 17:30:00,0.045
2012-08-25 18:00:00,0.054
2012-08-25 18:30:00,0.06
2012-08-25 19:00:00,0.068
2012-08-25 19:30:00,0.072
2012-08-25 20:00:00,0.074
2012-08-25 20:30:00,0.076
2012-08-25 21:00:00,0.069
2012-08-25 21:30:00,0.045
2012-08-25 22:00:00,0.017
2012-08-25 22:30:00,0.024
2012-08-25 23:00:00,0.024
2012-08-25 23:30:00,0.024
2012-08-26 00:00:00,0.024
2012-08-26 00:30:00,0.018
2012-08-26 01:00:00,0.021
2012-08-26 01:30:00,0.025
2012-08-26 02:00:00,0.026
2012-08-26 02:30:00,0.028
2012-08-26 03:00:00,0.02
2012-08-26 03:30:00,0.018
2012-08-26 04:00:00,0.024
2012-08-26 04:30:00,0.024
2012-08-26 05:00:00,0.024
2012-08-26 05:30:00,0.021
2012-08-26 06:00:00,0.018
2012-08-26 06:30:00,0.024
2012-08-26 07:00:00,0.024
2012-08-26 07:30:00,0.024
2012-08-26 08:00:00,0.024
2012-08-26 08:30:00,0.02
2012-08-26 09:00:00,0.023
2012-08-26 09:30:00,0.024
2012-08-26 10:00:00,0.024
2012-08-26 10:30:00,0.023
2012-08-26 11:00:00,0.017
2012-08-26 11:30:00,0.022
2012-08-26 12:00:00,0.023
2012-08-26 12:30:00,0.024
2012-08-26 13:00:00,0.024
2012-08-26 13:30:00,0.018
2012-08-26 14:00:00,0.023
2012-08-26 14:30:00,0.026
2012-08-26 15:00:00,0.024
2012-08-26 15:30:00,0.024
2012-08-26 16:00:00,0.021
2012-08-26 16:30:00,0.018
2012-08-26 17:00:00,0.023
2012-08-26 17:30:00,0.045
2012-08-26 18:00:00,0.055
2012-08-26 18:30:00,0.06
2012-08-26 19:00:00,0.071
2012-08-26 19:30:00,0.07
2012-08-26 20:00:00,0.075
2012-08-26 20:30:00,0.075
2012-08-26 21:00:00,0.069
2012-08-26 21:30:00,0.046
2012-08-26 22:00:00,0.017
2012-08-26 22:30:00,0.023
2012-08-26 23:00:00,0.024
2012-08-26 23:30:00,0.024
2012-08-27 00:00:00,0.024
2012-08-27 00:30:00,0.019
2012-08-27 01:00:00,0.02
2012-08-27 01:30:00,0.024
2012-08-27 02:00:00,0.026
2012-08-27 02:30:00,0.027
2012-08-27 03:00:00,0.022
2012-08-27 03:30:00,0.017
2012-08-27 04:00:00,0.024
2012-08-27 04:30:00,0.024
2012-08-27 05:00:00,0.024
2012-08-27 05:30:00,0.023
2012-08-27 06:00:00,0.018
2012-08-27 06:30:00,0.021
2012-08-27 07:00:00,0.024
2012-08-27 07:30:00,0.024
2012-08-27 08:00:00,0.026
2012-08-27 08:30:00,0.021
2012-08-27 09:00:00,0.02
2012-08-27 09:30:00,0.024
2012-08-27 10:00:00,0.023
2012-08-27 10:30:00,0.024
2012-08-27 11:00:00,0.02
2012-08-27 11:30:00,0.018
2012-08-27 12:00:00,0.024
2012-08-27 12:30:00,0.024
2012-08-27 13:00:00,0.024
2012-08-27 13:30:00,0.021
2012-08-27 14:00:00,0.019
2012-08-27 14:30:00,0.028
2012-08-27 15:00:00,0.023
2012-08-27 15:30:00,0.024
2012-08-27 16:00:00,0.024
2012-08-27 16:30:00,0.017
2012-08-27 17:00:00,0.022
2012-08-27 17:30:00,0.045
2012-08-27 18:00:00,0.054
2012-08-27 18:30:00,0.06
2012-08-27 19:00:00,0.069
2012-08-27 19:30:00,0.07
2012-08-27 20:00:00,0.075
2012-08-27 20:30:00,0.074
2012-08-27 21:00:00,0.069
2012-08-27 21:30:00,0.045
2012-08-27 22:00:00,0.017
2012-08-27 22:30:00,0.024
2012-08-27 23:00:00,0.024
2012-08-27 23:30:00,0.024
2012-08-28 00:00:00,0.022
2012-08-28 00:30:00,0.018
2012-08-28 01:00:00,0.023
2012-08-28 01:30:00,0.024
2012-08-28 02:00:00,0.027
2012-08-28 02:30:00,0.027
2012-08-28 03:00:00,0.018
2012-08-28 03:30:00,0.02
2012-08-28 04:00:00,0.024
2012-08-28 04:30:00,0.024
2012-08-28 05:00:00,0.024
2012-08-28 05:30:00,0.019
2012-08-28 06:00:00,0.02
2012-08-28 06:30:00,0.023
2012-08-28 07:00:00,0.024
2012-08-28 07:30:00,0.024
2012-08-28 08:00:00,0.022
2012-08-28 08:30:00,0.021
2012-08-28 09:00:00,0.023
2012-08-28 09:30:00,0.024
2012-08-28 10:00:00,0.023
2012-08-28 10:30:00,0.02
2012-08-28 11:00:00,0.018
2012-08-28 11:30:00,0.024
2012-08-28 12:00:00,0.023
2012-08-28 12:30:00,0.024
2012-08-28 13:00:00,0.021
2012-08-28 13:30:00,0.017
2012-08-28 14:00:00,0.026
2012-08-28 14:30:00,0.026
2012-08-28 15:00:00,0.024
2012-08-28 15:30:00,0.024
2012-08-28 16:00:00,0.017
2012-08-28 16:30:00,0.021
2012-08-28 17:00:00,0.024
2012-08-28 17:30:00,0.045
2012-08-28 18:00:00,0.055
2012-08-28 18:30:00,0.058
2012-08-28 19:00:00,0.068
2012-08-28 19:30:00,0.073
2012-08-28 20:00:00,0.074
2012-08-28 20:30:00,0.075
2012-08-28 21:00:00,0.067
2012-08-28 21:30:00,0.042
2012-08-28 22:00:00,0.021
2012-08-28 22:30:00,0.024
2012-08-28 23:00:00,0.024
2012-08-28 23:30:00,0.024
2012-08-29 00:00:00,0.019
2012-08-29 00:30:00,0.02
2012-08-29 01:00:00,0.024
2012-08-29 01:30:00,0.024
2012-08-29 02:00:00,0.027
2012-08-29 02:30:00,0.024
2012-08-29 03:00:00,0.017
2012-08-29 03:30:00,0.025
2012-08-29 04:00:00,0.024
2012-08-29 04:30:00,0.024
2012-08-29 05:00:00,0.022
2012-08-29 05:30:00,0.017
2012-08-29 06:00:00,0.024
2012-08-29 06:30:00,0.023
2012-08-29 07:00:00,0.024
2012-08-29 07:30:00,0.023
2012-08-29 08:00:00,0.019
2012-08-29 08:30:00,0.025
2012-08-29 09:00:00,0.023
2012-08-29 09:30:00,0.024
2012-08-29 10:00:00,0.024
2012-08-29 10:30:00,0.017
2012-08-29 11:00:00,0.021
2012-08-29 11:30:00,0.024
2012-08-29 12:00:00,0.023
2012-08-29 12:30:00,0.024
2012-08-29 13:00:00,0.018
2012-08-29 13:30:00,0.02
2012-08-29 14:00:00,0.026
2012-08-29 14:30:00,0.027
2012-08-29 15:00:00,0.023
2012-08-29 15:30:00,0.02
2012-08-29 16:00:00,0.018
2012-08-29 16:30:00,0.024
2012-08-29 17:00:00,0.024
2012-08-29 17:30:00,0.045
2012-08-29 18:00:00,0.05
2012-08-29 18:30:00,0.054
2012-08-29 19:00:00,0.075
2012-08-29 19:30:00,0.074
2012-08-29 20:00:00,0.075
2012-08-29 20:30:00,0.072
2012-08-29 21:00:00,0.061
2012-08-29 21:30:00,0.047
2012-08-29 22:00:00,0.024
2012-08-29 22:30:00,0.024
2012-08-29 23:00:00,0.021
2012-08-29 23:30:00,0.017
2012-08-30 00:00:00,0.024
2012-08-30 00:30:00,0.024
2012-08-30 01:00:00,0.024
2012-08-30 01:30:00,0.021
2012-08-30 02:00:00,0.02
2012-08-30 02:30:00,0.027
2012-08-30 03:00:00,0.024
2012-08-30 03:30:00,0.024
2012-08-30 04:00:00,0.02
2012-08-30 04:30:00,0.018
2012-08-30 05:00:00,0.024
2012-08-30 05:30:00,0.024
2012-08-30 06:00:00,0.024
2012-08-30 06:30:00,0.019
2012-08-30 07:00:00,0.018
2012-08-30 07:30:00,0.024
2012-08-30 08:00:00,0.026
2012-08-30 08:30:00,0.026
2012-08-30 09:00:00,0.018
2012-08-30 09:30:00,0.02
2012-08-30 10:00:00,0.023
2012-08-30 10:30:00,0.024
2012-08-30 11:00:00,0.023
2012-08-30 11:30:00,0.016
2012-08-30 12:00:00,0.022
2012-08-30 12:30:00,0.023
2012-08-30 13:00:00,0.024
2012-08-30 13:30:00,0.022
2012-08-30 14:00:00,0.018
2012-08-30 14:30:00,0.026
2012-08-30 15:00:00,0.024
2012-08-30 15:30:00,0.023
2012-08-30 16:00:00,0.02
2012-08-30 16:30:00,0.017
2012-08-30 17:00:00,0.024
2012-08-30 17:30:00,0.045
2012-08-30 18:00:00,0.054
2012-08-30 18:30:00,0.056
2012-08-30 19:00:00,0.069
2012-08-30 19:30:00,0.075
2012-08-30 20:00:00,0.073
2012-08-30 20:30:00,0.074
2012-08-30 21:00:00,0.063
2012-08-30 21:30:00,0.043
2012-08-30 22:00:00,0.024
2012-08-30 22:30:00,0.023
2012-08-30 23:00:00,0.024
2012-08-30 23:30:00,0.016
2012-08-31 00:00:00,0.022
2012-08-31 00:30:00,0.024
2012-08-31 01:00:00,0.023
2012-08-31 01:30:00,0.023
2012-08-31 02:00:00,0.018
2012-08-31 02:30:00,0.026
2012-08-31 03:00:00,0.023
2012-08-31 03:30:00,0.024
2012-08-31 04:00:00,0.02
2012-08-31 04:30:00,0.018
2012-08-31 05:00:00,0.023
2012-08-31 05:30:00,0.024
2012-08-31 06:00:00,0.023
2012-08-31 06:30:00,0.016
2012-08-31 07:00:00,0.021
2012-08-31 07:30:00,0.023
2012-08-31 08:00:00,0.026
2012-08-31 08:30:00,0.023
2012-08-31 09:00:00,0.017
2012-08-31 09:30:00,0.023
2012-08-31 10:00:00,0.023
2012-08-31 10:30:00,0.022
2012-08-31 11:00:00,0.015
2012-08-31 11:30:00,0.023
2012-08-31 12:00:00,0.023
2012-08-31 12:30:00,0.023
2012-08-31 13:00:00,0.019
2012-08-31 13:30:00,0.018
2012-08-31 14:00:00,0.026
2012-08-31 14:30:00,0.026
2012-08-31 15:00:00,0.023
2012-08-31 15:30:00,0.017
2012-08-31 16:00:00,0.021
2012-08-31 16:30:00,0.023
2012-08-31 17:00:00,0.023
2012-08-31 17:30:00,0.044
2012-08-31 18:00:00,0.047
2012-08-31 18:30:00,0.058
2012-08-31 19:00:00,0.074
2012-08-31 19:30:00,0.074
2012-08-31 20:00:00,0.072
2012-08-31 20:30:00,0.067
2012-08-31 21:00:00,0.068
2012-08-31 21:30:00,0.047
2012-08-31 22:00:00,0.023
2012-08-31 22:30:00,0.021
2012-08-31 23:00:00,0.017
2012-08-31 23:30:00,0.023
2012-09-01 00:00:00,0.024
2012-09-01 00:30:00,0.023
2012-09-01 01:00:00,0.02
2012-09-01 01:30:00,0.018
2012-09-01 02:00:00,0.026
2012-09-01 02:30:00,0.027
2012-09-01 03:00:00,0.024
2012-09-01 03:30:00,0.017
2012-09-01 04:00:00,0.021
2012-09-01 04:30:00,0.023
2012-09-01 05:00:00,0.024
2012-09-01 05:30:00,0.022
2012-09-01 06:00:00,0.016
2012-09-01 06:30:00,0.023
2012-09-01 07:00:00,0.023
2012-09-01 07:30:00,0.024
2012-09-01 08:00:00,0.021
2012-09-01 08:30:00,0.022
2012-09-01 09:00:00,0.023
2012-09-01 09:30:00,0.023
2012-09-01 10:00:00,0.023
2012-09-01 10:30:00,0.017
2012-09-01 11:00:00,0.02
2012-09-01 11:30:00,0.023
2012-09-01 12:00:00,0.024
2012-09-01 12:30:00,0.022
2012-09-01 13:00:00,0.016
2012-09-01 13:30:00,0.022
2012-09-01 14:00:00,0.025
2012-09-01 14:30:00,0.027
2012-09-01 15:00:00,0.022
2012-09-01 15:30:00,0.016
2012-09-01 16:00:00,0.023
2012-09-01 16:30:00,0.023
2012-09-01 17:00:00,0.023
2012-09-01 17:30:00,0.043
2012-09-01 18:00:00,0.046
2012-09-01 18:30:00,0.06
2012-09-01 19:00:00,0.074
2012-09-01 19:30:00,0.074
2012-09-01 20:00:00,0.072
2012-09-01 20:30:00,0.068
2012-09-01 21:00:00,0.068
2012-09-01 21:30:00,0.047
2012-09-01 22:00:00,0.023
2012-09-01 22:30:00,0.02
2012-09-01 23:00:00,0.018
2012-09-01 23:30:00,0.024
2012-09-02 00:00:00,0.024
2012-09-02 00:30:00,0.023
2012-09-02 01:00:00,0.018
2012-09-02 01:30:00,0.021
2012-09-02 02:00:00,0.026
2012-09-02 02:30:00,0.027
2012-09-02 03:00:00,0.023
2012-09-02 03:30:00,0.017
2012-09-02 04:00:00,0.022
2012-09-02 04:30:00,0.023
2012-09-02 05:00:00,0.024
2012-09-02 05:30:00,0.021
2012-09-02 06:00:00,0.017
2012-09-02 06:30:00,0.023
2012-09-02 07:00:00,0.024
2012-09-02 07:30:00,0.023
2012-09-02 08:00:00,0.021
2012-09-02 08:30:00,0.023
2012-09-02 09:00:00,0.023
2012-09-02 09:30:00,0.023
2012-09-02 10:00:00,0.032
2012-09-02 10:30:00,0.02
2012-09-02 11:00:00,0.036
2012-09-02 11:30:00,0.041
2012-09-02 12:00:00,0.033
2012-09-02 12:30:00,0.024
2012-09-02 13:00:00,0.027
2012-09-02 13:30:00,0.034
2012-09-02 14:00:00,0.021
2012-09-02 14:30:00,0.027
2012-09-02 15:00:00,0.024
2012-09-02 15:30:00,0.024
2012-09-02 16:00:00,0.079
2012-09-02 16:30:00,0.062
2012-09-02 17:00:00,0.023
2012-09-02 17:30:00,0.045
2012-09-02 18:00:00,0.054
2012-09-02 18:30:00,0.06
2012-09-02 19:00:00,0.077
2012-09-02 19:30:00,0.131
2012-09-02 20:00:00,0.091
2012-09-02 20:30:00,0.098
2012-09-02 21:00:00,0.054
2012-09-02 21:30:00,0.047
2012-09-02 22:00:00,0.025
2012-09-02 22:30:00,0.024
2012-09-02 23:00:00,0.024
2012-09-02 23:30:00,0.017
2012-09-03 00:00:00,0.025
2012-09-03 00:30:00,2.0409999
2012-09-03 01:00:00,2.7869999
2012-09-03 01:30:00,3.52
2012-09-03 02:00:00,3.454
2012-09-03 02:30:00,2.5929999
2012-09-03 03:00:00,2.197
2012-09-03 03:30:00,2.0209999
2012-09-03 04:00:00,2.0120001
2012-09-03 04:30:00,2.0320001
2012-09-03 05:00:00,2.02
2012-09-03 05:30:00,1.35
2012-09-03 06:00:00,0.831
2012-09-03 06:30:00,1.737
2012-09-03 07:00:00,1.969
2012-09-03 07:30:00,0.031
2012-09-03 08:00:00,0.026
2012-09-03 08:30:00,0.029
2012-09-03 09:00:00,0.021
2012-09-03 09:30:00,0.017
2012-09-03 10:00:00,0.023
2012-09-03 10:30:00,0.024
2012-09-03 11:00:00,0.032
2012-09-03 11:30:00,0.046
2012-09-03 12:00:00,0.042
2012-09-03 12:30:00,0.022
2012-09-03 13:00:00,0.025
2012-09-03 13:30:00,0.034
2012-09-03 14:00:00,0.049
2012-09-03 14:30:00,0.026
2012-09-03 15:00:00,0.019
2012-09-03 15:30:00,0.024
2012-09-03 16:00:00,0.025
2012-09-03 16:30:00,0.025
2012-09-03 17:00:00,0.041
2012-09-03 17:30:00,0.044
2012-09-03 18:00:00,0.086
2012-09-03 18:30:00,0.127
2012-09-03 19:00:00,0.135
2012-09-03 19:30:00,0.076
2012-09-03 20:00:00,0.084
2012-09-03 20:30:00,0.101
2012-09-03 21:00:00,0.078
2012-09-03 21:30:00,0.046
2012-09-03 22:00:00,0.025
2012-09-03 22:30:00,0.024
2012-09-03 23:00:00,0.024
2012-09-03 23:30:00,0.02
2012-09-04 00:00:00,0.019
2012-09-04 00:30:00,1.24
2012-09-04 01:00:00,2.0350001
2012-09-04 01:30:00,2.688
2012-09-04 02:00:00,2.717
2012-09-04 02:30:00,1.289
2012-09-04 03:00:00,1.4299999
2012-09-04 03:30:00,1.23
2012-09-04 04:00:00,1.306
2012-09-04 04:30:00,0.024
2012-09-04 05:00:00,0.02
2012-09-04 05:30:00,0.058
2012-09-04 06:00:00,1.202
2012-09-04 06:30:00,0.651
2012-09-04 07:00:00,0.027
2012-09-04 07:30:00,0.025
2012-09-04 08:00:00,0.021
2012-09-04 08:30:00,0.033
2012-09-04 09:00:00,0.027
2012-09-04 09:30:00,0.047
2012-09-04 10:00:00,0.025
2012-09-04 10:30:00,0.02
2012-09-04 11:00:00,0.02
2012-09-04 11:30:00,0.051
2012-09-04 12:00:00,0.081
2012-09-04 12:30:00,0.026
2012-09-04 13:00:00,0.028
2012-09-04 13:30:00,0.041
2012-09-04 14:00:00,0.025
2012-09-04 14:30:00,0.029
2012-09-04 15:00:00,0.026
2012-09-04 15:30:00,0.027
2012-09-04 16:00:00,0.025
2012-09-04 16:30:00,0.034
2012-09-04 17:00:00,0.051
2012-09-04 17:30:00,0.087
2012-09-04 18:00:00,0.084
2012-09-04 18:30:00,0.112
2012-09-04 19:00:00,0.133
2012-09-04 19:30:00,0.13
2012-09-04 20:00:00,0.135
2012-09-04 20:30:00,0.095
2012-09-04 21:00:00,0.072
2012-09-04 21:30:00,0.049
2012-09-04 22:00:00,0.021
2012-09-04 22:30:00,0.02
2012-09-04 23:00:00,0.026
2012-09-04 23:30:00,0.026
2012-09-05 00:00:00,0.026
2012-09-05 00:30:00,1.219
2012-09-05 01:00:00,1.918
2012-09-05 01:30:00,2.6989999
2012-09-05 02:00:00,2.546
2012-09-05 02:30:00,1.226
2012-09-05 03:00:00,1.425
2012-09-05 03:30:00,1.26
2012-09-05 04:00:00,1.286
2012-09-05 04:30:00,0.023
2012-09-05 05:00:00,0.026
2012-09-05 05:30:00,0.473
2012-09-05 06:00:00,1.212
2012-09-05 06:30:00,0.268
2012-09-05 07:00:00,0.021
2012-09-05 07:30:00,0.031
2012-09-05 08:00:00,0.049
2012-09-05 08:30:00,0.031
2012-09-05 09:00:00,0.025
2012-09-05 09:30:00,0.02
2012-09-05 10:00:00,0.022
2012-09-05 10:30:00,0.026
2012-09-05 11:00:00,0.026
2012-09-05 11:30:00,0.025
2012-09-05 12:00:00,0.023
2012-09-05 12:30:00,0.02
2012-09-05 13:00:00,0.038
2012-09-05 13:30:00,0.028
2012-09-05 14:00:00,0.029
2012-09-05 14:30:00,0.029
2012-09-05 15:00:00,0.023
2012-09-05 15:30:00,0.024
2012-09-05 16:00:00,0.034
2012-09-05 16:30:00,0.032
2012-09-05 17:00:00,0.038
2012-09-05 17:30:00,0.048
2012-09-05 18:00:00,0.054
2012-09-05 18:30:00,0.124
2012-09-05 19:00:00,0.134
2012-09-05 19:30:00,0.133
2012-09-05 20:00:00,0.134
2012-09-05 20:30:00,0.101
2012-09-05 21:00:00,0.063
2012-09-05 21:30:00,0.047
2012-09-05 22:00:00,0.026
2012-09-05 22:30:00,0.026
2012-09-05 23:00:00,0.026
2012-09-05 23:30:00,0.026
2012-09-06 00:00:00,0.02
2012-09-06 00:30:00,1.221
2012-09-06 01:00:00,2.03
2012-09-06 01:30:00,2.71
2012-09-06 02:00:00,2.6259999
2012-09-06 02:30:00,1.248
2012-09-06 03:00:00,1.437
2012-09-06 03:30:00,1.3049999
2012-09-06 04:00:00,1.2920001
2012-09-06 04:30:00,0.231
2012-09-06 05:00:00,0.027
2012-09-06 05:30:00,0.521
2012-09-06 06:00:00,1.135
2012-09-06 06:30:00,0.026
2012-09-06 07:00:00,0.043
2012-09-06 07:30:00,0.028
2012-09-06 08:00:00,0.044
2012-09-06 08:30:00,0.023
2012-09-06 09:00:00,0.025
2012-09-06 09:30:00,0.026
2012-09-06 10:00:00,0.026
2012-09-06 10:30:00,0.026
2012-09-06 11:00:00,0.02
2012-09-06 11:30:00,0.022
2012-09-06 12:00:00,0.026
2012-09-06 12:30:00,0.027
2012-09-06 13:00:00,0.026
2012-09-06 13:30:00,0.024
2012-09-06 14:00:00,0.023
2012-09-06 14:30:00,0.027
2012-09-06 15:00:00,0.026
2012-09-06 15:30:00,0.026
2012-09-06 16:00:00,0.026
2012-09-06 16:30:00,0.024
2012-09-06 17:00:00,0.02
2012-09-06 17:30:00,0.047
2012-09-06 18:00:00,0.056
2012-09-06 18:30:00,0.104
2012-09-06 19:00:00,0.137
2012-09-06 19:30:00,0.135
2012-09-06 20:00:00,0.13
2012-09-06 20:30:00,0.112
2012-09-06 21:00:00,0.077
2012-09-06 21:30:00,0.05
2012-09-06 22:00:00,0.026
2012-09-06 22:30:00,0.025
2012-09-06 23:00:00,0.02
2012-09-06 23:30:00,0.025
2012-09-07 00:00:00,0.026
2012-09-07 00:30:00,1.23
2012-09-07 01:00:00,1.9859999
2012-09-07 01:30:00,2.2149999
2012-09-07 02:00:00,1.388
2012-09-07 02:30:00,1.226
2012-09-07 03:00:00,1.381
2012-09-07 03:30:00,1.222
2012-09-07 04:00:00,1.35
2012-09-07 04:30:00,0.296
2012-09-07 05:00:00,0.022
2012-09-07 05:30:00,0.667
2012-09-07 06:00:00,0.92
2012-09-07 06:30:00,0.026
2012-09-07 07:00:00,0.035
2012-09-07 07:30:00,0.021
2012-09-07 08:00:00,0.03
2012-09-07 08:30:00,0.03
2012-09-07 09:00:00,0.026
2012-09-07 09:30:00,0.029
2012-09-07 10:00:00,0.032
2012-09-07 10:30:00,0.033
2012-09-07 11:00:00,0.025
2012-09-07 11:30:00,0.025
2012-09-07 12:00:00,0.05
2012-09-07 12:30:00,0.026
2012-09-07 13:00:00,0.032
2012-09-07 13:30:00,0.027
2012-09-07 14:00:00,0.029
2012-09-07 14:30:00,0.029
2012-09-07 15:00:00,0.029
2012-09-07 15:30:00,0.027
2012-09-07 16:00:00,0.023
2012-09-07 16:30:00,0.021
2012-09-07 17:00:00,0.211
2012-09-07 17:30:00,1.1109999
2012-09-07 18:00:00,0.057
2012-09-07 18:30:00,0.07
2012-09-07 19:00:00,0.114
2012-09-07 19:30:00,0.122
2012-09-07 20:00:00,0.127
2012-09-07 20:30:00,0.11
2012-09-07 21:00:00,0.08
2012-09-07 21:30:00,0.05
2012-09-07 22:00:00,0.027
2012-09-07 22:30:00,0.023
2012-09-07 23:00:00,0.021
2012-09-07 23:30:00,0.026
2012-09-08 00:00:00,0.027
2012-09-08 00:30:00,1.217
2012-09-08 01:00:00,1.925
2012-09-08 01:30:00,2.704
2012-09-08 02:00:00,2.6830001
2012-09-08 02:30:00,1.3710001
2012-09-08 03:00:00,1.248
2012-09-08 03:30:00,1.375
2012-09-08 04:00:00,1.0420001
2012-09-08 04:30:00,0.165
2012-09-08 05:00:00,0.603
2012-09-08 05:30:00,1.043
2012-09-08 06:00:00,0.044
2012-09-08 06:30:00,0.179
2012-09-08 07:00:00,0.591
2012-09-08 07:30:00,0.026
2012-09-08 08:00:00,0.033
2012-09-08 08:30:00,0.027
2012-09-08 09:00:00,0.026
2012-09-08 09:30:00,0.026
2012-09-08 10:00:00,0.027
2012-09-08 10:30:00,0.025
2012-09-08 11:00:00,0.021
2012-09-08 11:30:00,0.023
2012-09-08 12:00:00,0.026
2012-09-08 12:30:00,0.027
2012-09-08 13:00:00,0.03
2012-09-08 13:30:00,0.027
2012-09-08 14:00:00,0.024
2012-09-08 14:30:00,0.025
2012-09-08 15:00:00,0.029
2012-09-08 15:30:00,0.027
2012-09-08 16:00:00,0.027
2012-09-08 16:30:00,0.027
2012-09-08 17:00:00,0.037
2012-09-08 17:30:00,0.103
2012-09-08 18:00:00,0.104
2012-09-08 18:30:00,0.071
2012-09-08 19:00:00,0.088
2012-09-08 19:30:00,0.129
2012-09-08 20:00:00,0.274
2012-09-08 20:30:00,0.11
2012-09-08 21:00:00,0.06
2012-09-08 21:30:00,0.048
2012-09-08 22:00:00,0.027
2012-09-08 22:30:00,0.027
2012-09-08 23:00:00,0.027
2012-09-08 23:30:00,0.027
2012-09-09 00:00:00,0.022
2012-09-09 00:30:00,0.022
2012-09-09 01:00:00,0.757
2012-09-09 01:30:00,0.971
2012-09-09 02:00:00,0.19
2012-09-09 02:30:00,0.03
2012-09-09 03:00:00,0.281
2012-09-09 03:30:00,0.022
2012-09-09 04:00:00,0.027
2012-09-09 04:30:00,0.027
2012-09-09 05:00:00,0.027
2012-09-09 05:30:00,0.026
2012-09-09 06:00:00,0.025
2012-09-09 06:30:00,0.022
2012-09-09 07:00:00,0.028
2012-09-09 07:30:00,0.03
2012-09-09 08:00:00,0.031
2012-09-09 08:30:00,0.038
2012-09-09 09:00:00,0.024
2012-09-09 09:30:00,0.02
2012-09-09 10:00:00,0.04
2012-09-09 10:30:00,0.055
2012-09-09 11:00:00,0.055
2012-09-09 11:30:00,0.055
2012-09-09 12:00:00,0.068
2012-09-09 12:30:00,0.021
2012-09-09 13:00:00,0.035
2012-09-09 13:30:00,0.035
2012-09-09 14:00:00,0.028
2012-09-09 14:30:00,0.029
2012-09-09 15:00:00,0.027
2012-09-09 15:30:00,0.029
2012-09-09 16:00:00,0.057
2012-09-09 16:30:00,0.036
2012-09-09 17:00:00,0.026
2012-09-09 17:30:00,0.047
2012-09-09 18:00:00,0.055
2012-09-09 18:30:00,0.068
2012-09-09 19:00:00,0.118
2012-09-09 19:30:00,0.129
2012-09-09 20:00:00,0.082
2012-09-09 20:30:00,0.114
2012-09-09 21:00:00,0.064
2012-09-09 21:30:00,0.05
2012-09-09 22:00:00,0.024
2012-09-09 22:30:00,0.02
2012-09-09 23:00:00,0.024
2012-09-09 23:30:00,0.026
2012-09-10 00:00:00,0.025
2012-09-10 00:30:00,0.026
2012-09-10 01:00:00,0.861
2012-09-10 01:30:00,1.535
2012-09-10 02:00:00,1.178
2012-09-10 02:30:00,0.196
2012-09-10 03:00:00,0.059
2012-09-10 03:30:00,0.146
2012-09-10 04:00:00,0.215
2012-09-10 04:30:00,0.021
2012-09-10 05:00:00,0.022
2012-09-10 05:30:00,0.026
2012-09-10 06:00:00,0.026
2012-09-10 06:30:00,0.036
2012-09-10 07:00:00,0.03
2012-09-10 07:30:00,0.023
2012-09-10 08:00:00,0.044
2012-09-10 08:30:00,0.03
2012-09-10 09:00:00,0.025
2012-09-10 09:30:00,0.026
2012-09-10 10:00:00,0.03
2012-09-10 10:30:00,0.077
2012-09-10 11:00:00,0.02
2012-09-10 11:30:00,0.034
2012-09-10 12:00:00,0.034
2012-09-10 12:30:00,0.038
2012-09-10 13:00:00,0.046
2012-09-10 13:30:00,0.046
2012-09-10 14:00:00,0.047
2012-09-10 14:30:00,0.044
2012-09-10 15:00:00,0.025
2012-09-10 15:30:00,0.025
2012-09-10 16:00:00,0.026
2012-09-10 16:30:00,0.026
2012-09-10 17:00:00,0.026
2012-09-10 17:30:00,0.096
2012-09-10 18:00:00,0.119
2012-09-10 18:30:00,0.078
2012-09-10 19:00:00,0.088
2012-09-10 19:30:00,0.092
2012-09-10 20:00:00,0.122
2012-09-10 20:30:00,0.108
2012-09-10 21:00:00,0.073
2012-09-10 21:30:00,0.046
2012-09-10 22:00:00,0.027
2012-09-10 22:30:00,0.028
2012-09-10 23:00:00,0.027
2012-09-10 23:30:00,0.027
2012-09-11 00:00:00,0.024
2012-09-11 00:30:00,0.022
2012-09-11 01:00:00,0.853
2012-09-11 01:30:00,1.04
2012-09-11 02:00:00,0.2
2012-09-11 02:30:00,0.031
2012-09-11 03:00:00,0.203
2012-09-11 03:30:00,0.023
2012-09-11 04:00:00,0.214
2012-09-11 04:30:00,0.028
2012-09-11 05:00:00,0.027
2012-09-11 05:30:00,0.027
2012-09-11 06:00:00,0.024
2012-09-11 06:30:00,0.022
2012-09-11 07:00:00,0.026
2012-09-11 07:30:00,0.027
2012-09-11 08:00:00,0.04
2012-09-11 08:30:00,0.049
2012-09-11 09:00:00,0.072
2012-09-11 09:30:00,0.023
2012-09-11 10:00:00,0.026
2012-09-11 10:30:00,0.03
2012-09-11 11:00:00,0.052
2012-09-11 11:30:00,0.049
2012-09-11 12:00:00,0.022
2012-09-11 12:30:00,0.022
2012-09-11 13:00:00,0.027
2012-09-11 13:30:00,0.033
2012-09-11 14:00:00,0.033
2012-09-11 14:30:00,0.03
2012-09-11 15:00:00,0.023
2012-09-11 15:30:00,0.021
2012-09-11 16:00:00,0.027
2012-09-11 16:30:00,0.027
2012-09-11 17:00:00,0.04
2012-09-11 17:30:00,0.049
2012-09-11 18:00:00,0.061
2012-09-11 18:30:00,0.09
2012-09-11 19:00:00,0.089
2012-09-11 19:30:00,0.131
2012-09-11 20:00:00,0.155
2012-09-11 20:30:00,0.115
2012-09-11 21:00:00,0.085
2012-09-11 21:30:00,0.021
2012-09-11 22:00:00,0.024
2012-09-11 22:30:00,0.026
2012-09-11 23:00:00,0.026
2012-09-11 23:30:00,0.026
2012-09-12 00:00:00,0.024
2012-09-12 00:30:00,0.019
2012-09-12 01:00:00,0.773
2012-09-12 01:30:00,0.863
2012-09-12 02:00:00,0.188
2012-09-12 02:30:00,0.029
2012-09-12 03:00:00,0.183
2012-09-12 03:30:00,0.02
2012-09-12 04:00:00,0.157
2012-09-12 04:30:00,0.026
2012-09-12 05:00:00,0.026
2012-09-12 05:30:00,0.025
2012-09-12 06:00:00,0.021
2012-09-12 06:30:00,0.023
2012-09-12 07:00:00,0.034
2012-09-12 07:30:00,0.028
2012-09-12 08:00:00,0.033
2012-09-12 08:30:00,0.04
2012-09-12 09:00:00,0.019
2012-09-12 09:30:00,0.026
2012-09-12 10:00:00,0.039
2012-09-12 10:30:00,0.046
2012-09-12 11:00:00,0.041
2012-09-12 11:30:00,0.021
2012-09-12 12:00:00,0.022
2012-09-12 12:30:00,0.025
2012-09-12 13:00:00,0.036
2012-09-12 13:30:00,0.03
2012-09-12 14:00:00,0.027
2012-09-12 14:30:00,0.022
2012-09-12 15:00:00,0.024
2012-09-12 15:30:00,0.028
2012-09-12 16:00:00,0.054
2012-09-12 16:30:00,0.056
2012-09-12 17:00:00,0.043
2012-09-12 17:30:00,0.027
2012-09-12 18:00:00,0.032
2012-09-12 18:30:00,0.105
2012-09-12 19:00:00,0.105
2012-09-12 19:30:00,0.104
2012-09-12 20:00:00,0.101
2012-09-12 20:30:00,0.083
2012-09-12 21:00:00,0.034
2012-09-12 21:30:00,0.024
2012-09-12 22:00:00,0.025
2012-09-12 22:30:00,0.025
2012-09-12 23:00:00,0.021
2012-09-12 23:30:00,0.019
2012-09-13 00:00:00,0.025
2012-09-13 00:30:00,2.0550001
2012-09-13 01:00:00,2.753
2012-09-13 01:30:00,3.4749999
2012-09-13 02:00:00,3.487
2012-09-13 02:30:00,2.0369999
2012-09-13 03:00:00,2.2539999
2012-09-13 03:30:00,2.0120001
2012-09-13 04:00:00,2.2149999
2012-09-13 04:30:00,2.0309999
2012-09-13 05:00:00,2.023
2012-09-13 05:30:00,1.888
2012-09-13 06:00:00,1.557
2012-09-13 06:30:00,1.002
2012-09-13 07:00:00,0.851
2012-09-13 07:30:00,0.024
2012-09-13 08:00:00,0.027
2012-09-13 08:30:00,0.043
2012-09-13 09:00:00,0.03
2012-09-13 09:30:00,0.025
2012-09-13 10:00:00,0.024
2012-09-13 10:30:00,0.02
2012-09-13 11:00:00,0.023
2012-09-13 11:30:00,0.038
2012-09-13 12:00:00,0.081
2012-09-13 12:30:00,0.028
2012-09-13 13:00:00,0.037
2012-09-13 13:30:00,0.036
2012-09-13 14:00:00,0.03
2012-09-13 14:30:00,0.031
2012-09-13 15:00:00,0.03
2012-09-13 15:30:00,0.027
2012-09-13 16:00:00,0.054
2012-09-13 16:30:00,0.063
2012-09-13 17:00:00,0.028
2012-09-13 17:30:00,0.027
2012-09-13 18:00:00,0.032
2012-09-13 18:30:00,0.079
2012-09-13 19:00:00,0.108
2012-09-13 19:30:00,0.133
2012-09-13 20:00:00,0.136
2012-09-13 20:30:00,0.093
2012-09-13 21:00:00,0.064
2012-09-13 21:30:00,0.056
2012-09-13 22:00:00,0.056
2012-09-13 22:30:00,0.052
2012-09-13 23:00:00,0.023
2012-09-13 23:30:00,0.022
2012-09-14 00:00:00,0.021
2012-09-14 00:30:00,2.0420001
2012-09-14 01:00:00,2.918
2012-09-14 01:30:00,2.9200001
2012-09-14 02:00:00,2.2019999
2012-09-14 02:30:00,2.033
2012-09-14 03:00:00,2.1589999
2012-09-14 03:30:00,2.013
2012-09-14 04:00:00,2.161
2012-09-14 04:30:00,0.905
2012-09-14 05:00:00,0.833
2012-09-14 05:30:00,1.699
2012-09-14 06:00:00,1.8150001
2012-09-14 06:30:00,0.338
2012-09-14 07:00:00,0.595
2012-09-14 07:30:00,0.034
2012-09-14 08:00:00,0.05
2012-09-14 08:30:00,0.037
2012-09-14 09:00:00,0.022
2012-09-14 09:30:00,0.02
2012-09-14 10:00:00,0.031
2012-09-14 10:30:00,0.027
2012-09-14 11:00:00,0.026
2012-09-14 11:30:00,0.026
2012-09-14 12:00:00,0.026
2012-09-14 12:30:00,0.026
2012-09-14 13:00:00,0.022
2012-09-14 13:30:00,0.023
2012-09-14 14:00:00,0.031
2012-09-14 14:30:00,0.03
2012-09-14 15:00:00,0.026
2012-09-14 15:30:00,0.062
2012-09-14 16:00:00,0.064
2012-09-14 16:30:00,0.065
2012-09-14 17:00:00,0.051
2012-09-14 17:30:00,0.049
2012-09-14 18:00:00,0.093
2012-09-14 18:30:00,0.067
2012-09-14 19:00:00,0.077
2012-09-14 19:30:00,0.09
2012-09-14 20:00:00,0.114
2012-09-14 20:30:00,0.113
2012-09-14 21:00:00,0.127
2012-09-14 21:30:00,0.059
2012-09-14 22:00:00,0.059
2012-09-14 22:30:00,0.054
2012-09-14 23:00:00,0.026
2012-09-14 23:30:00,0.024
2012-09-15 00:00:00,0.02
2012-09-15 00:30:00,1.234
2012-09-15 01:00:00,1.9349999
2012-09-15 01:30:00,2.0780001
2012-09-15 02:00:00,1.3710001
2012-09-15 02:30:00,1.22
2012-09-15 03:00:00,1.3839999
2012-09-15 03:30:00,1.22
2012-09-15 04:00:00,1.349
2012-09-15 04:30:00,0.635
2012-09-15 05:00:00,0.025
2012-09-15 05:30:00,0.025
2012-09-15 06:00:00,0.779
2012-09-15 06:30:00,1.234
2012-09-15 07:00:00,0.171
2012-09-15 07:30:00,0.033
2012-09-15 08:00:00,0.045
2012-09-15 08:30:00,0.028
2012-09-15 09:00:00,0.02
2012-09-15 09:30:00,0.027
2012-09-15 10:00:00,0.048
2012-09-15 10:30:00,0.029
2012-09-15 11:00:00,0.025
2012-09-15 11:30:00,0.025
2012-09-15 12:00:00,0.019
2012-09-15 12:30:00,0.023
2012-09-15 13:00:00,0.037
2012-09-15 13:30:00,0.026
2012-09-15 14:00:00,0.045
2012-09-15 14:30:00,0.028
2012-09-15 15:00:00,0.02
2012-09-15 15:30:00,0.174
2012-09-15 16:00:00,0.209
2012-09-15 16:30:00,0.033
2012-09-15 17:00:00,0.398
2012-09-15 17:30:00,0.09
2012-09-15 18:00:00,0.034
2012-09-15 18:30:00,0.126
2012-09-15 19:00:00,0.122
2012-09-15 19:30:00,0.125
2012-09-15 20:00:00,0.11
2012-09-15 20:30:00,0.085
2012-09-15 21:00:00,0.056
2012-09-15 21:30:00,0.068
2012-09-15 22:00:00,0.025
2012-09-15 22:30:00,0.026
2012-09-15 23:00:00,0.025
2012-09-15 23:30:00,0.026
2012-09-16 00:00:00,0.023
2012-09-16 00:30:00,1.2359999
2012-09-16 01:00:00,2.2750001
2012-09-16 01:30:00,2.7130001
2012-09-16 02:00:00,2.359
2012-09-16 02:30:00,1.479
2012-09-16 03:00:00,1.211
2012-09-16 03:30:00,1.275
2012-09-16 04:00:00,0.855
2012-09-16 04:30:00,0.026
2012-09-16 05:00:00,0.889
2012-09-16 05:30:00,0.812
2012-09-16 06:00:00,0.047
2012-09-16 06:30:00,0.064
2012-09-16 07:00:00,0.469
2012-09-16 07:30:00,0.027
2012-09-16 08:00:00,0.028
2012-09-16 08:30:00,0.048
2012-09-16 09:00:00,0.045
2012-09-16 09:30:00,0.021
2012-09-16 10:00:00,0.03
2012-09-16 10:30:00,0.025
2012-09-16 11:00:00,0.025
2012-09-16 11:30:00,0.025
2012-09-16 12:00:00,0.019
2012-09-16 12:30:00,0.03
2012-09-16 13:00:00,0.032
2012-09-16 13:30:00,0.03
2012-09-16 14:00:00,0.046
2012-09-16 14:30:00,0.027
2012-09-16 15:00:00,0.035
2012-09-16 15:30:00,0.034
2012-09-16 16:00:00,0.055
2012-09-16 16:30:00,0.039
2012-09-16 17:00:00,0.035
2012-09-16 17:30:00,0.024
2012-09-16 18:00:00,0.026
2012-09-16 18:30:00,0.071
2012-09-16 19:00:00,0.075
2012-09-16 19:30:00,0.075
2012-09-16 20:00:00,0.083
2012-09-16 20:30:00,0.087
2012-09-16 21:00:00,0.048
2012-09-16 21:30:00,0.054
2012-09-16 22:00:00,0.055
2012-09-16 22:30:00,0.043
2012-09-16 23:00:00,0.024
2012-09-16 23:30:00,0.022
2012-09-17 00:00:00,0.019
2012-09-17 00:30:00,1.221
2012-09-17 01:00:00,2.247
2012-09-17 01:30:00,1.965
2012-09-17 02:00:00,1.397
2012-09-17 02:30:00,1.215
2012-09-17 03:00:00,1.372
2012-09-17 03:30:00,1.242
2012-09-17 04:00:00,1.364
2012-09-17 04:30:00,0.741
2012-09-17 05:00:00,0.024
2012-09-17 05:30:00,0.029
2012-09-17 06:00:00,0.023
2012-09-17 06:30:00,0.988
2012-09-17 07:00:00,1.187
2012-09-17 07:30:00,0.025
2012-09-17 08:00:00,0.028
2012-09-17 08:30:00,0.023
2012-09-17 09:00:00,0.031
2012-09-17 09:30:00,0.049
2012-09-17 10:00:00,0.043
2012-09-17 10:30:00,0.031
2012-09-17 11:00:00,0.025
2012-09-17 11:30:00,0.022
2012-09-17 12:00:00,0.019
2012-09-17 12:30:00,0.023
2012-09-17 13:00:00,0.044
2012-09-17 13:30:00,0.025
2012-09-17 14:00:00,0.027
2012-09-17 14:30:00,0.026
2012-09-17 15:00:00,0.023
2012-09-17 15:30:00,0.023
2012-09-17 16:00:00,0.026
2012-09-17 16:30:00,0.025
2012-09-17 17:00:00,0.025
2012-09-17 17:30:00,0.174
2012-09-17 18:00:00,0.064
2012-09-17 18:30:00,0.115
2012-09-17 19:00:00,0.1
2012-09-17 19:30:00,0.155
2012-09-17 20:00:00,0.153
2012-09-17 20:30:00,0.103
2012-09-17 21:00:00,0.114
2012-09-17 21:30:00,0.092
2012-09-17 22:00:00,0.058
2012-09-17 22:30:00,0.025
2012-09-17 23:00:00,0.025
2012-09-17 23:30:00,0.023
2012-09-18 00:00:00,0.018
2012-09-18 00:30:00,1.2359999
2012-09-18 01:00:00,2.1500001
2012-09-18 01:30:00,2.714
2012-09-18 02:00:00,2.457
2012-09-18 02:30:00,1.415
2012-09-18 03:00:00,1.215
2012-09-18 03:30:00,1.374
2012-09-18 04:00:00,1.22
2012-09-18 04:30:00,0.557
2012-09-18 05:00:00,0.021
2012-09-18 05:30:00,0.019
2012-09-18 06:00:00,0.448
2012-09-18 06:30:00,0.858
2012-09-18 07:00:00,0.034
2012-09-18 07:30:00,0.023
2012-09-18 08:00:00,0.021
2012-09-18 08:30:00,0.032
2012-09-18 09:00:00,0.054
2012-09-18 09:30:00,0.041
2012-09-18 10:00:00,0.04
2012-09-18 10:30:00,0.031
2012-09-18 11:00:00,0.021
2012-09-18 11:30:00,0.024
2012-09-18 12:00:00,0.025
2012-09-18 12:30:00,0.024
2012-09-18 13:00:00,0.02
2012-09-18 13:30:00,0.02
2012-09-18 14:00:00,0.026
2012-09-18 14:30:00,0.028
2012-09-18 15:00:00,0.024
2012-09-18 15:30:00,0.023
2012-09-18 16:00:00,0.018
2012-09-18 16:30:00,0.023
2012-09-18 17:00:00,0.024
2012-09-18 17:30:00,0.03
2012-09-18 18:00:00,0.061
2012-09-18 18:30:00,0.072
2012-09-18 19:00:00,0.069
2012-09-18 19:30:00,0.074
2012-09-18 20:00:00,0.075
2012-09-18 20:30:00,0.069
2012-09-18 21:00:00,0.054
2012-09-18 21:30:00,0.049
2012-09-18 22:00:00,0.032
2012-09-18 22:30:00,0.025
2012-09-18 23:00:00,0.024
2012-09-18 23:30:00,0.025
2012-09-19 00:00:00,0.02
2012-09-19 00:30:00,1.24
2012-09-19 01:00:00,2.296
2012-09-19 01:30:00,1.924
2012-09-19 02:00:00,1.3940001
2012-09-19 02:30:00,1.2180001
2012-09-19 03:00:00,1.352
2012-09-19 03:30:00,1.217
2012-09-19 04:00:00,1.382
2012-09-19 04:30:00,1.225
2012-09-19 05:00:00,0.154
2012-09-19 05:30:00,0.018
2012-09-19 06:00:00,0.024
2012-09-19 06:30:00,0.907
2012-09-19 07:00:00,0.903
2012-09-19 07:30:00,0.022
2012-09-19 08:00:00,0.019
2012-09-19 08:30:00,0.027
2012-09-19 09:00:00,0.024
2012-09-19 09:30:00,0.024
2012-09-19 10:00:00,0.023
2012-09-19 10:30:00,0.018
2012-09-19 11:00:00,0.021
2012-09-19 11:30:00,0.024
2012-09-19 12:00:00,0.024
2012-09-19 12:30:00,0.024
2012-09-19 13:00:00,0.019
2012-09-19 13:30:00,0.02
2012-09-19 14:00:00,0.027
2012-09-19 14:30:00,0.026
2012-09-19 15:00:00,0.025
2012-09-19 15:30:00,0.021
2012-09-19 16:00:00,0.017
2012-09-19 16:30:00,0.025
2012-09-19 17:00:00,0.023
2012-09-19 17:30:00,0.03
2012-09-19 18:00:00,0.061
2012-09-19 18:30:00,0.068
2012-09-19 19:00:00,0.072
2012-09-19 19:30:00,0.073
2012-09-19 20:00:00,0.074
2012-09-19 20:30:00,0.068
2012-09-19 21:00:00,0.05
2012-09-19 21:30:00,0.05
2012-09-19 22:00:00,0.034
2012-09-19 22:30:00,0.024
2012-09-19 23:00:00,0.024
2012-09-19 23:30:00,0.023
2012-09-20 00:00:00,0.017
2012-09-20 00:30:00,1.227
2012-09-20 01:00:00,2.24
2012-09-20 01:30:00,1.794
2012-09-20 02:00:00,1.381
2012-09-20 02:30:00,1.364
2012-09-20 03:00:00,1.206
2012-09-20 03:30:00,1.235
2012-09-20 04:00:00,1.391
2012-09-20 04:30:00,0.757
2012-09-20 05:00:00,0.018
2012-09-20 05:30:00,0.023
2012-09-20 06:00:00,0.775
2012-09-20 06:30:00,0.864
2012-09-20 07:00:00,0.023
2012-09-20 07:30:00,0.017
2012-09-20 08:00:00,0.025
2012-09-20 08:30:00,0.027
2012-09-20 09:00:00,0.024
2012-09-20 09:30:00,0.024
2012-09-20 10:00:00,0.017
2012-09-20 10:30:00,0.022
2012-09-20 11:00:00,0.023
2012-09-20 11:30:00,0.024
2012-09-20 12:00:00,0.024
2012-09-20 12:30:00,0.019
2012-09-20 13:00:00,0.019
2012-09-20 13:30:00,0.024
2012-09-20 14:00:00,0.027
2012-09-20 14:30:00,0.026
2012-09-20 15:00:00,0.022
2012-09-20 15:30:00,0.018
2012-09-20 16:00:00,0.023
2012-09-20 16:30:00,0.024
2012-09-20 17:00:00,0.024
2012-09-20 17:30:00,0.029
2012-09-20 18:00:00,0.056
2012-09-20 18:30:00,0.071
2012-09-20 19:00:00,0.074
2012-09-20 19:30:00,0.074
2012-09-20 20:00:00,0.074
2012-09-20 20:30:00,0.065
2012-09-20 21:00:00,0.048
2012-09-20 21:30:00,0.055
2012-09-20 22:00:00,0.034
2012-09-20 22:30:00,0.024
2012-09-20 23:00:00,0.024
2012-09-20 23:30:00,0.018
2012-09-21 00:00:00,0.022
2012-09-21 00:30:00,1.2410001
2012-09-21 01:00:00,2.115
2012-09-21 01:30:00,1.852
2012-09-21 02:00:00,1.385
2012-09-21 02:30:00,1.378
2012-09-21 03:00:00,1.2180001
2012-09-21 03:30:00,1.221
2012-09-21 04:00:00,1.427
2012-09-21 04:30:00,0.725
2012-09-21 05:00:00,0.018
2012-09-21 05:30:00,0.024
2012-09-21 06:00:00,0.536
2012-09-21 06:30:00,0.427
2012-09-21 07:00:00,0.983
2012-09-21 07:30:00,0.017
2012-09-21 08:00:00,0.026
2012-09-21 08:30:00,0.027
2012-09-21 09:00:00,0.024
2012-09-21 09:30:00,0.024
2012-09-21 10:00:00,0.017
2012-09-21 10:30:00,0.022
2012-09-21 11:00:00,0.024
2012-09-21 11:30:00,0.023
2012-09-21 12:00:00,0.024
2012-09-21 12:30:00,0.019
2012-09-21 13:00:00,0.02
2012-09-21 13:30:00,0.024
2012-09-21 14:00:00,0.026
2012-09-21 14:30:00,0.028
2012-09-21 15:00:00,0.021
2012-09-21 15:30:00,0.018
2012-09-21 16:00:00,0.024
2012-09-21 16:30:00,0.024
2012-09-21 17:00:00,0.024
2012-09-21 17:30:00,0.028
2012-09-21 18:00:00,0.053
2012-09-21 18:30:00,0.073
2012-09-21 19:00:00,0.074
2012-09-21 19:30:00,0.075
2012-09-21 20:00:00,0.075
2012-09-21 20:30:00,0.063
2012-09-21 21:00:00,0.051
2012-09-21 21:30:00,0.055
2012-09-21 22:00:00,0.034
2012-09-21 22:30:00,0.024
2012-09-21 23:00:00,0.022
2012-09-21 23:30:00,0.018
2012-09-22 00:00:00,0.024
2012-09-22 00:30:00,1.238
2012-09-22 01:00:00,2.1700001
2012-09-22 01:30:00,1.783
2012-09-22 02:00:00,1.402
2012-09-22 02:30:00,1.23
2012-09-22 03:00:00,1.373
2012-09-22 03:30:00,1.2359999
2012-09-22 04:00:00,1.434
2012-09-22 04:30:00,0.913
2012-09-22 05:00:00,0.024
2012-09-22 05:30:00,0.024
2012-09-22 06:00:00,0.576
2012-09-22 06:30:00,0.986
2012-09-22 07:00:00,0.019
2012-09-22 07:30:00,0.023
2012-09-22 08:00:00,0.027
2012-09-22 08:30:00,0.027
2012-09-22 09:00:00,0.02
2012-09-22 09:30:00,0.019
2012-09-22 10:00:00,0.024
2012-09-22 10:30:00,0.023
2012-09-22 11:00:00,0.024
2012-09-22 11:30:00,0.02
2012-09-22 12:00:00,0.019
2012-09-22 12:30:00,0.024
2012-09-22 13:00:00,0.025
2012-09-22 13:30:00,0.024
2012-09-22 14:00:00,0.022
2012-09-22 14:30:00,0.023
2012-09-22 15:00:00,0.024
2012-09-22 15:30:00,0.024
2012-09-22 16:00:00,0.024
2012-09-22 16:30:00,0.021
2012-09-22 17:00:00,0.018
2012-09-22 17:30:00,0.03
2012-09-22 18:00:00,0.06
2012-09-22 18:30:00,0.075
2012-09-22 19:00:00,0.073
2012-09-22 19:30:00,0.068
2012-09-22 20:00:00,0.076
2012-09-22 20:30:00,0.068
2012-09-22 21:00:00,0.055
2012-09-22 21:30:00,0.053
2012-09-22 22:00:00,0.027
2012-09-22 22:30:00,0.024
2012-09-22 23:00:00,0.024
2012-09-22 23:30:00,0.025
2012-09-23 00:00:00,0.023
2012-09-23 00:30:00,1.215
2012-09-23 01:00:00,2.25
2012-09-23 01:30:00,1.689
2012-09-23 02:00:00,1.386
2012-09-23 02:30:00,1.36
2012-09-23 03:00:00,1.225
2012-09-23 03:30:00,1.36
2012-09-23 04:00:00,1.229
2012-09-23 04:30:00,1.0779999
2012-09-23 05:00:00,0.02
2012-09-23 05:30:00,0.019
2012-09-23 06:00:00,0.418
2012-09-23 06:30:00,1.215
2012-09-23 07:00:00,0.041
2012-09-23 07:30:00,0.018
2012-09-23 08:00:00,0.024
2012-09-23 08:30:00,0.027
2012-09-23 09:00:00,0.024
2012-09-23 09:30:00,0.024
2012-09-23 10:00:00,0.016
2012-09-23 10:30:00,0.024
2012-09-23 11:00:00,0.024
2012-09-23 11:30:00,0.024
2012-09-23 12:00:00,0.021
2012-09-23 12:30:00,0.018
2012-09-23 13:00:00,0.023
2012-09-23 13:30:00,0.024
2012-09-23 14:00:00,0.026
2012-09-23 14:30:00,0.023
2012-09-23 15:00:00,0.019
2012-09-23 15:30:00,0.024
2012-09-23 16:00:00,0.023
2012-09-23 16:30:00,0.023
2012-09-23 17:00:00,0.016
2012-09-23 17:30:00,0.028
2012-09-23 18:00:00,0.059
2012-09-23 18:30:00,0.074
2012-09-23 19:00:00,0.07
2012-09-23 19:30:00,0.068
2012-09-23 20:00:00,0.075
2012-09-23 20:30:00,0.069
2012-09-23 21:00:00,0.054
2012-09-23 21:30:00,0.049
2012-09-23 22:00:00,0.031
2012-09-23 22:30:00,0.024
2012-09-23 23:00:00,0.024
2012-09-23 23:30:00,0.024
2012-09-24 00:00:00,0.016
2012-09-24 00:30:00,1.225
2012-09-24 01:00:00,2.1140001
2012-09-24 01:30:00,1.9349999
2012-09-24 02:00:00,1.413
2012-09-24 02:30:00,1.233
2012-09-24 03:00:00,1.3660001
2012-09-24 03:30:00,1.2309999
2012-09-24 04:00:00,1.3839999
2012-09-24 04:30:00,0.753
2012-09-24 05:00:00,0.022
2012-09-24 05:30:00,0.024
2012-09-24 06:00:00,0.835
2012-09-24 06:30:00,1.1849999
2012-09-24 07:00:00,0.026
2012-09-24 07:30:00,0.023
2012-09-24 08:00:00,0.027
2012-09-24 08:30:00,0.027
2012-09-24 09:00:00,0.018
2012-09-24 09:30:00,0.02
2012-09-24 10:00:00,0.024
2012-09-24 10:30:00,0.023
2012-09-24 11:00:00,0.024
2012-09-24 11:30:00,0.017
2012-09-24 12:00:00,0.022
2012-09-24 12:30:00,0.024
2012-09-24 13:00:00,0.023
2012-09-24 13:30:00,0.021
2012-09-24 14:00:00,0.02
2012-09-24 14:30:00,0.027
2012-09-24 15:00:00,0.023
2012-09-24 15:30:00,0.024
2012-09-24 16:00:00,0.019
2012-09-24 16:30:00,0.02
2012-09-24 17:00:00,0.024
2012-09-24 17:30:00,0.03
2012-09-24 18:00:00,0.06
2012-09-24 18:30:00,0.066
2012-09-24 19:00:00,0.074
2012-09-24 19:30:00,0.074
2012-09-24 20:00:00,0.074
2012-09-24 20:30:00,0.065
2012-09-24 21:00:00,0.048
2012-09-24 21:30:00,0.055
2012-09-24 22:00:00,0.034
2012-09-24 22:30:00,0.024
2012-09-24 23:00:00,0.019
2012-09-24 23:30:00,0.021
2012-09-25 00:00:00,0.024
2012-09-25 00:30:00,1.232
2012-09-25 01:00:00,2.181
2012-09-25 01:30:00,1.8609999
2012-09-25 02:00:00,1.396
2012-09-25 02:30:00,1.229
2012-09-25 03:00:00,1.4069999
2012-09-25 03:30:00,1.22
2012-09-25 04:00:00,1.317
2012-09-25 04:30:00,1.059
2012-09-25 05:00:00,0.025
2012-09-25 05:30:00,0.023
2012-09-25 06:00:00,0.192
2012-09-25 06:30:00,1.2079999
2012-09-25 07:00:00,0.756
2012-09-25 07:30:00,0.024
2012-09-25 08:00:00,0.022
2012-09-25 08:30:00,0.022
2012-09-25 09:00:00,0.024
2012-09-25 09:30:00,0.024
2012-09-25 10:00:00,0.022
2012-09-25 10:30:00,0.017
2012-09-25 11:00:00,0.023
2012-09-25 11:30:00,0.024
2012-09-25 12:00:00,0.024
2012-09-25 12:30:00,0.022
2012-09-25 13:00:00,0.017
2012-09-25 13:30:00,0.024
2012-09-25 14:00:00,0.027
2012-09-25 14:30:00,0.026
2012-09-25 15:00:00,0.019
2012-09-25 15:30:00,0.02
2012-09-25 16:00:00,0.024
2012-09-25 16:30:00,0.024
2012-09-25 17:00:00,0.023
2012-09-25 17:30:00,0.024
2012-09-25 18:00:00,0.058
2012-09-25 18:30:00,0.075
2012-09-25 19:00:00,0.075
2012-09-25 19:30:00,0.073
2012-09-25 20:00:00,0.069
2012-09-25 20:30:00,0.068
2012-09-25 21:00:00,0.054
2012-09-25 21:30:00,0.054
2012-09-25 22:00:00,0.03
2012-09-25 22:30:00,0.019
2012-09-25 23:00:00,0.025
2012-09-25 23:30:00,0.024
2012-09-26 00:00:00,0.024
2012-09-26 00:30:00,1.232
2012-09-26 01:00:00,2.2460001
2012-09-26 01:30:00,1.77
2012-09-26 02:00:00,1.391
2012-09-26 02:30:00,1.354
2012-09-26 03:00:00,1.2130001
2012-09-26 03:30:00,1.391
2012-09-26 04:00:00,1.225
2012-09-26 04:30:00,0.797
2012-09-26 05:00:00,0.018
2012-09-26 05:30:00,0.021
2012-09-26 06:00:00,0.493
2012-09-26 06:30:00,1.197
2012-09-26 07:00:00,0.287
2012-09-26 07:30:00,0.018
2012-09-26 08:00:00,0.027
2012-09-26 08:30:00,0.026
2012-09-26 09:00:00,0.024
2012-09-26 09:30:00,0.019
2012-09-26 10:00:00,0.02
2012-09-26 10:30:00,0.024
2012-09-26 11:00:00,0.024
2012-09-26 11:30:00,0.024
2012-09-26 12:00:00,0.017
2012-09-26 12:30:00,0.022
2012-09-26 13:00:00,0.024
2012-09-26 13:30:00,0.024
2012-09-26 14:00:00,0.025
2012-09-26 14:30:00,0.02
2012-09-26 15:00:00,0.024
2012-09-26 15:30:00,0.024
2012-09-26 16:00:00,0.024
2012-09-26 16:30:00,0.019
2012-09-26 17:00:00,0.02
2012-09-26 17:30:00,0.029
2012-09-26 18:00:00,0.061
2012-09-26 18:30:00,0.073
2012-09-26 19:00:00,0.065
2012-09-26 19:30:00,0.073
2012-09-26 20:00:00,0.075
2012-09-26 20:30:00,0.069
2012-09-26 21:00:00,0.05
2012-09-26 21:30:00,0.049
2012-09-26 22:00:00,0.035
2012-09-26 22:30:00,0.024
2012-09-26 23:00:00,0.024
2012-09-26 23:30:00,0.018
2012-09-27 00:00:00,0.021
2012-09-27 00:30:00,1.234
2012-09-27 01:00:00,2.2520001
2012-09-27 01:30:00,1.77
2012-09-27 02:00:00,1.367
2012-09-27 02:30:00,1.382
2012-09-27 03:00:00,1.221
2012-09-27 03:30:00,1.217
2012-09-27 04:00:00,1.365
2012-09-27 04:30:00,1.054
2012-09-27 05:00:00,0.024
2012-09-27 05:30:00,0.024
2012-09-27 06:00:00,0.093
2012-09-27 06:30:00,1.187
2012-09-27 07:00:00,0.771
2012-09-27 07:30:00,0.024
2012-09-27 08:00:00,0.025
2012-09-27 08:30:00,0.02
2012-09-27 09:00:00,0.023
2012-09-27 09:30:00,0.024
2012-09-27 10:00:00,0.024
2012-09-27 10:30:00,0.018
2012-09-27 11:00:00,0.02
2012-09-27 11:30:00,0.024
2012-09-27 12:00:00,0.024
2012-09-27 12:30:00,0.023
2012-09-27 13:00:00,0.016
2012-09-27 13:30:00,0.023
2012-09-27 14:00:00,0.027
2012-09-27 14:30:00,0.026
2012-09-27 15:00:00,0.02
2012-09-27 15:30:00,0.02
2012-09-27 16:00:00,0.023
2012-09-27 16:30:00,0.024
2012-09-27 17:00:00,0.024
2012-09-27 17:30:00,0.022
2012-09-27 18:00:00,0.059
2012-09-27 18:30:00,0.074
2012-09-27 19:00:00,0.074
2012-09-27 19:30:00,0.072
2012-09-27 20:00:00,0.067
2012-09-27 20:30:00,0.068
2012-09-27 21:00:00,0.054
2012-09-27 21:30:00,0.054
2012-09-27 22:00:00,0.03
2012-09-27 22:30:00,0.02
2012-09-27 23:00:00,0.024
2012-09-27 23:30:00,0.025
2012-09-28 00:00:00,0.024
2012-09-28 00:30:00,1.237
2012-09-28 01:00:00,2.1199999
2012-09-28 01:30:00,1.895
2012-09-28 02:00:00,1.383
2012-09-28 02:30:00,1.365
2012-09-28 03:00:00,1.228
2012-09-28 03:30:00,1.211
2012-09-28 04:00:00,1.331
2012-09-28 04:30:00,1.2180001
2012-09-28 05:00:00,0.904
2012-09-28 05:30:00,0.017
2012-09-28 06:00:00,0.024
2012-09-28 06:30:00,0.024
2012-09-28 07:00:00,0.024
2012-09-28 07:30:00,0.016
2012-09-28 08:00:00,0.025
2012-09-28 08:30:00,0.027
2012-09-28 09:00:00,0.027
2012-09-28 09:30:00,0.038
2012-09-28 10:00:00,0.033
2012-09-28 10:30:00,0.036
2012-09-28 11:00:00,0.036
2012-09-28 11:30:00,0.034
2012-09-28 12:00:00,0.028
2012-09-28 12:30:00,0.036
2012-09-28 13:00:00,0.035
2012-09-28 13:30:00,0.036
2012-09-28 14:00:00,0.034
2012-09-28 14:30:00,0.033
2012-09-28 15:00:00,0.035
2012-09-28 15:30:00,0.035
2012-09-28 16:00:00,0.035
2012-09-28 16:30:00,0.028
2012-09-28 17:00:00,0.033
2012-09-28 17:30:00,0.039
2012-09-28 18:00:00,0.07
2012-09-28 18:30:00,0.082
2012-09-28 19:00:00,0.08
2012-09-28 19:30:00,0.086
2012-09-28 20:00:00,0.086
2012-09-28 20:30:00,0.081
2012-09-28 21:00:00,0.059
2012-09-28 21:30:00,0.054
2012-09-28 22:00:00,0.037
2012-09-28 22:30:00,0.024
2012-09-28 23:00:00,0.022
2012-09-28 23:30:00,0.018
2012-09-29 00:00:00,0.024
2012-09-29 00:30:00,1.225
2012-09-29 01:00:00,2.1459999
2012-09-29 01:30:00,1.882
2012-09-29 02:00:00,1.351
2012-09-29 02:30:00,1.205
2012-09-29 03:00:00,1.347
2012-09-29 03:30:00,1.196
2012-09-29 04:00:00,1.345
2012-09-29 04:30:00,1.194
2012-09-29 05:00:00,0.353
2012-09-29 05:30:00,0.024
2012-09-29 06:00:00,0.015
2012-09-29 06:30:00,0.977
2012-09-29 07:00:00,0.024
2012-09-29 07:30:00,0.024
2012-09-29 08:00:00,0.021
2012-09-29 08:30:00,0.024
2012-09-29 09:00:00,0.024
2012-09-29 09:30:00,0.023
2012-09-29 10:00:00,0.021
2012-09-29 10:30:00,0.018
2012-09-29 11:00:00,0.023
2012-09-29 11:30:00,0.025
2012-09-29 12:00:00,0.024
2012-09-29 12:30:00,0.016
2012-09-29 13:00:00,0.023
2012-09-29 13:30:00,0.023
2012-09-29 14:00:00,0.027
2012-09-29 14:30:00,0.026
2012-09-29 15:00:00,0.016
2012-09-29 15:30:00,0.024
2012-09-29 16:00:00,0.024
2012-09-29 16:30:00,0.024
2012-09-29 17:00:00,0.021
2012-09-29 17:30:00,0.021
2012-09-29 18:00:00,0.059
2012-09-29 18:30:00,0.073
2012-09-29 19:00:00,0.075
2012-09-29 19:30:00,0.069
2012-09-29 20:00:00,0.073
2012-09-29 20:30:00,0.069
2012-09-29 21:00:00,0.055
2012-09-29 21:30:00,0.054
2012-09-29 22:00:00,0.03
2012-09-29 22:30:00,0.022
2012-09-29 23:00:00,0.024
2012-09-29 23:30:00,0.024
2012-09-30 00:00:00,0.023
2012-09-30 00:30:00,1.204
2012-09-30 01:00:00,2.1340001
2012-09-30 01:30:00,1.877
2012-09-30 02:00:00,1.429
2012-09-30 02:30:00,1.223
2012-09-30 03:00:00,1.377
2012-09-30 03:30:00,1.225
2012-09-30 04:00:00,1.229
2012-09-30 04:30:00,1.01
2012-09-30 05:00:00,0.016
2012-09-30 05:30:00,0.383
2012-09-30 06:00:00,1.133
2012-09-30 06:30:00,0.024
2012-09-30 07:00:00,0.019
2012-09-30 07:30:00,0.02
2012-09-30 08:00:00,0.027
2012-09-30 08:30:00,0.027
2012-09-30 09:00:00,0.022
2012-09-30 09:30:00,0.017
2012-09-30 10:00:00,0.023
2012-09-30 10:30:00,0.024
2012-09-30 11:00:00,0.023
2012-09-30 11:30:00,0.021
2012-09-30 12:00:00,0.018
2012-09-30 12:30:00,0.024
2012-09-30 13:00:00,0.024
2012-09-30 13:30:00,0.024
2012-09-30 14:00:00,0.019
2012-09-30 14:30:00,0.026
2012-09-30 15:00:00,0.025
2012-09-30 15:30:00,0.024
2012-09-30 16:00:00,0.02
2012-09-30 16:30:00,0.018
2012-09-30 17:00:00,0.023
2012-09-30 17:30:00,0.027
2012-09-30 18:00:00,0.059
2012-09-30 18:30:00,0.068
2012-09-30 19:00:00,0.071
2012-09-30 19:30:00,0.074
2012-09-30 20:00:00,0.075
2012-09-30 20:30:00,0.069
2012-09-30 21:00:00,0.047
2012-09-30 21:30:00,0.054
2012-09-30 22:00:00,0.037
2012-09-30 22:30:00,0.025
2012-09-30 23:00:00,0.02
2012-09-30 23:30:00,0.019
2012-10-01 00:00:00,0.025
2012-10-01 00:30:00,1.233
2012-10-01 01:00:00,1.998
2012-10-01 01:30:00,2.007
2012-10-01 02:00:00,1.382
2012-10-01 02:30:00,1.242
2012-10-01 03:00:00,1.4170001
2012-10-01 03:30:00,1.238
2012-10-01 04:00:00,1.396
2012-10-01 04:30:00,0.781
2012-10-01 05:00:00,0.024
2012-10-01 05:30:00,0.024
2012-10-01 06:00:00,0.992
2012-10-01 06:30:00,0.873
2012-10-01 07:00:00,0.024
2012-10-01 07:30:00,0.024
2012-10-01 08:00:00,0.02
2012-10-01 08:30:00,0.023
2012-10-01 09:00:00,0.024
2012-10-01 09:30:00,0.024
2012-10-01 10:00:00,0.022
2012-10-01 10:30:00,0.017
2012-10-01 11:00:00,0.024
2012-10-01 11:30:00,0.024
2012-10-01 12:00:00,0.024
2012-10-01 12:30:00,0.02
2012-10-01 13:00:00,0.019
2012-10-01 13:30:00,0.023
2012-10-01 14:00:00,0.027
2012-10-01 14:30:00,0.027
2012-10-01 15:00:00,0.017
2012-10-01 15:30:00,0.021
2012-10-01 16:00:00,0.025
2012-10-01 16:30:00,0.024
2012-10-01 17:00:00,0.021
2012-10-01 17:30:00,0.021
2012-10-01 18:00:00,0.059
2012-10-01 18:30:00,0.075
2012-10-01 19:00:00,0.074
2012-10-01 19:30:00,0.069
2012-10-01 20:00:00,0.071
2012-10-01 20:30:00,0.07
2012-10-01 21:00:00,0.055
2012-10-01 21:30:00,0.054
2012-10-01 22:00:00,0.029
2012-10-01 22:30:00,0.024
2012-10-01 23:00:00,0.025
2012-10-01 23:30:00,0.024
2012-10-02 00:00:00,0.02
2012-10-02 00:30:00,1.222
2012-10-02 01:00:00,2.1530001
2012-10-02 01:30:00,1.835
2012-10-02 02:00:00,1.3940001
2012-10-02 02:30:00,1.319
2012-10-02 03:00:00,1.229
2012-10-02 03:30:00,1.341
2012-10-02 04:00:00,1.212
2012-10-02 04:30:00,0.398
2012-10-02 05:00:00,0.021
2012-10-02 05:30:00,0.878
2012-10-02 06:00:00,0.024
2012-10-02 06:30:00,0.908
2012-10-02 07:00:00,0.575
2012-10-02 07:30:00,0.024
2012-10-02 08:00:00,0.027
2012-10-02 08:30:00,0.027
2012-10-02 09:00:00,0.019
2012-10-02 09:30:00,0.02
2012-10-02 10:00:00,0.024
2012-10-02 10:30:00,0.024
2012-10-02 11:00:00,0.024
2012-10-02 11:30:00,0.016
2012-10-02 12:00:00,0.023
2012-10-02 12:30:00,0.024
2012-10-02 13:00:00,0.024
2012-10-02 13:30:00,0.021
2012-10-02 14:00:00,0.02
2012-10-02 14:30:00,0.027
2012-10-02 15:00:00,0.024
2012-10-02 15:30:00,0.025
2012-10-02 16:00:00,0.02
2012-10-02 16:30:00,0.019
2012-10-02 17:00:00,0.024
2012-10-02 17:30:00,0.027
2012-10-02 18:00:00,0.059
2012-10-02 18:30:00,0.07
2012-10-02 19:00:00,0.071
2012-10-02 19:30:00,0.075
2012-10-02 20:00:00,0.075
2012-10-02 20:30:00,0.07
2012-10-02 21:00:00,0.047
2012-10-02 21:30:00,0.053
2012-10-02 22:00:00,0.037
2012-10-02 22:30:00,0.024
2012-10-02 23:00:00,0.022
2012-10-02 23:30:00,0.018
2012-10-03 00:00:00,0.025
2012-10-03 00:30:00,1.237
2012-10-03 01:00:00,2.073
2012-10-03 01:30:00,1.946
2012-10-03 02:00:00,1.449
2012-10-03 02:30:00,1.239
2012-10-03 03:00:00,1.358
2012-10-03 03:30:00,1.237
2012-10-03 04:00:00,1.36
2012-10-03 04:30:00,0.483
2012-10-03 05:00:00,0.024
2012-10-03 05:30:00,0.069
2012-10-03 06:00:00,1.194
2012-10-03 06:30:00,0.396
2012-10-03 07:00:00,0.024
2012-10-03 07:30:00,0.024
2012-10-03 08:00:00,0.024
2012-10-03 08:30:00,0.02
2012-10-03 09:00:00,0.024
2012-10-03 09:30:00,0.025
2012-10-03 10:00:00,0.024
2012-10-03 10:30:00,0.018
2012-10-03 11:00:00,0.021
2012-10-03 11:30:00,0.024
2012-10-03 12:00:00,0.024
2012-10-03 12:30:00,0.024
2012-10-03 13:00:00,0.017
2012-10-03 13:30:00,0.023
2012-10-03 14:00:00,0.026
2012-10-03 14:30:00,0.027
2012-10-03 15:00:00,0.021
2012-10-03 15:30:00,0.018
2012-10-03 16:00:00,0.025
2012-10-03 16:30:00,0.024
2012-10-03 17:00:00,0.024
2012-10-03 17:30:00,0.021
2012-10-03 18:00:00,0.056
2012-10-03 18:30:00,0.075
2012-10-03 19:00:00,0.086
2012-10-03 19:30:00,0.073
2012-10-03 20:00:00,0.067
2012-10-03 20:30:00,0.071
2012-10-03 21:00:00,0.054
2012-10-03 21:30:00,0.055
2012-10-03 22:00:00,0.033
2012-10-03 22:30:00,0.019
2012-10-03 23:00:00,0.025
2012-10-03 23:30:00,0.024
2012-10-04 00:00:00,0.025
2012-10-04 00:30:00,1.22
2012-10-04 01:00:00,2.0090001
2012-10-04 01:30:00,1.99
2012-10-04 02:00:00,1.37
2012-10-04 02:30:00,1.36
2012-10-04 03:00:00,1.232
2012-10-04 03:30:00,1.368
2012-10-04 04:00:00,1.232
2012-10-04 04:30:00,1.206
2012-10-04 05:00:00,0.114
2012-10-04 05:30:00,0.024
2012-10-04 06:00:00,0.024
2012-10-04 06:30:00,1.085
2012-10-04 07:00:00,0.951
2012-10-04 07:30:00,0.024
2012-10-04 08:00:00,0.026
2012-10-04 08:30:00,0.027
2012-10-04 09:00:00,0.019
2012-10-04 09:30:00,0.02
2012-10-04 10:00:00,0.024
2012-10-04 10:30:00,0.024
2012-10-04 11:00:00,0.021
2012-10-04 11:30:00,0.018
2012-10-04 12:00:00,0.024
2012-10-04 12:30:00,0.024
2012-10-04 13:00:00,0.023
2012-10-04 13:30:00,0.017
2012-10-04 14:00:00,0.027
2012-10-04 14:30:00,0.027
2012-10-04 15:00:00,0.024
2012-10-04 15:30:00,0.017
2012-10-04 16:00:00,0.022
2012-10-04 16:30:00,0.024
2012-10-04 17:00:00,0.024
2012-10-04 17:30:00,0.025
2012-10-04 18:00:00,0.052
2012-10-04 18:30:00,0.075
2012-10-04 19:00:00,0.075
2012-10-04 19:30:00,0.076
2012-10-04 20:00:00,0.068
2012-10-04 20:30:00,0.068
2012-10-04 21:00:00,0.054
2012-10-04 21:30:00,0.055
2012-10-04 22:00:00,0.034
2012-10-04 22:30:00,0.019
2012-10-04 23:00:00,0.024
2012-10-04 23:30:00,0.025
2012-10-05 00:00:00,0.024
2012-10-05 00:30:00,1.226
2012-10-05 01:00:00,2.0710001
2012-10-05 01:30:00,1.965
2012-10-05 02:00:00,1.386
2012-10-05 02:30:00,1.367
2012-10-05 03:00:00,1.224
2012-10-05 03:30:00,1.364
2012-10-05 04:00:00,1.228
2012-10-05 04:30:00,0.326
2012-10-05 05:00:00,0.016
2012-10-05 05:30:00,0.24
2012-10-05 06:00:00,1.197
2012-10-05 06:30:00,0.176
2012-10-05 07:00:00,0.02
2012-10-05 07:30:00,0.02
2012-10-05 08:00:00,0.026
2012-10-05 08:30:00,0.027
2012-10-05 09:00:00,0.023
2012-10-05 09:30:00,0.016
2012-10-05 10:00:00,0.024
2012-10-05 10:30:00,0.024
2012-10-05 11:00:00,0.024
2012-10-05 11:30:00,0.019
2012-10-05 12:00:00,0.019
2012-10-05 12:30:00,0.024
2012-10-05 13:00:00,0.024
2012-10-05 13:30:00,0.024
2012-10-05 14:00:00,0.017
2012-10-05 14:30:00,0.027
2012-10-05 15:00:00,0.024
2012-10-05 15:30:00,0.024
2012-10-05 16:00:00,0.021
2012-10-05 16:30:00,0.019
2012-10-05 17:00:00,0.024
2012-10-05 17:30:00,0.028
2012-10-05 18:00:00,0.058
2012-10-05 18:30:00,0.068
2012-10-05 19:00:00,0.075
2012-10-05 19:30:00,0.075
2012-10-05 20:00:00,0.075
2012-10-05 20:30:00,0.067
2012-10-05 21:00:00,0.049
2012-10-05 21:30:00,0.056
2012-10-05 22:00:00,0.037
2012-10-05 22:30:00,0.024
2012-10-05 23:00:00,0.017
2012-10-05 23:30:00,0.023
2012-10-06 00:00:00,0.025
2012-10-06 00:30:00,1.238
2012-10-06 01:00:00,2.1619999
2012-10-06 01:30:00,1.908
2012-10-06 02:00:00,1.427
2012-10-06 02:30:00,1.245
2012-10-06 03:00:00,1.377
2012-10-06 03:30:00,1.224
2012-10-06 04:00:00,1.3559999
2012-10-06 04:30:00,0.694
2012-10-06 05:00:00,0.024
2012-10-06 05:30:00,0.401
2012-10-06 06:00:00,0.569
2012-10-06 06:30:00,0.194
2012-10-06 07:00:00,1.199
2012-10-06 07:30:00,0.018
2012-10-06 08:00:00,0.023
2012-10-06 08:30:00,0.028
2012-10-06 09:00:00,0.024
2012-10-06 09:30:00,0.02
2012-10-06 10:00:00,0.019
2012-10-06 10:30:00,0.023
2012-10-06 11:00:00,0.024
2012-10-06 11:30:00,0.022
2012-10-06 12:00:00,0.016
2012-10-06 12:30:00,0.024
2012-10-06 13:00:00,0.024
2012-10-06 13:30:00,0.024
2012-10-06 14:00:00,0.02
2012-10-06 14:30:00,0.024
2012-10-06 15:00:00,0.024
2012-10-06 15:30:00,0.024
2012-10-06 16:00:00,0.023
2012-10-06 16:30:00,0.016
2012-10-06 17:00:00,0.024
2012-10-06 17:30:00,0.027
2012-10-06 18:00:00,0.059
2012-10-06 18:30:00,0.075
2012-10-06 19:00:00,0.09
2012-10-06 19:30:00,0.074
2012-10-06 20:00:00,0.075
2012-10-06 20:30:00,0.07
2012-10-06 21:00:00,0.047
2012-10-06 21:30:00,0.055
2012-10-06 22:00:00,0.037
2012-10-06 22:30:00,0.024
2012-10-06 23:00:00,0.019
2012-10-06 23:30:00,0.021
2012-10-07 00:00:00,0.024
2012-10-07 00:30:00,1.239
2012-10-07 01:00:00,2.0480001
2012-10-07 01:30:00,2.0079999
2012-10-07 02:00:00,1.411
2012-10-07 02:30:00,1.244
2012-10-07 03:00:00,1.3660001
2012-10-07 03:30:00,1.234
2012-10-07 04:00:00,1.37
2012-10-07 04:30:00,1.175
2012-10-07 05:00:00,0.024
2012-10-07 05:30:00,0.017
2012-10-07 06:00:00,0.296
2012-10-07 06:30:00,1.219
2012-10-07 07:00:00,0.561
2012-10-07 07:30:00,0.019
2012-10-07 08:00:00,0.023
2012-10-07 08:30:00,0.027
2012-10-07 09:00:00,0.024
2012-10-07 09:30:00,0.02
2012-10-07 10:00:00,0.019
2012-10-07 10:30:00,0.023
2012-10-07 11:00:00,0.024
2012-10-07 11:30:00,0.022
2012-10-07 12:00:00,0.017
2012-10-07 12:30:00,0.024
2012-10-07 13:00:00,0.024
2012-10-07 13:30:00,0.024
2012-10-07 14:00:00,0.018
2012-10-07 14:30:00,0.027
2012-10-07 15:00:00,0.024
2012-10-07 15:30:00,0.024
2012-10-07 16:00:00,0.017
2012-10-07 16:30:00,0.022
2012-10-07 17:00:00,0.023
2012-10-07 17:30:00,0.027
2012-10-07 18:00:00,0.054
2012-10-07 18:30:00,0.069
2012-10-07 19:00:00,0.075
2012-10-07 19:30:00,0.075
2012-10-07 20:00:00,0.074
2012-10-07 20:30:00,0.064
2012-10-07 21:00:00,0.054
2012-10-07 21:30:00,0.055
2012-10-07 22:00:00,0.037
2012-10-07 22:30:00,0.017
2012-10-07 23:00:00,0.023
2012-10-07 23:30:00,0.024
2012-10-08 00:00:00,0.024
2012-10-08 00:30:00,1.215
2012-10-08 01:00:00,2.0480001
2012-10-08 01:30:00,2.02
2012-10-08 02:00:00,1.397
2012-10-08 02:30:00,1.229
2012-10-08 03:00:00,1.409
2012-10-08 03:30:00,1.238
2012-10-08 04:00:00,1.239
2012-10-08 04:30:00,0.651
2012-10-08 05:00:00,0.016
2012-10-08 05:30:00,0.742
2012-10-08 06:00:00,1.202
2012-10-08 06:30:00,0.028
2012-10-08 07:00:00,0.015
2012-10-08 07:30:00,0.024
2012-10-08 08:00:00,0.026
2012-10-08 08:30:00,0.027
2012-10-08 09:00:00,0.017
2012-10-08 09:30:00,0.022
2012-10-08 10:00:00,0.024
2012-10-08 10:30:00,0.023
2012-10-08 11:00:00,0.019
2012-10-08 11:30:00,0.02
2012-10-08 12:00:00,0.024
2012-10-08 12:30:00,0.024
2012-10-08 13:00:00,0.02
2012-10-08 13:30:00,0.019
2012-10-08 14:00:00,0.027
2012-10-08 14:30:00,0.027
2012-10-08 15:00:00,0.02
2012-10-08 15:30:00,0.018
2012-10-08 16:00:00,0.024
2012-10-08 16:30:00,0.024
2012-10-08 17:00:00,0.022
2012-10-08 17:30:00,0.02
2012-10-08 18:00:00,0.059
2012-10-08 18:30:00,0.076
2012-10-08 19:00:00,0.075
2012-10-08 19:30:00,0.065
2012-10-08 20:00:00,0.076
2012-10-08 20:30:00,0.07
2012-10-08 21:00:00,0.054
2012-10-08 21:30:00,0.046
2012-10-08 22:00:00,0.036
2012-10-08 22:30:00,0.024
2012-10-08 23:00:00,0.025
2012-10-08 23:30:00,0.019
2012-10-09 00:00:00,0.02
2012-10-09 00:30:00,1.2460001
2012-10-09 01:00:00,2.1259999
2012-10-09 01:30:00,1.899
2012-10-09 02:00:00,1.377
2012-10-09 02:30:00,1.454
2012-10-09 03:00:00,1.24
2012-10-09 03:30:00,1.2359999
2012-10-09 04:00:00,1.402
2012-10-09 04:30:00,1.225
2012-10-09 05:00:00,0.154
2012-10-09 05:30:00,0.023
2012-10-09 06:00:00,0.016
2012-10-09 06:30:00,0.977
2012-10-09 07:00:00,1.102
2012-10-09 07:30:00,0.023
2012-10-09 08:00:00,0.019
2012-10-09 08:30:00,0.027
2012-10-09 09:00:00,0.023
2012-10-09 09:30:00,0.024
2012-10-09 10:00:00,0.016
2012-10-09 10:30:00,0.023
2012-10-09 11:00:00,0.024
2012-10-09 11:30:00,0.024
2012-10-09 12:00:00,0.017
2012-10-09 12:30:00,0.022
2012-10-09 13:00:00,0.024
2012-10-09 13:30:00,0.023
2012-10-09 14:00:00,0.022
2012-10-09 14:30:00,0.022
2012-10-09 15:00:00,0.024
2012-10-09 15:30:00,0.024
2012-10-09 16:00:00,0.022
2012-10-09 16:30:00,0.017
2012-10-09 17:00:00,0.024
2012-10-09 17:30:00,0.028
2012-10-09 18:00:00,0.059
2012-10-09 18:30:00,0.066
2012-10-09 19:00:00,0.075
2012-10-09 19:30:00,0.076
2012-10-09 20:00:00,0.075
2012-10-09 20:30:00,0.064
2012-10-09 21:00:00,0.053
2012-10-09 21:30:00,0.055
2012-10-09 22:00:00,0.037
2012-10-09 22:30:00,0.019
2012-10-09 23:00:00,0.02
2012-10-09 23:30:00,0.025
2012-10-10 00:00:00,0.024
2012-10-10 00:30:00,1.211
2012-10-10 01:00:00,1.982
2012-10-10 01:30:00,2.0209999
2012-10-10 02:00:00,1.441
2012-10-10 02:30:00,1.242
2012-10-10 03:00:00,1.408
2012-10-10 03:30:00,1.242
2012-10-10 04:00:00,1.239
2012-10-10 04:30:00,1.271
2012-10-10 05:00:00,0.016
2012-10-10 05:30:00,0.024
2012-10-10 06:00:00,0.165
2012-10-10 06:30:00,1.199
2012-10-10 07:00:00,0.082
2012-10-10 07:30:00,0.024
2012-10-10 08:00:00,0.027
2012-10-10 08:30:00,0.025
2012-10-10 09:00:00,0.017
2012-10-10 09:30:00,0.024
2012-10-10 10:00:00,0.024
2012-10-10 10:30:00,0.024
2012-10-10 11:00:00,0.016
2012-10-10 11:30:00,0.023
2012-10-10 12:00:00,0.024
2012-10-10 12:30:00,0.024
2012-10-10 13:00:00,0.017
2012-10-10 13:30:00,0.023
2012-10-10 14:00:00,0.026
2012-10-10 14:30:00,0.028
2012-10-10 15:00:00,0.019
2012-10-10 15:30:00,0.019
2012-10-10 16:00:00,0.024
2012-10-10 16:30:00,0.024
2012-10-10 17:00:00,0.022
2012-10-10 17:30:00,0.02
2012-10-10 18:00:00,0.059
2012-10-10 18:30:00,0.074
2012-10-10 19:00:00,0.074
2012-10-10 19:30:00,0.066
2012-10-10 20:00:00,0.075
2012-10-10 20:30:00,0.07
2012-10-10 21:00:00,0.054
2012-10-10 21:30:00,0.051
2012-10-10 22:00:00,0.032
2012-10-10 22:30:00,0.024
2012-10-10 23:00:00,0.024
2012-10-10 23:30:00,0.022
2012-10-11 00:00:00,0.018
2012-10-11 00:30:00,1.227
2012-10-11 01:00:00,2.046
2012-10-11 01:30:00,1.98
2012-10-11 02:00:00,1.3660001
2012-10-11 02:30:00,1.373
2012-10-11 03:00:00,1.219
2012-10-11 03:30:00,1.342
2012-10-11 04:00:00,1.211
2012-10-11 04:30:00,1.099
2012-10-11 05:00:00,0.025
2012-10-11 05:30:00,0.024
2012-10-11 06:00:00,0.591
2012-10-11 06:30:00,1.194
2012-10-11 07:00:00,0.076
2012-10-11 07:30:00,0.024
2012-10-11 08:00:00,0.02
2012-10-11 08:30:00,0.024
2012-10-11 09:00:00,0.024
2012-10-11 09:30:00,0.024
2012-10-11 10:00:00,0.021
2012-10-11 10:30:00,0.018
2012-10-11 11:00:00,0.023
2012-10-11 11:30:00,0.024
2012-10-11 12:00:00,0.023
2012-10-11 12:30:00,0.016
2012-10-11 13:00:00,0.024
2012-10-11 13:30:00,0.024
2012-10-11 14:00:00,0.026
2012-10-11 14:30:00,0.018
2012-10-11 15:00:00,0.024
2012-10-11 15:30:00,0.024
2012-10-11 16:00:00,0.024
2012-10-11 16:30:00,0.016
2012-10-11 17:00:00,0.023
2012-10-11 17:30:00,0.027
2012-10-11 18:00:00,0.059
2012-10-11 18:30:00,0.069
2012-10-11 19:00:00,0.071
2012-10-11 19:30:00,0.075
2012-10-11 20:00:00,0.075
2012-10-11 20:30:00,0.064
2012-10-11 21:00:00,0.051
2012-10-11 21:30:00,0.055
2012-10-11 22:00:00,0.036
2012-10-11 22:30:00,0.021
2012-10-11 23:00:00,0.019
2012-10-11 23:30:00,0.025
2012-10-12 00:00:00,0.024
2012-10-12 00:30:00,1.23
2012-10-12 01:00:00,2.154
2012-10-12 01:30:00,1.923
2012-10-12 02:00:00,1.425
2012-10-12 02:30:00,1.22
2012-10-12 03:00:00,1.3380001
2012-10-12 03:30:00,1.2180001
2012-10-12 04:00:00,1.408
2012-10-12 04:30:00,0.332
2012-10-12 05:00:00,0.016
2012-10-12 05:30:00,0.612
2012-10-12 06:00:00,0.891
2012-10-12 06:30:00,0.024
2012-10-12 07:00:00,0.254
2012-10-12 07:30:00,0.021
2012-10-12 08:00:00,0.026
2012-10-12 08:30:00,0.027
2012-10-12 09:00:00,0.019
2012-10-12 09:30:00,0.02
2012-10-12 10:00:00,0.024
2012-10-12 10:30:00,0.024
2012-10-12 11:00:00,0.021
2012-10-12 11:30:00,0.018
2012-10-12 12:00:00,0.024
2012-10-12 12:30:00,0.025
2012-10-12 13:00:00,0.021
2012-10-12 13:30:00,0.018
2012-10-12 14:00:00,0.026
2012-10-12 14:30:00,0.028
2012-10-12 15:00:00,0.024
2012-10-12 15:30:00,0.015
2012-10-12 16:00:00,0.024
2012-10-12 16:30:00,0.024
2012-10-12 17:00:00,0.024
2012-10-12 17:30:00,0.021
2012-10-12 18:00:00,0.056
2012-10-12 18:30:00,0.075
2012-10-12 19:00:00,0.075
2012-10-12 19:30:00,0.07
2012-10-12 20:00:00,0.072
2012-10-12 20:30:00,0.07
2012-10-12 21:00:00,0.055
2012-10-12 21:30:00,0.051
2012-10-12 22:00:00,0.031
2012-10-12 22:30:00,0.024
2012-10-12 23:00:00,0.025
2012-10-12 23:30:00,0.023
2012-10-13 00:00:00,0.016
2012-10-13 00:30:00,1.2359999
2012-10-13 01:00:00,2.0869999
2012-10-13 01:30:00,1.946
2012-10-13 02:00:00,1.387
2012-10-13 02:30:00,1.294
2012-10-13 03:00:00,1.314
2012-10-13 03:30:00,1.235
2012-10-13 04:00:00,1.3839999
2012-10-13 04:30:00,1.227
2012-10-13 05:00:00,0.13
2012-10-13 05:30:00,0.024
2012-10-13 06:00:00,0.201
2012-10-13 06:30:00,1.115
2012-10-13 07:00:00,0.024
2012-10-13 07:30:00,0.024
2012-10-13 08:00:00,0.02
2012-10-13 08:30:00,0.025
2012-10-13 09:00:00,0.024
2012-10-13 09:30:00,0.023
2012-10-13 10:00:00,0.019
2012-10-13 10:30:00,0.02
2012-10-13 11:00:00,0.024
2012-10-13 11:30:00,0.024
2012-10-13 12:00:00,0.019
2012-10-13 12:30:00,0.02
2012-10-13 13:00:00,0.024
2012-10-13 13:30:00,0.024
2012-10-13 14:00:00,0.023
2012-10-13 14:30:00,0.021
2012-10-13 15:00:00,0.025
2012-10-13 15:30:00,0.024
2012-10-13 16:00:00,0.021
2012-10-13 16:30:00,0.018
2012-10-13 17:00:00,0.024
2012-10-13 17:30:00,0.027
2012-10-13 18:00:00,0.057
2012-10-13 18:30:00,0.068
2012-10-13 19:00:00,0.074
2012-10-13 19:30:00,0.075
2012-10-13 20:00:00,0.074
2012-10-13 20:30:00,0.062
2012-10-13 21:00:00,0.054
2012-10-13 21:30:00,0.054
2012-10-13 22:00:00,0.037
2012-10-13 22:30:00,0.016
2012-10-13 23:00:00,0.023
2012-10-13 23:30:00,0.024
2012-10-14 00:00:00,0.024
2012-10-14 00:30:00,1.22
2012-10-14 01:00:00,2.029
2012-10-14 01:30:00,2.05
2012-10-14 02:00:00,1.387
2012-10-14 02:30:00,1.225
2012-10-14 03:00:00,1.385
2012-10-14 03:30:00,1.227
2012-10-14 04:00:00,1.405
2012-10-14 04:30:00,1.21
2012-10-14 05:00:00,0.396
2012-10-14 05:30:00,0.024
2012-10-14 06:00:00,0.18
2012-10-14 06:30:00,1.187
2012-10-14 07:00:00,1.197
2012-10-14 07:30:00,0.024
2012-10-14 08:00:00,0.022
2012-10-14 08:30:00,0.022
2012-10-14 09:00:00,0.024
2012-10-14 09:30:00,0.024
2012-10-14 10:00:00,0.018
2012-10-14 10:30:00,0.02
2012-10-14 11:00:00,0.024
2012-10-14 11:30:00,0.024
2012-10-14 12:00:00,0.016
2012-10-14 12:30:00,0.023
2012-10-14 13:00:00,0.024
2012-10-14 13:30:00,0.024
2012-10-14 14:00:00,0.019
2012-10-14 14:30:00,0.026
2012-10-14 15:00:00,0.023
2012-10-14 15:30:00,0.024
2012-10-14 16:00:00,0.017
2012-10-14 16:30:00,0.022
2012-10-14 17:00:00,0.024
2012-10-14 17:30:00,0.027
2012-10-14 18:00:00,0.051
2012-10-14 18:30:00,0.072
2012-10-14 19:00:00,0.074
2012-10-14 19:30:00,0.075
2012-10-14 20:00:00,0.067
2012-10-14 20:30:00,0.069
2012-10-14 21:00:00,0.054
2012-10-14 21:30:00,0.055
2012-10-14 22:00:00,0.028
2012-10-14 22:30:00,0.024
2012-10-14 23:00:00,0.024
2012-10-14 23:30:00,0.022
2012-10-15 00:00:00,0.017
2012-10-15 00:30:00,1.225
2012-10-15 01:00:00,2.1240001
2012-10-15 01:30:00,1.992
2012-10-15 02:00:00,1.383
2012-10-15 02:30:00,1.249
2012-10-15 03:00:00,1.38
2012-10-15 03:30:00,1.219
2012-10-15 04:00:00,1.337
2012-10-15 04:30:00,0.932
2012-10-15 05:00:00,0.023
2012-10-15 05:30:00,0.171
2012-10-15 06:00:00,1.2079999
2012-10-15 06:30:00,0.139
2012-10-15 07:00:00,0.022
2012-10-15 07:30:00,0.017
2012-10-15 08:00:00,0.025
2012-10-15 08:30:00,0.027
2012-10-15 09:00:00,0.021
2012-10-15 09:30:00,0.017
2012-10-15 10:00:00,0.023
2012-10-15 10:30:00,0.023
2012-10-15 11:00:00,0.019
2012-10-15 11:30:00,0.02
2012-10-15 12:00:00,0.023
2012-10-15 12:30:00,0.024
2012-10-15 13:00:00,0.016
2012-10-15 13:30:00,0.022
2012-10-15 14:00:00,0.025
2012-10-15 14:30:00,0.027
2012-10-15 15:00:00,0.016
2012-10-15 15:30:00,0.022
2012-10-15 16:00:00,0.023
2012-10-15 16:30:00,0.024
2012-10-15 17:00:00,0.016
2012-10-15 17:30:00,0.026
2012-10-15 18:00:00,0.058
2012-10-15 18:30:00,0.074
2012-10-15 19:00:00,0.065
2012-10-15 19:30:00,0.074
2012-10-15 20:00:00,0.075
2012-10-15 20:30:00,0.069
2012-10-15 21:00:00,0.047
2012-10-15 21:30:00,0.054
2012-10-15 22:00:00,0.037
2012-10-15 22:30:00,0.02
2012-10-15 23:00:00,0.018
2012-10-15 23:30:00,0.024
2012-10-16 00:00:00,0.024
2012-10-16 00:30:00,1.223
2012-10-16 01:00:00,2.115
2012-10-16 01:30:00,2.0179999
2012-10-16 02:00:00,1.413
2012-10-16 02:30:00,1.216
2012-10-16 03:00:00,1.377
2012-10-16 03:30:00,1.228
2012-10-16 04:00:00,1.369
2012-10-16 04:30:00,1.207
2012-10-16 05:00:00,0.259
2012-10-16 05:30:00,0.024
2012-10-16 06:00:00,0.197
2012-10-16 06:30:00,1.189
2012-10-16 07:00:00,0.266
2012-10-16 07:30:00,0.024
2012-10-16 08:00:00,0.023
2012-10-16 08:30:00,0.021
2012-10-16 09:00:00,0.023
2012-10-16 09:30:00,0.023
2012-10-16 10:00:00,0.019
2012-10-16 10:30:00,0.019
2012-10-16 11:00:00,0.024
2012-10-16 11:30:00,0.023
2012-10-16 12:00:00,0.017
2012-10-16 12:30:00,0.021
2012-10-16 13:00:00,0.023
2012-10-16 13:30:00,0.024
2012-10-16 14:00:00,0.019
2012-10-16 14:30:00,0.025
2012-10-16 15:00:00,0.023
2012-10-16 15:30:00,0.023
2012-10-16 16:00:00,0.019
2012-10-16 16:30:00,0.02
2012-10-16 17:00:00,0.024
2012-10-16 17:30:00,0.027
2012-10-16 18:00:00,0.052
2012-10-16 18:30:00,0.072
2012-10-16 19:00:00,0.074
2012-10-16 19:30:00,0.075
2012-10-16 20:00:00,0.068
2012-10-16 20:30:00,0.068
2012-10-16 21:00:00,0.054
2012-10-16 21:30:00,0.054
2012-10-16 22:00:00,0.03
2012-10-16 22:30:00,0.023
2012-10-16 23:00:00,0.024
2012-10-16 23:30:00,0.024
2012-10-17 00:00:00,0.019
2012-10-17 00:30:00,1.211
2012-10-17 01:00:00,2.026
2012-10-17 01:30:00,2.059
2012-10-17 02:00:00,1.37
2012-10-17 02:30:00,1.2970001
2012-10-17 03:00:00,1.357
2012-10-17 03:30:00,1.2410001
2012-10-17 04:00:00,1.4529999
2012-10-17 04:30:00,1.128
2012-10-17 05:00:00,0.024
2012-10-17 05:30:00,0.024
2012-10-17 06:00:00,0.43
2012-10-17 06:30:00,1.205
2012-10-17 07:00:00,0.961
2012-10-17 07:30:00,0.022
2012-10-17 08:00:00,0.019
2012-10-17 08:30:00,0.027
2012-10-17 09:00:00,0.024
2012-10-17 09:30:00,0.02
2012-10-17 10:00:00,0.018
2012-10-17 10:30:00,0.024
2012-10-17 11:00:00,0.024
2012-10-17 11:30:00,0.019
2012-10-17 12:00:00,0.019
2012-10-17 12:30:00,0.024
2012-10-17 13:00:00,0.024
2012-10-17 13:30:00,0.02
2012-10-17 14:00:00,0.021
2012-10-17 14:30:00,0.027
2012-10-17 15:00:00,0.024
2012-10-17 15:30:00,0.021
2012-10-17 16:00:00,0.017
2012-10-17 16:30:00,0.024
2012-10-17 17:00:00,0.024
2012-10-17 17:30:00,0.027
2012-10-17 18:00:00,0.05
2012-10-17 18:30:00,0.074
2012-10-17 19:00:00,0.075
2012-10-17 19:30:00,0.073
2012-10-17 20:00:00,0.068
2012-10-17 20:30:00,0.071
2012-10-17 21:00:00,0.054
2012-10-17 21:30:00,0.055
2012-10-17 22:00:00,0.028
2012-10-17 22:30:00,0.024
2012-10-17 23:00:00,0.025
2012-10-17 23:30:00,0.024
2012-10-18 00:00:00,0.016
2012-10-18 00:30:00,1.23
2012-10-18 01:00:00,2.1270001
2012-10-18 01:30:00,1.92
2012-10-18 02:00:00,1.397
2012-10-18 02:30:00,1.23
2012-10-18 03:00:00,1.362
2012-10-18 03:30:00,1.2180001
2012-10-18 04:00:00,1.34
2012-10-18 04:30:00,0.706
2012-10-18 05:00:00,0.024
2012-10-18 05:30:00,0.024
2012-10-18 06:00:00,0.898
2012-10-18 06:30:00,0.765
2012-10-18 07:00:00,0.024
2012-10-18 07:30:00,0.024
2012-10-18 08:00:00,0.018
2012-10-18 08:30:00,0.026
2012-10-18 09:00:00,0.024
2012-10-18 09:30:00,0.024
2012-10-18 10:00:00,0.017
2012-10-18 10:30:00,0.023
2012-10-18 11:00:00,0.023
2012-10-18 11:30:00,0.024
2012-10-18 12:00:00,0.019
2012-10-18 12:30:00,0.02
2012-10-18 13:00:00,0.024
2012-10-18 13:30:00,0.023
2012-10-18 14:00:00,0.023
2012-10-18 14:30:00,0.023
2012-10-18 15:00:00,0.024
2012-10-18 15:30:00,0.024
2012-10-18 16:00:00,0.022
2012-10-18 16:30:00,0.017
2012-10-18 17:00:00,0.024
2012-10-18 17:30:00,0.027
2012-10-18 18:00:00,0.058
2012-10-18 18:30:00,0.066
2012-10-18 19:00:00,0.076
2012-10-18 19:30:00,0.075
2012-10-18 20:00:00,0.076
2012-10-18 20:30:00,0.064
2012-10-18 21:00:00,0.052
2012-10-18 21:30:00,0.054
2012-10-18 22:00:00,0.037
2012-10-18 22:30:00,0.019
2012-10-18 23:00:00,0.02
2012-10-18 23:30:00,0.025
2012-10-19 00:00:00,0.025
2012-10-19 00:30:00,1.23
2012-10-19 01:00:00,2.1340001
2012-10-19 01:30:00,1.9170001
2012-10-19 02:00:00,1.392
2012-10-19 02:30:00,1.3660001
2012-10-19 03:00:00,1.214
2012-10-19 03:30:00,1.347
2012-10-19 04:00:00,1.221
2012-10-19 04:30:00,0.884
2012-10-19 05:00:00,0.017
2012-10-19 05:30:00,0.024
2012-10-19 06:00:00,0.716
2012-10-19 06:30:00,1.036
2012-10-19 07:00:00,0.016
2012-10-19 07:30:00,0.024
2012-10-19 08:00:00,0.026
2012-10-19 08:30:00,0.027
2012-10-19 09:00:00,0.015
2012-10-19 09:30:00,0.024
2012-10-19 10:00:00,0.024
2012-10-19 10:30:00,0.024
2012-10-19 11:00:00,0.018
2012-10-19 11:30:00,0.021
2012-10-19 12:00:00,0.024
2012-10-19 12:30:00,0.025
2012-10-19 13:00:00,0.018
2012-10-19 13:30:00,0.02
2012-10-19 14:00:00,0.027
2012-10-19 14:30:00,0.026
2012-10-19 15:00:00,0.02
2012-10-19 15:30:00,0.019
2012-10-19 16:00:00,0.024
2012-10-19 16:30:00,0.024
2012-10-19 17:00:00,0.02
2012-10-19 17:30:00,0.022
2012-10-19 18:00:00,0.059
2012-10-19 18:30:00,0.075
2012-10-19 19:00:00,0.074
2012-10-19 19:30:00,0.068
2012-10-19 20:00:00,0.074
2012-10-19 20:30:00,0.071
2012-10-19 21:00:00,0.053
2012-10-19 21:30:00,0.047
2012-10-19 22:00:00,0.037
2012-10-19 22:30:00,0.024
2012-10-19 23:00:00,0.023
2012-10-19 23:30:00,0.017
2012-10-20 00:00:00,0.025
2012-10-20 00:30:00,1.223
2012-10-20 01:00:00,2.0369999
2012-10-20 01:30:00,2.0120001
2012-10-20 02:00:00,1.429
2012-10-20 02:30:00,1.22
2012-10-20 03:00:00,1.411
2012-10-20 03:30:00,1.215
2012-10-20 04:00:00,1.217
2012-10-20 04:30:00,0.724
2012-10-20 05:00:00,0.022
2012-10-20 05:30:00,0.707
2012-10-20 06:00:00,0.604
2012-10-20 06:30:00,0.024
2012-10-20 07:00:00,0.386
2012-10-20 07:30:00,0.016
2012-10-20 08:00:00,0.027
2012-10-20 08:30:00,0.027
2012-10-20 09:00:00,0.024
2012-10-20 09:30:00,0.015
2012-10-20 10:00:00,0.024
2012-10-20 10:30:00,0.024
2012-10-20 11:00:00,0.024
2012-10-20 11:30:00,0.015
2012-10-20 12:00:00,0.024
2012-10-20 12:30:00,0.025
2012-10-20 13:00:00,0.024
2012-10-20 13:30:00,0.015
2012-10-20 14:00:00,0.027
2012-10-20 14:30:00,0.028
2012-10-20 15:00:00,0.024
2012-10-20 15:30:00,0.017
2012-10-20 16:00:00,0.022
2012-10-20 16:30:00,0.024
2012-10-20 17:00:00,0.024
2012-10-20 17:30:00,0.021
2012-10-20 18:00:00,0.057
2012-10-20 18:30:00,0.075
2012-10-20 19:00:00,0.075
2012-10-20 19:30:00,0.07
2012-10-20 20:00:00,0.071
2012-10-20 20:30:00,0.071
2012-10-20 21:00:00,0.055
2012-10-20 21:30:00,0.05
2012-10-20 22:00:00,0.033
2012-10-20 22:30:00,0.024
2012-10-20 23:00:00,0.025
2012-10-20 23:30:00,0.02
2012-10-21 00:00:00,0.02
2012-10-21 00:30:00,1.225
2012-10-21 01:00:00,2.0929999
2012-10-21 01:30:00,1.891
2012-10-21 02:00:00,1.395
2012-10-21 02:30:00,1.391
2012-10-21 03:00:00,1.228
2012-10-21 03:30:00,1.23
2012-10-21 04:00:00,1.355
2012-10-21 04:30:00,0.73
2012-10-21 05:00:00,0.024
2012-10-21 05:30:00,0.437
2012-10-21 06:00:00,1.199
2012-10-21 06:30:00,0.406
2012-10-21 07:00:00,0.025
2012-10-21 07:30:00,0.02
2012-10-21 08:00:00,0.022
2012-10-21 08:30:00,0.027
2012-10-21 09:00:00,0.024
2012-10-21 09:30:00,0.021
2012-10-21 10:00:00,0.019
2012-10-21 10:30:00,0.03
2012-10-21 11:00:00,0.025
2012-10-21 11:30:00,0.051
2012-10-21 12:00:00,0.048
2012-10-21 12:30:00,0.027
2012-10-21 13:00:00,0.027
2012-10-21 13:30:00,0.043
2012-10-21 14:00:00,0.024
2012-10-21 14:30:00,0.025
2012-10-21 15:00:00,0.035
2012-10-21 15:30:00,0.042
2012-10-21 16:00:00,0.091
2012-10-21 16:30:00,0.105
2012-10-21 17:00:00,0.129
2012-10-21 17:30:00,0.138
2012-10-21 18:00:00,0.135
2012-10-21 18:30:00,0.14
2012-10-21 19:00:00,0.126
2012-10-21 19:30:00,0.136
2012-10-21 20:00:00,0.123
2012-10-21 20:30:00,0.153
2012-10-21 21:00:00,0.096
2012-10-21 21:30:00,0.056
2012-10-21 22:00:00,0.062
2012-10-21 22:30:00,0.097
2012-10-21 23:00:00,0.06
2012-10-21 23:30:00,0.056
2012-10-22 00:00:00,0.091
2012-10-22 00:30:00,2.0580001
2012-10-22 01:00:00,2.948
2012-10-22 01:30:00,2.7739999
2012-10-22 02:00:00,2.2279999
2012-10-22 02:30:00,2.1919999
2012-10-22 03:00:00,2.063
2012-10-22 03:30:00,2.0469999
2012-10-22 04:00:00,2.217
2012-10-22 04:30:00,1.626
2012-10-22 05:00:00,0.878
2012-10-22 05:30:00,0.889
2012-10-22 06:00:00,2.744
2012-10-22 06:30:00,1.265
2012-10-22 07:00:00,0.911
2012-10-22 07:30:00,0.037
2012-10-22 08:00:00,0.028
2012-10-22 08:30:00,0.022
2012-10-22 09:00:00,0.025
2012-10-22 09:30:00,0.026
2012-10-22 10:00:00,0.025
2012-10-22 10:30:00,0.024
2012-10-22 11:00:00,0.018
2012-10-22 11:30:00,0.036
2012-10-22 12:00:00,0.08
2012-10-22 12:30:00,0.026
2012-10-22 13:00:00,0.022
2012-10-22 13:30:00,0.163
2012-10-22 14:00:00,0.103
2012-10-22 14:30:00,0.104
2012-10-22 15:00:00,0.104
2012-10-22 15:30:00,0.092
2012-10-22 16:00:00,0.061
2012-10-22 16:30:00,0.152
2012-10-22 17:00:00,0.207
2012-10-22 17:30:00,0.17
2012-10-22 18:00:00,0.13
2012-10-22 18:30:00,0.136
2012-10-22 19:00:00,0.075
2012-10-22 19:30:00,0.162
2012-10-22 20:00:00,0.105
2012-10-22 20:30:00,0.091
2012-10-22 21:00:00,0.023
2012-10-22 21:30:00,0.053
2012-10-22 22:00:00,0.059
2012-10-22 22:30:00,0.027
2012-10-22 23:00:00,0.06
2012-10-22 23:30:00,0.055
2012-10-23 00:00:00,0.021
2012-10-23 00:30:00,2.0350001
2012-10-23 01:00:00,2.7839999
2012-10-23 01:30:00,3.5079999
2012-10-23 02:00:00,3.546
2012-10-23 02:30:00,2.4660001
2012-10-23 03:00:00,2.05
2012-10-23 03:30:00,2.223
2012-10-23 04:00:00,2.1270001
2012-10-23 04:30:00,1.4
2012-10-23 05:00:00,0.916
2012-10-23 05:30:00,1.6059999
2012-10-23 06:00:00,1.87
2012-10-23 06:30:00,0.729
2012-10-23 07:00:00,0.836
2012-10-23 07:30:00,0.035
2012-10-23 08:00:00,0.029
2012-10-23 08:30:00,0.042
2012-10-23 09:00:00,0.023
2012-10-23 09:30:00,0.027
2012-10-23 10:00:00,0.026
2012-10-23 10:30:00,0.027
2012-10-23 11:00:00,0.019
2012-10-23 11:30:00,0.025
2012-10-23 12:00:00,0.03
2012-10-23 12:30:00,0.026
2012-10-23 13:00:00,0.025
2012-10-23 13:30:00,0.019
2012-10-23 14:00:00,0.046
2012-10-23 14:30:00,0.029
2012-10-23 15:00:00,0.026
2012-10-23 15:30:00,0.023
2012-10-23 16:00:00,0.02
2012-10-23 16:30:00,0.053
2012-10-23 17:00:00,0.077
2012-10-23 17:30:00,0.147
2012-10-23 18:00:00,0.131
2012-10-23 18:30:00,0.088
2012-10-23 19:00:00,0.091
2012-10-23 19:30:00,0.141
2012-10-23 20:00:00,0.121
2012-10-23 20:30:00,0.071
2012-10-23 21:00:00,0.031
2012-10-23 21:30:00,0.026
2012-10-23 22:00:00,0.026
2012-10-23 22:30:00,0.021
2012-10-23 23:00:00,0.022
2012-10-23 23:30:00,0.026
2012-10-24 00:00:00,0.026
2012-10-24 00:30:00,2.0120001
2012-10-24 01:00:00,2.8559999
2012-10-24 01:30:00,3.175
2012-10-24 02:00:00,2.26
2012-10-24 02:30:00,2.04
2012-10-24 03:00:00,2.158
2012-10-24 03:30:00,2.017
2012-10-24 04:00:00,2.2019999
2012-10-24 04:30:00,1.676
2012-10-24 05:00:00,0.822
2012-10-24 05:30:00,0.819
2012-10-24 06:00:00,1.1210001
2012-10-24 06:30:00,1.505
2012-10-24 07:00:00,0.979
2012-10-24 07:30:00,0.038
2012-10-24 08:00:00,0.026
2012-10-24 08:30:00,0.032
2012-10-24 09:00:00,0.027
2012-10-24 09:30:00,0.026
2012-10-24 10:00:00,0.023
2012-10-24 10:30:00,0.019
2012-10-24 11:00:00,0.027
2012-10-24 11:30:00,0.026
2012-10-24 12:00:00,0.04
2012-10-24 12:30:00,0.029
2012-10-24 13:00:00,0.038
2012-10-24 13:30:00,0.045
2012-10-24 14:00:00,0.03
2012-10-24 14:30:00,0.03
2012-10-24 15:00:00,0.069
2012-10-24 15:30:00,0.031
2012-10-24 16:00:00,0.051
2012-10-24 16:30:00,0.101
2012-10-24 17:00:00,0.125
2012-10-24 17:30:00,0.137
2012-10-24 18:00:00,0.123
2012-10-24 18:30:00,0.086
2012-10-24 19:00:00,0.084
2012-10-24 19:30:00,0.138
2012-10-24 20:00:00,0.133
2012-10-24 20:30:00,0.085
2012-10-24 21:00:00,0.041
2012-10-24 21:30:00,0.033
2012-10-24 22:00:00,0.026
2012-10-24 22:30:00,0.026
2012-10-24 23:00:00,0.024
2012-10-24 23:30:00,0.02
2012-10-25 00:00:00,0.026
2012-10-25 00:30:00,2.0179999
2012-10-25 01:00:00,2.855
2012-10-25 01:30:00,2.802
2012-10-25 02:00:00,2.148
2012-10-25 02:30:00,2.0239999
2012-10-25 03:00:00,2.152
2012-10-25 03:30:00,2.095
2012-10-25 04:00:00,2.066
2012-10-25 04:30:00,1.324
2012-10-25 05:00:00,0.833
2012-10-25 05:30:00,0.836
2012-10-25 06:00:00,1.869
2012-10-25 06:30:00,1.308
2012-10-25 07:00:00,0.762
2012-10-25 07:30:00,0.036
2012-10-25 08:00:00,0.061
2012-10-25 08:30:00,0.07
2012-10-25 09:00:00,0.034
2012-10-25 09:30:00,0.035
2012-10-25 10:00:00,0.038
2012-10-25 10:30:00,0.042
2012-10-25 11:00:00,0.04
2012-10-25 11:30:00,0.034
2012-10-25 12:00:00,0.037
2012-10-25 12:30:00,0.038
2012-10-25 13:00:00,0.039
2012-10-25 13:30:00,0.032
2012-10-25 14:00:00,0.031
2012-10-25 14:30:00,0.042
2012-10-25 15:00:00,0.027
2012-10-25 15:30:00,0.028
2012-10-25 16:00:00,0.026
2012-10-25 16:30:00,0.074
2012-10-25 17:00:00,0.139
2012-10-25 17:30:00,0.141
2012-10-25 18:00:00,0.106
2012-10-25 18:30:00,0.078
2012-10-25 19:00:00,0.072
2012-10-25 19:30:00,0.127
2012-10-25 20:00:00,0.132
2012-10-25 20:30:00,0.09
2012-10-25 21:00:00,0.047
2012-10-25 21:30:00,0.029
2012-10-25 22:00:00,0.027
2012-10-25 22:30:00,0.028
2012-10-25 23:00:00,0.028
2012-10-25 23:30:00,0.02
2012-10-26 00:00:00,0.025
2012-10-26 00:30:00,2.027
2012-10-26 01:00:00,2.7609999
2012-10-26 01:30:00,3.4400001
2012-10-26 02:00:00,3.4579999
2012-10-26 02:30:00,2.2
2012-10-26 03:00:00,2.276
2012-10-26 03:30:00,2.0320001
2012-10-26 04:00:00,2.1559999
2012-10-26 04:30:00,1.9680001
2012-10-26 05:00:00,1.001
2012-10-26 05:30:00,0.861
2012-10-26 06:00:00,1.279
2012-10-26 06:30:00,2.0510001
2012-10-26 07:00:00,1.5140001
2012-10-26 07:30:00,0.122
2012-10-26 08:00:00,0.043
2012-10-26 08:30:00,0.025
2012-10-26 09:00:00,0.04
2012-10-26 09:30:00,0.038
2012-10-26 10:00:00,0.039
2012-10-26 10:30:00,0.037
2012-10-26 11:00:00,0.031
2012-10-26 11:30:00,0.038
2012-10-26 12:00:00,0.225
2012-10-26 12:30:00,0.134
2012-10-26 13:00:00,0.025
2012-10-26 13:30:00,0.025
2012-10-26 14:00:00,0.038
2012-10-26 14:30:00,0.03
2012-10-26 15:00:00,0.027
2012-10-26 15:30:00,0.022
2012-10-26 16:00:00,0.023
2012-10-26 16:30:00,0.078
2012-10-26 17:00:00,0.14
2012-10-26 17:30:00,0.135
2012-10-26 18:00:00,0.122
2012-10-26 18:30:00,0.077
2012-10-26 19:00:00,0.119
2012-10-26 19:30:00,0.124
2012-10-26 20:00:00,0.124
2012-10-26 20:30:00,0.093
2012-10-26 21:00:00,0.087
2012-10-26 21:30:00,0.066
2012-10-26 22:00:00,0.059
2012-10-26 22:30:00,0.059
2012-10-26 23:00:00,0.063
2012-10-26 23:30:00,0.064
2012-10-27 00:00:00,0.063
2012-10-27 00:30:00,2.0220001
2012-10-27 01:00:00,2.829
2012-10-27 01:30:00,3.1289999
2012-10-27 02:00:00,2.2969999
2012-10-27 02:30:00,2.0550001
2012-10-27 03:00:00,2.2130001
2012-10-27 03:30:00,2.125
2012-10-27 04:00:00,2.223
2012-10-27 04:30:00,2.072
2012-10-27 05:00:00,1.376
2012-10-27 05:30:00,0.86
2012-10-27 06:00:00,1.177
2012-10-27 06:30:00,1.7
2012-10-27 07:00:00,1.737
2012-10-27 07:30:00,0.124
2012-10-27 08:00:00,0.069
2012-10-27 08:30:00,0.102
2012-10-27 09:00:00,0.07
2012-10-27 09:30:00,0.115
2012-10-27 10:00:00,0.103
2012-10-27 10:30:00,0.064
2012-10-27 11:00:00,0.101
2012-10-27 11:30:00,0.088
2012-10-27 12:00:00,0.107
2012-10-27 12:30:00,0.071
2012-10-27 13:00:00,0.104
2012-10-27 13:30:00,0.092
2012-10-27 14:00:00,0.112
2012-10-27 14:30:00,0.089
2012-10-27 15:00:00,0.089
2012-10-27 15:30:00,0.104
2012-10-27 16:00:00,0.085
2012-10-27 16:30:00,0.113
2012-10-27 17:00:00,0.157
2012-10-27 17:30:00,0.138
2012-10-27 18:00:00,0.19
2012-10-27 18:30:00,0.208
2012-10-27 19:00:00,0.203
2012-10-27 19:30:00,0.167
2012-10-27 20:00:00,0.23
2012-10-27 20:30:00,0.177
2012-10-27 21:00:00,0.176
2012-10-27 21:30:00,0.149
2012-10-27 22:00:00,0.148
2012-10-27 22:30:00,0.148
2012-10-27 23:00:00,0.147
2012-10-27 23:30:00,0.145
2012-10-28 00:00:00,0.15
2012-10-28 00:30:00,2.1659999
2012-10-28 01:00:00,3.043
2012-10-28 01:30:00,3.029
2012-10-28 02:00:00,2.1329999
2012-10-28 02:30:00,2.3139999
2012-10-28 03:00:00,2.1659999
2012-10-28 03:30:00,2.3510001
2012-10-28 04:00:00,2.158
2012-10-28 04:30:00,2.132
2012-10-28 05:00:00,1.6109999
2012-10-28 05:30:00,0.96
2012-10-28 06:00:00,1.345
2012-10-28 06:30:00,2.0940001
2012-10-28 07:00:00,1.079
2012-10-28 07:30:00,0.112
2012-10-28 08:00:00,0.072
2012-10-28 08:30:00,0.063
2012-10-28 09:00:00,0.118
2012-10-28 09:30:00,0.08
2012-10-28 10:00:00,0.111
2012-10-28 10:30:00,0.06
2012-10-28 11:00:00,0.107
2012-10-28 11:30:00,0.091
2012-10-28 12:00:00,0.071
2012-10-28 12:30:00,0.342
2012-10-28 13:00:00,0.112
2012-10-28 13:30:00,0.129
2012-10-28 14:00:00,0.097
2012-10-28 14:30:00,0.099
2012-10-28 15:00:00,0.072
2012-10-28 15:30:00,0.129
2012-10-28 16:00:00,0.109
2012-10-28 16:30:00,0.193
2012-10-28 17:00:00,0.162
2012-10-28 17:30:00,0.188
2012-10-28 18:00:00,0.227
2012-10-28 18:30:00,0.184
2012-10-28 19:00:00,0.209
2012-10-28 19:30:00,0.313
2012-10-28 20:00:00,0.288
2012-10-28 20:30:00,0.332
2012-10-28 21:00:00,0.317
2012-10-28 21:30:00,0.272
2012-10-28 22:00:00,0.213
2012-10-28 22:30:00,0.222
2012-10-28 23:00:00,0.198
2012-10-28 23:30:00,0.204
2012-10-29 00:00:00,0.183
2012-10-29 00:30:00,2.142
2012-10-29 01:00:00,2.997
2012-10-29 01:30:00,3.6170001
2012-10-29 02:00:00,3.5710001
2012-10-29 02:30:00,2.5309999
2012-10-29 03:00:00,2.276
2012-10-29 03:30:00,2.3329999
2012-10-29 04:00:00,2.1689999
2012-10-29 04:30:00,2.3180001
2012-10-29 05:00:00,1.336
2012-10-29 05:30:00,0.975
2012-10-29 06:00:00,1.224
2012-10-29 06:30:00,2.098
2012-10-29 07:00:00,1.557
2012-10-29 07:30:00,0.194
2012-10-29 08:00:00,0.042
2012-10-29 08:30:00,0.031
2012-10-29 09:00:00,0.026
2012-10-29 09:30:00,0.017
2012-10-29 10:00:00,0.026
2012-10-29 10:30:00,0.03
2012-10-29 11:00:00,0.032
2012-10-29 11:30:00,0.022
2012-10-29 12:00:00,0.021
2012-10-29 12:30:00,0.054
2012-10-29 13:00:00,0.078
2012-10-29 13:30:00,0.027
2012-10-29 14:00:00,0.027
2012-10-29 14:30:00,0.04
2012-10-29 15:00:00,0.027
2012-10-29 15:30:00,0.027
2012-10-29 16:00:00,0.092
2012-10-29 16:30:00,0.083
2012-10-29 17:00:00,0.093
2012-10-29 17:30:00,0.092
2012-10-29 18:00:00,0.118
2012-10-29 18:30:00,0.178
2012-10-29 19:00:00,0.169
2012-10-29 19:30:00,0.122
2012-10-29 20:00:00,0.128
2012-10-29 20:30:00,0.127
2012-10-29 21:00:00,0.124
2012-10-29 21:30:00,0.16
2012-10-29 22:00:00,0.152
2012-10-29 22:30:00,0.094
2012-10-29 23:00:00,0.082
2012-10-29 23:30:00,0.062
2012-10-30 00:00:00,0.069
2012-10-30 00:30:00,2.062
2012-10-30 01:00:00,2.835
2012-10-30 01:30:00,3.283
2012-10-30 02:00:00,2.1670001
2012-10-30 02:30:00,2.082
2012-10-30 03:00:00,2.2320001
2012-10-30 03:30:00,2.036
2012-10-30 04:00:00,2.1960001
2012-10-30 04:30:00,2.0869999
2012-10-30 05:00:00,1.071
2012-10-30 05:30:00,0.88
2012-10-30 06:00:00,1.0319999
2012-10-30 06:30:00,2.0680001
2012-10-30 07:00:00,1.855
2012-10-30 07:30:00,0.204
2012-10-30 08:00:00,0.037
2012-10-30 08:30:00,0.029
2012-10-30 09:00:00,0.027
2012-10-30 09:30:00,0.031
2012-10-30 10:00:00,0.019
2012-10-30 10:30:00,0.026
2012-10-30 11:00:00,0.027
2012-10-30 11:30:00,0.026
2012-10-30 12:00:00,0.019
2012-10-30 12:30:00,0.025
2012-10-30 13:00:00,0.026
2012-10-30 13:30:00,0.026
2012-10-30 14:00:00,0.026
2012-10-30 14:30:00,0.024
2012-10-30 15:00:00,0.044
2012-10-30 15:30:00,0.035
2012-10-30 16:00:00,0.035
2012-10-30 16:30:00,0.046
2012-10-30 17:00:00,0.056
2012-10-30 17:30:00,0.121
2012-10-30 18:00:00,0.147
2012-10-30 18:30:00,0.139
2012-10-30 19:00:00,0.09
2012-10-30 19:30:00,0.115
2012-10-30 20:00:00,0.089
2012-10-30 20:30:00,0.129
2012-10-30 21:00:00,0.125
2012-10-30 21:30:00,0.058
2012-10-30 22:00:00,0.027
2012-10-30 22:30:00,0.022
2012-10-30 23:00:00,0.022
2012-10-30 23:30:00,0.027
2012-10-31 00:00:00,0.027
2012-10-31 00:30:00,1.979
2012-10-31 01:00:00,2.8759999
2012-10-31 01:30:00,3.437
2012-10-31 02:00:00,3.425
2012-10-31 02:30:00,2.174
2012-10-31 03:00:00,2.1400001
2012-10-31 03:30:00,2.1400001
2012-10-31 04:00:00,2.0150001
2012-10-31 04:30:00,1.677
2012-10-31 05:00:00,0.83
2012-10-31 05:30:00,1.1059999
2012-10-31 06:00:00,1.9680001
2012-10-31 06:30:00,1.025
2012-10-31 07:00:00,1.05
2012-10-31 07:30:00,0.028
2012-10-31 08:00:00,0.029
2012-10-31 08:30:00,0.026
2012-10-31 09:00:00,0.031
2012-10-31 09:30:00,0.026
2012-10-31 10:00:00,0.027
2012-10-31 10:30:00,0.02
2012-10-31 11:00:00,0.026
2012-10-31 11:30:00,0.027
2012-10-31 12:00:00,0.036
2012-10-31 12:30:00,0.022
2012-10-31 13:00:00,0.067
2012-10-31 13:30:00,0.027
2012-10-31 14:00:00,0.03
2012-10-31 14:30:00,0.027
2012-10-31 15:00:00,0.021
2012-10-31 15:30:00,0.027
2012-10-31 16:00:00,0.027
2012-10-31 16:30:00,0.041
2012-10-31 17:00:00,0.085
2012-10-31 17:30:00,0.115
2012-10-31 18:00:00,0.149
2012-10-31 18:30:00,0.112
2012-10-31 19:00:00,0.085
2012-10-31 19:30:00,0.086
2012-10-31 20:00:00,0.088
2012-10-31 20:30:00,0.134
2012-10-31 21:00:00,0.126
2012-10-31 21:30:00,0.036
2012-10-31 22:00:00,0.027
2012-10-31 22:30:00,0.027
2012-10-31 23:00:00,0.025
2012-10-31 23:30:00,0.019
2012-11-01 00:00:00,0.027
2012-11-01 00:30:00,2.0050001
2012-11-01 01:00:00,2.858
2012-11-01 01:30:00,3.003
2012-11-01 02:00:00,2.1489999
2012-11-01 02:30:00,2.0090001
2012-11-01 03:00:00,2.2030001
2012-11-01 03:30:00,2.02
2012-11-01 04:00:00,2.0239999
2012-11-01 04:30:00,2.2119999
2012-11-01 05:00:00,1.063
2012-11-01 05:30:00,0.823
2012-11-01 06:00:00,0.823
2012-11-01 06:30:00,1.808
2012-11-01 07:00:00,1.058
2012-11-01 07:30:00,0.023
2012-11-01 08:00:00,0.03
2012-11-01 08:30:00,0.029
2012-11-01 09:00:00,0.023
2012-11-01 09:30:00,0.022
2012-11-01 10:00:00,0.027
2012-11-01 10:30:00,0.027
2012-11-01 11:00:00,0.026
2012-11-01 11:30:00,0.185
2012-11-01 12:00:00,0.026
2012-11-01 12:30:00,0.025
2012-11-01 13:00:00,0.075
2012-11-01 13:30:00,0.018
2012-11-01 14:00:00,0.028
2012-11-01 14:30:00,0.029
2012-11-01 15:00:00,0.027
2012-11-01 15:30:00,0.018
2012-11-01 16:00:00,0.024
2012-11-01 16:30:00,0.043
2012-11-01 17:00:00,0.076
2012-11-01 17:30:00,0.096
2012-11-01 18:00:00,0.134
2012-11-01 18:30:00,0.101
2012-11-01 19:00:00,0.084
2012-11-01 19:30:00,0.072
2012-11-01 20:00:00,0.069
2012-11-01 20:30:00,0.135
2012-11-01 21:00:00,0.113
2012-11-01 21:30:00,0.028
2012-11-01 22:00:00,0.018
2012-11-01 22:30:00,0.025
2012-11-01 23:00:00,0.025
2012-11-01 23:30:00,0.056
2012-11-02 00:00:00,0.018
2012-11-02 00:30:00,1.999
2012-11-02 01:00:00,2.756
2012-11-02 01:30:00,2.882
2012-11-02 02:00:00,2.135
2012-11-02 02:30:00,2.039
2012-11-02 03:00:00,2.1470001
2012-11-02 03:30:00,2.131
2012-11-02 04:00:00,2.523
2012-11-02 04:30:00,2.099
2012-11-02 05:00:00,0.968
2012-11-02 05:30:00,0.853
2012-11-02 06:00:00,1.804
2012-11-02 06:30:00,0.927
2012-11-02 07:00:00,1.194
2012-11-02 07:30:00,0.05
2012-11-02 08:00:00,0.026
2012-11-02 08:30:00,0.028
2012-11-02 09:00:00,0.026
2012-11-02 09:30:00,0.017
2012-11-02 10:00:00,0.03
2012-11-02 10:30:00,0.057
2012-11-02 11:00:00,0.049
2012-11-02 11:30:00,0.017
2012-11-02 12:00:00,0.033
2012-11-02 12:30:00,0.043
2012-11-02 13:00:00,0.08
2012-11-02 13:30:00,0.019
2012-11-02 14:00:00,0.027
2012-11-02 14:30:00,0.029
2012-11-02 15:00:00,0.026
2012-11-02 15:30:00,0.018
2012-11-02 16:00:00,0.025
2012-11-02 16:30:00,0.042
2012-11-02 17:00:00,0.093
2012-11-02 17:30:00,0.289
2012-11-02 18:00:00,0.165
2012-11-02 18:30:00,0.107
2012-11-02 19:00:00,0.109
2012-11-02 19:30:00,0.109
2012-11-02 20:00:00,0.084
2012-11-02 20:30:00,0.087
2012-11-02 21:00:00,0.114
2012-11-02 21:30:00,0.034
2012-11-02 22:00:00,0.024
2012-11-02 22:30:00,0.025
2012-11-02 23:00:00,0.056
2012-11-02 23:30:00,0.016
2012-11-03 00:00:00,0.056
2012-11-03 00:30:00,1.983
2012-11-03 01:00:00,2.9489999
2012-11-03 01:30:00,3.438
2012-11-03 02:00:00,3.4879999
2012-11-03 02:30:00,2.2590001
2012-11-03 03:00:00,2.052
2012-11-03 03:30:00,2.178
2012-11-03 04:00:00,2.148
2012-11-03 04:30:00,2.016
2012-11-03 05:00:00,1.15
2012-11-03 05:30:00,0.862
2012-11-03 06:00:00,1.457
2012-11-03 06:30:00,2.0610001
2012-11-03 07:00:00,1.446
2012-11-03 07:30:00,0.058
2012-11-03 08:00:00,0.029
2012-11-03 08:30:00,0.061
2012-11-03 09:00:00,0.057
2012-11-03 09:30:00,0.026
2012-11-03 10:00:00,0.026
2012-11-03 10:30:00,0.06
2012-11-03 11:00:00,0.017
2012-11-03 11:30:00,0.026
2012-11-03 12:00:00,0.033
2012-11-03 12:30:00,0.036
2012-11-03 13:00:00,0.026
2012-11-03 13:30:00,0.027
2012-11-03 14:00:00,0.029
2012-11-03 14:30:00,0.03
2012-11-03 15:00:00,0.017
2012-11-03 15:30:00,0.026
2012-11-03 16:00:00,0.026
2012-11-03 16:30:00,0.043
2012-11-03 17:00:00,0.068
2012-11-03 17:30:00,0.075
2012-11-03 18:00:00,0.089
2012-11-03 18:30:00,0.095
2012-11-03 19:00:00,0.084
2012-11-03 19:30:00,0.086
2012-11-03 20:00:00,0.12
2012-11-03 20:30:00,0.139
2012-11-03 21:00:00,0.059
2012-11-03 21:30:00,0.062
2012-11-03 22:00:00,0.025
2012-11-03 22:30:00,0.024
2012-11-03 23:00:00,0.047
2012-11-03 23:30:00,0.025
2012-11-04 00:00:00,0.056
2012-11-04 00:30:00,2.03
2012-11-04 01:00:00,2.868
2012-11-04 01:30:00,3.1760001
2012-11-04 02:00:00,2.0599999
2012-11-04 02:30:00,2.1730001
2012-11-04 03:00:00,2.1919999
2012-11-04 03:30:00,2.017
2012-11-04 04:00:00,2.1930001
2012-11-04 04:30:00,2.082
2012-11-04 05:00:00,1.304
2012-11-04 05:30:00,0.877
2012-11-04 06:00:00,0.934
2012-11-04 06:30:00,1.999
2012-11-04 07:00:00,1.261
2012-11-04 07:30:00,0.059
2012-11-04 08:00:00,0.061
2012-11-04 08:30:00,0.053
2012-11-04 09:00:00,0.041
2012-11-04 09:30:00,0.07
2012-11-04 10:00:00,0.032
2012-11-04 10:30:00,0.067
2012-11-04 11:00:00,0.036
2012-11-04 11:30:00,0.07
2012-11-04 12:00:00,0.039
2012-11-04 12:30:00,0.073
2012-11-04 13:00:00,0.03
2012-11-04 13:30:00,0.058
2012-11-04 14:00:00,0.027
2012-11-04 14:30:00,0.06
2012-11-04 15:00:00,0.057
2012-11-04 15:30:00,0.058
2012-11-04 16:00:00,0.058
2012-11-04 16:30:00,0.07
2012-11-04 17:00:00,0.129
2012-11-04 17:30:00,0.138
2012-11-04 18:00:00,0.17
2012-11-04 18:30:00,0.156
2012-11-04 19:00:00,0.139
2012-11-04 19:30:00,0.098
2012-11-04 20:00:00,0.138
2012-11-04 20:30:00,0.172
2012-11-04 21:00:00,0.16
2012-11-04 21:30:00,0.071
2012-11-04 22:00:00,0.058
2012-11-04 22:30:00,0.055
2012-11-04 23:00:00,0.062
2012-11-04 23:30:00,0.062
2012-11-05 00:00:00,0.055
2012-11-05 00:30:00,2.079
2012-11-05 01:00:00,2.779
2012-11-05 01:30:00,3.0680001
2012-11-05 02:00:00,2.2190001
2012-11-05 02:30:00,2.049
2012-11-05 03:00:00,2.2149999
2012-11-05 03:30:00,2.079
2012-11-05 04:00:00,2.2390001
2012-11-05 04:30:00,2.085
2012-11-05 05:00:00,1.502
2012-11-05 05:30:00,0.889
2012-11-05 06:00:00,1.051
2012-11-05 06:30:00,2.006
2012-11-05 07:00:00,1.3380001
2012-11-05 07:30:00,0.057
2012-11-05 08:00:00,0.097
2012-11-05 08:30:00,0.062
2012-11-05 09:00:00,0.05
2012-11-05 09:30:00,0.093
2012-11-05 10:00:00,0.065
2012-11-05 10:30:00,0.059
2012-11-05 11:00:00,0.052
2012-11-05 11:30:00,0.061
2012-11-05 12:00:00,0.06
2012-11-05 12:30:00,0.057
2012-11-05 13:00:00,0.024
2012-11-05 13:30:00,0.056
2012-11-05 14:00:00,0.082
2012-11-05 14:30:00,0.074
2012-11-05 15:00:00,0.023
2012-11-05 15:30:00,0.059
2012-11-05 16:00:00,0.025
2012-11-05 16:30:00,0.069
2012-11-05 17:00:00,0.076
2012-11-05 17:30:00,0.147
2012-11-05 18:00:00,0.146
2012-11-05 18:30:00,0.14
2012-11-05 19:00:00,0.206
2012-11-05 19:30:00,0.125
2012-11-05 20:00:00,0.179
2012-11-05 20:30:00,0.093
2012-11-05 21:00:00,0.16
2012-11-05 21:30:00,0.075
2012-11-05 22:00:00,0.07
2012-11-05 22:30:00,0.015
2012-11-05 23:00:00,0.069
2012-11-05 23:30:00,0.059
2012-11-06 00:00:00,0.056
2012-11-06 00:30:00,2.8099999
2012-11-06 01:00:00,3.681
2012-11-06 01:30:00,4.2849998
2012-11-06 02:00:00,4.2600002
2012-11-06 02:30:00,3.2709999
2012-11-06 03:00:00,2.987
2012-11-06 03:30:00,2.971
2012-11-06 04:00:00,2.842
2012-11-06 04:30:00,3.02
2012-11-06 05:00:00,2.46
2012-11-06 05:30:00,1.628
2012-11-06 06:00:00,1.835
2012-11-06 06:30:00,2.7379999
2012-11-06 07:00:00,1.874
2012-11-06 07:30:00,0.052
2012-11-06 08:00:00,0.289
2012-11-06 08:30:00,0.599
2012-11-06 09:00:00,0.577
2012-11-06 09:30:00,0.564
2012-11-06 10:00:00,0.574
2012-11-06 10:30:00,0.577
2012-11-06 11:00:00,0.57
2012-11-06 11:30:00,0.568
2012-11-06 12:00:00,0.545
2012-11-06 12:30:00,0.579
2012-11-06 13:00:00,0.109
2012-11-06 13:30:00,0.051
2012-11-06 14:00:00,0.027
2012-11-06 14:30:00,0.061
2012-11-06 15:00:00,0.025
2012-11-06 15:30:00,0.016
2012-11-06 16:00:00,0.067
2012-11-06 16:30:00,0.041
2012-11-06 17:00:00,0.103
2012-11-06 17:30:00,0.099
2012-11-06 18:00:00,0.146
2012-11-06 18:30:00,0.559
2012-11-06 19:00:00,0.633
2012-11-06 19:30:00,0.586
2012-11-06 20:00:00,0.595
2012-11-06 20:30:00,0.657
2012-11-06 21:00:00,0.638
2012-11-06 21:30:00,0.023
2012-11-06 22:00:00,0.025
2012-11-06 22:30:00,0.056
2012-11-06 23:00:00,0.024
2012-11-06 23:30:00,0.054
2012-11-07 00:00:00,0.024
2012-11-07 00:30:00,1.978
2012-11-07 01:00:00,2.858
2012-11-07 01:30:00,3.2130001
2012-11-07 02:00:00,2.23
2012-11-07 02:30:00,1.999
2012-11-07 03:00:00,2.1789999
2012-11-07 03:30:00,2.0599999
2012-11-07 04:00:00,2.1719999
2012-11-07 04:30:00,2.0669999
2012-11-07 05:00:00,1.176
2012-11-07 05:30:00,0.858
2012-11-07 06:00:00,1.114
2012-11-07 06:30:00,1.977
2012-11-07 07:00:00,1.3890001
2012-11-07 07:30:00,0.038
2012-11-07 08:00:00,0.047
2012-11-07 08:30:00,0.028
2012-11-07 09:00:00,0.066
2012-11-07 09:30:00,0.025
2012-11-07 10:00:00,0.024
2012-11-07 10:30:00,0.024
2012-11-07 11:00:00,0.024
2012-11-07 11:30:00,0.023
2012-11-07 12:00:00,0.04
2012-11-07 12:30:00,0.052
2012-11-07 13:00:00,0.071
2012-11-07 13:30:00,0.023
2012-11-07 14:00:00,0.028
2012-11-07 14:30:00,0.028
2012-11-07 15:00:00,0.02
2012-11-07 15:30:00,0.021
2012-11-07 16:00:00,0.043
2012-11-07 16:30:00,0.162
2012-11-07 17:00:00,0.238
2012-11-07 17:30:00,0.171
2012-11-07 18:00:00,0.148
2012-11-07 18:30:00,0.095
2012-11-07 19:00:00,0.096
2012-11-07 19:30:00,0.082
2012-11-07 20:00:00,0.085
2012-11-07 20:30:00,0.144
2012-11-07 21:00:00,0.126
2012-11-07 21:30:00,0.024
2012-11-07 22:00:00,0.024
2012-11-07 22:30:00,0.024
2012-11-07 23:00:00,0.022
2012-11-07 23:30:00,0.017
2012-11-08 00:00:00,0.024
2012-11-08 00:30:00,2.0179999
2012-11-08 01:00:00,2.8099999
2012-11-08 01:30:00,3.1170001
2012-11-08 02:00:00,2.211
2012-11-08 02:30:00,2.007
2012-11-08 03:00:00,2.161
2012-11-08 03:30:00,2.0079999
2012-11-08 04:00:00,2.154
2012-11-08 04:30:00,2.0090001
2012-11-08 05:00:00,1.237
2012-11-08 05:30:00,0.832
2012-11-08 06:00:00,0.836
2012-11-08 06:30:00,1.832
2012-11-08 07:00:00,1.735
2012-11-08 07:30:00,0.021
2012-11-08 08:00:00,0.027
2012-11-08 08:30:00,0.027
2012-11-08 09:00:00,0.036
2012-11-08 09:30:00,0.039
2012-11-08 10:00:00,0.03
2012-11-08 10:30:00,0.03
2012-11-08 11:00:00,0.02
2012-11-08 11:30:00,0.021
2012-11-08 12:00:00,0.037
2012-11-08 12:30:00,0.041
2012-11-08 13:00:00,0.077
2012-11-08 13:30:00,0.019
2012-11-08 14:00:00,0.028
2012-11-08 14:30:00,0.028
2012-11-08 15:00:00,0.025
2012-11-08 15:30:00,0.017
2012-11-08 16:00:00,0.046
2012-11-08 16:30:00,0.065
2012-11-08 17:00:00,0.075
2012-11-08 17:30:00,0.081
2012-11-08 18:00:00,0.153
2012-11-08 18:30:00,0.153
2012-11-08 19:00:00,0.146
2012-11-08 19:30:00,0.09
2012-11-08 20:00:00,0.091
2012-11-08 20:30:00,0.154
2012-11-08 21:00:00,0.138
2012-11-08 21:30:00,0.051
2012-11-08 22:00:00,0.036
2012-11-08 22:30:00,0.045
2012-11-08 23:00:00,0.044
2012-11-08 23:30:00,0.044
2012-11-09 00:00:00,0.036
2012-11-09 00:30:00,2.0409999
2012-11-09 01:00:00,2.8710001
2012-11-09 01:30:00,2.904
2012-11-09 02:00:00,2.1819999
2012-11-09 02:30:00,2.0339999
2012-11-09 03:00:00,2.171
2012-11-09 03:30:00,2.0420001
2012-11-09 04:00:00,2.431
2012-11-09 04:30:00,2.05
2012-11-09 05:00:00,0.99
2012-11-09 05:30:00,0.857
2012-11-09 06:00:00,0.911
2012-11-09 06:30:00,1.6289999
2012-11-09 07:00:00,1.878
2012-11-09 07:30:00,0.043
2012-11-09 08:00:00,0.04
2012-11-09 08:30:00,0.047
2012-11-09 09:00:00,0.052
2012-11-09 09:30:00,0.047
2012-11-09 10:00:00,0.024
2012-11-09 10:30:00,0.023
2012-11-09 11:00:00,0.025
2012-11-09 11:30:00,0.024
2012-11-09 12:00:00,0.019
2012-11-09 12:30:00,0.019
2012-11-09 13:00:00,0.024
2012-11-09 13:30:00,0.023
2012-11-09 14:00:00,0.024
2012-11-09 14:30:00,0.02
2012-11-09 15:00:00,0.024
2012-11-09 15:30:00,0.024
2012-11-09 16:00:00,0.023
2012-11-09 16:30:00,0.032
2012-11-09 17:00:00,0.074
2012-11-09 17:30:00,0.107
2012-11-09 18:00:00,0.135
2012-11-09 18:30:00,0.125
2012-11-09 19:00:00,0.128
2012-11-09 19:30:00,0.087
2012-11-09 20:00:00,0.137
2012-11-09 20:30:00,0.14
2012-11-09 21:00:00,0.124
2012-11-09 21:30:00,0.036
2012-11-09 22:00:00,0.024
2012-11-09 22:30:00,0.018
2012-11-09 23:00:00,0.021
2012-11-09 23:30:00,0.024
2012-11-10 00:00:00,0.025
2012-11-10 00:30:00,2.0090001
2012-11-10 01:00:00,2.868
2012-11-10 01:30:00,2.8559999
2012-11-10 02:00:00,2.227
2012-11-10 02:30:00,2.0450001
2012-11-10 03:00:00,2.154
2012-11-10 03:30:00,2.0309999
2012-11-10 04:00:00,2.184
2012-11-10 04:30:00,1.698
2012-11-10 05:00:00,0.846
2012-11-10 05:30:00,0.843
2012-11-10 06:00:00,1.699
2012-11-10 06:30:00,1.424
2012-11-10 07:00:00,0.61
2012-11-10 07:30:00,0.024
2012-11-10 08:00:00,0.027
2012-11-10 08:30:00,0.02
2012-11-10 09:00:00,0.022
2012-11-10 09:30:00,0.024
2012-11-10 10:00:00,0.025
2012-11-10 10:30:00,0.018
2012-11-10 11:00:00,0.021
2012-11-10 11:30:00,0.024
2012-11-10 12:00:00,0.024
2012-11-10 12:30:00,0.034
2012-11-10 13:00:00,0.028
2012-11-10 13:30:00,0.024
2012-11-10 14:00:00,0.028
2012-11-10 14:30:00,0.029
2012-11-10 15:00:00,0.025
2012-11-10 15:30:00,0.019
2012-11-10 16:00:00,0.023
2012-11-10 16:30:00,0.043
2012-11-10 17:00:00,0.076
2012-11-10 17:30:00,0.075
2012-11-10 18:00:00,0.068
2012-11-10 18:30:00,0.102
2012-11-10 19:00:00,0.078
2012-11-10 19:30:00,0.105
2012-11-10 20:00:00,0.139
2012-11-10 20:30:00,0.128
2012-11-10 21:00:00,0.092
2012-11-10 21:30:00,0.03
2012-11-10 22:00:00,0.025
2012-11-10 22:30:00,0.017
2012-11-10 23:00:00,0.022
2012-11-10 23:30:00,0.024
2012-11-11 00:00:00,0.024
2012-11-11 00:30:00,1.999
2012-11-11 01:00:00,2.8099999
2012-11-11 01:30:00,3.5710001
2012-11-11 02:00:00,3.5090001
2012-11-11 02:30:00,2.2839999
2012-11-11 03:00:00,2.0350001
2012-11-11 03:30:00,2.2509999
2012-11-11 04:00:00,2.1530001
2012-11-11 04:30:00,2.0439999
2012-11-11 05:00:00,1.194
2012-11-11 05:30:00,0.84
2012-11-11 06:00:00,1.228
2012-11-11 06:30:00,2.0220001
2012-11-11 07:00:00,0.963
2012-11-11 07:30:00,0.025
2012-11-11 08:00:00,0.056
2012-11-11 08:30:00,0.022
2012-11-11 09:00:00,0.052
2012-11-11 09:30:00,0.024
2012-11-11 10:00:00,0.023
2012-11-11 10:30:00,0.049
2012-11-11 11:00:00,0.02
2012-11-11 11:30:00,0.024
2012-11-11 12:00:00,0.026
2012-11-11 12:30:00,0.021
2012-11-11 13:00:00,0.017
2012-11-11 13:30:00,0.024
2012-11-11 14:00:00,0.027
2012-11-11 14:30:00,0.026
2012-11-11 15:00:00,0.016
2012-11-11 15:30:00,0.023
2012-11-11 16:00:00,0.024
2012-11-11 16:30:00,0.051
2012-11-11 17:00:00,0.129
2012-11-11 17:30:00,0.137
2012-11-11 18:00:00,0.138
2012-11-11 18:30:00,0.146
2012-11-11 19:00:00,0.13
2012-11-11 19:30:00,0.096
2012-11-11 20:00:00,0.113
2012-11-11 20:30:00,0.165
2012-11-11 21:00:00,0.148
2012-11-11 21:30:00,0.034
2012-11-11 22:00:00,0.024
2012-11-11 22:30:00,0.023
2012-11-11 23:00:00,0.024
2012-11-11 23:30:00,0.045
2012-11-12 00:00:00,0.024
2012-11-12 00:30:00,2.0610001
2012-11-12 01:00:00,2.7650001
2012-11-12 01:30:00,3.217
2012-11-12 02:00:00,2.2130001
2012-11-12 02:30:00,2.0580001
2012-11-12 03:00:00,2.227
2012-11-12 03:30:00,2.0139999
2012-11-12 04:00:00,2.2119999
2012-11-12 04:30:00,2.053
2012-11-12 05:00:00,1.198
2012-11-12 05:30:00,0.847
2012-11-12 06:00:00,1.226
2012-11-12 06:30:00,2.003
2012-11-12 07:00:00,1.071
2012-11-12 07:30:00,0.018
2012-11-12 08:00:00,0.056
2012-11-12 08:30:00,0.027
2012-11-12 09:00:00,0.087
2012-11-12 09:30:00,0.021
2012-11-12 10:00:00,0.023
2012-11-12 10:30:00,0.024
2012-11-12 11:00:00,0.022
2012-11-12 11:30:00,0.017
2012-11-12 12:00:00,0.034
2012-11-12 12:30:00,0.031
2012-11-12 13:00:00,0.079
2012-11-12 13:30:00,0.016
2012-11-12 14:00:00,0.027
2012-11-12 14:30:00,0.028
2012-11-12 15:00:00,0.025
2012-11-12 15:30:00,0.018
2012-11-12 16:00:00,0.023
2012-11-12 16:30:00,0.041
2012-11-12 17:00:00,0.074
2012-11-12 17:30:00,0.104
2012-11-12 18:00:00,0.14
2012-11-12 18:30:00,0.086
2012-11-12 19:00:00,0.085
2012-11-12 19:30:00,0.08
2012-11-12 20:00:00,0.107
2012-11-12 20:30:00,0.145
2012-11-12 21:00:00,0.129
2012-11-12 21:30:00,0.027
2012-11-12 22:00:00,0.02
2012-11-12 22:30:00,0.025
2012-11-12 23:00:00,0.024
2012-11-12 23:30:00,0.022
2012-11-13 00:00:00,0.019
2012-11-13 00:30:00,2.0079999
2012-11-13 01:00:00,2.8759999
2012-11-13 01:30:00,2.9230001
2012-11-13 02:00:00,2.1459999
2012-11-13 02:30:00,2.0369999
2012-11-13 03:00:00,2.1199999
2012-11-13 03:30:00,2.1289999
2012-11-13 04:00:00,2.02
2012-11-13 04:30:00,2.0239999
2012-11-13 05:00:00,0.901
2012-11-13 05:30:00,0.824
2012-11-13 06:00:00,1.243
2012-11-13 06:30:00,1.975
2012-11-13 07:00:00,0.882
2012-11-13 07:30:00,0.023
2012-11-13 08:00:00,0.02
2012-11-13 08:30:00,0.036
2012-11-13 09:00:00,0.025
2012-11-13 09:30:00,0.025
2012-11-13 10:00:00,0.017
2012-11-13 10:30:00,0.023
2012-11-13 11:00:00,0.024
2012-11-13 11:30:00,0.024
2012-11-13 12:00:00,0.02
2012-11-13 12:30:00,0.02
2012-11-13 13:00:00,0.067
2012-11-13 13:30:00,0.026
2012-11-13 14:00:00,0.026
2012-11-13 14:30:00,0.021
2012-11-13 15:00:00,0.026
2012-11-13 15:30:00,0.025
2012-11-13 16:00:00,0.025
2012-11-13 16:30:00,0.042
2012-11-13 17:00:00,0.086
2012-11-13 17:30:00,1.405
2012-11-13 18:00:00,0.298
2012-11-13 18:30:00,0.12
2012-11-13 19:00:00,0.092
2012-11-13 19:30:00,0.087
2012-11-13 20:00:00,0.14
2012-11-13 20:30:00,0.147
2012-11-13 21:00:00,0.121
2012-11-13 21:30:00,0.036
2012-11-13 22:00:00,0.025
2012-11-13 22:30:00,0.024
2012-11-13 23:00:00,0.019
2012-11-13 23:30:00,0.02
2012-11-14 00:00:00,0.024
2012-11-14 00:30:00,2.006
2012-11-14 01:00:00,2.8929999
2012-11-14 01:30:00,3.464
2012-11-14 02:00:00,3.5009999
2012-11-14 02:30:00,2.1619999
2012-11-14 03:00:00,2.181
2012-11-14 03:30:00,2.2579999
2012-11-14 04:00:00,2.0320001
2012-11-14 04:30:00,1.762
2012-11-14 05:00:00,0.838
2012-11-14 05:30:00,0.834
2012-11-14 06:00:00,1.7410001
2012-11-14 06:30:00,1.4680001
2012-11-14 07:00:00,0.771
2012-11-14 07:30:00,0.021
2012-11-14 08:00:00,0.029
2012-11-14 08:30:00,0.03
2012-11-14 09:00:00,0.036
2012-11-14 09:30:00,0.058
2012-11-14 10:00:00,0.025
2012-11-14 10:30:00,0.027
2012-11-14 11:00:00,0.026
2012-11-14 11:30:00,0.023
2012-11-14 12:00:00,0.021
2012-11-14 12:30:00,0.027
2012-11-14 13:00:00,0.026
2012-11-14 13:30:00,0.027
2012-11-14 14:00:00,0.023
2012-11-14 14:30:00,0.027
2012-11-14 15:00:00,0.027
2012-11-14 15:30:00,0.027
2012-11-14 16:00:00,0.024
2012-11-14 16:30:00,0.046
2012-11-14 17:00:00,0.101
2012-11-14 17:30:00,0.088
2012-11-14 18:00:00,0.092
2012-11-14 18:30:00,0.119
2012-11-14 19:00:00,0.132
2012-11-14 19:30:00,0.114
2012-11-14 20:00:00,0.168
2012-11-14 20:30:00,0.166
2012-11-14 21:00:00,0.141
2012-11-14 21:30:00,0.07
2012-11-14 22:00:00,0.052
2012-11-14 22:30:00,0.027
2012-11-14 23:00:00,0.019
2012-11-14 23:30:00,0.026
2012-11-15 00:00:00,0.028
2012-11-15 00:30:00,2.039
2012-11-15 01:00:00,2.7839999
2012-11-15 01:30:00,3.368
2012-11-15 02:00:00,2.191
2012-11-15 02:30:00,2.0369999
2012-11-15 03:00:00,2.1730001
2012-11-15 03:30:00,2.033
2012-11-15 04:00:00,2.158
2012-11-15 04:30:00,2.033
2012-11-15 05:00:00,1.0700001
2012-11-15 05:30:00,0.838
2012-11-15 06:00:00,1.2130001
2012-11-15 06:30:00,1.966
2012-11-15 07:00:00,0.853
2012-11-15 07:30:00,0.024
2012-11-15 08:00:00,0.03
2012-11-15 08:30:00,0.029
2012-11-15 09:00:00,0.022
2012-11-15 09:30:00,0.023
2012-11-15 10:00:00,0.026
2012-11-15 10:30:00,0.027
2012-11-15 11:00:00,0.026
2012-11-15 11:30:00,0.02
2012-11-15 12:00:00,0.028
2012-11-15 12:30:00,0.028
2012-11-15 13:00:00,0.076
2012-11-15 13:30:00,0.021
2012-11-15 14:00:00,0.029
2012-11-15 14:30:00,0.031
2012-11-15 15:00:00,0.028
2012-11-15 15:30:00,0.022
2012-11-15 16:00:00,0.026
2012-11-15 16:30:00,0.04
2012-11-15 17:00:00,0.072
2012-11-15 17:30:00,0.074
2012-11-15 18:00:00,0.118
2012-11-15 18:30:00,0.133
2012-11-15 19:00:00,0.134
2012-11-15 19:30:00,0.08
2012-11-15 20:00:00,0.066
2012-11-15 20:30:00,0.105
2012-11-15 21:00:00,0.103
2012-11-15 21:30:00,0.03
2012-11-15 22:00:00,0.017
2012-11-15 22:30:00,0.021
2012-11-15 23:00:00,0.024
2012-11-15 23:30:00,0.025
2012-11-16 00:00:00,0.017
2012-11-16 00:30:00,2.039
2012-11-16 01:00:00,2.9360001
2012-11-16 01:30:00,2.885
2012-11-16 02:00:00,2.1919999
2012-11-16 02:30:00,2.0209999
2012-11-16 03:00:00,2.1760001
2012-11-16 03:30:00,2.0320001
2012-11-16 04:00:00,2.2360001
2012-11-16 04:30:00,2.0369999
2012-11-16 05:00:00,1.017
2012-11-16 05:30:00,0.834
2012-11-16 06:00:00,1.202
2012-11-16 06:30:00,1.975
2012-11-16 07:00:00,1.113
2012-11-16 07:30:00,0.023
2012-11-16 08:00:00,0.018
2012-11-16 08:30:00,0.028
2012-11-16 09:00:00,0.031
2012-11-16 09:30:00,0.049
2012-11-16 10:00:00,0.016
2012-11-16 10:30:00,0.024
2012-11-16 11:00:00,0.026
2012-11-16 11:30:00,0.026
2012-11-16 12:00:00,0.026
2012-11-16 12:30:00,0.034
2012-11-16 13:00:00,0.071
2012-11-16 13:30:00,0.033
2012-11-16 14:00:00,0.038
2012-11-16 14:30:00,0.028
2012-11-16 15:00:00,0.026
2012-11-16 15:30:00,0.024
2012-11-16 16:00:00,0.024
2012-11-16 16:30:00,0.039
2012-11-16 17:00:00,0.074
2012-11-16 17:30:00,0.084
2012-11-16 18:00:00,0.135
2012-11-16 18:30:00,0.112
2012-11-16 19:00:00,0.1
2012-11-16 19:30:00,0.096
2012-11-16 20:00:00,0.126
2012-11-16 20:30:00,0.114
2012-11-16 21:00:00,0.073
2012-11-16 21:30:00,0.061
2012-11-16 22:00:00,0.034
2012-11-16 22:30:00,0.025
2012-11-16 23:00:00,0.025
2012-11-16 23:30:00,0.026
2012-11-17 00:00:00,0.016
2012-11-17 00:30:00,2.0190001
2012-11-17 01:00:00,2.9000001
2012-11-17 01:30:00,3.5
2012-11-17 02:00:00,3.497
2012-11-17 02:30:00,2.4000001
2012-11-17 03:00:00,2.2320001
2012-11-17 03:30:00,2.2149999
2012-11-17 04:00:00,2.007
2012-11-17 04:30:00,1.738
2012-11-17 05:00:00,0.837
2012-11-17 05:30:00,0.835
2012-11-17 06:00:00,1.72
2012-11-17 06:30:00,1.1059999
2012-11-17 07:00:00,0.765
2012-11-17 07:30:00,0.024
2012-11-17 08:00:00,0.02
2012-11-17 08:30:00,0.029
2012-11-17 09:00:00,0.032
2012-11-17 09:30:00,0.025
2012-11-17 10:00:00,0.02
2012-11-17 10:30:00,0.023
2012-11-17 11:00:00,0.048
2012-11-17 11:30:00,0.073
2012-11-17 12:00:00,0.023
2012-11-17 12:30:00,0.018
2012-11-17 13:00:00,0.025
2012-11-17 13:30:00,0.024
2012-11-17 14:00:00,0.027
2012-11-17 14:30:00,0.019
2012-11-17 15:00:00,0.024
2012-11-17 15:30:00,0.024
2012-11-17 16:00:00,0.276
2012-11-17 16:30:00,0.1
2012-11-17 17:00:00,0.118
2012-11-17 17:30:00,0.092
2012-11-17 18:00:00,0.085
2012-11-17 18:30:00,0.09
2012-11-17 19:00:00,0.114
2012-11-17 19:30:00,0.16
2012-11-17 20:00:00,0.146
2012-11-17 20:30:00,0.119
2012-11-17 21:00:00,0.086
2012-11-17 21:30:00,0.051
2012-11-17 22:00:00,0.024
2012-11-17 22:30:00,0.021
2012-11-17 23:00:00,0.018
2012-11-17 23:30:00,0.024
2012-11-18 00:00:00,0.024
2012-11-18 00:30:00,2.003
2012-11-18 01:00:00,2.7950001
2012-11-18 01:30:00,3.125
2012-11-18 02:00:00,2.2030001
2012-11-18 02:30:00,2.0350001
2012-11-18 03:00:00,2.22
2012-11-18 03:30:00,2.0139999
2012-11-18 04:00:00,2.1760001
2012-11-18 04:30:00,2.0539999
2012-11-18 05:00:00,1.049
2012-11-18 05:30:00,0.879
2012-11-18 06:00:00,1.836
2012-11-18 06:30:00,1.294
2012-11-18 07:00:00,0.83
2012-11-18 07:30:00,0.024
2012-11-18 08:00:00,0.057
2012-11-18 08:30:00,0.021
2012-11-18 09:00:00,0.021
2012-11-18 09:30:00,0.024
2012-11-18 10:00:00,0.053
2012-11-18 10:30:00,0.021
2012-11-18 11:00:00,0.018
2012-11-18 11:30:00,0.024
2012-11-18 12:00:00,0.024
2012-11-18 12:30:00,0.022
2012-11-18 13:00:00,0.017
2012-11-18 13:30:00,0.024
2012-11-18 14:00:00,0.026
2012-11-18 14:30:00,0.027
2012-11-18 15:00:00,0.015
2012-11-18 15:30:00,0.023
2012-11-18 16:00:00,0.034
2012-11-18 16:30:00,0.142
2012-11-18 17:00:00,0.093
2012-11-18 17:30:00,0.13
2012-11-18 18:00:00,0.098
2012-11-18 18:30:00,0.131
2012-11-18 19:00:00,0.109
2012-11-18 19:30:00,0.143
2012-11-18 20:00:00,0.14
2012-11-18 20:30:00,0.146
2012-11-18 21:00:00,0.112
2012-11-18 21:30:00,0.076
2012-11-18 22:00:00,0.039
2012-11-18 22:30:00,0.025
2012-11-18 23:00:00,0.049
2012-11-18 23:30:00,0.056
2012-11-19 00:00:00,0.024
2012-11-19 00:30:00,2.0450001
2012-11-19 01:00:00,2.938
2012-11-19 01:30:00,2.9549999
2012-11-19 02:00:00,2.237
2012-11-19 02:30:00,2.0710001
2012-11-19 03:00:00,2.2379999
2012-11-19 03:30:00,2.0799999
2012-11-19 04:00:00,2.2160001
2012-11-19 04:30:00,2.04
2012-11-19 05:00:00,1.548
2012-11-19 05:30:00,0.877
2012-11-19 06:00:00,0.858
2012-11-19 06:30:00,1.9349999
2012-11-19 07:00:00,1.4069999
2012-11-19 07:30:00,0.059
2012-11-19 08:00:00,0.06
2012-11-19 08:30:00,0.052
2012-11-19 09:00:00,0.054
2012-11-19 09:30:00,0.056
2012-11-19 10:00:00,0.025
2012-11-19 10:30:00,0.059
2012-11-19 11:00:00,0.053
2012-11-19 11:30:00,0.029
2012-11-19 12:00:00,0.052
2012-11-19 12:30:00,0.054
2012-11-19 13:00:00,0.076
2012-11-19 13:30:00,0.055
2012-11-19 14:00:00,0.027
2012-11-19 14:30:00,0.051
2012-11-19 15:00:00,0.047
2012-11-19 15:30:00,0.033
2012-11-19 16:00:00,0.063
2012-11-19 16:30:00,0.06
2012-11-19 17:00:00,0.085
2012-11-19 17:30:00,0.129
2012-11-19 18:00:00,0.111
2012-11-19 18:30:00,0.13
2012-11-19 19:00:00,0.138
2012-11-19 19:30:00,0.089
2012-11-19 20:00:00,0.133
2012-11-19 20:30:00,0.136
2012-11-19 21:00:00,0.073
2012-11-19 21:30:00,0.054
2012-11-19 22:00:00,0.069
2012-11-19 22:30:00,0.015
2012-11-19 23:00:00,0.023
2012-11-19 23:30:00,0.024
2012-11-20 00:00:00,0.024
2012-11-20 00:30:00,1.995
2012-11-20 01:00:00,2.8829999
2012-11-20 01:30:00,3.5150001
2012-11-20 02:00:00,3.5339999
2012-11-20 02:30:00,2.464
2012-11-20 03:00:00,2.03
2012-11-20 03:30:00,2.164
2012-11-20 04:00:00,2.1630001
2012-11-20 04:30:00,1.809
2012-11-20 05:00:00,0.84
2012-11-20 05:30:00,0.84
2012-11-20 06:00:00,1.612
2012-11-20 06:30:00,1.557
2012-11-20 07:00:00,0.547
2012-11-20 07:30:00,0.024
2012-11-20 08:00:00,0.02
2012-11-20 08:30:00,0.024
2012-11-20 09:00:00,0.024
2012-11-20 09:30:00,0.042
2012-11-20 10:00:00,0.031
2012-11-20 10:30:00,0.02
2012-11-20 11:00:00,0.025
2012-11-20 11:30:00,0.024
2012-11-20 12:00:00,0.021
2012-11-20 12:30:00,0.019
2012-11-20 13:00:00,0.063
2012-11-20 13:30:00,0.025
2012-11-20 14:00:00,0.026
2012-11-20 14:30:00,0.021
2012-11-20 15:00:00,0.026
2012-11-20 15:30:00,0.025
2012-11-20 16:00:00,0.032
2012-11-20 16:30:00,0.06
2012-11-20 17:00:00,0.092
2012-11-20 17:30:00,0.132
2012-11-20 18:00:00,0.147
2012-11-20 18:30:00,0.14
2012-11-20 19:00:00,0.115
2012-11-20 19:30:00,0.123
2012-11-20 20:00:00,0.089
2012-11-20 20:30:00,0.127
2012-11-20 21:00:00,0.126
2012-11-20 21:30:00,0.054
2012-11-20 22:00:00,0.032
2012-11-20 22:30:00,0.023
2012-11-20 23:00:00,0.018
2012-11-20 23:30:00,0.025
2012-11-21 00:00:00,0.025
2012-11-21 00:30:00,2.0320001
2012-11-21 01:00:00,2.7609999
2012-11-21 01:30:00,3.2079999
2012-11-21 02:00:00,2.0409999
2012-11-21 02:30:00,2.1619999
2012-11-21 03:00:00,2.0999999
2012-11-21 03:30:00,2.1070001
2012-11-21 04:00:00,2.0469999
2012-11-21 04:30:00,1.993
2012-11-21 05:00:00,0.846
2012-11-21 05:30:00,0.831
2012-11-21 06:00:00,1.617
2012-11-21 06:30:00,1.438
2012-11-21 07:00:00,0.688
2012-11-21 07:30:00,0.025
2012-11-21 08:00:00,0.038
2012-11-21 08:30:00,0.028
2012-11-21 09:00:00,0.017
2012-11-21 09:30:00,0.023
2012-11-21 10:00:00,0.024
2012-11-21 10:30:00,0.025
2012-11-21 11:00:00,0.02
2012-11-21 11:30:00,0.02
2012-11-21 12:00:00,0.025
2012-11-21 12:30:00,0.024
2012-11-21 13:00:00,0.079
2012-11-21 13:30:00,0.055
2012-11-21 14:00:00,0.032
2012-11-21 14:30:00,0.028
2012-11-21 15:00:00,0.024
2012-11-21 15:30:00,0.018
2012-11-21 16:00:00,0.038
2012-11-21 16:30:00,0.07
2012-11-21 17:00:00,0.073
2012-11-21 17:30:00,0.101
2012-11-21 18:00:00,0.147
2012-11-21 18:30:00,0.145
2012-11-21 19:00:00,0.113
2012-11-21 19:30:00,0.079
2012-11-21 20:00:00,0.09
2012-11-21 20:30:00,0.148
2012-11-21 21:00:00,0.131
2012-11-21 21:30:00,0.047
2012-11-21 22:00:00,0.032
2012-11-21 22:30:00,0.025
2012-11-21 23:00:00,0.054
2012-11-21 23:30:00,0.018
2012-11-22 00:00:00,0.025
2012-11-22 00:30:00,2.0409999
2012-11-22 01:00:00,2.9119999
2012-11-22 01:30:00,2.8510001
2012-11-22 02:00:00,2.293
2012-11-22 02:30:00,2.0139999
2012-11-22 03:00:00,2.0480001
2012-11-22 03:30:00,2.161
2012-11-22 04:00:00,2.0450001
2012-11-22 04:30:00,1.9960001
2012-11-22 05:00:00,0.848
2012-11-22 05:30:00,0.832
2012-11-22 06:00:00,2.0150001
2012-11-22 06:30:00,0.969
2012-11-22 07:00:00,0.818
2012-11-22 07:30:00,0.022
2012-11-22 08:00:00,0.027
2012-11-22 08:30:00,0.028
2012-11-22 09:00:00,0.021
2012-11-22 09:30:00,0.029
2012-11-22 10:00:00,0.038
2012-11-22 10:30:00,0.024
2012-11-22 11:00:00,0.022
2012-11-22 11:30:00,0.018
2012-11-22 12:00:00,0.025
2012-11-22 12:30:00,0.025
2012-11-22 13:00:00,0.023
2012-11-22 13:30:00,0.018
2012-11-22 14:00:00,0.027
2012-11-22 14:30:00,0.028
2012-11-22 15:00:00,0.023
2012-11-22 15:30:00,0.017
2012-11-22 16:00:00,0.032
2012-11-22 16:30:00,0.068
2012-11-22 17:00:00,0.074
2012-11-22 17:30:00,0.109
2012-11-22 18:00:00,0.136
2012-11-22 18:30:00,0.161
2012-11-22 19:00:00,0.159
2012-11-22 19:30:00,0.092
2012-11-22 20:00:00,0.091
2012-11-22 20:30:00,0.149
2012-11-22 21:00:00,0.136
2012-11-22 21:30:00,0.048
2012-11-22 22:00:00,0.03
2012-11-22 22:30:00,0.025
2012-11-22 23:00:00,0.025
2012-11-22 23:30:00,0.017
2012-11-23 00:00:00,0.024
2012-11-23 00:30:00,2.026
2012-11-23 01:00:00,2.8729999
2012-11-23 01:30:00,2.9260001
2012-11-23 02:00:00,2.1960001
2012-11-23 02:30:00,2.013
2012-11-23 03:00:00,2.142
2012-11-23 03:30:00,2.0209999
2012-11-23 04:00:00,2.177
2012-11-23 04:30:00,2.033
2012-11-23 05:00:00,1.036
2012-11-23 05:30:00,0.823
2012-11-23 06:00:00,1.1799999
2012-11-23 06:30:00,2.234
2012-11-23 07:00:00,1.5140001
2012-11-23 07:30:00,0.063
2012-11-23 08:00:00,0.027
2012-11-23 08:30:00,0.028
2012-11-23 09:00:00,0.023
2012-11-23 09:30:00,0.022
2012-11-23 10:00:00,0.024
2012-11-23 10:30:00,0.025
2012-11-23 11:00:00,0.023
2012-11-23 11:30:00,0.017
2012-11-23 12:00:00,0.028
2012-11-23 12:30:00,0.029
2012-11-23 13:00:00,0.079
2012-11-23 13:30:00,0.025
2012-11-23 14:00:00,0.022
2012-11-23 14:30:00,0.025
2012-11-23 15:00:00,0.025
2012-11-23 15:30:00,0.025
2012-11-23 16:00:00,0.027
2012-11-23 16:30:00,0.074
2012-11-23 17:00:00,0.087
2012-11-23 17:30:00,0.126
2012-11-23 18:00:00,0.138
2012-11-23 18:30:00,0.123
2012-11-23 19:00:00,0.105
2012-11-23 19:30:00,0.097
2012-11-23 20:00:00,0.139
2012-11-23 20:30:00,0.128
2012-11-23 21:00:00,0.067
2012-11-23 21:30:00,0.055
2012-11-23 22:00:00,0.025
2012-11-23 22:30:00,0.022
2012-11-23 23:00:00,0.025
2012-11-23 23:30:00,0.055
2012-11-24 00:00:00,0.017
2012-11-24 00:30:00,2.0120001
2012-11-24 01:00:00,2.8399999
2012-11-24 01:30:00,3.4879999
2012-11-24 02:00:00,3.573
2012-11-24 02:30:00,2.3039999
2012-11-24 03:00:00,2.211
2012-11-24 03:30:00,2.174
2012-11-24 04:00:00,2.046
2012-11-24 04:30:00,2.0510001
2012-11-24 05:00:00,0.976
2012-11-24 05:30:00,0.858
2012-11-24 06:00:00,1.5700001
2012-11-24 06:30:00,2.017
2012-11-24 07:00:00,1.169
2012-11-24 07:30:00,0.016
2012-11-24 08:00:00,0.06
2012-11-24 08:30:00,0.028
2012-11-24 09:00:00,0.064
2012-11-24 09:30:00,0.019
2012-11-24 10:00:00,0.025
2012-11-24 10:30:00,0.054
2012-11-24 11:00:00,0.024
2012-11-24 11:30:00,0.045
2012-11-24 12:00:00,0.025
2012-11-24 12:30:00,0.024
2012-11-24 13:00:00,0.055
2012-11-24 13:30:00,0.016
2012-11-24 14:00:00,0.058
2012-11-24 14:30:00,0.059
2012-11-24 15:00:00,0.022
2012-11-24 15:30:00,0.049
2012-11-24 16:00:00,0.032
2012-11-24 16:30:00,0.099
2012-11-24 17:00:00,0.145
2012-11-24 17:30:00,0.649
2012-11-24 18:00:00,0.631
2012-11-24 18:30:00,0.613
2012-11-24 19:00:00,0.634
2012-11-24 19:30:00,0.666
2012-11-24 20:00:00,0.656
2012-11-24 20:30:00,0.686
2012-11-24 21:00:00,0.362
2012-11-24 21:30:00,0.052
2012-11-24 22:00:00,0.032
2012-11-24 22:30:00,0.025
2012-11-24 23:00:00,0.016
2012-11-24 23:30:00,0.056
2012-11-25 00:00:00,0.025
2012-11-25 00:30:00,2.0079999
2012-11-25 01:00:00,2.799
2012-11-25 01:30:00,3.1889999
2012-11-25 02:00:00,2.2019999
2012-11-25 02:30:00,2.036
2012-11-25 03:00:00,2.171
2012-11-25 03:30:00,2.0669999
2012-11-25 04:00:00,2.075
2012-11-25 04:30:00,2.046
2012-11-25 05:00:00,0.911
2012-11-25 05:30:00,0.832
2012-11-25 06:00:00,1.1289999
2012-11-25 06:30:00,1.976
2012-11-25 07:00:00,1.01
2012-11-25 07:30:00,0.025
2012-11-25 08:00:00,0.026
2012-11-25 08:30:00,0.019
2012-11-25 09:00:00,0.025
2012-11-25 09:30:00,0.025
2012-11-25 10:00:00,0.022
2012-11-25 10:30:00,0.018
2012-11-25 11:00:00,0.024
2012-11-25 11:30:00,0.044
2012-11-25 12:00:00,0.038
2012-11-25 12:30:00,0.017
2012-11-25 13:00:00,0.023
2012-11-25 13:30:00,0.026
2012-11-25 14:00:00,0.035
2012-11-25 14:30:00,0.02
2012-11-25 15:00:00,0.023
2012-11-25 15:30:00,0.024
2012-11-25 16:00:00,0.032
2012-11-25 16:30:00,0.097
2012-11-25 17:00:00,0.654
2012-11-25 17:30:00,0.645
2012-11-25 18:00:00,0.624
2012-11-25 18:30:00,0.63
2012-11-25 19:00:00,0.689
2012-11-25 19:30:00,0.683
2012-11-25 20:00:00,0.652
2012-11-25 20:30:00,0.355
2012-11-25 21:00:00,0.145
2012-11-25 21:30:00,0.068
2012-11-25 22:00:00,0.032
2012-11-25 22:30:00,0.025
2012-11-25 23:00:00,0.019
2012-11-25 23:30:00,0.022
2012-11-26 00:00:00,0.025
2012-11-26 00:30:00,2.0409999
2012-11-26 01:00:00,2.904
2012-11-26 01:30:00,3.4849999
2012-11-26 02:00:00,3.5009999
2012-11-26 02:30:00,2.6159999
2012-11-26 03:00:00,2.191
2012-11-26 03:30:00,2.2179999
2012-11-26 04:00:00,2.2509999
2012-11-26 04:30:00,1.952
2012-11-26 05:00:00,0.841
2012-11-26 05:30:00,0.833
2012-11-26 06:00:00,1.072
2012-11-26 06:30:00,1.682
2012-11-26 07:00:00,0.914
2012-11-26 07:30:00,0.025
2012-11-26 08:00:00,0.026
2012-11-26 08:30:00,0.026
2012-11-26 09:00:00,0.016
2012-11-26 09:30:00,0.024
2012-11-26 10:00:00,0.024
2012-11-26 10:30:00,0.032
2012-11-26 11:00:00,0.032
2012-11-26 11:30:00,0.153
2012-11-26 12:00:00,0.186
2012-11-26 12:30:00,0.025
2012-11-26 13:00:00,0.065
2012-11-26 13:30:00,0.025
2012-11-26 14:00:00,0.029
2012-11-26 14:30:00,0.028
2012-11-26 15:00:00,0.017
2012-11-26 15:30:00,0.026
2012-11-26 16:00:00,0.033
2012-11-26 16:30:00,0.067
2012-11-26 17:00:00,0.066
2012-11-26 17:30:00,0.074
2012-11-26 18:00:00,0.095
2012-11-26 18:30:00,0.103
2012-11-26 19:00:00,0.087
2012-11-26 19:30:00,0.091
2012-11-26 20:00:00,0.094
2012-11-26 20:30:00,0.094
2012-11-26 21:00:00,0.076
2012-11-26 21:30:00,0.073
2012-11-26 22:00:00,0.052
2012-11-26 22:30:00,0.045
2012-11-26 23:00:00,0.065
2012-11-26 23:30:00,0.045
2012-11-27 00:00:00,0.046
2012-11-27 00:30:00,2.0780001
2012-11-27 01:00:00,2.914
2012-11-27 01:30:00,3.181
2012-11-27 02:00:00,2.2690001
2012-11-27 02:30:00,2.079
2012-11-27 03:00:00,2.23
2012-11-27 03:30:00,2.0610001
2012-11-27 04:00:00,2.267
2012-11-27 04:30:00,1.603
2012-11-27 05:00:00,0.892
2012-11-27 05:30:00,1.288
2012-11-27 06:00:00,2.0869999
2012-11-27 06:30:00,1.6289999
2012-11-27 07:00:00,0.827
2012-11-27 07:30:00,0.074
2012-11-27 08:00:00,0.045
2012-11-27 08:30:00,0.04
2012-11-27 09:00:00,0.047
2012-11-27 09:30:00,0.053
2012-11-27 10:00:00,0.071
2012-11-27 10:30:00,0.082
2012-11-27 11:00:00,0.063
2012-11-27 11:30:00,0.025
2012-11-27 12:00:00,0.022
2012-11-27 12:30:00,0.023
2012-11-27 13:00:00,0.053
2012-11-27 13:30:00,0.025
2012-11-27 14:00:00,0.05
2012-11-27 14:30:00,0.023
2012-11-27 15:00:00,0.054
2012-11-27 15:30:00,0.023
2012-11-27 16:00:00,0.054
2012-11-27 16:30:00,0.096
2012-11-27 17:00:00,0.072
2012-11-27 17:30:00,0.115
2012-11-27 18:00:00,0.607
2012-11-27 18:30:00,0.656
2012-11-27 19:00:00,0.661
2012-11-27 19:30:00,0.616
2012-11-27 20:00:00,0.628
2012-11-27 20:30:00,0.669
2012-11-27 21:00:00,0.656
2012-11-27 21:30:00,0.085
2012-11-27 22:00:00,0.023
2012-11-27 22:30:00,0.055
2012-11-27 23:00:00,0.055
2012-11-27 23:30:00,0.054
2012-11-28 00:00:00,0.048
2012-11-28 00:30:00,2.0510001
2012-11-28 01:00:00,2.7850001
2012-11-28 01:30:00,3.046
2012-11-28 02:00:00,2.2309999
2012-11-28 02:30:00,2.049
2012-11-28 03:00:00,2.1849999
2012-11-28 03:30:00,2.1459999
2012-11-28 04:00:00,2.1270001
2012-11-28 04:30:00,2.0569999
2012-11-28 05:00:00,0.939
2012-11-28 05:30:00,0.855
2012-11-28 06:00:00,1.508
2012-11-28 06:30:00,2.01
2012-11-28 07:00:00,1.076
2012-11-28 07:30:00,0.052
2012-11-28 08:00:00,0.057
2012-11-28 08:30:00,0.056
2012-11-28 09:00:00,0.046
2012-11-28 09:30:00,0.166
2012-11-28 10:00:00,0.214
2012-11-28 10:30:00,0.174
2012-11-28 11:00:00,0.162
2012-11-28 11:30:00,0.199
2012-11-28 12:00:00,0.215
2012-11-28 12:30:00,0.181
2012-11-28 13:00:00,0.204
2012-11-28 13:30:00,0.18
2012-11-28 14:00:00,0.204
2012-11-28 14:30:00,0.214
2012-11-28 15:00:00,0.224
2012-11-28 15:30:00,0.18
2012-11-28 16:00:00,0.211
2012-11-28 16:30:00,0.262
2012-11-28 17:00:00,0.432
2012-11-28 17:30:00,0.714
2012-11-28 18:00:00,0.719
2012-11-28 18:30:00,0.689
2012-11-28 19:00:00,0.731
2012-11-28 19:30:00,0.643
2012-11-28 20:00:00,0.686
2012-11-28 20:30:00,0.732
2012-11-28 21:00:00,0.674
2012-11-28 21:30:00,0.079
2012-11-28 22:00:00,0.1
2012-11-28 22:30:00,0.056
2012-11-28 23:00:00,0.087
2012-11-28 23:30:00,0.091
2012-11-29 00:00:00,0.058
2012-11-29 00:30:00,2.102
2012-11-29 01:00:00,3.0020001
2012-11-29 01:30:00,3.0320001
2012-11-29 02:00:00,2.27
2012-11-29 02:30:00,2.2479999
2012-11-29 03:00:00,2.1289999
2012-11-29 03:30:00,2.279
2012-11-29 04:00:00,2.1370001
2012-11-29 04:30:00,2.049
2012-11-29 05:00:00,1.467
2012-11-29 05:30:00,0.942
2012-11-29 06:00:00,1.362
2012-11-29 06:30:00,1.582
2012-11-29 07:00:00,0.908
2012-11-29 07:30:00,0.116
2012-11-29 08:00:00,0.09
2012-11-29 08:30:00,0.134
2012-11-29 09:00:00,0.092
2012-11-29 09:30:00,0.105
2012-11-29 10:00:00,0.122
2012-11-29 10:30:00,0.092
2012-11-29 11:00:00,0.115
2012-11-29 11:30:00,0.134
2012-11-29 12:00:00,0.085
2012-11-29 12:30:00,0.096
2012-11-29 13:00:00,0.095
2012-11-29 13:30:00,0.12
2012-11-29 14:00:00,0.13
2012-11-29 14:30:00,0.105
2012-11-29 15:00:00,0.1
2012-11-29 15:30:00,0.093
2012-11-29 16:00:00,0.107
2012-11-29 16:30:00,0.127
2012-11-29 17:00:00,0.135
2012-11-29 17:30:00,0.112
2012-11-29 18:00:00,0.178
2012-11-29 18:30:00,0.183
2012-11-29 19:00:00,0.204
2012-11-29 19:30:00,0.184
2012-11-29 20:00:00,0.171
2012-11-29 20:30:00,0.187
2012-11-29 21:00:00,0.196
2012-11-29 21:30:00,0.115
2012-11-29 22:00:00,0.094
2012-11-29 22:30:00,0.103
2012-11-29 23:00:00,0.131
2012-11-29 23:30:00,0.114
2012-11-30 00:00:00,0.104
2012-11-30 00:30:00,2.1589999
2012-11-30 01:00:00,2.9790001
2012-11-30 01:30:00,3.086
2012-11-30 02:00:00,2.3139999
2012-11-30 02:30:00,2.3280001
2012-11-30 03:00:00,2.112
2012-11-30 03:30:00,2.279
2012-11-30 04:00:00,2.155
2012-11-30 04:30:00,2.1329999
2012-11-30 05:00:00,1.773
2012-11-30 05:30:00,0.96
2012-11-30 06:00:00,1.4529999
2012-11-30 06:30:00,1.536
2012-11-30 07:00:00,0.936
2012-11-30 07:30:00,0.136
2012-11-30 08:00:00,0.147
2012-11-30 08:30:00,0.168
2012-11-30 09:00:00,0.134
2012-11-30 09:30:00,0.148
2012-11-30 10:00:00,0.128
2012-11-30 10:30:00,0.122
2012-11-30 11:00:00,0.134
2012-11-30 11:30:00,0.124
2012-11-30 12:00:00,0.107
2012-11-30 12:30:00,0.152
2012-11-30 13:00:00,0.18
2012-11-30 13:30:00,0.095
2012-11-30 14:00:00,0.166
2012-11-30 14:30:00,0.1
2012-11-30 15:00:00,0.115
2012-11-30 15:30:00,0.106
2012-11-30 16:00:00,0.102
2012-11-30 16:30:00,0.146
2012-11-30 17:00:00,0.573
2012-11-30 17:30:00,0.655
2012-11-30 18:00:00,0.676
2012-11-30 18:30:00,0.666
2012-11-30 19:00:00,0.704
2012-11-30 19:30:00,0.657
2012-11-30 20:00:00,0.728
2012-11-30 20:30:00,0.747
2012-11-30 21:00:00,0.467
2012-11-30 21:30:00,0.112
2012-11-30 22:00:00,0.097
2012-11-30 22:30:00,0.1
2012-11-30 23:00:00,0.092
2012-11-30 23:30:00,0.126
2012-12-01 00:00:00,0.1
2012-12-01 00:30:00,2.1270001
2012-12-01 01:00:00,2.813
2012-12-01 01:30:00,3.3959999
2012-12-01 02:00:00,2.1919999
2012-12-01 02:30:00,2.233
2012-12-01 03:00:00,2.2850001
2012-12-01 03:30:00,2.1789999
2012-12-01 04:00:00,2.4300001
2012-12-01 04:30:00,2.3239999
2012-12-01 05:00:00,2.0150001
2012-12-01 05:30:00,0.931
2012-12-01 06:00:00,0.963
2012-12-01 06:30:00,2.105
2012-12-01 07:00:00,1.155
2012-12-01 07:30:00,0.134
2012-12-01 08:00:00,0.145
2012-12-01 08:30:00,0.139
2012-12-01 09:00:00,0.114
2012-12-01 09:30:00,0.122
2012-12-01 10:00:00,0.134
2012-12-01 10:30:00,0.13
2012-12-01 11:00:00,0.089
2012-12-01 11:30:00,0.132
2012-12-01 12:00:00,0.095
2012-12-01 12:30:00,0.127
2012-12-01 13:00:00,0.1
2012-12-01 13:30:00,0.14
2012-12-01 14:00:00,0.14
2012-12-01 14:30:00,0.108
2012-12-01 15:00:00,0.146
2012-12-01 15:30:00,0.097
2012-12-01 16:00:00,0.131
2012-12-01 16:30:00,0.151
2012-12-01 17:00:00,0.694
2012-12-01 17:30:00,0.664
2012-12-01 18:00:00,0.701
2012-12-01 18:30:00,0.71
2012-12-01 19:00:00,0.717
2012-12-01 19:30:00,0.728
2012-12-01 20:00:00,0.74
2012-12-01 20:30:00,0.711
2012-12-01 21:00:00,0.404
2012-12-01 21:30:00,0.133
2012-12-01 22:00:00,0.1
2012-12-01 22:30:00,0.137
2012-12-01 23:00:00,0.113
2012-12-01 23:30:00,0.123
2012-12-02 00:00:00,0.162
2012-12-02 00:30:00,2.115
2012-12-02 01:00:00,3.0090001
2012-12-02 01:30:00,3.1029999
2012-12-02 02:00:00,2.3759999
2012-12-02 02:30:00,2.1719999
2012-12-02 03:00:00,2.175
2012-12-02 03:30:00,2.299
2012-12-02 04:00:00,2.362
2012-12-02 04:30:00,2.1960001
2012-12-02 05:00:00,1.904
2012-12-02 05:30:00,0.992
2012-12-02 06:00:00,1.329
2012-12-02 06:30:00,2.1429999
2012-12-02 07:00:00,1.589
2012-12-02 07:30:00,0.154
2012-12-02 08:00:00,0.171
2012-12-02 08:30:00,0.145
2012-12-02 09:00:00,0.144
2012-12-02 09:30:00,0.197
2012-12-02 10:00:00,0.147
2012-12-02 10:30:00,0.128
2012-12-02 11:00:00,0.145
2012-12-02 11:30:00,0.176
2012-12-02 12:00:00,0.14
2012-12-02 12:30:00,0.115
2012-12-02 13:00:00,0.146
2012-12-02 13:30:00,0.147
2012-12-02 14:00:00,0.136
2012-12-02 14:30:00,0.102
2012-12-02 15:00:00,0.138
2012-12-02 15:30:00,0.131
2012-12-02 16:00:00,0.105
2012-12-02 16:30:00,0.497
2012-12-02 17:00:00,0.711
2012-12-02 17:30:00,0.698
2012-12-02 18:00:00,1.1289999
2012-12-02 18:30:00,1.526
2012-12-02 19:00:00,0.681
2012-12-02 19:30:00,0.663
2012-12-02 20:00:00,0.671
2012-12-02 20:30:00,0.724
2012-12-02 21:00:00,0.719
2012-12-02 21:30:00,0.142
2012-12-02 22:00:00,0.098
2012-12-02 22:30:00,0.088
2012-12-02 23:00:00,0.099
2012-12-02 23:30:00,0.075
2012-12-03 00:00:00,0.099
2012-12-03 00:30:00,2.1229999
2012-12-03 01:00:00,3.036
2012-12-03 01:30:00,3.6170001
2012-12-03 02:00:00,3.359
2012-12-03 02:30:00,2.299
2012-12-03 03:00:00,2.253
2012-12-03 03:30:00,2.1300001
2012-12-03 04:00:00,2.2609999
2012-12-03 04:30:00,2.1129999
2012-12-03 05:00:00,1.286
2012-12-03 05:30:00,0.929
2012-12-03 06:00:00,1.3890001
2012-12-03 06:30:00,1.87
2012-12-03 07:00:00,0.892
2012-12-03 07:30:00,0.107
2012-12-03 08:00:00,0.075
2012-12-03 08:30:00,0.097
2012-12-03 09:00:00,0.095
2012-12-03 09:30:00,0.062
2012-12-03 10:00:00,0.094
2012-12-03 10:30:00,0.118
2012-12-03 11:00:00,0.056
2012-12-03 11:30:00,0.089
2012-12-03 12:00:00,0.05
2012-12-03 12:30:00,0.06
2012-12-03 13:00:00,0.143
2012-12-03 13:30:00,0.056
2012-12-03 14:00:00,0.072
2012-12-03 14:30:00,0.072
2012-12-03 15:00:00,0.083
2012-12-03 15:30:00,0.062
2012-12-03 16:00:00,0.059
2012-12-03 16:30:00,0.125
2012-12-03 17:00:00,0.101
2012-12-03 17:30:00,0.105
2012-12-03 18:00:00,0.096
2012-12-03 18:30:00,0.099
2012-12-03 19:00:00,0.094
2012-12-03 19:30:00,0.093
2012-12-03 20:00:00,0.097
2012-12-03 20:30:00,0.099
2012-12-03 21:00:00,0.081
2012-12-03 21:30:00,0.076
2012-12-03 22:00:00,0.056
2012-12-03 22:30:00,0.066
2012-12-03 23:00:00,0.086
2012-12-03 23:30:00,0.059
2012-12-04 00:00:00,0.06
2012-12-04 00:30:00,2.066
2012-12-04 01:00:00,2.8110001
2012-12-04 01:30:00,3.3889999
2012-12-04 02:00:00,2.2349999
2012-12-04 02:30:00,2.1359999
2012-12-04 03:00:00,2.21
2012-12-04 03:30:00,2.2460001
2012-12-04 04:00:00,2.1099999
2012-12-04 04:30:00,2.0880001
2012-12-04 05:00:00,1.591
2012-12-04 05:30:00,0.921
2012-12-04 06:00:00,0.93
2012-12-04 06:30:00,2.0680001
2012-12-04 07:00:00,1.291
2012-12-04 07:30:00,0.097
2012-12-04 08:00:00,0.094
2012-12-04 08:30:00,0.064
2012-12-04 09:00:00,0.085
2012-12-04 09:30:00,0.099
2012-12-04 10:00:00,0.609
2012-12-04 10:30:00,0.622
2012-12-04 11:00:00,0.579
2012-12-04 11:30:00,0.432
2012-12-04 12:00:00,0.098
2012-12-04 12:30:00,0.056
2012-12-04 13:00:00,0.159
2012-12-04 13:30:00,0.06
2012-12-04 14:00:00,0.096
2012-12-04 14:30:00,0.052
2012-12-04 15:00:00,0.093
2012-12-04 15:30:00,0.084
2012-12-04 16:00:00,0.095
2012-12-04 16:30:00,0.091
2012-12-04 17:00:00,0.634
2012-12-04 17:30:00,0.707
2012-12-04 18:00:00,0.661
2012-12-04 18:30:00,0.742
2012-12-04 19:00:00,0.72
2012-12-04 19:30:00,0.621
2012-12-04 20:00:00,0.628
2012-12-04 20:30:00,0.691
2012-12-04 21:00:00,0.581
2012-12-04 21:30:00,0.071
2012-12-04 22:00:00,0.052
2012-12-04 22:30:00,0.056
2012-12-04 23:00:00,0.096
2012-12-04 23:30:00,0.049
2012-12-05 00:00:00,0.058
2012-12-05 00:30:00,2.0999999
2012-12-05 01:00:00,2.888
2012-12-05 01:30:00,3.5680001
2012-12-05 02:00:00,3.563
2012-12-05 02:30:00,2.618
2012-12-05 03:00:00,2.2420001
2012-12-05 03:30:00,2.2379999
2012-12-05 04:00:00,2.1619999
2012-12-05 04:30:00,2.1619999
2012-12-05 05:00:00,1.5700001
2012-12-05 05:30:00,0.928
2012-12-05 06:00:00,1.1849999
2012-12-05 06:30:00,2.063
2012-12-05 07:00:00,0.976
2012-12-05 07:30:00,0.108
2012-12-05 08:00:00,0.153
2012-12-05 08:30:00,0.64
2012-12-05 09:00:00,0.602
2012-12-05 09:30:00,0.095
2012-12-05 10:00:00,0.09
2012-12-05 10:30:00,0.109
2012-12-05 11:00:00,0.096
2012-12-05 11:30:00,0.088
2012-12-05 12:00:00,0.088
2012-12-05 12:30:00,0.078
2012-12-05 13:00:00,0.097
2012-12-05 13:30:00,0.09
2012-12-05 14:00:00,0.094
2012-12-05 14:30:00,0.107
2012-12-05 15:00:00,0.113
2012-12-05 15:30:00,0.12
2012-12-05 16:00:00,0.107
2012-12-05 16:30:00,0.139
2012-12-05 17:00:00,0.177
2012-12-05 17:30:00,0.165
2012-12-05 18:00:00,0.427
2012-12-05 18:30:00,0.724
2012-12-05 19:00:00,0.691
2012-12-05 19:30:00,0.691
2012-12-05 20:00:00,0.709
2012-12-05 20:30:00,0.329
2012-12-05 21:00:00,0.142
2012-12-05 21:30:00,0.121
2012-12-05 22:00:00,0.095
2012-12-05 22:30:00,0.125
2012-12-05 23:00:00,0.107
2012-12-05 23:30:00,0.15
2012-12-06 00:00:00,0.101
2012-12-06 00:30:00,2.152
2012-12-06 01:00:00,3.0209999
2012-12-06 01:30:00,3.2620001
2012-12-06 02:00:00,2.3640001
2012-12-06 02:30:00,2.141
2012-12-06 03:00:00,2.2650001
2012-12-06 03:30:00,2.1730001
2012-12-06 04:00:00,2.3789999
2012-12-06 04:30:00,2.201
2012-12-06 05:00:00,2.115
2012-12-06 05:30:00,0.989
2012-12-06 06:00:00,1.027
2012-12-06 06:30:00,2.125
2012-12-06 07:00:00,1.5650001
2012-12-06 07:30:00,0.17
2012-12-06 08:00:00,0.148
2012-12-06 08:30:00,0.145
2012-12-06 09:00:00,0.183
2012-12-06 09:30:00,0.182
2012-12-06 10:00:00,0.4
2012-12-06 10:30:00,0.698
2012-12-06 11:00:00,0.671
2012-12-06 11:30:00,0.699
2012-12-06 12:00:00,0.674
2012-12-06 12:30:00,0.648
2012-12-06 13:00:00,0.718
2012-12-06 13:30:00,0.262
2012-12-06 14:00:00,0.167
2012-12-06 14:30:00,0.14
2012-12-06 15:00:00,0.152
2012-12-06 15:30:00,0.14
2012-12-06 16:00:00,0.146
2012-12-06 16:30:00,0.169
2012-12-06 17:00:00,0.184
2012-12-06 17:30:00,0.178
2012-12-06 18:00:00,0.149
2012-12-06 18:30:00,0.68
2012-12-06 19:00:00,0.768
2012-12-06 19:30:00,0.672
2012-12-06 20:00:00,0.701
2012-12-06 20:30:00,0.733
2012-12-06 21:00:00,0.357
2012-12-06 21:30:00,0.139
2012-12-06 22:00:00,0.1
2012-12-06 22:30:00,0.102
2012-12-06 23:00:00,0.106
2012-12-06 23:30:00,0.108
2012-12-07 00:00:00,0.104
2012-12-07 00:30:00,2.115
2012-12-07 01:00:00,2.8410001
2012-12-07 01:30:00,3.1670001
2012-12-07 02:00:00,2.2969999
2012-12-07 02:30:00,2.1400001
2012-12-07 03:00:00,2.2260001
2012-12-07 03:30:00,2.2839999
2012-12-07 04:00:00,2.1259999
2012-12-07 04:30:00,2.1659999
2012-12-07 05:00:00,1.166
2012-12-07 05:30:00,0.977
2012-12-07 06:00:00,2.1210001
2012-12-07 06:30:00,0.946
2012-12-07 07:00:00,0.896
2012-12-07 07:30:00,0.104
2012-12-07 08:00:00,0.101
2012-12-07 08:30:00,0.116
2012-12-07 09:00:00,0.12
2012-12-07 09:30:00,0.117
2012-12-07 10:00:00,0.402
2012-12-07 10:30:00,0.664
2012-12-07 11:00:00,0.655
2012-12-07 11:30:00,0.648
2012-12-07 12:00:00,0.682
2012-12-07 12:30:00,0.634
2012-12-07 13:00:00,0.714
2012-12-07 13:30:00,0.663
2012-12-07 14:00:00,0.638
2012-12-07 14:30:00,0.667
2012-12-07 15:00:00,0.661
2012-12-07 15:30:00,0.619
2012-12-07 16:00:00,0.675
2012-12-07 16:30:00,0.691
2012-12-07 17:00:00,0.706
2012-12-07 17:30:00,0.672
2012-12-07 18:00:00,0.672
2012-12-07 18:30:00,0.676
2012-12-07 19:00:00,0.665
2012-12-07 19:30:00,0.691
2012-12-07 20:00:00,0.66
2012-12-07 20:30:00,0.707
2012-12-07 21:00:00,0.44
2012-12-07 21:30:00,0.115
2012-12-07 22:00:00,0.094
2012-12-07 22:30:00,0.086
2012-12-07 23:00:00,0.097
2012-12-07 23:30:00,0.098
2012-12-08 00:00:00,0.103
2012-12-08 00:30:00,2.0929999
2012-12-08 01:00:00,2.9820001
2012-12-08 01:30:00,3.132
2012-12-08 02:00:00,2.2390001
2012-12-08 02:30:00,2.1240001
2012-12-08 03:00:00,2.2750001
2012-12-08 03:30:00,2.1210001
2012-12-08 04:00:00,2.2249999
2012-12-08 04:30:00,2.102
2012-12-08 05:00:00,1.563
2012-12-08 05:30:00,0.912
2012-12-08 06:00:00,1.342
2012-12-08 06:30:00,2.0910001
2012-12-08 07:00:00,1.2690001
2012-12-08 07:30:00,0.103
2012-12-08 08:00:00,0.099
2012-12-08 08:30:00,0.099
2012-12-08 09:00:00,0.087
2012-12-08 09:30:00,0.059
2012-12-08 10:00:00,0.095
2012-12-08 10:30:00,0.097
2012-12-08 11:00:00,0.051
2012-12-08 11:30:00,0.112
2012-12-08 12:00:00,0.063
2012-12-08 12:30:00,0.093
2012-12-08 13:00:00,0.052
2012-12-08 13:30:00,0.06
2012-12-08 14:00:00,0.071
2012-12-08 14:30:00,0.07
2012-12-08 15:00:00,0.052
2012-12-08 15:30:00,0.088
2012-12-08 16:00:00,0.066
2012-12-08 16:30:00,0.088
2012-12-08 17:00:00,0.434
2012-12-08 17:30:00,0.659
2012-12-08 18:00:00,0.637
2012-12-08 18:30:00,0.66
2012-12-08 19:00:00,0.686
2012-12-08 19:30:00,0.659
2012-12-08 20:00:00,0.693
2012-12-08 20:30:00,0.677
2012-12-08 21:00:00,0.228
2012-12-08 21:30:00,0.085
2012-12-08 22:00:00,0.055
2012-12-08 22:30:00,0.05
2012-12-08 23:00:00,0.089
2012-12-08 23:30:00,0.057
2012-12-09 00:00:00,0.054
2012-12-09 00:30:00,2.053
2012-12-09 01:00:00,2.948
2012-12-09 01:30:00,2.973
2012-12-09 02:00:00,2.277
2012-12-09 02:30:00,2.0940001
2012-12-09 03:00:00,2.2490001
2012-12-09 03:30:00,2.0799999
2012-12-09 04:00:00,2.2309999
2012-12-09 04:30:00,2.0680001
2012-12-09 05:00:00,0.928
2012-12-09 05:30:00,1.479
2012-12-09 06:00:00,1.318
2012-12-09 06:30:00,1.01
2012-12-09 07:00:00,1.722
2012-12-09 07:30:00,0.087
2012-12-09 08:00:00,0.059
2012-12-09 08:30:00,0.099
2012-12-09 09:00:00,0.052
2012-12-09 09:30:00,0.055
2012-12-09 10:00:00,0.109
2012-12-09 10:30:00,0.057
2012-12-09 11:00:00,0.047
2012-12-09 11:30:00,0.055
2012-12-09 12:00:00,0.114
2012-12-09 12:30:00,0.079
2012-12-09 13:00:00,0.057
2012-12-09 13:30:00,0.055
2012-12-09 14:00:00,0.127
2012-12-09 14:30:00,0.062
2012-12-09 15:00:00,0.082
2012-12-09 15:30:00,0.08
2012-12-09 16:00:00,0.046
2012-12-09 16:30:00,0.101
2012-12-09 17:00:00,0.15
2012-12-09 17:30:00,0.153
2012-12-09 18:00:00,0.402
2012-12-09 18:30:00,0.712
2012-12-09 19:00:00,0.702
2012-12-09 19:30:00,0.65
2012-12-09 20:00:00,0.718
2012-12-09 20:30:00,0.39
2012-12-09 21:00:00,0.122
2012-12-09 21:30:00,0.096
2012-12-09 22:00:00,0.076
2012-12-09 22:30:00,0.074
2012-12-09 23:00:00,0.079
2012-12-09 23:30:00,0.111
