tstp,energy(kWh/hh)
2012-06-19 12:30:00,1.7869999
2012-06-19 13:00:00,1.071
2012-06-19 13:30:00,1.7029999
2012-06-19 14:00:00,0.738
2012-06-19 14:30:00,1.024
2012-06-19 15:00:00,0.816
2012-06-19 15:30:00,1.359
2012-06-19 16:00:00,0.784
2012-06-19 16:30:00,0.799
2012-06-19 17:00:00,0.871
2012-06-19 17:30:00,1.704
2012-06-19 18:00:00,1.212
2012-06-19 18:30:00,1.13
2012-06-19 19:00:00,1.566
2012-06-19 19:30:00,1.309
2012-06-19 20:00:00,1.35
2012-06-19 20:30:00,1.298
2012-06-19 21:00:00,1.538
2012-06-19 21:30:00,1.396
2012-06-19 22:00:00,0.88
2012-06-19 22:30:00,0.938
2012-06-19 23:00:00,0.788
2012-06-19 23:30:00,0.988
2012-06-20 00:00:00,0.897
2012-06-20 00:30:00,0.852
2012-06-20 01:00:00,1.0140001
2012-06-20 01:30:00,0.832
2012-06-20 02:00:00,0.966
2012-06-20 02:30:00,1.053
2012-06-20 03:00:00,1.09
2012-06-20 03:30:00,0.832
2012-06-20 04:00:00,1.041
2012-06-20 04:30:00,0.784
2012-06-20 05:00:00,1.159
2012-06-20 05:30:00,1.148
2012-06-20 06:00:00,1.554
2012-06-20 06:30:00,1.142
2012-06-20 07:00:00,1.883
2012-06-20 07:30:00,2.0250001
2012-06-20 08:00:00,1.057
2012-06-20 08:30:00,1.405
2012-06-20 09:00:00,1.183
2012-06-20 09:30:00,0.892
2012-06-20 10:00:00,0.889
2012-06-20 10:30:00,1.289
2012-06-20 11:00:00,1.631
2012-06-20 11:30:00,1.553
2012-06-20 12:00:00,0.955
2012-06-20 12:30:00,1.2079999
2012-06-20 13:00:00,0.945
2012-06-20 13:30:00,0.991
2012-06-20 14:00:00,1.5930001
2012-06-20 14:30:00,0.981
2012-06-20 15:00:00,1.053
2012-06-20 15:30:00,0.891
2012-06-20 16:00:00,1.214
2012-06-20 16:30:00,0.787
2012-06-20 17:00:00,1.025
2012-06-20 17:30:00,0.774
2012-06-20 18:00:00,1.12
2012-06-20 18:30:00,0.964
2012-06-20 19:00:00,1.526
2012-06-20 19:30:00,1.2920001
2012-06-20 20:00:00,1.492
2012-06-20 20:30:00,1.377
2012-06-20 21:00:00,1.646
2012-06-20 21:30:00,2.2349999
2012-06-20 22:00:00,1.9809999
2012-06-20 22:30:00,1.101
2012-06-20 23:00:00,1.023
2012-06-20 23:30:00,0.936
2012-06-21 00:00:00,1.027
2012-06-21 00:30:00,0.819
2012-06-21 01:00:00,0.98
2012-06-21 01:30:00,0.793
2012-06-21 02:00:00,1.146
2012-06-21 02:30:00,1.182
2012-06-21 03:00:00,1.267
2012-06-21 03:30:00,0.824
2012-06-21 04:00:00,1.082
2012-06-21 04:30:00,0.758
2012-06-21 05:00:00,1.302
2012-06-21 05:30:00,1.472
2012-06-21 06:00:00,2.069
2012-06-21 06:30:00,1.737
2012-06-21 07:00:00,2.135
2012-06-21 07:30:00,1.238
2012-06-21 08:00:00,0.862
2012-06-21 08:30:00,0.812
2012-06-21 09:00:00,1.035
2012-06-21 09:30:00,1.138
2012-06-21 10:00:00,1.1950001
2012-06-21 10:30:00,0.956
2012-06-21 11:00:00,1.12
2012-06-21 11:30:00,1.155
2012-06-21 12:00:00,1.145
2012-06-21 12:30:00,0.931
2012-06-21 13:00:00,1.15
2012-06-21 13:30:00,1.017
2012-06-21 14:00:00,1.133
2012-06-21 14:30:00,0.78
2012-06-21 15:00:00,1.043
2012-06-21 15:30:00,1.062
2012-06-21 16:00:00,0.9
2012-06-21 16:30:00,0.782
2012-06-21 17:00:00,0.949
2012-06-21 17:30:00,1.283
2012-06-21 18:00:00,1.477
2012-06-21 18:30:00,1.617
2012-06-21 19:00:00,1.393
2012-06-21 19:30:00,1.5369999
2012-06-21 20:00:00,1.427
2012-06-21 20:30:00,2.2590001
2012-06-21 21:00:00,1.319
2012-06-21 21:30:00,1.404
2012-06-21 22:00:00,0.751
2012-06-21 22:30:00,1.276
2012-06-21 23:00:00,0.72
2012-06-21 23:30:00,0.751
2012-06-22 00:00:00,1.026
2012-06-22 00:30:00,0.853
2012-06-22 01:00:00,1.006
2012-06-22 01:30:00,0.759
2012-06-22 02:00:00,1.0369999
2012-06-22 02:30:00,1.059
2012-06-22 03:00:00,1.188
2012-06-22 03:30:00,0.687
2012-06-22 04:00:00,1.015
2012-06-22 04:30:00,0.89
2012-06-22 05:00:00,1.073
2012-06-22 05:30:00,1.193
2012-06-22 06:00:00,1.391
2012-06-22 06:30:00,1.138
2012-06-22 07:00:00,2.016
2012-06-22 07:30:00,1.258
2012-06-22 08:00:00,1.16
2012-06-22 08:30:00,1.406
2012-06-22 09:00:00,1.207
2012-06-22 09:30:00,1.714
2012-06-22 10:00:00,0.889
2012-06-22 10:30:00,1.1289999
2012-06-22 11:00:00,1.363
2012-06-22 11:30:00,1.2
2012-06-22 12:00:00,0.88
2012-06-22 12:30:00,1.097
2012-06-22 13:00:00,1.234
2012-06-22 13:30:00,0.946
2012-06-22 14:00:00,1.03
2012-06-22 14:30:00,1.006
2012-06-22 15:00:00,0.819
2012-06-22 15:30:00,1.278
2012-06-22 16:00:00,0.989
2012-06-22 16:30:00,1.17
2012-06-22 17:00:00,1.03
2012-06-22 17:30:00,0.857
2012-06-22 18:00:00,1.403
2012-06-22 18:30:00,1.332
2012-06-22 19:00:00,1.566
2012-06-22 19:30:00,1.598
2012-06-22 20:00:00,1.3099999
2012-06-22 20:30:00,1.5140001
2012-06-22 21:00:00,1.38
2012-06-22 21:30:00,1.705
2012-06-22 22:00:00,1.605
2012-06-22 22:30:00,1.197
2012-06-22 23:00:00,1.1
2012-06-22 23:30:00,0.761
2012-06-23 00:00:00,1.0140001
2012-06-23 00:30:00,0.761
2012-06-23 01:00:00,1.074
2012-06-23 01:30:00,0.732
2012-06-23 02:00:00,0.95
2012-06-23 02:30:00,1.1619999
2012-06-23 03:00:00,1.128
2012-06-23 03:30:00,0.83
2012-06-23 04:00:00,1.056
2012-06-23 04:30:00,0.728
2012-06-23 05:00:00,1.258
2012-06-23 05:30:00,1.086
2012-06-23 06:00:00,1.475
2012-06-23 06:30:00,1.147
2012-06-23 07:00:00,1.454
2012-06-23 07:30:00,1.092
2012-06-23 08:00:00,1.744
2012-06-23 08:30:00,1.0470001
2012-06-23 09:00:00,1.171
2012-06-23 09:30:00,1.022
2012-06-23 10:00:00,0.85
2012-06-23 10:30:00,1.204
2012-06-23 11:00:00,1.029
2012-06-23 11:30:00,0.877
2012-06-23 12:00:00,1.097
2012-06-23 12:30:00,1.194
2012-06-23 13:00:00,1.312
2012-06-23 13:30:00,1.551
2012-06-23 14:00:00,0.84
2012-06-23 14:30:00,1.038
2012-06-23 15:00:00,0.784
2012-06-23 15:30:00,1.276
2012-06-23 16:00:00,1.084
2012-06-23 16:30:00,1.0549999
2012-06-23 17:00:00,1.225
2012-06-23 17:30:00,1.1289999
2012-06-23 18:00:00,1.221
2012-06-23 18:30:00,1.15
2012-06-23 19:00:00,1.436
2012-06-23 19:30:00,1.53
2012-06-23 20:00:00,1.193
2012-06-23 20:30:00,1.364
2012-06-23 21:00:00,1.142
2012-06-23 21:30:00,1.506
2012-06-23 22:00:00,1.056
2012-06-23 22:30:00,0.859
2012-06-23 23:00:00,1.4579999
2012-06-23 23:30:00,0.867
2012-06-24 00:00:00,0.789
2012-06-24 00:30:00,0.714
2012-06-24 01:00:00,0.815
2012-06-24 01:30:00,1.069
2012-06-24 02:00:00,0.922
2012-06-24 02:30:00,1.1160001
2012-06-24 03:00:00,1.089
2012-06-24 03:30:00,0.919
2012-06-24 04:00:00,1.217
2012-06-24 04:30:00,0.767
2012-06-24 05:00:00,0.892
2012-06-24 05:30:00,1.273
2012-06-24 06:00:00,1.4630001
2012-06-24 06:30:00,2.0699999
2012-06-24 07:00:00,1.6339999
2012-06-24 07:30:00,1.375
2012-06-24 08:00:00,1.235
2012-06-24 08:30:00,0.954
2012-06-24 09:00:00,1.212
2012-06-24 09:30:00,1.135
2012-06-24 10:00:00,1.308
2012-06-24 10:30:00,0.961
2012-06-24 11:00:00,1.151
2012-06-24 11:30:00,1.049
2012-06-24 12:00:00,0.99
2012-06-24 12:30:00,1.3940001
2012-06-24 13:00:00,0.886
2012-06-24 13:30:00,0.947
2012-06-24 14:00:00,1.382
2012-06-24 14:30:00,0.922
2012-06-24 15:00:00,1.151
2012-06-24 15:30:00,0.925
2012-06-24 16:00:00,1.104
2012-06-24 16:30:00,0.751
2012-06-24 17:00:00,0.94
2012-06-24 17:30:00,0.851
2012-06-24 18:00:00,1.179
2012-06-24 18:30:00,1.2029999
2012-06-24 19:00:00,1.758
2012-06-24 19:30:00,1.502
2012-06-24 20:00:00,1.6339999
2012-06-24 20:30:00,2.447
2012-06-24 21:00:00,2.0699999
2012-06-24 21:30:00,1.272
2012-06-24 22:00:00,1.191
2012-06-24 22:30:00,0.769
2012-06-24 23:00:00,0.99
2012-06-24 23:30:00,0.73
2012-06-25 00:00:00,1.0599999
2012-06-25 00:30:00,0.707
2012-06-25 01:00:00,1.068
2012-06-25 01:30:00,0.795
2012-06-25 02:00:00,0.967
2012-06-25 02:30:00,1.081
2012-06-25 03:00:00,1.113
2012-06-25 03:30:00,0.733
2012-06-25 04:00:00,0.97
2012-06-25 04:30:00,0.783
2012-06-25 05:00:00,1.314
2012-06-25 05:30:00,1.11
2012-06-25 06:00:00,2.2
2012-06-25 06:30:00,1.267
2012-06-25 07:00:00,1.381
2012-06-25 07:30:00,1.799
2012-06-25 08:00:00,2.125
2012-06-25 08:30:00,2.7149999
2012-06-25 09:00:00,3.7090001
2012-06-25 09:30:00,1.285
2012-06-25 10:00:00,1.582
2012-06-25 10:30:00,1.405
2012-06-25 11:00:00,0.857
2012-06-25 11:30:00,4.3990002
2012-06-25 12:00:00,2.602
2012-06-25 12:30:00,0.849
2012-06-25 13:00:00,0.791
2012-06-25 13:30:00,0.766
2012-06-25 14:00:00,1.7130001
2012-06-25 14:30:00,0.908
2012-06-25 15:00:00,0.754
2012-06-25 15:30:00,0.974
2012-06-25 16:00:00,0.852
2012-06-25 16:30:00,1.132
2012-06-25 17:00:00,1.085
2012-06-25 17:30:00,0.813
2012-06-25 18:00:00,0.913
2012-06-25 18:30:00,1.029
2012-06-25 19:00:00,1.566
2012-06-25 19:30:00,1.388
2012-06-25 20:00:00,1.6619999
2012-06-25 20:30:00,1.337
2012-06-25 21:00:00,1.517
2012-06-25 21:30:00,1.598
2012-06-25 22:00:00,0.723
2012-06-25 22:30:00,0.672
2012-06-25 23:00:00,0.95
2012-06-25 23:30:00,0.723
2012-06-26 00:00:00,0.943
2012-06-26 00:30:00,0.859
2012-06-26 01:00:00,0.998
2012-06-26 01:30:00,0.706
2012-06-26 02:00:00,1.022
2012-06-26 02:30:00,0.999
2012-06-26 03:00:00,0.826
2012-06-26 03:30:00,1.062
2012-06-26 04:00:00,0.737
2012-06-26 04:30:00,0.95
2012-06-26 05:00:00,0.88
2012-06-26 05:30:00,1.273
2012-06-26 06:00:00,4.6849999
2012-06-26 06:30:00,1.98
2012-06-26 07:00:00,2.04
2012-06-26 07:30:00,1.849
2012-06-26 08:00:00,1.237
2012-06-26 08:30:00,0.87
2012-06-26 09:00:00,0.655
2012-06-26 09:30:00,0.815
2012-06-26 10:00:00,0.829
2012-06-26 10:30:00,0.804
2012-06-26 11:00:00,0.819
2012-06-26 11:30:00,0.967
2012-06-26 12:00:00,1.63
2012-06-26 12:30:00,1.113
2012-06-26 13:00:00,1.541
2012-06-26 13:30:00,0.648
2012-06-26 14:00:00,0.878
2012-06-26 14:30:00,1.0650001
2012-06-26 15:00:00,0.979
2012-06-26 15:30:00,1.043
2012-06-26 16:00:00,1.322
2012-06-26 16:30:00,4.2189999
2012-06-26 17:00:00,0.896
2012-06-26 17:30:00,1.038
2012-06-26 18:00:00,0.877
2012-06-26 18:30:00,0.858
2012-06-26 19:00:00,1.27
2012-06-26 19:30:00,1.068
2012-06-26 20:00:00,1.277
2012-06-26 20:30:00,1.6
2012-06-26 21:00:00,1.4400001
2012-06-26 21:30:00,1.686
2012-06-26 22:00:00,0.928
2012-06-26 22:30:00,0.941
2012-06-26 23:00:00,0.813
2012-06-26 23:30:00,0.88
2012-06-27 00:00:00,0.722
2012-06-27 00:30:00,0.97
2012-06-27 01:00:00,0.817
2012-06-27 01:30:00,0.844
2012-06-27 02:00:00,0.689
2012-06-27 02:30:00,1.2029999
2012-06-27 03:00:00,0.966
2012-06-27 03:30:00,0.965
2012-06-27 04:00:00,0.704
2012-06-27 04:30:00,0.9
2012-06-27 05:00:00,0.782
2012-06-27 05:30:00,1.324
2012-06-27 06:00:00,1.3150001
2012-06-27 06:30:00,3.971
2012-06-27 07:00:00,4.3410001
2012-06-27 07:30:00,1.158
2012-06-27 08:00:00,0.824
2012-06-27 08:30:00,0.888
2012-06-27 09:00:00,1.317
2012-06-27 09:30:00,1.0
2012-06-27 10:00:00,2.0969999
2012-06-27 10:30:00,1.908
2012-06-27 11:00:00,2.0150001
2012-06-27 11:30:00,2.0899999
2012-06-27 12:00:00,1.569
2012-06-27 12:30:00,1.854
2012-06-27 13:00:00,1.186
2012-06-27 13:30:00,1.654
2012-06-27 14:00:00,1.413
2012-06-27 14:30:00,1.2079999
2012-06-27 15:00:00,0.829
2012-06-27 15:30:00,1.01
2012-06-27 16:00:00,1.595
2012-06-27 16:30:00,5.27
2012-06-27 17:00:00,1.02
2012-06-27 17:30:00,1.569
2012-06-27 18:00:00,1.155
2012-06-27 18:30:00,1.08
2012-06-27 19:00:00,1.36
2012-06-27 19:30:00,2.0039999
2012-06-27 20:00:00,1.49
2012-06-27 20:30:00,2.059
2012-06-27 21:00:00,1.905
2012-06-27 21:30:00,1.786
2012-06-27 22:00:00,0.94
2012-06-27 22:30:00,0.832
2012-06-27 23:00:00,0.655
2012-06-27 23:30:00,0.824
2012-06-28 00:00:00,0.902
2012-06-28 00:30:00,0.84
2012-06-28 01:00:00,0.931
2012-06-28 01:30:00,0.677
2012-06-28 02:00:00,0.647
2012-06-28 02:30:00,1.131
2012-06-28 03:00:00,0.905
2012-06-28 03:30:00,0.762
2012-06-28 04:00:00,0.943
2012-06-28 04:30:00,0.639
2012-06-28 05:00:00,0.811
2012-06-28 05:30:00,1.28
2012-06-28 06:00:00,4.691
2012-06-28 06:30:00,1.888
2012-06-28 07:00:00,2.9560001
2012-06-28 07:30:00,1.706
2012-06-28 08:00:00,2.2720001
2012-06-28 08:30:00,1.053
2012-06-28 09:00:00,2.7019999
2012-06-28 09:30:00,1.036
2012-06-28 10:00:00,0.686
2012-06-28 10:30:00,0.711
2012-06-28 11:00:00,0.732
2012-06-28 11:30:00,0.696
2012-06-28 12:00:00,0.922
2012-06-28 12:30:00,0.909
2012-06-28 13:00:00,0.939
2012-06-28 13:30:00,1.113
2012-06-28 14:00:00,1.342
2012-06-28 14:30:00,1.5930001
2012-06-28 15:00:00,1.0420001
2012-06-28 15:30:00,1.011
2012-06-28 16:00:00,1.022
2012-06-28 16:30:00,1.099
2012-06-28 17:00:00,0.821
2012-06-28 17:30:00,0.912
2012-06-28 18:00:00,0.956
2012-06-28 18:30:00,0.894
2012-06-28 19:00:00,1.368
2012-06-28 19:30:00,1.193
2012-06-28 20:00:00,1.255
2012-06-28 20:30:00,1.447
2012-06-28 21:00:00,1.9069999
2012-06-28 21:30:00,1.211
2012-06-28 22:00:00,0.643
2012-06-28 22:30:00,0.657
2012-06-28 23:00:00,1.0650001
2012-06-28 23:30:00,0.799
2012-06-29 00:00:00,0.66
2012-06-29 00:30:00,0.883
2012-06-29 01:00:00,0.642
2012-06-29 01:30:00,0.718
2012-06-29 02:00:00,1.012
2012-06-29 02:30:00,0.969
2012-06-29 03:00:00,1.046
2012-06-29 03:30:00,0.709
2012-06-29 04:00:00,0.701
2012-06-29 04:30:00,1.095
2012-06-29 05:00:00,0.894
2012-06-29 05:30:00,1.062
2012-06-29 06:00:00,1.318
2012-06-29 06:30:00,1.058
2012-06-29 07:00:00,1.577
2012-06-29 07:30:00,1.263
2012-06-29 08:00:00,1.1900001
2012-06-29 08:30:00,0.853
2012-06-29 09:00:00,0.931
2012-06-29 09:30:00,0.808
2012-06-29 10:00:00,1.499
2012-06-29 10:30:00,0.886
2012-06-29 11:00:00,0.99
2012-06-29 11:30:00,0.859
2012-06-29 12:00:00,0.996
2012-06-29 12:30:00,1.351
2012-06-29 13:00:00,0.926
2012-06-29 13:30:00,0.917
2012-06-29 14:00:00,1.188
2012-06-29 14:30:00,0.947
2012-06-29 15:00:00,1.283
2012-06-29 15:30:00,0.918
2012-06-29 16:00:00,1.062
2012-06-29 16:30:00,4.1830001
2012-06-29 17:00:00,1.617
2012-06-29 17:30:00,0.884
2012-06-29 18:00:00,1.166
2012-06-29 18:30:00,1.569
2012-06-29 19:00:00,1.5470001
2012-06-29 19:30:00,1.4220001
2012-06-29 20:00:00,1.604
2012-06-29 20:30:00,1.628
2012-06-29 21:00:00,1.391
2012-06-29 21:30:00,1.449
2012-06-29 22:00:00,2.0940001
2012-06-29 22:30:00,1.726
2012-06-29 23:00:00,1.369
2012-06-29 23:30:00,1.216
2012-06-30 00:00:00,0.784
2012-06-30 00:30:00,0.917
2012-06-30 01:00:00,0.781
2012-06-30 01:30:00,0.963
2012-06-30 02:00:00,0.849
2012-06-30 02:30:00,1.132
2012-06-30 03:00:00,1.09
2012-06-30 03:30:00,0.75
2012-06-30 04:00:00,0.914
2012-06-30 04:30:00,0.734
2012-06-30 05:00:00,1.1720001
2012-06-30 05:30:00,1.163
2012-06-30 06:00:00,5.072
2012-06-30 06:30:00,1.53
2012-06-30 07:00:00,1.444
2012-06-30 07:30:00,1.262
2012-06-30 08:00:00,1.052
2012-06-30 08:30:00,1.127
2012-06-30 09:00:00,1.017
2012-06-30 09:30:00,1.027
2012-06-30 10:00:00,0.886
2012-06-30 10:30:00,1.091
2012-06-30 11:00:00,1.1799999
2012-06-30 11:30:00,0.795
2012-06-30 12:00:00,1.109
2012-06-30 12:30:00,0.89
2012-06-30 13:00:00,1.837
2012-06-30 13:30:00,1.548
2012-06-30 14:00:00,1.589
2012-06-30 14:30:00,0.858
2012-06-30 15:00:00,1.222
2012-06-30 15:30:00,0.905
2012-06-30 16:00:00,1.059
2012-06-30 16:30:00,2.131
2012-06-30 17:00:00,0.855
2012-06-30 17:30:00,1.118
2012-06-30 18:00:00,0.885
2012-06-30 18:30:00,1.54
2012-06-30 19:00:00,1.7180001
2012-06-30 19:30:00,3.6170001
2012-06-30 20:00:00,1.189
2012-06-30 20:30:00,1.559
2012-06-30 21:00:00,1.7970001
2012-06-30 21:30:00,1.591
2012-06-30 22:00:00,1.4069999
2012-06-30 22:30:00,1.545
2012-06-30 23:00:00,1.613
2012-06-30 23:30:00,1.029
2012-07-01 00:00:00,0.688
2012-07-01 00:30:00,0.778
2012-07-01 01:00:00,0.909
2012-07-01 01:30:00,0.771
2012-07-01 02:00:00,0.845
2012-07-01 02:30:00,1.174
2012-07-01 03:00:00,0.897
2012-07-01 03:30:00,0.951
2012-07-01 04:00:00,0.781
2012-07-01 04:30:00,0.798
2012-07-01 05:00:00,1.029
2012-07-01 05:30:00,1.174
2012-07-01 06:00:00,1.352
2012-07-01 06:30:00,1.0930001
2012-07-01 07:00:00,1.46
2012-07-01 07:30:00,5.395
2012-07-01 08:00:00,2.5969999
2012-07-01 08:30:00,3.842
2012-07-01 09:00:00,0.928
2012-07-01 09:30:00,0.857
2012-07-01 10:00:00,0.734
2012-07-01 10:30:00,0.752
2012-07-01 11:00:00,0.868
2012-07-01 11:30:00,0.762
2012-07-01 12:00:00,1.517
2012-07-01 12:30:00,1.249
2012-07-01 13:00:00,1.5140001
2012-07-01 13:30:00,0.951
2012-07-01 14:00:00,0.898
2012-07-01 14:30:00,1.092
2012-07-01 15:00:00,0.864
2012-07-01 15:30:00,1.0700001
2012-07-01 16:00:00,0.987
2012-07-01 16:30:00,3.2290001
2012-07-01 17:00:00,2.6029999
2012-07-01 17:30:00,1.7640001
2012-07-01 18:00:00,5.2779999
2012-07-01 18:30:00,1.227
2012-07-01 19:00:00,2.0050001
2012-07-01 19:30:00,2.1259999
2012-07-01 20:00:00,1.952
2012-07-01 20:30:00,1.78
2012-07-01 21:00:00,1.4680001
2012-07-01 21:30:00,1.835
2012-07-01 22:00:00,1.132
2012-07-01 22:30:00,1.271
2012-07-01 23:00:00,0.718
2012-07-01 23:30:00,0.848
2012-07-02 00:00:00,0.721
2012-07-02 00:30:00,0.755
2012-07-02 01:00:00,0.966
2012-07-02 01:30:00,0.801
2012-07-02 02:00:00,0.681
2012-07-02 02:30:00,1.3710001
2012-07-02 03:00:00,0.908
2012-07-02 03:30:00,0.732
2012-07-02 04:00:00,0.956
2012-07-02 04:30:00,0.735
2012-07-02 05:00:00,1.084
2012-07-02 05:30:00,1.149
2012-07-02 06:00:00,1.6569999
2012-07-02 06:30:00,5.4429998
2012-07-02 07:00:00,1.568
2012-07-02 07:30:00,3.73
2012-07-02 08:00:00,0.922
2012-07-02 08:30:00,2.1129999
2012-07-02 09:00:00,1.916
2012-07-02 09:30:00,0.896
2012-07-02 10:00:00,0.854
2012-07-02 10:30:00,0.93
2012-07-02 11:00:00,0.905
2012-07-02 11:30:00,1.229
2012-07-02 12:00:00,0.988
2012-07-02 12:30:00,1.061
2012-07-02 13:00:00,1.0420001
2012-07-02 13:30:00,1.04
2012-07-02 14:00:00,1.081
2012-07-02 14:30:00,1.219
2012-07-02 15:00:00,1.0369999
2012-07-02 15:30:00,1.045
2012-07-02 16:00:00,1.451
2012-07-02 16:30:00,4.6620002
2012-07-02 17:00:00,1.3660001
2012-07-02 17:30:00,1.081
2012-07-02 18:00:00,1.2690001
2012-07-02 18:30:00,1.707
2012-07-02 19:00:00,1.877
2012-07-02 19:30:00,1.744
2012-07-02 20:00:00,5.7989998
2012-07-02 20:30:00,2.2079999
2012-07-02 21:00:00,1.632
2012-07-02 21:30:00,1.355
2012-07-02 22:00:00,1.637
2012-07-02 22:30:00,1.053
2012-07-02 23:00:00,1.081
2012-07-02 23:30:00,0.92
2012-07-03 00:00:00,0.859
2012-07-03 00:30:00,0.795
2012-07-03 01:00:00,0.75
2012-07-03 01:30:00,0.868
2012-07-03 02:00:00,0.835
2012-07-03 02:30:00,1.0039999
2012-07-03 03:00:00,0.87
2012-07-03 03:30:00,0.96
2012-07-03 04:00:00,0.689
2012-07-03 04:30:00,0.983
2012-07-03 05:00:00,0.857
2012-07-03 05:30:00,1.143
2012-07-03 06:00:00,1.431
2012-07-03 06:30:00,5.8829999
2012-07-03 07:00:00,2.5209999
2012-07-03 07:30:00,1.434
2012-07-03 08:00:00,0.915
2012-07-03 08:30:00,0.905
2012-07-03 09:00:00,0.99
2012-07-03 09:30:00,0.961
2012-07-03 10:00:00,1.123
2012-07-03 10:30:00,4.8839998
2012-07-03 11:00:00,6.7129998
2012-07-03 11:30:00,5.6430001
2012-07-03 12:00:00,5.0300002
2012-07-03 12:30:00,4.2620001
2012-07-03 13:00:00,1.109
2012-07-03 13:30:00,1.9299999
2012-07-03 14:00:00,1.12
2012-07-03 14:30:00,1.4579999
2012-07-03 15:00:00,1.052
2012-07-03 15:30:00,1.21
2012-07-03 16:00:00,1.217
2012-07-03 16:30:00,1.073
2012-07-03 17:00:00,1.3890001
2012-07-03 17:30:00,0.991
2012-07-03 18:00:00,1.02
2012-07-03 18:30:00,1.266
2012-07-03 19:00:00,1.5829999
2012-07-03 19:30:00,1.472
2012-07-03 20:00:00,1.661
2012-07-03 20:30:00,1.563
2012-07-03 21:00:00,1.5549999
2012-07-03 21:30:00,1.5779999
2012-07-03 22:00:00,0.752
2012-07-03 22:30:00,0.865
2012-07-03 23:00:00,0.734
2012-07-03 23:30:00,1.063
2012-07-04 00:00:00,0.669
2012-07-04 00:30:00,0.711
2012-07-04 01:00:00,0.936
2012-07-04 01:30:00,0.698
2012-07-04 02:00:00,1.0420001
2012-07-04 02:30:00,1.0599999
2012-07-04 03:00:00,0.977
2012-07-04 03:30:00,0.704
2012-07-04 04:00:00,0.746
2012-07-04 04:30:00,1.063
2012-07-04 05:00:00,0.924
2012-07-04 05:30:00,1.132
2012-07-04 06:00:00,4.6929998
2012-07-04 06:30:00,3.7249999
2012-07-04 07:00:00,2.4579999
2012-07-04 07:30:00,1.387
2012-07-04 08:00:00,0.829
2012-07-04 08:30:00,0.874
2012-07-04 09:00:00,1.623
2012-07-04 09:30:00,0.917
2012-07-04 10:00:00,1.181
2012-07-04 10:30:00,1.96
2012-07-04 11:00:00,1.482
2012-07-04 11:30:00,1.591
2012-07-04 12:00:00,1.934
2012-07-04 12:30:00,2.0480001
2012-07-04 13:00:00,3.0109999
2012-07-04 13:30:00,2.6719999
2012-07-04 14:00:00,2.342
2012-07-04 14:30:00,1.7309999
2012-07-04 15:00:00,1.623
2012-07-04 15:30:00,1.6289999
2012-07-04 16:00:00,1.27
2012-07-04 16:30:00,1.506
2012-07-04 17:00:00,1.056
2012-07-04 17:30:00,2.3640001
2012-07-04 18:00:00,2.9679999
2012-07-04 18:30:00,1.35
2012-07-04 19:00:00,1.615
2012-07-04 19:30:00,1.987
2012-07-04 20:00:00,2.306
2012-07-04 20:30:00,1.801
2012-07-04 21:00:00,1.3559999
2012-07-04 21:30:00,1.067
2012-07-04 22:00:00,0.882
2012-07-04 22:30:00,0.673
2012-07-04 23:00:00,0.746
2012-07-04 23:30:00,0.891
2012-07-05 00:00:00,0.694
2012-07-05 00:30:00,0.774
2012-07-05 01:00:00,0.857
2012-07-05 01:30:00,0.702
2012-07-05 02:00:00,0.741
2012-07-05 02:30:00,1.277
2012-07-05 03:00:00,0.977
2012-07-05 03:30:00,0.673
2012-07-05 04:00:00,0.891
2012-07-05 04:30:00,0.688
2012-07-05 05:00:00,1.164
2012-07-05 05:30:00,1.3
2012-07-05 06:00:00,4.763
2012-07-05 06:30:00,1.7690001
2012-07-05 07:00:00,1.226
2012-07-05 07:30:00,1.232
2012-07-05 08:00:00,1.087
2012-07-05 08:30:00,1.058
2012-07-05 09:00:00,1.023
2012-07-05 09:30:00,1.484
2012-07-05 10:00:00,1.285
2012-07-05 10:30:00,1.234
2012-07-05 11:00:00,1.34
2012-07-05 11:30:00,1.018
2012-07-05 12:00:00,0.902
2012-07-05 12:30:00,0.89
2012-07-05 13:00:00,1.1210001
2012-07-05 13:30:00,1.288
2012-07-05 14:00:00,1.096
2012-07-05 14:30:00,1.569
2012-07-05 15:00:00,0.989
2012-07-05 15:30:00,1.04
2012-07-05 16:00:00,1.13
2012-07-05 16:30:00,4.0320001
2012-07-05 17:00:00,1.266
2012-07-05 17:30:00,1.569
2012-07-05 18:00:00,1.1109999
2012-07-05 18:30:00,2.0380001
2012-07-05 19:00:00,1.719
2012-07-05 19:30:00,1.265
2012-07-05 20:00:00,1.471
2012-07-05 20:30:00,1.452
2012-07-05 21:00:00,1.423
2012-07-05 21:30:00,1.219
2012-07-05 22:00:00,0.928
2012-07-05 22:30:00,0.809
2012-07-05 23:00:00,0.75
2012-07-05 23:30:00,0.929
2012-07-06 00:00:00,0.751
2012-07-06 00:30:00,0.722
2012-07-06 01:00:00,0.849
2012-07-06 01:30:00,0.842
2012-07-06 02:00:00,0.775
2012-07-06 02:30:00,1.168
2012-07-06 03:00:00,0.963
2012-07-06 03:30:00,0.728
2012-07-06 04:00:00,0.979
2012-07-06 04:30:00,0.733
2012-07-06 05:00:00,0.945
2012-07-06 05:30:00,1.533
2012-07-06 06:00:00,5.072
2012-07-06 06:30:00,1.421
2012-07-06 07:00:00,1.331
2012-07-06 07:30:00,1.443
2012-07-06 08:00:00,0.988
2012-07-06 08:30:00,1.207
2012-07-06 09:00:00,0.932
2012-07-06 09:30:00,0.753
2012-07-06 10:00:00,1.467
2012-07-06 10:30:00,1.952
2012-07-06 11:00:00,2.7279999
2012-07-06 11:30:00,1.5470001
2012-07-06 12:00:00,1.8660001
2012-07-06 12:30:00,1.22
2012-07-06 13:00:00,2.3710001
2012-07-06 13:30:00,2.553
2012-07-06 14:00:00,2.0699999
2012-07-06 14:30:00,0.731
2012-07-06 15:00:00,0.684
2012-07-06 15:30:00,1.094
2012-07-06 16:00:00,0.726
2012-07-06 16:30:00,1.089
2012-07-06 17:00:00,0.848
2012-07-06 17:30:00,1.4579999
2012-07-06 18:00:00,1.174
2012-07-06 18:30:00,1.785
2012-07-06 19:00:00,1.441
2012-07-06 19:30:00,1.4349999
2012-07-06 20:00:00,1.346
2012-07-06 20:30:00,1.487
2012-07-06 21:00:00,1.321
2012-07-06 21:30:00,1.449
2012-07-06 22:00:00,1.14
2012-07-06 22:30:00,1.521
2012-07-06 23:00:00,1.294
2012-07-06 23:30:00,1.2079999
2012-07-07 00:00:00,1.0039999
2012-07-07 00:30:00,0.7
2012-07-07 01:00:00,1.012
2012-07-07 01:30:00,0.734
2012-07-07 02:00:00,1.0880001
2012-07-07 02:30:00,1.096
2012-07-07 03:00:00,1.273
2012-07-07 03:30:00,0.728
2012-07-07 04:00:00,1.308
2012-07-07 04:30:00,0.808
2012-07-07 05:00:00,0.788
2012-07-07 05:30:00,1.175
2012-07-07 06:00:00,1.499
2012-07-07 06:30:00,1.1720001
2012-07-07 07:00:00,1.8839999
2012-07-07 07:30:00,1.733
2012-07-07 08:00:00,0.835
2012-07-07 08:30:00,0.875
2012-07-07 09:00:00,1.081
2012-07-07 09:30:00,1.013
2012-07-07 10:00:00,1.243
2012-07-07 10:30:00,0.738
2012-07-07 11:00:00,0.759
2012-07-07 11:30:00,0.996
2012-07-07 12:00:00,0.791
2012-07-07 12:30:00,1.1109999
2012-07-07 13:00:00,0.876
2012-07-07 13:30:00,1.122
2012-07-07 14:00:00,0.872
2012-07-07 14:30:00,0.833
2012-07-07 15:00:00,1.216
2012-07-07 15:30:00,1.015
2012-07-07 16:00:00,1.291
2012-07-07 16:30:00,1.035
2012-07-07 17:00:00,1.015
2012-07-07 17:30:00,1.15
2012-07-07 18:00:00,1.2309999
2012-07-07 18:30:00,1.613
2012-07-07 19:00:00,1.677
2012-07-07 19:30:00,1.743
2012-07-07 20:00:00,2.115
2012-07-07 20:30:00,2.211
2012-07-07 21:00:00,1.9859999
2012-07-07 21:30:00,1.758
2012-07-07 22:00:00,1.694
2012-07-07 22:30:00,1.418
2012-07-07 23:00:00,0.813
2012-07-07 23:30:00,0.995
2012-07-08 00:00:00,0.709
2012-07-08 00:30:00,0.936
2012-07-08 01:00:00,0.819
2012-07-08 01:30:00,1.012
2012-07-08 02:00:00,0.801
2012-07-08 02:30:00,1.278
2012-07-08 03:00:00,0.888
2012-07-08 03:30:00,1.027
2012-07-08 04:00:00,0.717
2012-07-08 04:30:00,1.132
2012-07-08 05:00:00,0.889
2012-07-08 05:30:00,1.205
2012-07-08 06:00:00,1.739
2012-07-08 06:30:00,1.64
2012-07-08 07:00:00,1.3890001
2012-07-08 07:30:00,1.401
2012-07-08 08:00:00,0.804
2012-07-08 08:30:00,0.99
2012-07-08 09:00:00,0.71
2012-07-08 09:30:00,1.026
2012-07-08 10:00:00,0.72
2012-07-08 10:30:00,0.973
2012-07-08 11:00:00,0.698
2012-07-08 11:30:00,1.062
2012-07-08 12:00:00,1.7
2012-07-08 12:30:00,0.943
2012-07-08 13:00:00,0.706
2012-07-08 13:30:00,1.015
2012-07-08 14:00:00,0.669
2012-07-08 14:30:00,0.963
2012-07-08 15:00:00,0.774
2012-07-08 15:30:00,1.089
2012-07-08 16:00:00,0.962
2012-07-08 16:30:00,1.3150001
2012-07-08 17:00:00,0.988
2012-07-08 17:30:00,0.876
2012-07-08 18:00:00,1.1900001
2012-07-08 18:30:00,1.086
2012-07-08 19:00:00,1.587
2012-07-08 19:30:00,1.258
2012-07-08 20:00:00,1.702
2012-07-08 20:30:00,1.258
2012-07-08 21:00:00,1.471
2012-07-08 21:30:00,1.376
2012-07-08 22:00:00,1.618
2012-07-08 22:30:00,1.105
2012-07-08 23:00:00,0.892
2012-07-08 23:30:00,0.816
2012-07-09 00:00:00,0.749
2012-07-09 00:30:00,1.005
2012-07-09 01:00:00,0.813
2012-07-09 01:30:00,0.955
2012-07-09 02:00:00,0.697
2012-07-09 02:30:00,1.344
2012-07-09 03:00:00,0.893
2012-07-09 03:30:00,0.934
2012-07-09 04:00:00,0.799
2012-07-09 04:30:00,1.156
2012-07-09 05:00:00,0.805
2012-07-09 05:30:00,1.2309999
2012-07-09 06:00:00,1.652
2012-07-09 06:30:00,1.494
2012-07-09 07:00:00,1.401
2012-07-09 07:30:00,1.5319999
2012-07-09 08:00:00,0.945
2012-07-09 08:30:00,2.372
2012-07-09 09:00:00,2.3010001
2012-07-09 09:30:00,1.0930001
2012-07-09 10:00:00,0.863
2012-07-09 10:30:00,1.177
2012-07-09 11:00:00,0.919
2012-07-09 11:30:00,0.93
2012-07-09 12:00:00,1.1849999
2012-07-09 12:30:00,0.997
2012-07-09 13:00:00,1.313
2012-07-09 13:30:00,0.93
2012-07-09 14:00:00,1.09
2012-07-09 14:30:00,0.937
2012-07-09 15:00:00,1.103
2012-07-09 15:30:00,0.848
2012-07-09 16:00:00,1.103
2012-07-09 16:30:00,1.024
2012-07-09 17:00:00,1.582
2012-07-09 17:30:00,2.0539999
2012-07-09 18:00:00,2.7939999
2012-07-09 18:30:00,2.1159999
2012-07-09 19:00:00,1.9809999
2012-07-09 19:30:00,2.0209999
2012-07-09 20:00:00,1.71
2012-07-09 20:30:00,1.7819999
2012-07-09 21:00:00,2.1359999
2012-07-09 21:30:00,1.3279999
2012-07-09 22:00:00,1.941
2012-07-09 22:30:00,1.094
2012-07-09 23:00:00,1.2
2012-07-09 23:30:00,0.753
2012-07-10 00:00:00,0.818
2012-07-10 00:30:00,0.933
2012-07-10 01:00:00,1.034
2012-07-10 01:30:00,0.714
2012-07-10 02:00:00,1.094
2012-07-10 02:30:00,0.978
2012-07-10 03:00:00,1.2079999
2012-07-10 03:30:00,0.75
2012-07-10 04:00:00,0.971
2012-07-10 04:30:00,0.788
2012-07-10 05:00:00,1.118
2012-07-10 05:30:00,1.119
2012-07-10 06:00:00,1.849
2012-07-10 06:30:00,1.627
2012-07-10 07:00:00,1.216
2012-07-10 07:30:00,1.5470001
2012-07-10 08:00:00,0.94
2012-07-10 08:30:00,0.955
2012-07-10 09:00:00,1.186
2012-07-10 09:30:00,0.788
2012-07-10 10:00:00,1.101
2012-07-10 10:30:00,0.862
2012-07-10 11:00:00,0.912
2012-07-10 11:30:00,1.295
2012-07-10 12:00:00,0.95
2012-07-10 12:30:00,1.135
2012-07-10 13:00:00,1.184
2012-07-10 13:30:00,1.01
2012-07-10 14:00:00,0.833
2012-07-10 14:30:00,0.844
2012-07-10 15:00:00,1.119
2012-07-10 15:30:00,0.997
2012-07-10 16:00:00,1.204
2012-07-10 16:30:00,1.112
2012-07-10 17:00:00,0.978
2012-07-10 17:30:00,1.148
2012-07-10 18:00:00,0.957
2012-07-10 18:30:00,1.505
2012-07-10 19:00:00,1.339
2012-07-10 19:30:00,1.595
2012-07-10 20:00:00,1.377
2012-07-10 20:30:00,1.682
2012-07-10 21:00:00,1.39
2012-07-10 21:30:00,1.523
2012-07-10 22:00:00,1.091
2012-07-10 22:30:00,1.467
2012-07-10 23:00:00,0.711
2012-07-10 23:30:00,0.983
2012-07-11 00:00:00,0.721
2012-07-11 00:30:00,1.022
2012-07-11 01:00:00,0.737
2012-07-11 01:30:00,1.049
2012-07-11 02:00:00,0.754
2012-07-11 02:30:00,1.272
2012-07-11 03:00:00,0.837
2012-07-11 03:30:00,0.867
2012-07-11 04:00:00,0.893
2012-07-11 04:30:00,0.749
2012-07-11 05:00:00,1.2079999
2012-07-11 05:30:00,1.113
2012-07-11 06:00:00,1.4680001
2012-07-11 06:30:00,1.2460001
2012-07-11 07:00:00,1.476
2012-07-11 07:30:00,2.0420001
2012-07-11 08:00:00,2.0580001
2012-07-11 08:30:00,1.46
2012-07-11 09:00:00,2.7379999
2012-07-11 09:30:00,1.551
2012-07-11 10:00:00,2.533
2012-07-11 10:30:00,1.947
2012-07-11 11:00:00,1.756
2012-07-11 11:30:00,1.9
2012-07-11 12:00:00,1.696
2012-07-11 12:30:00,1.722
2012-07-11 13:00:00,1.473
2012-07-11 13:30:00,1.094
2012-07-11 14:00:00,1.012
2012-07-11 14:30:00,0.846
2012-07-11 15:00:00,1.1289999
2012-07-11 15:30:00,0.975
2012-07-11 16:00:00,1.3710001
2012-07-11 16:30:00,0.86
2012-07-11 17:00:00,1.495
2012-07-11 17:30:00,1.347
2012-07-11 18:00:00,1.2460001
2012-07-11 18:30:00,1.2359999
2012-07-11 19:00:00,1.256
2012-07-11 19:30:00,1.397
2012-07-11 20:00:00,1.221
2012-07-11 20:30:00,1.342
2012-07-11 21:00:00,1.252
2012-07-11 21:30:00,1.243
2012-07-11 22:00:00,1.148
2012-07-11 22:30:00,1.36
2012-07-11 23:00:00,0.679
2012-07-11 23:30:00,1.02
2012-07-12 00:00:00,0.692
2012-07-12 00:30:00,1.045
2012-07-12 01:00:00,0.799
2012-07-12 01:30:00,0.654
2012-07-12 02:00:00,0.966
2012-07-12 02:30:00,1.003
2012-07-12 03:00:00,1.0829999
2012-07-12 03:30:00,1.212
2012-07-12 04:00:00,1.3890001
2012-07-12 04:30:00,0.688
2012-07-12 05:00:00,1.372
2012-07-12 05:30:00,1.1210001
2012-07-12 06:00:00,1.189
2012-07-12 06:30:00,1.804
2012-07-12 07:00:00,1.431
2012-07-12 07:30:00,1.304
2012-07-12 08:00:00,1.0880001
2012-07-12 08:30:00,0.929
2012-07-12 09:00:00,0.932
2012-07-12 09:30:00,1.355
2012-07-12 10:00:00,1.021
2012-07-12 10:30:00,0.816
2012-07-12 11:00:00,0.809
2012-07-12 11:30:00,1.148
2012-07-12 12:00:00,1.096
2012-07-12 12:30:00,0.997
2012-07-12 13:00:00,1.039
2012-07-12 13:30:00,1.148
2012-07-12 14:00:00,1.0369999
2012-07-12 14:30:00,0.902
2012-07-12 15:00:00,0.911
2012-07-12 15:30:00,1.3200001
2012-07-12 16:00:00,1.038
2012-07-12 16:30:00,1.27
2012-07-12 17:00:00,1.005
2012-07-12 17:30:00,1.033
2012-07-12 18:00:00,1.599
2012-07-12 18:30:00,1.125
2012-07-12 19:00:00,1.652
2012-07-12 19:30:00,1.482
2012-07-12 20:00:00,1.562
2012-07-12 20:30:00,1.6
2012-07-12 21:00:00,1.58
2012-07-12 21:30:00,1.628
2012-07-12 22:00:00,1.5140001
2012-07-12 22:30:00,1.12
2012-07-12 23:00:00,0.943
2012-07-12 23:30:00,0.739
2012-07-13 00:00:00,1.1210001
2012-07-13 00:30:00,0.684
2012-07-13 01:00:00,0.867
2012-07-13 01:30:00,0.871
2012-07-13 02:00:00,0.797
2012-07-13 02:30:00,1.029
2012-07-13 03:00:00,1.044
2012-07-13 03:30:00,0.846
2012-07-13 04:00:00,1.033
2012-07-13 04:30:00,0.709
2012-07-13 05:00:00,1.33
2012-07-13 05:30:00,1.211
2012-07-13 06:00:00,2.046
2012-07-13 06:30:00,1.567
2012-07-13 07:00:00,1.63
2012-07-13 07:30:00,1.258
2012-07-13 08:00:00,0.855
2012-07-13 08:30:00,0.886
2012-07-13 09:00:00,1.408
2012-07-13 09:30:00,1.024
2012-07-13 10:00:00,0.934
2012-07-13 10:30:00,0.813
2012-07-13 11:00:00,0.991
2012-07-13 11:30:00,0.716
2012-07-13 12:00:00,1.286
2012-07-13 12:30:00,0.98
2012-07-13 13:00:00,1.211
2012-07-13 13:30:00,0.89
2012-07-13 14:00:00,1.131
2012-07-13 14:30:00,0.905
2012-07-13 15:00:00,1.216
2012-07-13 15:30:00,0.982
2012-07-13 16:00:00,1.255
2012-07-13 16:30:00,1.112
2012-07-13 17:00:00,2.1170001
2012-07-13 17:30:00,1.131
2012-07-13 18:00:00,1.1720001
2012-07-13 18:30:00,1.283
2012-07-13 19:00:00,1.734
2012-07-13 19:30:00,1.5420001
2012-07-13 20:00:00,1.58
2012-07-13 20:30:00,1.589
2012-07-13 21:00:00,1.6670001
2012-07-13 21:30:00,1.198
2012-07-13 22:00:00,1.311
2012-07-13 22:30:00,1.133
2012-07-13 23:00:00,0.98
2012-07-13 23:30:00,0.749
2012-07-14 00:00:00,0.968
2012-07-14 00:30:00,0.801
2012-07-14 01:00:00,1.102
2012-07-14 01:30:00,0.808
2012-07-14 02:00:00,0.771
2012-07-14 02:30:00,1.0039999
2012-07-14 03:00:00,1.202
2012-07-14 03:30:00,0.809
2012-07-14 04:00:00,0.738
2012-07-14 04:30:00,0.995
2012-07-14 05:00:00,0.848
2012-07-14 05:30:00,1.312
2012-07-14 06:00:00,1.209
2012-07-14 06:30:00,1.994
2012-07-14 07:00:00,1.408
2012-07-14 07:30:00,1.503
2012-07-14 08:00:00,2.069
2012-07-14 08:30:00,1.5190001
2012-07-14 09:00:00,1.473
2012-07-14 09:30:00,1.059
2012-07-14 10:00:00,0.87
2012-07-14 10:30:00,1.095
2012-07-14 11:00:00,1.061
2012-07-14 11:30:00,0.822
2012-07-14 12:00:00,1.3
2012-07-14 12:30:00,0.865
2012-07-14 13:00:00,0.911
2012-07-14 13:30:00,1.096
2012-07-14 14:00:00,0.973
2012-07-14 14:30:00,1.149
2012-07-14 15:00:00,0.804
2012-07-14 15:30:00,0.95
2012-07-14 16:00:00,1.077
2012-07-14 16:30:00,0.783
2012-07-14 17:00:00,1.077
2012-07-14 17:30:00,0.948
2012-07-14 18:00:00,1.623
2012-07-14 18:30:00,1.334
2012-07-14 19:00:00,1.447
2012-07-14 19:30:00,1.365
2012-07-14 20:00:00,1.584
2012-07-14 20:30:00,1.313
2012-07-14 21:00:00,1.524
2012-07-14 21:30:00,1.202
2012-07-14 22:00:00,1.368
2012-07-14 22:30:00,1.186
2012-07-14 23:00:00,1.041
2012-07-14 23:30:00,0.849
2012-07-15 00:00:00,0.895
2012-07-15 00:30:00,0.758
2012-07-15 01:00:00,1.17
2012-07-15 01:30:00,0.781
2012-07-15 02:00:00,1.053
2012-07-15 02:30:00,1.036
2012-07-15 03:00:00,1.128
2012-07-15 03:30:00,0.884
2012-07-15 04:00:00,0.909
2012-07-15 04:30:00,1.018
2012-07-15 05:00:00,1.096
2012-07-15 05:30:00,1.109
2012-07-15 06:00:00,1.478
2012-07-15 06:30:00,1.776
2012-07-15 07:00:00,1.655
2012-07-15 07:30:00,1.21
2012-07-15 08:00:00,1.1210001
2012-07-15 08:30:00,3.385
2012-07-15 09:00:00,5.1469998
2012-07-15 09:30:00,1.5930001
2012-07-15 10:00:00,0.944
2012-07-15 10:30:00,0.866
2012-07-15 11:00:00,0.847
2012-07-15 11:30:00,1.613
2012-07-15 12:00:00,1.327
2012-07-15 12:30:00,1.028
2012-07-15 13:00:00,1.229
2012-07-15 13:30:00,1.353
2012-07-15 14:00:00,4.6659999
2012-07-15 14:30:00,1.966
2012-07-15 15:00:00,3.5810001
2012-07-15 15:30:00,1.428
2012-07-15 16:00:00,0.99
2012-07-15 16:30:00,1.442
2012-07-15 17:00:00,1.2920001
2012-07-15 17:30:00,0.903
2012-07-15 18:00:00,1.276
2012-07-15 18:30:00,2.0639999
2012-07-15 19:00:00,2.053
2012-07-15 19:30:00,2.0569999
2012-07-15 20:00:00,1.567
2012-07-15 20:30:00,1.3
2012-07-15 21:00:00,1.404
2012-07-15 21:30:00,1.289
2012-07-15 22:00:00,1.155
2012-07-15 22:30:00,1.205
2012-07-15 23:00:00,0.941
2012-07-15 23:30:00,0.844
2012-07-16 00:00:00,0.936
2012-07-16 00:30:00,0.741
2012-07-16 01:00:00,0.794
2012-07-16 01:30:00,0.956
2012-07-16 02:00:00,0.92
2012-07-16 02:30:00,1.253
2012-07-16 03:00:00,0.923
2012-07-16 03:30:00,1.04
2012-07-16 04:00:00,0.707
2012-07-16 04:30:00,1.029
2012-07-16 05:00:00,0.932
2012-07-16 05:30:00,1.575
2012-07-16 06:00:00,5.1230001
2012-07-16 06:30:00,2.2390001
2012-07-16 07:00:00,1.352
2012-07-16 07:30:00,1.381
2012-07-16 08:00:00,1.006
2012-07-16 08:30:00,2.2360001
2012-07-16 09:00:00,2.5079999
2012-07-16 09:30:00,1.163
2012-07-16 10:00:00,1.0650001
2012-07-16 10:30:00,1.098
2012-07-16 11:00:00,1.376
2012-07-16 11:30:00,1.367
2012-07-16 12:00:00,1.641
2012-07-16 12:30:00,1.5420001
2012-07-16 13:00:00,1.774
2012-07-16 13:30:00,2.0780001
2012-07-16 14:00:00,1.337
2012-07-16 14:30:00,1.421
2012-07-16 15:00:00,1.051
2012-07-16 15:30:00,1.03
2012-07-16 16:00:00,1.525
2012-07-16 16:30:00,4.6230001
2012-07-16 17:00:00,1.807
2012-07-16 17:30:00,0.89
2012-07-16 18:00:00,0.933
2012-07-16 18:30:00,1.0190001
2012-07-16 19:00:00,1.3329999
2012-07-16 19:30:00,1.253
2012-07-16 20:00:00,1.524
2012-07-16 20:30:00,1.964
2012-07-16 21:00:00,1.802
2012-07-16 21:30:00,1.723
2012-07-16 22:00:00,1.244
2012-07-16 22:30:00,1.391
2012-07-16 23:00:00,0.723
2012-07-16 23:30:00,0.817
2012-07-17 00:00:00,0.888
2012-07-17 00:30:00,0.951
2012-07-17 01:00:00,0.793
2012-07-17 01:30:00,0.757
2012-07-17 02:00:00,1.025
2012-07-17 02:30:00,1.0650001
2012-07-17 03:00:00,1.215
2012-07-17 03:30:00,0.871
2012-07-17 04:00:00,0.782
2012-07-17 04:30:00,0.805
2012-07-17 05:00:00,1.192
2012-07-17 05:30:00,1.198
2012-07-17 06:00:00,6.1950002
2012-07-17 06:30:00,3.8510001
2012-07-17 07:00:00,1.52
2012-07-17 07:30:00,1.444
2012-07-17 08:00:00,1.523
2012-07-17 08:30:00,0.931
2012-07-17 09:00:00,1.415
2012-07-17 09:30:00,1.0039999
2012-07-17 10:00:00,0.868
2012-07-17 10:30:00,0.977
2012-07-17 11:00:00,0.886
2012-07-17 11:30:00,0.898
2012-07-17 12:00:00,1.102
2012-07-17 12:30:00,0.903
2012-07-17 13:00:00,0.981
2012-07-17 13:30:00,0.812
2012-07-17 14:00:00,0.811
2012-07-17 14:30:00,1.073
2012-07-17 15:00:00,0.788
2012-07-17 15:30:00,0.755
2012-07-17 16:00:00,1.0
2012-07-17 16:30:00,0.774
2012-07-17 17:00:00,0.899
2012-07-17 17:30:00,0.949
2012-07-17 18:00:00,1.193
2012-07-17 18:30:00,1.7589999
2012-07-17 19:00:00,1.3
2012-07-17 19:30:00,1.376
2012-07-17 20:00:00,1.564
2012-07-17 20:30:00,1.311
2012-07-17 21:00:00,1.327
2012-07-17 21:30:00,1.364
2012-07-17 22:00:00,1.161
2012-07-17 22:30:00,1.263
2012-07-17 23:00:00,0.907
2012-07-17 23:30:00,0.712
2012-07-18 00:00:00,1.045
2012-07-18 00:30:00,0.838
2012-07-18 01:00:00,0.806
2012-07-18 01:30:00,0.919
2012-07-18 02:00:00,0.731
2012-07-18 02:30:00,1.323
2012-07-18 03:00:00,1.0039999
2012-07-18 03:30:00,0.769
2012-07-18 04:00:00,1.073
2012-07-18 04:30:00,0.713
2012-07-18 05:00:00,1.005
2012-07-18 05:30:00,1.336
2012-07-18 06:00:00,1.148
2012-07-18 06:30:00,1.437
2012-07-18 07:00:00,1.697
2012-07-18 07:30:00,1.289
2012-07-18 08:00:00,0.895
2012-07-18 08:30:00,1.647
2012-07-18 09:00:00,1.141
2012-07-18 09:30:00,1.581
2012-07-18 10:00:00,1.8150001
2012-07-18 10:30:00,3.177
2012-07-18 11:00:00,1.391
2012-07-18 11:30:00,1.028
2012-07-18 12:00:00,2.8929999
2012-07-18 12:30:00,2.053
2012-07-18 13:00:00,2.0369999
2012-07-18 13:30:00,1.02
2012-07-18 14:00:00,1.039
2012-07-18 14:30:00,0.723
2012-07-18 15:00:00,0.944
2012-07-18 15:30:00,1.126
2012-07-18 16:00:00,1.074
2012-07-18 16:30:00,0.926
2012-07-18 17:00:00,0.812
2012-07-18 17:30:00,0.98
2012-07-18 18:00:00,1.752
2012-07-18 18:30:00,1.488
2012-07-18 19:00:00,1.512
2012-07-18 19:30:00,2.003
2012-07-18 20:00:00,2.4690001
2012-07-18 20:30:00,1.605
2012-07-18 21:00:00,2.003
2012-07-18 21:30:00,1.1109999
2012-07-18 22:00:00,1.209
2012-07-18 22:30:00,1.4119999
2012-07-18 23:00:00,0.713
2012-07-18 23:30:00,0.882
2012-07-19 00:00:00,0.943
2012-07-19 00:30:00,0.766
2012-07-19 01:00:00,0.848
2012-07-19 01:30:00,1.108
2012-07-19 02:00:00,0.764
2012-07-19 02:30:00,1.302
2012-07-19 03:00:00,0.904
2012-07-19 03:30:00,0.868
2012-07-19 04:00:00,0.927
2012-07-19 04:30:00,0.802
2012-07-19 05:00:00,1.194
2012-07-19 05:30:00,1.089
2012-07-19 06:00:00,1.585
2012-07-19 06:30:00,1.183
2012-07-19 07:00:00,1.962
2012-07-19 07:30:00,1.152
2012-07-19 08:00:00,0.902
2012-07-19 08:30:00,1.0420001
2012-07-19 09:00:00,1.005
2012-07-19 09:30:00,1.0599999
2012-07-19 10:00:00,0.988
2012-07-19 10:30:00,0.877
2012-07-19 11:00:00,1.051
2012-07-19 11:30:00,0.877
2012-07-19 12:00:00,1.286
2012-07-19 12:30:00,0.98
2012-07-19 13:00:00,1.416
2012-07-19 13:30:00,0.994
2012-07-19 14:00:00,1.318
2012-07-19 14:30:00,0.969
2012-07-19 15:00:00,1.178
2012-07-19 15:30:00,1.135
2012-07-19 16:00:00,1.4299999
2012-07-19 16:30:00,1.054
2012-07-19 17:00:00,0.98
2012-07-19 17:30:00,1.493
2012-07-19 18:00:00,1.7640001
2012-07-19 18:30:00,1.615
2012-07-19 19:00:00,1.761
2012-07-19 19:30:00,1.469
2012-07-19 20:00:00,1.661
2012-07-19 20:30:00,1.3710001
2012-07-19 21:00:00,1.742
2012-07-19 21:30:00,1.308
2012-07-19 22:00:00,1.122
2012-07-19 22:30:00,1.419
2012-07-19 23:00:00,0.807
2012-07-19 23:30:00,1.0190001
2012-07-20 00:00:00,0.762
2012-07-20 00:30:00,0.977
2012-07-20 01:00:00,0.763
2012-07-20 01:30:00,1.237
2012-07-20 02:00:00,0.834
2012-07-20 02:30:00,1.081
2012-07-20 03:00:00,0.872
2012-07-20 03:30:00,1.018
2012-07-20 04:00:00,0.835
2012-07-20 04:30:00,0.725
2012-07-20 05:00:00,1.062
2012-07-20 05:30:00,1.188
2012-07-20 06:00:00,1.387
2012-07-20 06:30:00,1.283
2012-07-20 07:00:00,2.55
2012-07-20 07:30:00,1.419
2012-07-20 08:00:00,1.858
2012-07-20 08:30:00,1.026
2012-07-20 09:00:00,1.423
2012-07-20 09:30:00,1.4299999
2012-07-20 10:00:00,0.98
2012-07-20 10:30:00,1.225
2012-07-20 11:00:00,1.08
2012-07-20 11:30:00,1.273
2012-07-20 12:00:00,1.103
2012-07-20 12:30:00,1.202
2012-07-20 13:00:00,0.946
2012-07-20 13:30:00,1.197
2012-07-20 14:00:00,1.275
2012-07-20 14:30:00,0.91
2012-07-20 15:00:00,0.888
2012-07-20 15:30:00,1.3430001
2012-07-20 16:00:00,0.986
2012-07-20 16:30:00,1.597
2012-07-20 17:00:00,1.0470001
2012-07-20 17:30:00,1.029
2012-07-20 18:00:00,2.1359999
2012-07-20 18:30:00,1.4579999
2012-07-20 19:00:00,1.416
2012-07-20 19:30:00,1.598
2012-07-20 20:00:00,1.393
2012-07-20 20:30:00,1.5549999
2012-07-20 21:00:00,1.339
2012-07-20 21:30:00,1.325
2012-07-20 22:00:00,1.249
2012-07-20 22:30:00,1.17
2012-07-20 23:00:00,1.001
2012-07-20 23:30:00,0.799
2012-07-21 00:00:00,1.187
2012-07-21 00:30:00,0.753
2012-07-21 01:00:00,1.011
2012-07-21 01:30:00,0.784
2012-07-21 02:00:00,0.99
2012-07-21 02:30:00,1.101
2012-07-21 03:00:00,1.263
2012-07-21 03:30:00,0.782
2012-07-21 04:00:00,1.043
2012-07-21 04:30:00,0.852
2012-07-21 05:00:00,0.868
2012-07-21 05:30:00,1.413
2012-07-21 06:00:00,1.184
2012-07-21 06:30:00,1.914
2012-07-21 07:00:00,1.647
2012-07-21 07:30:00,1.283
2012-07-21 08:00:00,1.382
2012-07-21 08:30:00,1.355
2012-07-21 09:00:00,0.851
2012-07-21 09:30:00,0.834
2012-07-21 10:00:00,0.901
2012-07-21 10:30:00,0.897
2012-07-21 11:00:00,1.784
2012-07-21 11:30:00,1.2130001
2012-07-21 12:00:00,1.2690001
2012-07-21 12:30:00,1.152
2012-07-21 13:00:00,0.798
2012-07-21 13:30:00,1.045
2012-07-21 14:00:00,1.001
2012-07-21 14:30:00,0.739
2012-07-21 15:00:00,1.761
2012-07-21 15:30:00,1.1950001
2012-07-21 16:00:00,0.94
2012-07-21 16:30:00,0.981
2012-07-21 17:00:00,2.154
2012-07-21 17:30:00,1.949
2012-07-21 18:00:00,1.887
2012-07-21 18:30:00,1.994
2012-07-21 19:00:00,1.699
2012-07-21 19:30:00,1.318
2012-07-21 20:00:00,1.592
2012-07-21 20:30:00,1.3150001
2012-07-21 21:00:00,1.469
2012-07-21 21:30:00,1.119
2012-07-21 22:00:00,1.467
2012-07-21 22:30:00,1.171
2012-07-21 23:00:00,1.045
2012-07-21 23:30:00,1.067
2012-07-22 00:00:00,0.833
2012-07-22 00:30:00,0.755
2012-07-22 01:00:00,1.119
2012-07-22 01:30:00,0.827
2012-07-22 02:00:00,1.108
2012-07-22 02:30:00,1.05
2012-07-22 03:00:00,1.013
2012-07-22 03:30:00,0.946
2012-07-22 04:00:00,0.847
2012-07-22 04:30:00,0.974
2012-07-22 05:00:00,0.878
2012-07-22 05:30:00,1.464
2012-07-22 06:00:00,1.359
2012-07-22 06:30:00,1.391
2012-07-22 07:00:00,1.737
2012-07-22 07:30:00,1.467
2012-07-22 08:00:00,1.067
2012-07-22 08:30:00,0.814
2012-07-22 09:00:00,1.081
2012-07-22 09:30:00,0.855
2012-07-22 10:00:00,1.048
2012-07-22 10:30:00,0.796
2012-07-22 11:00:00,1.0470001
2012-07-22 11:30:00,0.993
2012-07-22 12:00:00,1.114
2012-07-22 12:30:00,1.0880001
2012-07-22 13:00:00,0.828
2012-07-22 13:30:00,1.041
2012-07-22 14:00:00,1.505
2012-07-22 14:30:00,1.265
2012-07-22 15:00:00,0.985
2012-07-22 15:30:00,0.952
2012-07-22 16:00:00,1.449
2012-07-22 16:30:00,0.969
2012-07-22 17:00:00,1.035
2012-07-22 17:30:00,1.521
2012-07-22 18:00:00,1.403
2012-07-22 18:30:00,1.563
2012-07-22 19:00:00,1.25
2012-07-22 19:30:00,1.283
2012-07-22 20:00:00,1.582
2012-07-22 20:30:00,1.303
2012-07-22 21:00:00,1.6059999
2012-07-22 21:30:00,1.099
2012-07-22 22:00:00,1.181
2012-07-22 22:30:00,1.099
2012-07-22 23:00:00,1.177
2012-07-22 23:30:00,0.833
2012-07-23 00:00:00,0.814
2012-07-23 00:30:00,1.008
2012-07-23 01:00:00,0.734
2012-07-23 01:30:00,1.051
2012-07-23 02:00:00,0.772
2012-07-23 02:30:00,1.327
2012-07-23 03:00:00,0.991
2012-07-23 03:30:00,0.802
2012-07-23 04:00:00,0.956
2012-07-23 04:30:00,0.741
2012-07-23 05:00:00,1.147
2012-07-23 05:30:00,1.296
2012-07-23 06:00:00,1.536
2012-07-23 06:30:00,1.865
2012-07-23 07:00:00,1.4450001
2012-07-23 07:30:00,2.142
2012-07-23 08:00:00,2.158
2012-07-23 08:30:00,2.165
2012-07-23 09:00:00,1.904
2012-07-23 09:30:00,0.987
2012-07-23 10:00:00,1.0420001
2012-07-23 10:30:00,0.959
2012-07-23 11:00:00,0.809
2012-07-23 11:30:00,1.577
2012-07-23 12:00:00,1.238
2012-07-23 12:30:00,2.171
2012-07-23 13:00:00,1.767
2012-07-23 13:30:00,0.902
2012-07-23 14:00:00,1.085
2012-07-23 14:30:00,0.748
2012-07-23 15:00:00,1.694
2012-07-23 15:30:00,0.77
2012-07-23 16:00:00,0.777
2012-07-23 16:30:00,0.902
2012-07-23 17:00:00,0.871
2012-07-23 17:30:00,0.895
2012-07-23 18:00:00,0.878
2012-07-23 18:30:00,1.36
2012-07-23 19:00:00,1.773
2012-07-23 19:30:00,1.3200001
2012-07-23 20:00:00,1.992
2012-07-23 20:30:00,1.3890001
2012-07-23 21:00:00,1.461
2012-07-23 21:30:00,1.373
2012-07-23 22:00:00,1.117
2012-07-23 22:30:00,1.376
2012-07-23 23:00:00,0.779
2012-07-23 23:30:00,1.125
2012-07-24 00:00:00,0.793
2012-07-24 00:30:00,0.696
2012-07-24 01:00:00,0.877
2012-07-24 01:30:00,0.905
2012-07-24 02:00:00,0.819
2012-07-24 02:30:00,1.2309999
2012-07-24 03:00:00,0.919
2012-07-24 03:30:00,1.046
2012-07-24 04:00:00,0.755
2012-07-24 04:30:00,1.0089999
2012-07-24 05:00:00,0.959
2012-07-24 05:30:00,1.2359999
2012-07-24 06:00:00,1.751
2012-07-24 06:30:00,1.506
2012-07-24 07:00:00,1.207
2012-07-24 07:30:00,1.8329999
2012-07-24 08:00:00,0.849
2012-07-24 08:30:00,0.88
2012-07-24 09:00:00,0.859
2012-07-24 09:30:00,1.052
2012-07-24 10:00:00,0.898
2012-07-24 10:30:00,1.115
2012-07-24 11:00:00,0.885
2012-07-24 11:30:00,1.151
2012-07-24 12:00:00,1.064
2012-07-24 12:30:00,1.347
2012-07-24 13:00:00,0.708
2012-07-24 13:30:00,0.806
2012-07-24 14:00:00,0.85
2012-07-24 14:30:00,1.127
2012-07-24 15:00:00,0.904
2012-07-24 15:30:00,1.005
2012-07-24 16:00:00,0.758
2012-07-24 16:30:00,0.807
2012-07-24 17:00:00,1.0779999
2012-07-24 17:30:00,0.817
2012-07-24 18:00:00,0.828
2012-07-24 18:30:00,1.27
2012-07-24 19:00:00,1.288
2012-07-24 19:30:00,1.324
2012-07-24 20:00:00,1.567
2012-07-24 20:30:00,1.36
2012-07-24 21:00:00,1.788
2012-07-24 21:30:00,1.534
2012-07-24 22:00:00,1.161
2012-07-24 22:30:00,1.225
2012-07-24 23:00:00,0.974
2012-07-24 23:30:00,0.774
2012-07-25 00:00:00,0.965
2012-07-25 00:30:00,0.862
2012-07-25 01:00:00,0.769
2012-07-25 01:30:00,1.056
2012-07-25 02:00:00,0.724
2012-07-25 02:30:00,1.08
2012-07-25 03:00:00,1.263
2012-07-25 03:30:00,0.751
2012-07-25 04:00:00,0.753
2012-07-25 04:30:00,1.075
2012-07-25 05:00:00,0.894
2012-07-25 05:30:00,1.6569999
2012-07-25 06:00:00,1.8839999
2012-07-25 06:30:00,1.284
2012-07-25 07:00:00,1.513
2012-07-25 07:30:00,1.1670001
2012-07-25 08:00:00,1.118
2012-07-25 08:30:00,0.969
2012-07-25 09:00:00,1.346
2012-07-25 09:30:00,1.299
2012-07-25 10:00:00,2.45
2012-07-25 10:30:00,2.214
2012-07-25 11:00:00,2.4300001
2012-07-25 11:30:00,2.0139999
2012-07-25 12:00:00,2.471
2012-07-25 12:30:00,2.0009999
2012-07-25 13:00:00,2.2060001
2012-07-25 13:30:00,0.884
2012-07-25 14:00:00,1.013
2012-07-25 14:30:00,0.816
2012-07-25 15:00:00,0.877
2012-07-25 15:30:00,0.976
2012-07-25 16:00:00,0.962
2012-07-25 16:30:00,0.898
2012-07-25 17:00:00,1.034
2012-07-25 17:30:00,0.829
2012-07-25 18:00:00,1.21
2012-07-25 18:30:00,1.249
2012-07-25 19:00:00,1.29
2012-07-25 19:30:00,1.5039999
2012-07-25 20:00:00,1.302
2012-07-25 20:30:00,1.342
2012-07-25 21:00:00,2.0969999
2012-07-25 21:30:00,1.682
2012-07-25 22:00:00,1.529
2012-07-25 22:30:00,1.15
2012-07-25 23:00:00,0.753
2012-07-25 23:30:00,0.794
2012-07-26 00:00:00,1.022
2012-07-26 00:30:00,0.917
2012-07-26 01:00:00,0.708
2012-07-26 01:30:00,1.022
2012-07-26 02:00:00,0.738
2012-07-26 02:30:00,1.044
2012-07-26 03:00:00,1.623
2012-07-26 03:30:00,0.765
2012-07-26 04:00:00,0.781
2012-07-26 04:30:00,0.736
2012-07-26 05:00:00,0.866
2012-07-26 05:30:00,1.138
2012-07-26 06:00:00,1.604
2012-07-26 06:30:00,1.596
2012-07-26 07:00:00,1.15
2012-07-26 07:30:00,1.3609999
2012-07-26 08:00:00,0.983
2012-07-26 08:30:00,0.829
2012-07-26 09:00:00,0.878
2012-07-26 09:30:00,1.24
2012-07-26 10:00:00,0.902
2012-07-26 10:30:00,0.796
2012-07-26 11:00:00,0.778
2012-07-26 11:30:00,1.119
2012-07-26 12:00:00,1.05
2012-07-26 12:30:00,1.3940001
2012-07-26 13:00:00,0.858
2012-07-26 13:30:00,0.895
2012-07-26 14:00:00,1.095
2012-07-26 14:30:00,0.823
2012-07-26 15:00:00,0.828
2012-07-26 15:30:00,1.081
2012-07-26 16:00:00,0.813
2012-07-26 16:30:00,0.713
2012-07-26 17:00:00,1.179
2012-07-26 17:30:00,0.878
2012-07-26 18:00:00,2.1400001
2012-07-26 18:30:00,1.813
2012-07-26 19:00:00,1.642
2012-07-26 19:30:00,1.36
2012-07-26 20:00:00,1.403
2012-07-26 20:30:00,1.868
2012-07-26 21:00:00,1.528
2012-07-26 21:30:00,1.767
2012-07-26 22:00:00,1.105
2012-07-26 22:30:00,1.383
2012-07-26 23:00:00,0.862
2012-07-26 23:30:00,0.794
2012-07-27 00:00:00,1.1339999
2012-07-27 00:30:00,0.772
2012-07-27 01:00:00,0.757
2012-07-27 01:30:00,0.821
2012-07-27 02:00:00,1.0470001
2012-07-27 02:30:00,1.035
2012-07-27 03:00:00,0.924
2012-07-27 03:30:00,1.096
2012-07-27 04:00:00,0.742
2012-07-27 04:30:00,0.822
2012-07-27 05:00:00,1.646
2012-07-27 05:30:00,1.5140001
2012-07-27 06:00:00,1.276
2012-07-27 06:30:00,1.339
2012-07-27 07:00:00,1.7970001
2012-07-27 07:30:00,1.307
2012-07-27 08:00:00,0.907
2012-07-27 08:30:00,1.186
2012-07-27 09:00:00,0.832
2012-07-27 09:30:00,0.911
2012-07-27 10:00:00,1.171
2012-07-27 10:30:00,0.897
2012-07-27 11:00:00,0.873
2012-07-27 11:30:00,0.994
2012-07-27 12:00:00,0.726
2012-07-27 12:30:00,1.0140001
2012-07-27 13:00:00,0.815
2012-07-27 13:30:00,0.786
2012-07-27 14:00:00,1.015
2012-07-27 14:30:00,0.72
2012-07-27 15:00:00,1.128
2012-07-27 15:30:00,0.856
2012-07-27 16:00:00,0.794
2012-07-27 16:30:00,0.869
2012-07-27 17:00:00,0.874
2012-07-27 17:30:00,0.898
2012-07-27 18:00:00,0.759
2012-07-27 18:30:00,1.126
2012-07-27 19:00:00,1.196
2012-07-27 19:30:00,1.447
2012-07-27 20:00:00,1.133
2012-07-27 20:30:00,1.109
2012-07-27 21:00:00,1.434
2012-07-27 21:30:00,1.1390001
2012-07-27 22:00:00,1.473
2012-07-27 22:30:00,1.188
2012-07-27 23:00:00,0.791
2012-07-27 23:30:00,0.982
2012-07-28 00:00:00,0.722
2012-07-28 00:30:00,0.833
2012-07-28 01:00:00,1.1440001
2012-07-28 01:30:00,0.757
2012-07-28 02:00:00,0.723
2012-07-28 02:30:00,1.336
2012-07-28 03:00:00,0.892
2012-07-28 03:30:00,1.026
2012-07-28 04:00:00,0.803
2012-07-28 04:30:00,0.843
2012-07-28 05:00:00,1.0829999
2012-07-28 05:30:00,1.122
2012-07-28 06:00:00,1.209
2012-07-28 06:30:00,1.512
2012-07-28 07:00:00,1.212
2012-07-28 07:30:00,1.133
2012-07-28 08:00:00,1.027
2012-07-28 08:30:00,0.715
2012-07-28 09:00:00,0.805
2012-07-28 09:30:00,1.1
2012-07-28 10:00:00,0.78
2012-07-28 10:30:00,0.755
2012-07-28 11:00:00,1.054
2012-07-28 11:30:00,0.766
2012-07-28 12:00:00,0.717
2012-07-28 12:30:00,0.998
2012-07-28 13:00:00,0.917
2012-07-28 13:30:00,1.158
2012-07-28 14:00:00,1.191
2012-07-28 14:30:00,0.911
2012-07-28 15:00:00,1.152
2012-07-28 15:30:00,0.855
2012-07-28 16:00:00,0.773
2012-07-28 16:30:00,1.045
2012-07-28 17:00:00,0.887
2012-07-28 17:30:00,1.615
2012-07-28 18:00:00,1.48
2012-07-28 18:30:00,1.414
2012-07-28 19:00:00,1.982
2012-07-28 19:30:00,1.502
2012-07-28 20:00:00,2.2739999
2012-07-28 20:30:00,1.17
2012-07-28 21:00:00,1.187
2012-07-28 21:30:00,1.405
2012-07-28 22:00:00,1.089
2012-07-28 22:30:00,1.416
2012-07-28 23:00:00,0.721
2012-07-28 23:30:00,0.789
2012-07-29 00:00:00,0.959
2012-07-29 00:30:00,0.828
2012-07-29 01:00:00,0.992
2012-07-29 01:30:00,0.779
2012-07-29 02:00:00,0.98
2012-07-29 02:30:00,1.002
2012-07-29 03:00:00,0.947
2012-07-29 03:30:00,1.027
2012-07-29 04:00:00,0.842
2012-07-29 04:30:00,0.968
2012-07-29 05:00:00,0.865
2012-07-29 05:30:00,1.1799999
2012-07-29 06:00:00,1.374
2012-07-29 06:30:00,1.232
2012-07-29 07:00:00,1.645
2012-07-29 07:30:00,1.418
2012-07-29 08:00:00,0.857
2012-07-29 08:30:00,1.155
2012-07-29 09:00:00,0.784
2012-07-29 09:30:00,0.984
2012-07-29 10:00:00,1.2
2012-07-29 10:30:00,1.015
2012-07-29 11:00:00,1.3279999
2012-07-29 11:30:00,0.799
2012-07-29 12:00:00,0.963
2012-07-29 12:30:00,1.031
2012-07-29 13:00:00,1.011
2012-07-29 13:30:00,0.802
2012-07-29 14:00:00,1.058
2012-07-29 14:30:00,0.921
2012-07-29 15:00:00,0.931
2012-07-29 15:30:00,0.962
2012-07-29 16:00:00,0.848
2012-07-29 16:30:00,1.094
2012-07-29 17:00:00,0.982
2012-07-29 17:30:00,1.273
2012-07-29 18:00:00,1.6849999
2012-07-29 18:30:00,1.4299999
2012-07-29 19:00:00,1.591
2012-07-29 19:30:00,1.635
2012-07-29 20:00:00,1.875
2012-07-29 20:30:00,1.73
2012-07-29 21:00:00,1.492
2012-07-29 21:30:00,1.153
2012-07-29 22:00:00,1.182
2012-07-29 22:30:00,1.153
2012-07-29 23:00:00,1.033
2012-07-29 23:30:00,0.835
2012-07-30 00:00:00,1.988
2012-07-30 00:30:00,0.747
2012-07-30 01:00:00,0.875
2012-07-30 01:30:00,0.888
2012-07-30 02:00:00,0.785
2012-07-30 02:30:00,1.295
2012-07-30 03:00:00,0.989
2012-07-30 03:30:00,1.084
2012-07-30 04:00:00,0.709
2012-07-30 04:30:00,1.1
2012-07-30 05:00:00,0.924
2012-07-30 05:30:00,1.138
2012-07-30 06:00:00,1.497
2012-07-30 06:30:00,1.637
2012-07-30 07:00:00,1.303
2012-07-30 07:30:00,1.409
2012-07-30 08:00:00,0.853
2012-07-30 08:30:00,2.2820001
2012-07-30 09:00:00,1.927
2012-07-30 09:30:00,1.053
2012-07-30 10:00:00,0.97
2012-07-30 10:30:00,0.874
2012-07-30 11:00:00,1.325
2012-07-30 11:30:00,0.781
2012-07-30 12:00:00,1.548
2012-07-30 12:30:00,1.439
2012-07-30 13:00:00,1.888
2012-07-30 13:30:00,1.4
2012-07-30 14:00:00,1.057
2012-07-30 14:30:00,1.1160001
2012-07-30 15:00:00,0.864
2012-07-30 15:30:00,1.159
2012-07-30 16:00:00,0.868
2012-07-30 16:30:00,1.2
2012-07-30 17:00:00,0.898
2012-07-30 17:30:00,1.044
2012-07-30 18:00:00,0.912
2012-07-30 18:30:00,1.479
2012-07-30 19:00:00,1.619
2012-07-30 19:30:00,1.601
2012-07-30 20:00:00,1.166
2012-07-30 20:30:00,1.174
2012-07-30 21:00:00,1.36
2012-07-30 21:30:00,1.152
2012-07-30 22:00:00,1.836
2012-07-30 22:30:00,1.112
2012-07-30 23:00:00,0.821
2012-07-30 23:30:00,0.723
2012-07-31 00:00:00,0.717
2012-07-31 00:30:00,1.029
2012-07-31 01:00:00,0.905
2012-07-31 01:30:00,0.945
2012-07-31 02:00:00,0.756
2012-07-31 02:30:00,1.247
2012-07-31 03:00:00,1.005
2012-07-31 03:30:00,0.694
2012-07-31 04:00:00,0.96
2012-07-31 04:30:00,0.839
2012-07-31 05:00:00,1.107
2012-07-31 05:30:00,1.145
2012-07-31 06:00:00,1.4170001
2012-07-31 06:30:00,1.2309999
2012-07-31 07:00:00,1.5089999
2012-07-31 07:30:00,1.6160001
2012-07-31 08:00:00,0.938
2012-07-31 08:30:00,0.829
2012-07-31 09:00:00,0.992
2012-07-31 09:30:00,0.9
2012-07-31 10:00:00,1.1900001
2012-07-31 10:30:00,0.869
2012-07-31 11:00:00,1.026
2012-07-31 11:30:00,0.855
2012-07-31 12:00:00,0.989
2012-07-31 12:30:00,1.317
2012-07-31 13:00:00,0.811
2012-07-31 13:30:00,0.83
2012-07-31 14:00:00,1.119
2012-07-31 14:30:00,1.183
2012-07-31 15:00:00,0.975
2012-07-31 15:30:00,1.252
2012-07-31 16:00:00,0.931
2012-07-31 16:30:00,0.922
2012-07-31 17:00:00,1.187
2012-07-31 17:30:00,0.957
2012-07-31 18:00:00,1.33
2012-07-31 18:30:00,1.066
2012-07-31 19:00:00,1.317
2012-07-31 19:30:00,1.566
2012-07-31 20:00:00,1.3710001
2012-07-31 20:30:00,1.478
2012-07-31 21:00:00,1.3609999
2012-07-31 21:30:00,1.484
2012-07-31 22:00:00,1.745
2012-07-31 22:30:00,1.354
2012-07-31 23:00:00,1.221
2012-07-31 23:30:00,0.736
2012-08-01 00:00:00,0.702
2012-08-01 00:30:00,1.346
2012-08-01 01:00:00,0.819
2012-08-01 01:30:00,0.802
2012-08-01 02:00:00,0.72
2012-08-01 02:30:00,1.3099999
2012-08-01 03:00:00,0.903
2012-08-01 03:30:00,0.786
2012-08-01 04:00:00,0.936
2012-08-01 04:30:00,0.79
2012-08-01 05:00:00,1.08
2012-08-01 05:30:00,1.48
2012-08-01 06:00:00,2.1229999
2012-08-01 06:30:00,1.1619999
2012-08-01 07:00:00,1.25
2012-08-01 07:30:00,1.836
2012-08-01 08:00:00,1.466
2012-08-01 08:30:00,1.387
2012-08-01 09:00:00,1.78
2012-08-01 09:30:00,1.385
2012-08-01 10:00:00,1.503
2012-08-01 10:30:00,1.497
2012-08-01 11:00:00,2.697
2012-08-01 11:30:00,1.415
2012-08-01 12:00:00,1.614
2012-08-01 12:30:00,2.1429999
2012-08-01 13:00:00,1.784
2012-08-01 13:30:00,1.214
2012-08-01 14:00:00,0.972
2012-08-01 14:30:00,1.206
2012-08-01 15:00:00,1.018
2012-08-01 15:30:00,1.086
2012-08-01 16:00:00,0.92
2012-08-01 16:30:00,1.108
2012-08-01 17:00:00,0.838
2012-08-01 17:30:00,1.0369999
2012-08-01 18:00:00,0.96
2012-08-01 18:30:00,1.363
2012-08-01 19:00:00,2.3099999
2012-08-01 19:30:00,1.608
2012-08-01 20:00:00,1.341
2012-08-01 20:30:00,1.658
2012-08-01 21:00:00,1.4450001
2012-08-01 21:30:00,1.308
2012-08-01 22:00:00,1.41
2012-08-01 22:30:00,1.397
2012-08-01 23:00:00,0.753
2012-08-01 23:30:00,0.902
2012-08-02 00:00:00,1.217
2012-08-02 00:30:00,0.836
2012-08-02 01:00:00,0.783
2012-08-02 01:30:00,0.739
2012-08-02 02:00:00,0.728
2012-08-02 02:30:00,1.204
2012-08-02 03:00:00,0.928
2012-08-02 03:30:00,1.044
2012-08-02 04:00:00,0.772
2012-08-02 04:30:00,0.957
2012-08-02 05:00:00,0.822
2012-08-02 05:30:00,1.398
2012-08-02 06:00:00,1.11
2012-08-02 06:30:00,1.409
2012-08-02 07:00:00,1.475
2012-08-02 07:30:00,1.216
2012-08-02 08:00:00,1.147
2012-08-02 08:30:00,0.81
2012-08-02 09:00:00,0.963
2012-08-02 09:30:00,0.917
2012-08-02 10:00:00,0.951
2012-08-02 10:30:00,0.861
2012-08-02 11:00:00,1.206
2012-08-02 11:30:00,0.799
2012-08-02 12:00:00,0.88
2012-08-02 12:30:00,1.176
2012-08-02 13:00:00,0.967
2012-08-02 13:30:00,1.164
2012-08-02 14:00:00,0.831
2012-08-02 14:30:00,1.02
2012-08-02 15:00:00,0.793
2012-08-02 15:30:00,1.025
2012-08-02 16:00:00,0.853
2012-08-02 16:30:00,1.122
2012-08-02 17:00:00,0.792
2012-08-02 17:30:00,1.1
2012-08-02 18:00:00,1.62
2012-08-02 18:30:00,1.717
2012-08-02 19:00:00,1.591
2012-08-02 19:30:00,1.472
2012-08-02 20:00:00,1.294
2012-08-02 20:30:00,1.308
2012-08-02 21:00:00,1.238
2012-08-02 21:30:00,1.169
2012-08-02 22:00:00,1.329
2012-08-02 22:30:00,1.086
2012-08-02 23:00:00,0.948
2012-08-02 23:30:00,0.785
2012-08-03 00:00:00,1.071
2012-08-03 00:30:00,0.788
2012-08-03 01:00:00,0.939
2012-08-03 01:30:00,0.729
2012-08-03 02:00:00,0.987
2012-08-03 02:30:00,1.029
2012-08-03 03:00:00,1.146
2012-08-03 03:30:00,0.764
2012-08-03 04:00:00,0.999
2012-08-03 04:30:00,0.84
2012-08-03 05:00:00,1.126
2012-08-03 05:30:00,1.149
2012-08-03 06:00:00,1.478
2012-08-03 06:30:00,1.197
2012-08-03 07:00:00,1.52
2012-08-03 07:30:00,1.3710001
2012-08-03 08:00:00,1.258
2012-08-03 08:30:00,1.967
2012-08-03 09:00:00,0.821
2012-08-03 09:30:00,0.993
2012-08-03 10:00:00,0.805
2012-08-03 10:30:00,0.83
2012-08-03 11:00:00,0.862
2012-08-03 11:30:00,1.052
2012-08-03 12:00:00,1.148
2012-08-03 12:30:00,1.008
2012-08-03 13:00:00,0.907
2012-08-03 13:30:00,0.845
2012-08-03 14:00:00,1.056
2012-08-03 14:30:00,0.746
2012-08-03 15:00:00,1.057
2012-08-03 15:30:00,1.085
2012-08-03 16:00:00,1.145
2012-08-03 16:30:00,0.859
2012-08-03 17:00:00,1.138
2012-08-03 17:30:00,1.257
2012-08-03 18:00:00,1.494
2012-08-03 18:30:00,1.536
2012-08-03 19:00:00,1.275
2012-08-03 19:30:00,1.637
2012-08-03 20:00:00,1.332
2012-08-03 20:30:00,1.369
2012-08-03 21:00:00,2.187
2012-08-03 21:30:00,1.525
2012-08-03 22:00:00,1.71
2012-08-03 22:30:00,1.122
2012-08-03 23:00:00,0.895
2012-08-03 23:30:00,1.183
2012-08-04 00:00:00,1.568
2012-08-04 00:30:00,1.178
2012-08-04 01:00:00,1.159
2012-08-04 01:30:00,1.079
2012-08-04 02:00:00,0.727
2012-08-04 02:30:00,0.974
2012-08-04 03:00:00,1.2970001
2012-08-04 03:30:00,0.791
2012-08-04 04:00:00,1.028
2012-08-04 04:30:00,0.723
2012-08-04 05:00:00,0.932
2012-08-04 05:30:00,1.339
2012-08-04 06:00:00,1.216
2012-08-04 06:30:00,1.472
2012-08-04 07:00:00,1.826
2012-08-04 07:30:00,1.403
2012-08-04 08:00:00,0.903
2012-08-04 08:30:00,1.118
2012-08-04 09:00:00,0.704
2012-08-04 09:30:00,1.028
2012-08-04 10:00:00,0.855
2012-08-04 10:30:00,1.359
2012-08-04 11:00:00,1.023
2012-08-04 11:30:00,1.145
2012-08-04 12:00:00,0.915
2012-08-04 12:30:00,1.179
2012-08-04 13:00:00,0.939
2012-08-04 13:30:00,1.105
2012-08-04 14:00:00,0.749
2012-08-04 14:30:00,0.728
2012-08-04 15:00:00,1.036
2012-08-04 15:30:00,0.955
2012-08-04 16:00:00,1.118
2012-08-04 16:30:00,0.974
2012-08-04 17:00:00,2.257
2012-08-04 17:30:00,0.955
2012-08-04 18:00:00,1.564
2012-08-04 18:30:00,1.095
2012-08-04 19:00:00,1.262
2012-08-04 19:30:00,1.294
2012-08-04 20:00:00,1.643
2012-08-04 20:30:00,1.3660001
2012-08-04 21:00:00,1.5470001
2012-08-04 21:30:00,1.304
2012-08-04 22:00:00,1.5039999
2012-08-04 22:30:00,1.1900001
2012-08-04 23:00:00,1.146
2012-08-04 23:30:00,1.189
2012-08-05 00:00:00,1.317
2012-08-05 00:30:00,1.1849999
2012-08-05 01:00:00,1.568
2012-08-05 01:30:00,0.764
2012-08-05 02:00:00,0.771
2012-08-05 02:30:00,1.097
2012-08-05 03:00:00,1.1440001
2012-08-05 03:30:00,0.788
2012-08-05 04:00:00,1.007
2012-08-05 04:30:00,0.729
2012-08-05 05:00:00,1.125
2012-08-05 05:30:00,1.239
2012-08-05 06:00:00,1.383
2012-08-05 06:30:00,1.624
2012-08-05 07:00:00,1.45
2012-08-05 07:30:00,1.335
2012-08-05 08:00:00,0.88
2012-08-05 08:30:00,1.008
2012-08-05 09:00:00,1.027
2012-08-05 09:30:00,1.179
2012-08-05 10:00:00,0.896
2012-08-05 10:30:00,1.095
2012-08-05 11:00:00,0.793
2012-08-05 11:30:00,1.169
2012-08-05 12:00:00,1.0420001
2012-08-05 12:30:00,1.216
2012-08-05 13:00:00,2.7550001
2012-08-05 13:30:00,1.12
2012-08-05 14:00:00,1.689
2012-08-05 14:30:00,1.02
2012-08-05 15:00:00,1.127
2012-08-05 15:30:00,1.022
2012-08-05 16:00:00,1.228
2012-08-05 16:30:00,1.204
2012-08-05 17:00:00,1.0039999
2012-08-05 17:30:00,1.135
2012-08-05 18:00:00,0.991
2012-08-05 18:30:00,1.271
2012-08-05 19:00:00,1.358
2012-08-05 19:30:00,1.551
2012-08-05 20:00:00,1.369
2012-08-05 20:30:00,1.4809999
2012-08-05 21:00:00,1.255
2012-08-05 21:30:00,1.559
2012-08-05 22:00:00,1.132
2012-08-05 22:30:00,1.191
2012-08-05 23:00:00,0.893
2012-08-05 23:30:00,1.354
2012-08-06 00:00:00,1.3609999
2012-08-06 00:30:00,1.156
2012-08-06 01:00:00,1.277
2012-08-06 01:30:00,0.74
2012-08-06 02:00:00,1.068
2012-08-06 02:30:00,1.109
2012-08-06 03:00:00,1.142
2012-08-06 03:30:00,0.734
2012-08-06 04:00:00,0.771
2012-08-06 04:30:00,0.994
2012-08-06 05:00:00,1.349
2012-08-06 05:30:00,1.193
2012-08-06 06:00:00,1.675
2012-08-06 06:30:00,1.4170001
2012-08-06 07:00:00,1.171
2012-08-06 07:30:00,1.432
2012-08-06 08:00:00,0.9
2012-08-06 08:30:00,2.257
2012-08-06 09:00:00,2.227
2012-08-06 09:30:00,1.211
2012-08-06 10:00:00,0.745
2012-08-06 10:30:00,0.746
2012-08-06 11:00:00,1.126
2012-08-06 11:30:00,0.746
2012-08-06 12:00:00,1.374
2012-08-06 12:30:00,1.003
2012-08-06 13:00:00,2.2750001
2012-08-06 13:30:00,2.0580001
2012-08-06 14:00:00,1.039
2012-08-06 14:30:00,0.781
2012-08-06 15:00:00,0.988
2012-08-06 15:30:00,0.979
2012-08-06 16:00:00,1.097
2012-08-06 16:30:00,0.911
2012-08-06 17:00:00,1.0140001
2012-08-06 17:30:00,0.877
2012-08-06 18:00:00,1.239
2012-08-06 18:30:00,1.1440001
2012-08-06 19:00:00,1.711
2012-08-06 19:30:00,1.515
2012-08-06 20:00:00,1.424
2012-08-06 20:30:00,1.569
2012-08-06 21:00:00,1.526
2012-08-06 21:30:00,1.281
2012-08-06 22:00:00,1.454
2012-08-06 22:30:00,1.584
2012-08-06 23:00:00,0.914
2012-08-06 23:30:00,1.102
2012-08-07 00:00:00,1.154
2012-08-07 00:30:00,1.362
2012-08-07 01:00:00,1.181
2012-08-07 01:30:00,0.898
2012-08-07 02:00:00,0.793
2012-08-07 02:30:00,1.341
2012-08-07 03:00:00,0.996
2012-08-07 03:30:00,0.714
2012-08-07 04:00:00,1.024
2012-08-07 04:30:00,0.78
2012-08-07 05:00:00,1.165
2012-08-07 05:30:00,1.165
2012-08-07 06:00:00,1.793
2012-08-07 06:30:00,1.478
2012-08-07 07:00:00,1.23
2012-08-07 07:30:00,1.471
2012-08-07 08:00:00,1.462
2012-08-07 08:30:00,1.6160001
2012-08-07 09:00:00,0.846
2012-08-07 09:30:00,1.124
2012-08-07 10:00:00,0.848
2012-08-07 10:30:00,0.885
2012-08-07 11:00:00,1.533
2012-08-07 11:30:00,0.901
2012-08-07 12:00:00,0.949
2012-08-07 12:30:00,0.853
2012-08-07 13:00:00,0.802
2012-08-07 13:30:00,0.806
2012-08-07 14:00:00,1.0369999
2012-08-07 14:30:00,0.824
2012-08-07 15:00:00,1.191
2012-08-07 15:30:00,0.764
2012-08-07 16:00:00,0.996
2012-08-07 16:30:00,1.04
2012-08-07 17:00:00,1.33
2012-08-07 17:30:00,1.37
2012-08-07 18:00:00,1.221
2012-08-07 18:30:00,1.4450001
2012-08-07 19:00:00,1.538
2012-08-07 19:30:00,1.439
2012-08-07 20:00:00,1.635
2012-08-07 20:30:00,2.234
2012-08-07 21:00:00,1.571
2012-08-07 21:30:00,1.131
2012-08-07 22:00:00,1.446
2012-08-07 22:30:00,1.1720001
2012-08-07 23:00:00,0.933
2012-08-07 23:30:00,1.232
2012-08-08 00:00:00,1.319
2012-08-08 00:30:00,1.4119999
2012-08-08 01:00:00,1.056
2012-08-08 01:30:00,1.035
2012-08-08 02:00:00,0.786
2012-08-08 02:30:00,1.4910001
2012-08-08 03:00:00,0.972
2012-08-08 03:30:00,0.829
2012-08-08 04:00:00,0.713
2012-08-08 04:30:00,1.006
2012-08-08 05:00:00,0.976
2012-08-08 05:30:00,1.091
2012-08-08 06:00:00,1.364
2012-08-08 06:30:00,1.219
2012-08-08 07:00:00,1.698
2012-08-08 07:30:00,1.476
2012-08-08 08:00:00,0.809
2012-08-08 08:30:00,1.122
2012-08-08 09:00:00,1.127
2012-08-08 09:30:00,1.237
2012-08-08 10:00:00,2.2130001
2012-08-08 10:30:00,3.2030001
2012-08-08 11:00:00,1.017
2012-08-08 11:30:00,1.0420001
2012-08-08 12:00:00,2.0580001
2012-08-08 12:30:00,1.749
2012-08-08 13:00:00,1.173
2012-08-08 13:30:00,0.776
2012-08-08 14:00:00,1.1900001
2012-08-08 14:30:00,0.739
2012-08-08 15:00:00,0.712
2012-08-08 15:30:00,1.033
2012-08-08 16:00:00,1.0549999
2012-08-08 16:30:00,1.369
2012-08-08 17:00:00,0.8
2012-08-08 17:30:00,0.829
2012-08-08 18:00:00,0.971
2012-08-08 18:30:00,1.322
2012-08-08 19:00:00,1.594
2012-08-08 19:30:00,1.439
2012-08-08 20:00:00,1.58
2012-08-08 20:30:00,1.272
2012-08-08 21:00:00,1.546
2012-08-08 21:30:00,1.9170001
2012-08-08 22:00:00,1.392
2012-08-08 22:30:00,1.742
2012-08-08 23:00:00,0.874
2012-08-08 23:30:00,1.42
2012-08-09 00:00:00,1.113
2012-08-09 00:30:00,1.325
2012-08-09 01:00:00,1.184
2012-08-09 01:30:00,0.801
2012-08-09 02:00:00,1.076
2012-08-09 02:30:00,0.979
2012-08-09 03:00:00,1.119
2012-08-09 03:30:00,0.789
2012-08-09 04:00:00,0.825
2012-08-09 04:30:00,0.862
2012-08-09 05:00:00,0.978
2012-08-09 05:30:00,1.349
2012-08-09 06:00:00,1.765
2012-08-09 06:30:00,1.459
2012-08-09 07:00:00,1.16
2012-08-09 07:30:00,1.353
2012-08-09 08:00:00,0.855
2012-08-09 08:30:00,1.126
2012-08-09 09:00:00,0.87
2012-08-09 09:30:00,0.998
2012-08-09 10:00:00,0.998
2012-08-09 10:30:00,0.797
2012-08-09 11:00:00,0.691
2012-08-09 11:30:00,0.96
2012-08-09 12:00:00,0.941
2012-08-09 12:30:00,1.182
2012-08-09 13:00:00,1.756
2012-08-09 13:30:00,1.4859999
2012-08-09 14:00:00,0.728
2012-08-09 14:30:00,0.852
2012-08-09 15:00:00,0.792
2012-08-09 15:30:00,0.871
2012-08-09 16:00:00,1.081
2012-08-09 16:30:00,0.863
2012-08-09 17:00:00,1.068
2012-08-09 17:30:00,0.907
2012-08-09 18:00:00,1.113
2012-08-09 18:30:00,1.003
2012-08-09 19:00:00,1.601
2012-08-09 19:30:00,1.27
2012-08-09 20:00:00,1.329
2012-08-09 20:30:00,1.6440001
2012-08-09 21:00:00,1.225
2012-08-09 21:30:00,1.079
2012-08-09 22:00:00,1.428
2012-08-09 22:30:00,1.143
2012-08-09 23:00:00,0.783
2012-08-09 23:30:00,1.4170001
2012-08-10 00:00:00,1.147
2012-08-10 00:30:00,1.336
2012-08-10 01:00:00,1.072
2012-08-10 01:30:00,0.812
2012-08-10 02:00:00,1.007
2012-08-10 02:30:00,0.953
2012-08-10 03:00:00,1.069
2012-08-10 03:30:00,0.818
2012-08-10 04:00:00,1.0089999
2012-08-10 04:30:00,0.772
2012-08-10 05:00:00,1.069
2012-08-10 05:30:00,1.137
2012-08-10 06:00:00,1.484
2012-08-10 06:30:00,1.155
2012-08-10 07:00:00,1.668
2012-08-10 07:30:00,1.2
2012-08-10 08:00:00,1.064
2012-08-10 08:30:00,0.847
2012-08-10 09:00:00,1.033
2012-08-10 09:30:00,0.728
2012-08-10 10:00:00,0.704
2012-08-10 10:30:00,1.0829999
2012-08-10 11:00:00,0.779
2012-08-10 11:30:00,1.044
2012-08-10 12:00:00,1.029
2012-08-10 12:30:00,0.966
2012-08-10 13:00:00,0.924
2012-08-10 13:30:00,0.881
2012-08-10 14:00:00,1.021
2012-08-10 14:30:00,0.801
2012-08-10 15:00:00,1.059
2012-08-10 15:30:00,0.763
2012-08-10 16:00:00,0.954
2012-08-10 16:30:00,0.957
2012-08-10 17:00:00,1.174
2012-08-10 17:30:00,0.894
2012-08-10 18:00:00,1.154
2012-08-10 18:30:00,1.8839999
2012-08-10 19:00:00,1.961
2012-08-10 19:30:00,1.687
2012-08-10 20:00:00,1.3609999
2012-08-10 20:30:00,1.6849999
2012-08-10 21:00:00,1.774
2012-08-10 21:30:00,1.2690001
2012-08-10 22:00:00,1.975
2012-08-10 22:30:00,1.085
2012-08-10 23:00:00,0.91
2012-08-10 23:30:00,1.4349999
2012-08-11 00:00:00,1.136
2012-08-11 00:30:00,1.313
2012-08-11 01:00:00,1.188
2012-08-11 01:30:00,0.861
2012-08-11 02:00:00,0.89
2012-08-11 02:30:00,1.01
2012-08-11 03:00:00,1.251
2012-08-11 03:30:00,0.735
2012-08-11 04:00:00,0.944
2012-08-11 04:30:00,0.716
2012-08-11 05:00:00,0.959
2012-08-11 05:30:00,1.473
2012-08-11 06:00:00,1.085
2012-08-11 06:30:00,1.554
2012-08-11 07:00:00,1.637
2012-08-11 07:30:00,1.295
2012-08-11 08:00:00,0.813
2012-08-11 08:30:00,1.256
2012-08-11 09:00:00,0.788
2012-08-11 09:30:00,0.835
2012-08-11 10:00:00,1.025
2012-08-11 10:30:00,0.782
2012-08-11 11:00:00,0.942
2012-08-11 11:30:00,0.803
2012-08-11 12:00:00,1.296
2012-08-11 12:30:00,0.902
2012-08-11 13:00:00,0.89
2012-08-11 13:30:00,0.977
2012-08-11 14:00:00,0.873
2012-08-11 14:30:00,1.039
2012-08-11 15:00:00,0.737
2012-08-11 15:30:00,1.0089999
2012-08-11 16:00:00,1.914
2012-08-11 16:30:00,0.843
2012-08-11 17:00:00,1.074
2012-08-11 17:30:00,0.858
2012-08-11 18:00:00,1.679
2012-08-11 18:30:00,1.199
2012-08-11 19:00:00,1.5599999
2012-08-11 19:30:00,1.429
2012-08-11 20:00:00,1.386
2012-08-11 20:30:00,1.775
2012-08-11 21:00:00,1.303
2012-08-11 21:30:00,1.08
2012-08-11 22:00:00,1.194
2012-08-11 22:30:00,1.39
2012-08-11 23:00:00,0.882
2012-08-11 23:30:00,1.135
2012-08-12 00:00:00,1.423
2012-08-12 00:30:00,1.163
2012-08-12 01:00:00,1.322
2012-08-12 01:30:00,0.743
2012-08-12 02:00:00,0.783
2012-08-12 02:30:00,1.344
2012-08-12 03:00:00,0.892
2012-08-12 03:30:00,0.991
2012-08-12 04:00:00,0.768
2012-08-12 04:30:00,0.983
2012-08-12 05:00:00,0.889
2012-08-12 05:30:00,1.177
2012-08-12 06:00:00,1.4
2012-08-12 06:30:00,1.153
2012-08-12 07:00:00,1.313
2012-08-12 07:30:00,1.125
2012-08-12 08:00:00,1.022
2012-08-12 08:30:00,1.309
2012-08-12 09:00:00,0.793
2012-08-12 09:30:00,1.0549999
2012-08-12 10:00:00,0.717
2012-08-12 10:30:00,0.862
2012-08-12 11:00:00,1.035
2012-08-12 11:30:00,0.949
2012-08-12 12:00:00,2.0079999
2012-08-12 12:30:00,0.951
2012-08-12 13:00:00,1.166
2012-08-12 13:30:00,1.206
2012-08-12 14:00:00,1.337
2012-08-12 14:30:00,1.064
2012-08-12 15:00:00,0.805
2012-08-12 15:30:00,0.793
2012-08-12 16:00:00,1.237
2012-08-12 16:30:00,0.776
2012-08-12 17:00:00,0.878
2012-08-12 17:30:00,1.21
2012-08-12 18:00:00,1.192
2012-08-12 18:30:00,1.795
2012-08-12 19:00:00,1.8559999
2012-08-12 19:30:00,1.307
2012-08-12 20:00:00,1.573
2012-08-12 20:30:00,1.378
2012-08-12 21:00:00,1.392
2012-08-12 21:30:00,1.6210001
2012-08-12 22:00:00,1.202
2012-08-12 22:30:00,1.418
2012-08-12 23:00:00,0.897
2012-08-12 23:30:00,1.135
2012-08-13 00:00:00,1.368
2012-08-13 00:30:00,1.1619999
2012-08-13 01:00:00,1.1849999
2012-08-13 01:30:00,1.164
2012-08-13 02:00:00,0.714
2012-08-13 02:30:00,0.982
2012-08-13 03:00:00,0.992
2012-08-13 03:30:00,1.0
2012-08-13 04:00:00,0.786
2012-08-13 04:30:00,0.988
2012-08-13 05:00:00,0.932
2012-08-13 05:30:00,1.178
2012-08-13 06:00:00,1.497
2012-08-13 06:30:00,1.729
2012-08-13 07:00:00,1.541
2012-08-13 07:30:00,1.29
2012-08-13 08:00:00,1.0599999
2012-08-13 08:30:00,2.0699999
2012-08-13 09:00:00,2.6949999
2012-08-13 09:30:00,0.823
2012-08-13 10:00:00,0.819
2012-08-13 10:30:00,0.756
2012-08-13 11:00:00,0.979
2012-08-13 11:30:00,0.745
2012-08-13 12:00:00,1.387
2012-08-13 12:30:00,1.245
2012-08-13 13:00:00,1.011
2012-08-13 13:30:00,2.6259999
2012-08-13 14:00:00,2.3729999
2012-08-13 14:30:00,3.2030001
2012-08-13 15:00:00,1.965
2012-08-13 15:30:00,2.0
2012-08-13 16:00:00,1.3890001
2012-08-13 16:30:00,0.393
2012-08-13 17:00:00,0.557
2012-08-13 17:30:00,0.534
2012-08-13 18:00:00,1.308
2012-08-13 18:30:00,0.857
2012-08-13 19:00:00,0.81
2012-08-13 19:30:00,0.622
2012-08-13 20:00:00,0.812
2012-08-13 20:30:00,0.946
2012-08-13 21:00:00,0.929
2012-08-13 21:30:00,0.586
2012-08-13 22:00:00,0.428
2012-08-13 22:30:00,0.633
2012-08-13 23:00:00,0.345
2012-08-13 23:30:00,0.278
2012-08-14 00:00:00,0.705
2012-08-14 00:30:00,0.339
2012-08-14 01:00:00,0.486
2012-08-14 01:30:00,0.462
2012-08-14 02:00:00,0.39
2012-08-14 02:30:00,0.837
2012-08-14 03:00:00,0.432
2012-08-14 03:30:00,0.588
2012-08-14 04:00:00,0.385
2012-08-14 04:30:00,0.375
2012-08-14 05:00:00,0.681
2012-08-14 05:30:00,0.431
2012-08-14 06:00:00,0.767
2012-08-14 06:30:00,0.785
2012-08-14 07:00:00,0.377
2012-08-14 07:30:00,0.626
2012-08-14 08:00:00,0.503
2012-08-14 08:30:00,0.739
2012-08-14 09:00:00,0.417
2012-08-14 09:30:00,0.6
2012-08-14 10:00:00,0.655
2012-08-14 10:30:00,0.386
2012-08-14 11:00:00,0.505
2012-08-14 11:30:00,0.51
2012-08-14 12:00:00,0.766
2012-08-14 12:30:00,0.52
2012-08-14 13:00:00,0.302
2012-08-14 13:30:00,0.608
2012-08-14 14:00:00,0.358
2012-08-14 14:30:00,0.581
2012-08-14 15:00:00,0.638
2012-08-14 15:30:00,0.42
2012-08-14 16:00:00,0.615
2012-08-14 16:30:00,0.433
2012-08-14 17:00:00,0.444
2012-08-14 17:30:00,0.787
2012-08-14 18:00:00,0.578
2012-08-14 18:30:00,0.81
2012-08-14 19:00:00,0.511
2012-08-14 19:30:00,0.429
2012-08-14 20:00:00,0.826
2012-08-14 20:30:00,0.523
2012-08-14 21:00:00,0.461
2012-08-14 21:30:00,0.317
2012-08-14 22:00:00,0.534
2012-08-14 22:30:00,0.365
2012-08-14 23:00:00,0.52
2012-08-14 23:30:00,0.334
2012-08-15 00:00:00,0.711
2012-08-15 00:30:00,0.336
2012-08-15 01:00:00,0.345
2012-08-15 01:30:00,0.483
2012-08-15 02:00:00,0.328
2012-08-15 02:30:00,0.948
2012-08-15 03:00:00,0.571
2012-08-15 03:30:00,0.326
2012-08-15 04:00:00,0.681
2012-08-15 04:30:00,0.327
2012-08-15 05:00:00,0.341
2012-08-15 05:30:00,0.591
2012-08-15 06:00:00,0.466
2012-08-15 06:30:00,0.997
2012-08-15 07:00:00,0.92
2012-08-15 07:30:00,0.384
2012-08-15 08:00:00,0.38
2012-08-15 08:30:00,0.573
2012-08-15 09:00:00,0.572
2012-08-15 09:30:00,0.992
2012-08-15 10:00:00,1.467
2012-08-15 10:30:00,1.473
2012-08-15 11:00:00,0.627
2012-08-15 11:30:00,0.862
2012-08-15 12:00:00,1.081
2012-08-15 12:30:00,1.892
2012-08-15 13:00:00,1.733
2012-08-15 13:30:00,1.768
2012-08-15 14:00:00,1.068
2012-08-15 14:30:00,1.2460001
2012-08-15 15:00:00,0.651
2012-08-15 15:30:00,0.879
2012-08-15 16:00:00,0.534
2012-08-15 16:30:00,0.543
2012-08-15 17:00:00,0.637
2012-08-15 17:30:00,0.501
2012-08-15 18:00:00,0.903
2012-08-15 18:30:00,0.732
2012-08-15 19:00:00,1.401
2012-08-15 19:30:00,0.515
2012-08-15 20:00:00,0.788
2012-08-15 20:30:00,0.493
2012-08-15 21:00:00,0.929
2012-08-15 21:30:00,0.594
2012-08-15 22:00:00,0.338
2012-08-15 22:30:00,0.379
2012-08-15 23:00:00,0.36
2012-08-15 23:30:00,0.307
2012-08-16 00:00:00,0.311
2012-08-16 00:30:00,0.492
2012-08-16 01:00:00,0.429
2012-08-16 01:30:00,0.633
2012-08-16 02:00:00,0.298
2012-08-16 02:30:00,0.773
2012-08-16 03:00:00,0.476
2012-08-16 03:30:00,0.526
2012-08-16 04:00:00,0.451
2012-08-16 04:30:00,0.367
2012-08-16 05:00:00,0.658
2012-08-16 05:30:00,0.431
2012-08-16 06:00:00,0.957
2012-08-16 06:30:00,0.643
2012-08-16 07:00:00,0.482
2012-08-16 07:30:00,1.02
2012-08-16 08:00:00,1.757
2012-08-16 08:30:00,0.914
2012-08-16 09:00:00,0.923
2012-08-16 09:30:00,1.056
2012-08-16 10:00:00,0.806
2012-08-16 10:30:00,1.146
2012-08-16 11:00:00,0.89
2012-08-16 11:30:00,1.115
2012-08-16 12:00:00,0.822
2012-08-16 12:30:00,1.099
2012-08-16 13:00:00,0.853
2012-08-16 13:30:00,1.573
2012-08-16 14:00:00,1.217
2012-08-16 14:30:00,1.132
2012-08-16 15:00:00,1.0650001
2012-08-16 15:30:00,1.086
2012-08-16 16:00:00,0.858
2012-08-16 16:30:00,1.2
2012-08-16 17:00:00,0.87
2012-08-16 17:30:00,0.943
2012-08-16 18:00:00,1.523
2012-08-16 18:30:00,1.643
2012-08-16 19:00:00,2.017
2012-08-16 19:30:00,1.544
2012-08-16 20:00:00,1.539
2012-08-16 20:30:00,1.186
2012-08-16 21:00:00,1.368
2012-08-16 21:30:00,1.207
2012-08-16 22:00:00,1.209
2012-08-16 22:30:00,1.1799999
2012-08-16 23:00:00,1.1109999
2012-08-16 23:30:00,1.1390001
2012-08-17 00:00:00,1.75
2012-08-17 00:30:00,1.057
2012-08-17 01:00:00,0.803
2012-08-17 01:30:00,0.708
2012-08-17 02:00:00,0.796
2012-08-17 02:30:00,1.251
2012-08-17 03:00:00,0.952
2012-08-17 03:30:00,0.947
2012-08-17 04:00:00,0.792
2012-08-17 04:30:00,1.347
2012-08-17 05:00:00,1.1799999
2012-08-17 05:30:00,1.263
2012-08-17 06:00:00,1.8940001
2012-08-17 06:30:00,1.419
2012-08-17 07:00:00,1.104
2012-08-17 07:30:00,1.103
2012-08-17 08:00:00,0.844
2012-08-17 08:30:00,0.995
2012-08-17 09:00:00,1.082
2012-08-17 09:30:00,1.016
2012-08-17 10:00:00,0.849
2012-08-17 10:30:00,1.159
2012-08-17 11:00:00,0.906
2012-08-17 11:30:00,1.109
2012-08-17 12:00:00,1.136
2012-08-17 12:30:00,0.797
2012-08-17 13:00:00,0.911
2012-08-17 13:30:00,0.837
2012-08-17 14:00:00,1.515
2012-08-17 14:30:00,1.098
2012-08-17 15:00:00,1.016
2012-08-17 15:30:00,0.897
2012-08-17 16:00:00,0.979
2012-08-17 16:30:00,0.968
2012-08-17 17:00:00,0.978
2012-08-17 17:30:00,0.936
2012-08-17 18:00:00,1.359
2012-08-17 18:30:00,2.105
2012-08-17 19:00:00,2.5239999
2012-08-17 19:30:00,1.441
2012-08-17 20:00:00,1.391
2012-08-17 20:30:00,1.9910001
2012-08-17 21:00:00,1.723
2012-08-17 21:30:00,1.325
2012-08-17 22:00:00,0.982
2012-08-17 22:30:00,1.0549999
2012-08-17 23:00:00,1.702
2012-08-17 23:30:00,1.122
2012-08-18 00:00:00,1.115
2012-08-18 00:30:00,1.04
2012-08-18 01:00:00,0.723
2012-08-18 01:30:00,1.016
2012-08-18 02:00:00,0.795
2012-08-18 02:30:00,1.2079999
2012-08-18 03:00:00,0.954
2012-08-18 03:30:00,0.769
2012-08-18 04:00:00,0.88
2012-08-18 04:30:00,1.039
2012-08-18 05:00:00,1.777
2012-08-18 05:30:00,1.1900001
2012-08-18 06:00:00,1.1900001
2012-08-18 06:30:00,1.524
2012-08-18 07:00:00,1.273
2012-08-18 07:30:00,0.933
2012-08-18 08:00:00,1.026
2012-08-18 08:30:00,1.091
2012-08-18 09:00:00,0.861
2012-08-18 09:30:00,0.874
2012-08-18 10:00:00,1.16
2012-08-18 10:30:00,0.825
2012-08-18 11:00:00,0.853
2012-08-18 11:30:00,1.182
2012-08-18 12:00:00,0.918
2012-08-18 12:30:00,1.12
2012-08-18 13:00:00,0.843
2012-08-18 13:30:00,0.979
2012-08-18 14:00:00,1.226
2012-08-18 14:30:00,0.822
2012-08-18 15:00:00,1.5880001
2012-08-18 15:30:00,1.647
2012-08-18 16:00:00,1.27
2012-08-18 16:30:00,0.965
2012-08-18 17:00:00,0.926
2012-08-18 17:30:00,1.158
2012-08-18 18:00:00,1.158
2012-08-18 18:30:00,2.221
2012-08-18 19:00:00,1.351
2012-08-18 19:30:00,1.687
2012-08-18 20:00:00,1.364
2012-08-18 20:30:00,1.942
2012-08-18 21:00:00,1.325
2012-08-18 21:30:00,1.627
2012-08-18 22:00:00,1.5880001
2012-08-18 22:30:00,1.011
2012-08-18 23:00:00,1.0930001
2012-08-18 23:30:00,1.1210001
2012-08-19 00:00:00,1.11
2012-08-19 00:30:00,1.0779999
2012-08-19 01:00:00,0.818
2012-08-19 01:30:00,0.746
2012-08-19 02:00:00,0.757
2012-08-19 02:30:00,1.251
2012-08-19 03:00:00,0.942
2012-08-19 03:30:00,0.76
2012-08-19 04:00:00,1.0420001
2012-08-19 04:30:00,1.015
2012-08-19 05:00:00,1.2309999
2012-08-19 05:30:00,1.342
2012-08-19 06:00:00,1.166
2012-08-19 06:30:00,1.3890001
2012-08-19 07:00:00,1.615
2012-08-19 07:30:00,0.822
2012-08-19 08:00:00,1.007
2012-08-19 08:30:00,0.981
2012-08-19 09:00:00,0.752
2012-08-19 09:30:00,0.809
2012-08-19 10:00:00,0.806
2012-08-19 10:30:00,1.108
2012-08-19 11:00:00,0.913
2012-08-19 11:30:00,1.087
2012-08-19 12:00:00,1.0039999
2012-08-19 12:30:00,0.921
2012-08-19 13:00:00,1.23
2012-08-19 13:30:00,0.953
2012-08-19 14:00:00,0.997
2012-08-19 14:30:00,1.152
2012-08-19 15:00:00,0.869
2012-08-19 15:30:00,1.103
2012-08-19 16:00:00,1.331
2012-08-19 16:30:00,0.966
2012-08-19 17:00:00,0.932
2012-08-19 17:30:00,1.127
2012-08-19 18:00:00,1.227
2012-08-19 18:30:00,1.416
2012-08-19 19:00:00,1.6900001
2012-08-19 19:30:00,1.348
2012-08-19 20:00:00,1.854
2012-08-19 20:30:00,1.441
2012-08-19 21:00:00,1.6849999
2012-08-19 21:30:00,1.058
2012-08-19 22:00:00,1.041
2012-08-19 22:30:00,1.2539999
2012-08-19 23:00:00,1.199
2012-08-19 23:30:00,1.375
2012-08-20 00:00:00,1.08
2012-08-20 00:30:00,1.03
2012-08-20 01:00:00,1.9529999
2012-08-20 01:30:00,0.884
2012-08-20 02:00:00,0.747
2012-08-20 02:30:00,1.273
2012-08-20 03:00:00,0.988
2012-08-20 03:30:00,0.752
2012-08-20 04:00:00,1.099
2012-08-20 04:30:00,1.013
2012-08-20 05:00:00,1.155
2012-08-20 05:30:00,1.421
2012-08-20 06:00:00,1.1
2012-08-20 06:30:00,1.222
2012-08-20 07:00:00,1.3559999
2012-08-20 07:30:00,1.359
2012-08-20 08:00:00,0.798
2012-08-20 08:30:00,2.1559999
2012-08-20 09:00:00,1.938
2012-08-20 09:30:00,0.867
2012-08-20 10:00:00,1.158
2012-08-20 10:30:00,0.857
2012-08-20 11:00:00,1.196
2012-08-20 11:30:00,0.808
2012-08-20 12:00:00,1.309
2012-08-20 12:30:00,3.062
2012-08-20 13:00:00,1.7410001
2012-08-20 13:30:00,2.1289999
2012-08-20 14:00:00,2.056
2012-08-20 14:30:00,1.09
2012-08-20 15:00:00,0.886
2012-08-20 15:30:00,1.1440001
2012-08-20 16:00:00,1.024
2012-08-20 16:30:00,1.4809999
2012-08-20 17:00:00,1.064
2012-08-20 17:30:00,1.063
2012-08-20 18:00:00,1.859
2012-08-20 18:30:00,1.365
2012-08-20 19:00:00,1.3660001
2012-08-20 19:30:00,1.5930001
2012-08-20 20:00:00,1.392
2012-08-20 20:30:00,1.613
2012-08-20 21:00:00,1.375
2012-08-20 21:30:00,1.211
2012-08-20 22:00:00,1.153
2012-08-20 22:30:00,1.006
2012-08-20 23:00:00,1.477
2012-08-20 23:30:00,1.11
2012-08-21 00:00:00,1.324
2012-08-21 00:30:00,1.0039999
2012-08-21 01:00:00,0.86
2012-08-21 01:30:00,1.017
2012-08-21 02:00:00,0.73
2012-08-21 02:30:00,1.179
2012-08-21 03:00:00,0.955
2012-08-21 03:30:00,1.0089999
2012-08-21 04:00:00,0.795
2012-08-21 04:30:00,1.133
2012-08-21 05:00:00,1.219
2012-08-21 05:30:00,1.209
2012-08-21 06:00:00,1.835
2012-08-21 06:30:00,1.202
2012-08-21 07:00:00,1.396
2012-08-21 07:30:00,0.875
2012-08-21 08:00:00,0.786
2012-08-21 08:30:00,0.895
2012-08-21 09:00:00,0.766
2012-08-21 09:30:00,1.012
2012-08-21 10:00:00,0.896
2012-08-21 10:30:00,1.046
2012-08-21 11:00:00,0.706
2012-08-21 11:30:00,1.166
2012-08-21 12:00:00,0.781
2012-08-21 12:30:00,1.006
2012-08-21 13:00:00,0.839
2012-08-21 13:30:00,1.625
2012-08-21 14:00:00,1.252
2012-08-21 14:30:00,1.046
2012-08-21 15:00:00,0.825
2012-08-21 15:30:00,1.076
2012-08-21 16:00:00,0.922
2012-08-21 16:30:00,1.335
2012-08-21 17:00:00,0.933
2012-08-21 17:30:00,0.919
2012-08-21 18:00:00,1.347
2012-08-21 18:30:00,2.1600001
2012-08-21 19:00:00,1.847
2012-08-21 19:30:00,2.438
2012-08-21 20:00:00,2.309
2012-08-21 20:30:00,2.1800001
2012-08-21 21:00:00,1.904
2012-08-21 21:30:00,1.404
2012-08-21 22:00:00,1.064
2012-08-21 22:30:00,1.337
2012-08-21 23:00:00,1.176
2012-08-21 23:30:00,1.215
2012-08-22 00:00:00,1.163
2012-08-22 00:30:00,1.21
2012-08-22 01:00:00,0.8
2012-08-22 01:30:00,1.0089999
2012-08-22 02:00:00,0.816
2012-08-22 02:30:00,1.196
2012-08-22 03:00:00,0.933
2012-08-22 03:30:00,1.0470001
2012-08-22 04:00:00,0.86
2012-08-22 04:30:00,1.242
2012-08-22 05:00:00,1.123
2012-08-22 05:30:00,1.339
2012-08-22 06:00:00,1.228
2012-08-22 06:30:00,1.488
2012-08-22 07:00:00,1.563
2012-08-22 07:30:00,0.867
2012-08-22 08:00:00,1.1289999
2012-08-22 08:30:00,1.2460001
2012-08-22 09:00:00,0.981
2012-08-22 09:30:00,1.3
2012-08-22 10:00:00,1.726
2012-08-22 10:30:00,2.973
2012-08-22 11:00:00,1.658
2012-08-22 11:30:00,1.527
2012-08-22 12:00:00,1.9680001
2012-08-22 12:30:00,1.416
2012-08-22 13:00:00,0.922
2012-08-22 13:30:00,1.192
2012-08-22 14:00:00,0.902
2012-08-22 14:30:00,1.3609999
2012-08-22 15:00:00,0.879
2012-08-22 15:30:00,1.008
2012-08-22 16:00:00,0.947
2012-08-22 16:30:00,1.0
2012-08-22 17:00:00,1.242
2012-08-22 17:30:00,1.046
2012-08-22 18:00:00,1.507
2012-08-22 18:30:00,1.357
2012-08-22 19:00:00,1.563
2012-08-22 19:30:00,1.783
2012-08-22 20:00:00,1.694
2012-08-22 20:30:00,2.0869999
2012-08-22 21:00:00,1.169
2012-08-22 21:30:00,1.28
2012-08-22 22:00:00,0.988
2012-08-22 22:30:00,1.184
2012-08-22 23:00:00,1.2029999
2012-08-22 23:30:00,1.3660001
2012-08-23 00:00:00,1.119
2012-08-23 00:30:00,1.223
2012-08-23 01:00:00,0.773
2012-08-23 01:30:00,0.899
2012-08-23 02:00:00,0.821
2012-08-23 02:30:00,1.4069999
2012-08-23 03:00:00,1.154
2012-08-23 03:30:00,0.763
2012-08-23 04:00:00,0.699
2012-08-23 04:30:00,0.961
2012-08-23 05:00:00,1.4349999
2012-08-23 05:30:00,1.314
2012-08-23 06:00:00,1.722
2012-08-23 06:30:00,1.467
2012-08-23 07:00:00,1.011
2012-08-23 07:30:00,1.061
2012-08-23 08:00:00,0.842
2012-08-23 08:30:00,1.1059999
2012-08-23 09:00:00,0.787
2012-08-23 09:30:00,1.01
2012-08-23 10:00:00,0.841
2012-08-23 10:30:00,1.044
2012-08-23 11:00:00,0.879
2012-08-23 11:30:00,1.068
2012-08-23 12:00:00,0.991
2012-08-23 12:30:00,1.237
2012-08-23 13:00:00,1.558
2012-08-23 13:30:00,1.5
2012-08-23 14:00:00,0.817
2012-08-23 14:30:00,0.999
2012-08-23 15:00:00,0.823
2012-08-23 15:30:00,1.132
2012-08-23 16:00:00,0.835
2012-08-23 16:30:00,0.817
2012-08-23 17:00:00,1.1720001
2012-08-23 17:30:00,1.0420001
2012-08-23 18:00:00,1.441
2012-08-23 18:30:00,1.6440001
2012-08-23 19:00:00,1.33
2012-08-23 19:30:00,1.55
2012-08-23 20:00:00,1.2869999
2012-08-23 20:30:00,1.581
2012-08-23 21:00:00,1.8839999
2012-08-23 21:30:00,1.8710001
2012-08-23 22:00:00,1.1289999
2012-08-23 22:30:00,1.117
2012-08-23 23:00:00,1.094
2012-08-23 23:30:00,1.367
2012-08-24 00:00:00,1.252
2012-08-24 00:30:00,1.181
2012-08-24 01:00:00,0.735
2012-08-24 01:30:00,0.949
2012-08-24 02:00:00,0.808
2012-08-24 02:30:00,1.145
2012-08-24 03:00:00,0.954
2012-08-24 03:30:00,1.15
2012-08-24 04:00:00,0.73
2012-08-24 04:30:00,0.983
2012-08-24 05:00:00,1.154
2012-08-24 05:30:00,1.376
2012-08-24 06:00:00,1.105
2012-08-24 06:30:00,1.7690001
2012-08-24 07:00:00,1.005
2012-08-24 07:30:00,1.1390001
2012-08-24 08:00:00,0.952
2012-08-24 08:30:00,1.067
2012-08-24 09:00:00,1.492
2012-08-24 09:30:00,1.581
2012-08-24 10:00:00,1.079
2012-08-24 10:30:00,1.11
2012-08-24 11:00:00,0.753
2012-08-24 11:30:00,0.998
2012-08-24 12:00:00,0.917
2012-08-24 12:30:00,1.1569999
2012-08-24 13:00:00,0.764
2012-08-24 13:30:00,0.854
2012-08-24 14:00:00,1.045
2012-08-24 14:30:00,1.016
2012-08-24 15:00:00,0.705
2012-08-24 15:30:00,0.955
2012-08-24 16:00:00,1.059
2012-08-24 16:30:00,1.251
2012-08-24 17:00:00,0.996
2012-08-24 17:30:00,0.974
2012-08-24 18:00:00,1.4680001
2012-08-24 18:30:00,1.2589999
2012-08-24 19:00:00,1.636
2012-08-24 19:30:00,1.457
2012-08-24 20:00:00,1.7410001
2012-08-24 20:30:00,1.545
2012-08-24 21:00:00,1.7309999
2012-08-24 21:30:00,1.294
2012-08-24 22:00:00,1.194
2012-08-24 22:30:00,1.023
2012-08-24 23:00:00,1.277
2012-08-24 23:30:00,1.352
2012-08-25 00:00:00,1.16
2012-08-25 00:30:00,1.217
2012-08-25 01:00:00,0.791
2012-08-25 01:30:00,1.03
2012-08-25 02:00:00,0.723
2012-08-25 02:30:00,1.248
2012-08-25 03:00:00,0.99
2012-08-25 03:30:00,1.103
2012-08-25 04:00:00,0.765
2012-08-25 04:30:00,1.0
2012-08-25 05:00:00,1.355
2012-08-25 05:30:00,1.143
2012-08-25 06:00:00,1.485
2012-08-25 06:30:00,1.628
2012-08-25 07:00:00,1.498
2012-08-25 07:30:00,0.844
2012-08-25 08:00:00,1.13
2012-08-25 08:30:00,0.952
2012-08-25 09:00:00,0.731
2012-08-25 09:30:00,0.953
2012-08-25 10:00:00,0.796
2012-08-25 10:30:00,1.0880001
2012-08-25 11:00:00,0.791
2012-08-25 11:30:00,0.762
2012-08-25 12:00:00,1.001
2012-08-25 12:30:00,0.91
2012-08-25 13:00:00,2.0120001
2012-08-25 13:30:00,1.125
2012-08-25 14:00:00,1.189
2012-08-25 14:30:00,0.966
2012-08-25 15:00:00,1.255
2012-08-25 15:30:00,1.0700001
2012-08-25 16:00:00,1.207
2012-08-25 16:30:00,0.852
2012-08-25 17:00:00,1.1900001
2012-08-25 17:30:00,0.928
2012-08-25 18:00:00,1.406
2012-08-25 18:30:00,1.423
2012-08-25 19:00:00,1.295
2012-08-25 19:30:00,1.659
2012-08-25 20:00:00,2.135
2012-08-25 20:30:00,1.864
2012-08-25 21:00:00,1.576
2012-08-25 21:30:00,1.352
2012-08-25 22:00:00,1.0880001
2012-08-25 22:30:00,1.186
2012-08-25 23:00:00,1.51
2012-08-25 23:30:00,1.152
2012-08-26 00:00:00,1.169
2012-08-26 00:30:00,1.061
2012-08-26 01:00:00,0.719
2012-08-26 01:30:00,0.955
2012-08-26 02:00:00,0.721
2012-08-26 02:30:00,1.226
2012-08-26 03:00:00,1.018
2012-08-26 03:30:00,1.166
2012-08-26 04:00:00,0.752
2012-08-26 04:30:00,0.941
2012-08-26 05:00:00,1.3200001
2012-08-26 05:30:00,1.184
2012-08-26 06:00:00,1.495
2012-08-26 06:30:00,1.202
2012-08-26 07:00:00,1.459
2012-08-26 07:30:00,1.1670001
2012-08-26 08:00:00,0.832
2012-08-26 08:30:00,1.045
2012-08-26 09:00:00,1.034
2012-08-26 09:30:00,0.931
2012-08-26 10:00:00,0.969
2012-08-26 10:30:00,0.802
2012-08-26 11:00:00,0.953
2012-08-26 11:30:00,1.002
2012-08-26 12:00:00,1.054
2012-08-26 12:30:00,1.068
2012-08-26 13:00:00,0.818
2012-08-26 13:30:00,1.187
2012-08-26 14:00:00,0.736
2012-08-26 14:30:00,0.849
2012-08-26 15:00:00,1.0039999
2012-08-26 15:30:00,0.992
2012-08-26 16:00:00,2.266
2012-08-26 16:30:00,0.915
2012-08-26 17:00:00,1.142
2012-08-26 17:30:00,0.832
2012-08-26 18:00:00,1.341
2012-08-26 18:30:00,1.278
2012-08-26 19:00:00,1.442
2012-08-26 19:30:00,1.369
2012-08-26 20:00:00,1.582
2012-08-26 20:30:00,1.346
2012-08-26 21:00:00,1.535
2012-08-26 21:30:00,1.303
2012-08-26 22:00:00,1.337
2012-08-26 22:30:00,0.981
2012-08-26 23:00:00,1.625
2012-08-26 23:30:00,1.215
2012-08-27 00:00:00,1.184
2012-08-27 00:30:00,0.978
2012-08-27 01:00:00,1.052
2012-08-27 01:30:00,0.977
2012-08-27 02:00:00,0.92
2012-08-27 02:30:00,1.008
2012-08-27 03:00:00,1.154
2012-08-27 03:30:00,0.833
2012-08-27 04:00:00,0.947
2012-08-27 04:30:00,1.2410001
2012-08-27 05:00:00,1.1440001
2012-08-27 05:30:00,1.483
2012-08-27 06:00:00,1.197
2012-08-27 06:30:00,1.536
2012-08-27 07:00:00,1.006
2012-08-27 07:30:00,1.418
2012-08-27 08:00:00,1.058
2012-08-27 08:30:00,2.086
2012-08-27 09:00:00,2.5480001
2012-08-27 09:30:00,1.59
2012-08-27 10:00:00,1.336
2012-08-27 10:30:00,0.894
2012-08-27 11:00:00,0.964
2012-08-27 11:30:00,1.052
2012-08-27 12:00:00,1.079
2012-08-27 12:30:00,0.979
2012-08-27 13:00:00,0.847
2012-08-27 13:30:00,1.044
2012-08-27 14:00:00,0.827
2012-08-27 14:30:00,1.097
2012-08-27 15:00:00,0.879
2012-08-27 15:30:00,1.263
2012-08-27 16:00:00,0.931
2012-08-27 16:30:00,1.0190001
2012-08-27 17:00:00,0.914
2012-08-27 17:30:00,1.2079999
2012-08-27 18:00:00,1.219
2012-08-27 18:30:00,1.978
2012-08-27 19:00:00,1.3789999
2012-08-27 19:30:00,1.344
2012-08-27 20:00:00,1.391
2012-08-27 20:30:00,1.29
2012-08-27 21:00:00,1.484
2012-08-27 21:30:00,1.089
2012-08-27 22:00:00,1.293
2012-08-27 22:30:00,1.067
2012-08-27 23:00:00,1.325
2012-08-27 23:30:00,1.122
2012-08-28 00:00:00,1.4
2012-08-28 00:30:00,1.063
2012-08-28 01:00:00,1.248
2012-08-28 01:30:00,0.869
2012-08-28 02:00:00,0.724
2012-08-28 02:30:00,0.945
2012-08-28 03:00:00,1.22
2012-08-28 03:30:00,0.809
2012-08-28 04:00:00,0.761
2012-08-28 04:30:00,1.25
2012-08-28 05:00:00,1.15
2012-08-28 05:30:00,1.346
2012-08-28 06:00:00,1.219
2012-08-28 06:30:00,1.419
2012-08-28 07:00:00,1.648
2012-08-28 07:30:00,0.877
2012-08-28 08:00:00,1.5420001
2012-08-28 08:30:00,1.341
2012-08-28 09:00:00,1.335
2012-08-28 09:30:00,0.928
2012-08-28 10:00:00,0.856
2012-08-28 10:30:00,1.053
2012-08-28 11:00:00,1.029
2012-08-28 11:30:00,0.848
2012-08-28 12:00:00,1.227
2012-08-28 12:30:00,0.846
2012-08-28 13:00:00,1.008
2012-08-28 13:30:00,0.757
2012-08-28 14:00:00,0.831
2012-08-28 14:30:00,1.114
2012-08-28 15:00:00,0.849
2012-08-28 15:30:00,0.858
2012-08-28 16:00:00,1.152
2012-08-28 16:30:00,0.826
2012-08-28 17:00:00,1.015
2012-08-28 17:30:00,1.313
2012-08-28 18:00:00,1.27
2012-08-28 18:30:00,1.548
2012-08-28 19:00:00,1.2309999
2012-08-28 19:30:00,1.291
2012-08-28 20:00:00,1.642
2012-08-28 20:30:00,1.279
2012-08-28 21:00:00,1.538
2012-08-28 21:30:00,1.211
2012-08-28 22:00:00,1.478
2012-08-28 22:30:00,0.974
2012-08-28 23:00:00,1.117
2012-08-28 23:30:00,1.124
2012-08-29 00:00:00,1.256
2012-08-29 00:30:00,1.0650001
2012-08-29 01:00:00,1.007
2012-08-29 01:30:00,0.825
2012-08-29 02:00:00,0.975
2012-08-29 02:30:00,0.996
2012-08-29 03:00:00,1.1670001
2012-08-29 03:30:00,0.738
2012-08-29 04:00:00,0.925
2012-08-29 04:30:00,1.011
2012-08-29 05:00:00,1.645
2012-08-29 05:30:00,1.149
2012-08-29 06:00:00,1.1619999
2012-08-29 06:30:00,1.6849999
2012-08-29 07:00:00,1.355
2012-08-29 07:30:00,0.848
2012-08-29 08:00:00,1.073
2012-08-29 08:30:00,1.152
2012-08-29 09:00:00,2.1860001
2012-08-29 09:30:00,2.2320001
2012-08-29 10:00:00,2.902
2012-08-29 10:30:00,1.526
2012-08-29 11:00:00,1.515
2012-08-29 11:30:00,1.9809999
2012-08-29 12:00:00,2.5009999
2012-08-29 12:30:00,2.401
2012-08-29 13:00:00,1.341
2012-08-29 13:30:00,1.485
2012-08-29 14:00:00,0.836
2012-08-29 14:30:00,1.072
2012-08-29 15:00:00,0.736
2012-08-29 15:30:00,1.038
2012-08-29 16:00:00,0.848
2012-08-29 16:30:00,1.184
2012-08-29 17:00:00,1.133
2012-08-29 17:30:00,0.813
2012-08-29 18:00:00,1.267
2012-08-29 18:30:00,1.668
2012-08-29 19:00:00,1.279
2012-08-29 19:30:00,1.91
2012-08-29 20:00:00,1.942
2012-08-29 20:30:00,1.6900001
2012-08-29 21:00:00,2.1849999
2012-08-29 21:30:00,1.105
2012-08-29 22:00:00,1.368
2012-08-29 22:30:00,1.028
2012-08-29 23:00:00,1.201
2012-08-29 23:30:00,1.586
2012-08-30 00:00:00,1.1950001
2012-08-30 00:30:00,1.17
2012-08-30 01:00:00,0.935
2012-08-30 01:30:00,0.745
2012-08-30 02:00:00,1.035
2012-08-30 02:30:00,1.098
2012-08-30 03:00:00,1.331
2012-08-30 03:30:00,0.774
2012-08-30 04:00:00,1.113
2012-08-30 04:30:00,1.017
2012-08-30 05:00:00,1.352
2012-08-30 05:30:00,1.177
2012-08-30 06:00:00,1.272
2012-08-30 06:30:00,1.944
2012-08-30 07:00:00,1.581
2012-08-30 07:30:00,0.89
2012-08-30 08:00:00,0.807
2012-08-30 08:30:00,1.094
2012-08-30 09:00:00,0.843
2012-08-30 09:30:00,1.147
2012-08-30 10:00:00,0.902
2012-08-30 10:30:00,1.15
2012-08-30 11:00:00,0.774
2012-08-30 11:30:00,1.14
2012-08-30 12:00:00,1.015
2012-08-30 12:30:00,1.22
2012-08-30 13:00:00,0.981
2012-08-30 13:30:00,1.182
2012-08-30 14:00:00,0.964
2012-08-30 14:30:00,1.189
2012-08-30 15:00:00,0.867
2012-08-30 15:30:00,0.83
2012-08-30 16:00:00,1.286
2012-08-30 16:30:00,0.868
2012-08-30 17:00:00,1.169
2012-08-30 17:30:00,1.1720001
2012-08-30 18:00:00,1.633
2012-08-30 18:30:00,1.947
2012-08-30 19:00:00,1.446
2012-08-30 19:30:00,1.48
2012-08-30 20:00:00,1.5369999
2012-08-30 20:30:00,2.3269999
2012-08-30 21:00:00,1.604
2012-08-30 21:30:00,1.404
2012-08-30 22:00:00,1.3890001
2012-08-30 22:30:00,0.951
2012-08-30 23:00:00,1.4630001
2012-08-30 23:30:00,1.118
2012-08-31 00:00:00,1.398
2012-08-31 00:30:00,1.0930001
2012-08-31 01:00:00,1.043
2012-08-31 01:30:00,0.844
2012-08-31 02:00:00,0.986
2012-08-31 02:30:00,0.969
2012-08-31 03:00:00,1.13
2012-08-31 03:30:00,0.799
2012-08-31 04:00:00,0.922
2012-08-31 04:30:00,1.191
2012-08-31 05:00:00,1.217
2012-08-31 05:30:00,1.421
2012-08-31 06:00:00,1.464
2012-08-31 06:30:00,1.724
2012-08-31 07:00:00,5.448
2012-08-31 07:30:00,8.4359999
2012-08-31 08:00:00,6.3870001
2012-08-31 08:30:00,7.9559999
2012-08-31 09:00:00,1.699
2012-08-31 09:30:00,1.138
2012-08-31 10:00:00,1.2589999
2012-08-31 10:30:00,0.982
2012-08-31 11:00:00,1.161
2012-08-31 11:30:00,0.955
2012-08-31 12:00:00,1.226
2012-08-31 12:30:00,1.072
2012-08-31 13:00:00,1.114
2012-08-31 13:30:00,0.891
2012-08-31 14:00:00,1.146
2012-08-31 14:30:00,0.914
2012-08-31 15:00:00,1.094
2012-08-31 15:30:00,0.844
2012-08-31 16:00:00,2.0090001
2012-08-31 16:30:00,0.854
2012-08-31 17:00:00,0.924
2012-08-31 17:30:00,0.87
2012-08-31 18:00:00,1.178
2012-08-31 18:30:00,1.33
2012-08-31 19:00:00,1.367
2012-08-31 19:30:00,1.6440001
2012-08-31 20:00:00,1.3710001
2012-08-31 20:30:00,1.604
2012-08-31 21:00:00,2.1960001
2012-08-31 21:30:00,1.85
2012-08-31 22:00:00,1.3150001
2012-08-31 22:30:00,1.197
2012-08-31 23:00:00,1.48
2012-08-31 23:30:00,1.201
2012-09-01 00:00:00,1.341
2012-09-01 00:30:00,0.984
2012-09-01 01:00:00,1.112
2012-09-01 01:30:00,0.821
2012-09-01 02:00:00,1.052
2012-09-01 02:30:00,1.017
2012-09-01 03:00:00,1.158
2012-09-01 03:30:00,0.722
2012-09-01 04:00:00,1.201
2012-09-01 04:30:00,0.965
2012-09-01 05:00:00,1.252
2012-09-01 05:30:00,1.4119999
2012-09-01 06:00:00,1.1619999
2012-09-01 06:30:00,1.5140001
2012-09-01 07:00:00,0.949
2012-09-01 07:30:00,1.733
2012-09-01 08:00:00,0.877
2012-09-01 08:30:00,1.075
2012-09-01 09:00:00,0.901
2012-09-01 09:30:00,1.135
2012-09-01 10:00:00,0.922
2012-09-01 10:30:00,1.1569999
2012-09-01 11:00:00,0.963
2012-09-01 11:30:00,0.893
2012-09-01 12:00:00,1.173
2012-09-01 12:30:00,1.1900001
2012-09-01 13:00:00,0.941
2012-09-01 13:30:00,1.089
2012-09-01 14:00:00,0.798
2012-09-01 14:30:00,1.089
2012-09-01 15:00:00,1.5829999
2012-09-01 15:30:00,1.641
2012-09-01 16:00:00,0.995
2012-09-01 16:30:00,0.85
2012-09-01 17:00:00,1.3329999
2012-09-01 17:30:00,1.3150001
2012-09-01 18:00:00,2.1240001
2012-09-01 18:30:00,1.503
2012-09-01 19:00:00,1.408
2012-09-01 19:30:00,1.34
2012-09-01 20:00:00,1.398
2012-09-01 20:30:00,1.091
2012-09-01 21:00:00,1.4400001
2012-09-01 21:30:00,1.174
2012-09-01 22:00:00,1.253
2012-09-01 22:30:00,0.954
2012-09-01 23:00:00,1.581
2012-09-01 23:30:00,1.112
2012-09-02 00:00:00,1.087
2012-09-02 00:30:00,1.178
2012-09-02 01:00:00,0.938
2012-09-02 01:30:00,0.784
2012-09-02 02:00:00,1.049
2012-09-02 02:30:00,0.917
2012-09-02 03:00:00,1.1440001
2012-09-02 03:30:00,0.763
2012-09-02 04:00:00,0.983
2012-09-02 04:30:00,1.251
2012-09-02 05:00:00,1.369
2012-09-02 05:30:00,1.336
2012-09-02 06:00:00,2.108
2012-09-02 06:30:00,1.473
2012-09-02 07:00:00,1.13
2012-09-02 07:30:00,1.146
2012-09-02 08:00:00,0.915
2012-09-02 08:30:00,0.836
2012-09-02 09:00:00,1.196
2012-09-02 09:30:00,1.007
2012-09-02 10:00:00,0.697
2012-09-02 10:30:00,0.73
2012-09-02 11:00:00,0.784
2012-09-02 11:30:00,1.04
2012-09-02 12:00:00,0.721
2012-09-02 12:30:00,1.535
2012-09-02 13:00:00,0.801
2012-09-02 13:30:00,0.754
2012-09-02 14:00:00,0.729
2012-09-02 14:30:00,0.707
2012-09-02 15:00:00,1.027
2012-09-02 15:30:00,0.841
2012-09-02 16:00:00,0.953
2012-09-02 16:30:00,0.783
2012-09-02 17:00:00,1.045
2012-09-02 17:30:00,0.743
2012-09-02 18:00:00,1.2690001
2012-09-02 18:30:00,1.103
2012-09-02 19:00:00,1.125
2012-09-02 19:30:00,1.399
2012-09-02 20:00:00,1.122
2012-09-02 20:30:00,1.411
2012-09-02 21:00:00,1.092
2012-09-02 21:30:00,1.3559999
2012-09-02 22:00:00,0.998
2012-09-02 22:30:00,1.178
2012-09-02 23:00:00,1.155
2012-09-02 23:30:00,1.391
2012-09-03 00:00:00,1.136
2012-09-03 00:30:00,1.293
2012-09-03 01:00:00,0.783
2012-09-03 01:30:00,0.702
2012-09-03 02:00:00,1.052
2012-09-03 02:30:00,0.967
2012-09-03 03:00:00,1.153
2012-09-03 03:30:00,0.78
2012-09-03 04:00:00,1.051
2012-09-03 04:30:00,0.942
2012-09-03 05:00:00,1.437
2012-09-03 05:30:00,1.0779999
2012-09-03 06:00:00,1.325
2012-09-03 06:30:00,1.304
2012-09-03 07:00:00,1.778
2012-09-03 07:30:00,1.6440001
2012-09-03 08:00:00,3.96
2012-09-03 08:30:00,3.8789999
2012-09-03 09:00:00,1.615
2012-09-03 09:30:00,1.1799999
2012-09-03 10:00:00,0.758
2012-09-03 10:30:00,0.711
2012-09-03 11:00:00,0.981
2012-09-03 11:30:00,0.786
2012-09-03 12:00:00,0.757
2012-09-03 12:30:00,0.98
2012-09-03 13:00:00,0.785
2012-09-03 13:30:00,1.0700001
2012-09-03 14:00:00,0.723
2012-09-03 14:30:00,2.135
2012-09-03 15:00:00,1.906
2012-09-03 15:30:00,0.802
2012-09-03 16:00:00,0.793
2012-09-03 16:30:00,0.773
2012-09-03 17:00:00,0.978
2012-09-03 17:30:00,0.731
2012-09-03 18:00:00,0.999
2012-09-03 18:30:00,1.35
2012-09-03 19:00:00,1.119
2012-09-03 19:30:00,1.402
2012-09-03 20:00:00,1.136
2012-09-03 20:30:00,1.3150001
2012-09-03 21:00:00,1.091
2012-09-03 21:30:00,1.09
2012-09-03 22:00:00,1.249
2012-09-03 22:30:00,1.0039999
2012-09-03 23:00:00,1.374
2012-09-03 23:30:00,1.325
2012-09-04 00:00:00,1.069
2012-09-04 00:30:00,0.97
2012-09-04 01:00:00,0.758
2012-09-04 01:30:00,1.026
2012-09-04 02:00:00,0.805
2012-09-04 02:30:00,1.2410001
2012-09-04 03:00:00,0.954
2012-09-04 03:30:00,0.793
2012-09-04 04:00:00,0.833
2012-09-04 04:30:00,1.275
2012-09-04 05:00:00,1.174
2012-09-04 05:30:00,1.169
2012-09-04 06:00:00,1.489
2012-09-04 06:30:00,1.159
2012-09-04 07:00:00,0.945
2012-09-04 07:30:00,0.913
2012-09-04 08:00:00,0.735
2012-09-04 08:30:00,1.011
2012-09-04 09:00:00,0.758
2012-09-04 09:30:00,0.787
2012-09-04 10:00:00,1.2359999
2012-09-04 10:30:00,0.702
2012-09-04 11:00:00,0.706
2012-09-04 11:30:00,0.696
2012-09-04 12:00:00,1.029
2012-09-04 12:30:00,0.763
2012-09-04 13:00:00,0.796
2012-09-04 13:30:00,1.046
2012-09-04 14:00:00,0.72
2012-09-04 14:30:00,0.708
2012-09-04 15:00:00,0.968
2012-09-04 15:30:00,0.791
2012-09-04 16:00:00,0.78
2012-09-04 16:30:00,1.089
2012-09-04 17:00:00,0.757
2012-09-04 17:30:00,0.899
2012-09-04 18:00:00,1.073
2012-09-04 18:30:00,1.0930001
2012-09-04 19:00:00,1.368
2012-09-04 19:30:00,1.152
2012-09-04 20:00:00,1.166
2012-09-04 20:30:00,1.6569999
2012-09-04 21:00:00,1.12
2012-09-04 21:30:00,1.017
2012-09-04 22:00:00,0.969
2012-09-04 22:30:00,0.955
2012-09-04 23:00:00,1.171
2012-09-04 23:30:00,1.351
2012-09-05 00:00:00,1.164
2012-09-05 00:30:00,1.2359999
2012-09-05 01:00:00,0.711
2012-09-05 01:30:00,0.694
2012-09-05 02:00:00,0.987
2012-09-05 02:30:00,0.983
2012-09-05 03:00:00,1.2359999
2012-09-05 03:30:00,0.767
2012-09-05 04:00:00,0.789
2012-09-05 04:30:00,1.215
2012-09-05 05:00:00,1.149
2012-09-05 05:30:00,1.159
2012-09-05 06:00:00,1.317
2012-09-05 06:30:00,1.173
2012-09-05 07:00:00,1.251
2012-09-05 07:30:00,0.741
2012-09-05 08:00:00,0.707
2012-09-05 08:30:00,1.302
2012-09-05 09:00:00,0.759
2012-09-05 09:30:00,0.835
2012-09-05 10:00:00,0.915
2012-09-05 10:30:00,0.833
2012-09-05 11:00:00,0.748
2012-09-05 11:30:00,0.971
2012-09-05 12:00:00,0.774
2012-09-05 12:30:00,0.71
2012-09-05 13:00:00,1.0549999
2012-09-05 13:30:00,0.718
2012-09-05 14:00:00,0.965
2012-09-05 14:30:00,0.763
2012-09-05 15:00:00,0.928
2012-09-05 15:30:00,0.838
2012-09-05 16:00:00,0.786
2012-09-05 16:30:00,0.99
2012-09-05 17:00:00,0.745
2012-09-05 17:30:00,0.767
2012-09-05 18:00:00,1.286
2012-09-05 18:30:00,1.104
2012-09-05 19:00:00,1.438
2012-09-05 19:30:00,1.099
2012-09-05 20:00:00,1.105
2012-09-05 20:30:00,1.354
2012-09-05 21:00:00,1.0880001
2012-09-05 21:30:00,1.131
2012-09-05 22:00:00,1.245
2012-09-05 22:30:00,0.955
2012-09-05 23:00:00,1.314
2012-09-05 23:30:00,1.216
2012-09-06 00:00:00,1.1440001
2012-09-06 00:30:00,1.256
2012-09-06 01:00:00,0.762
2012-09-06 01:30:00,1.079
2012-09-06 02:00:00,0.729
2012-09-06 02:30:00,0.963
2012-09-06 03:00:00,1.275
2012-09-06 03:30:00,0.773
2012-09-06 04:00:00,0.946
2012-09-06 04:30:00,0.999
2012-09-06 05:00:00,1.397
2012-09-06 05:30:00,1.161
2012-09-06 06:00:00,1.196
2012-09-06 06:30:00,1.438
2012-09-06 07:00:00,0.969
2012-09-06 07:30:00,0.836
2012-09-06 08:00:00,1.212
2012-09-06 08:30:00,0.692
2012-09-06 09:00:00,0.733
2012-09-06 09:30:00,0.781
2012-09-06 10:00:00,0.978
2012-09-06 10:30:00,0.756
2012-09-06 11:00:00,0.717
2012-09-06 11:30:00,1.002
2012-09-06 12:00:00,0.764
2012-09-06 12:30:00,1.012
2012-09-06 13:00:00,0.725
2012-09-06 13:30:00,0.787
2012-09-06 14:00:00,0.961
2012-09-06 14:30:00,0.732
2012-09-06 15:00:00,0.711
2012-09-06 15:30:00,1.115
2012-09-06 16:00:00,0.752
2012-09-06 16:30:00,0.793
2012-09-06 17:00:00,1.022
2012-09-06 17:30:00,0.816
2012-09-06 18:00:00,0.968
2012-09-06 18:30:00,1.306
2012-09-06 19:00:00,1.102
2012-09-06 19:30:00,1.117
2012-09-06 20:00:00,1.608
2012-09-06 20:30:00,1.075
2012-09-06 21:00:00,1.153
2012-09-06 21:30:00,1.085
2012-09-06 22:00:00,1.25
2012-09-06 22:30:00,0.953
2012-09-06 23:00:00,1.1339999
2012-09-06 23:30:00,1.397
2012-09-07 00:00:00,1.173
2012-09-07 00:30:00,1.081
2012-09-07 01:00:00,0.939
2012-09-07 01:30:00,0.694
2012-09-07 02:00:00,1.3609999
2012-09-07 02:30:00,0.923
2012-09-07 03:00:00,1.006
2012-09-07 03:30:00,0.782
2012-09-07 04:00:00,0.738
2012-09-07 04:30:00,1.344
2012-09-07 05:00:00,1.196
2012-09-07 05:30:00,1.095
2012-09-07 06:00:00,1.39
2012-09-07 06:30:00,1.2
2012-09-07 07:00:00,1.039
2012-09-07 07:30:00,0.703
2012-09-07 08:00:00,1.017
2012-09-07 08:30:00,0.802
2012-09-07 09:00:00,0.972
2012-09-07 09:30:00,0.709
2012-09-07 10:00:00,0.703
2012-09-07 10:30:00,0.957
2012-09-07 11:00:00,0.776
2012-09-07 11:30:00,0.866
2012-09-07 12:00:00,0.923
2012-09-07 12:30:00,0.759
2012-09-07 13:00:00,0.824
2012-09-07 13:30:00,0.897
2012-09-07 14:00:00,0.705
2012-09-07 14:30:00,0.729
2012-09-07 15:00:00,1.003
2012-09-07 15:30:00,0.711
2012-09-07 16:00:00,0.991
2012-09-07 16:30:00,0.928
2012-09-07 17:00:00,0.785
2012-09-07 17:30:00,1.01
2012-09-07 18:00:00,1.0319999
2012-09-07 18:30:00,1.207
2012-09-07 19:00:00,1.451
2012-09-07 19:30:00,1.147
2012-09-07 20:00:00,1.196
2012-09-07 20:30:00,1.434
2012-09-07 21:00:00,1.103
2012-09-07 21:30:00,1.08
2012-09-07 22:00:00,1.293
2012-09-07 22:30:00,1.01
2012-09-07 23:00:00,1.1109999
2012-09-07 23:30:00,1.423
2012-09-08 00:00:00,1.267
2012-09-08 00:30:00,0.996
2012-09-08 01:00:00,0.959
2012-09-08 01:30:00,0.801
2012-09-08 02:00:00,1.1339999
2012-09-08 02:30:00,0.993
2012-09-08 03:00:00,0.943
2012-09-08 03:30:00,1.018
2012-09-08 04:00:00,1.784
2012-09-08 04:30:00,1.272
2012-09-08 05:00:00,1.16
2012-09-08 05:30:00,1.187
2012-09-08 06:00:00,1.548
2012-09-08 06:30:00,1.1059999
2012-09-08 07:00:00,1.034
2012-09-08 07:30:00,1.399
2012-09-08 08:00:00,0.804
2012-09-08 08:30:00,0.723
2012-09-08 09:00:00,0.787
2012-09-08 09:30:00,0.796
2012-09-08 10:00:00,1.066
2012-09-08 10:30:00,0.737
2012-09-08 11:00:00,0.797
2012-09-08 11:30:00,1.104
2012-09-08 12:00:00,0.774
2012-09-08 12:30:00,0.74
2012-09-08 13:00:00,1.03
2012-09-08 13:30:00,0.827
2012-09-08 14:00:00,0.751
2012-09-08 14:30:00,1.046
2012-09-08 15:00:00,0.787
2012-09-08 15:30:00,0.833
2012-09-08 16:00:00,1.006
2012-09-08 16:30:00,0.784
2012-09-08 17:00:00,0.806
2012-09-08 17:30:00,1.08
2012-09-08 18:00:00,0.992
2012-09-08 18:30:00,1.178
2012-09-08 19:00:00,1.513
2012-09-08 19:30:00,1.142
2012-09-08 20:00:00,1.138
2012-09-08 20:30:00,1.112
2012-09-08 21:00:00,1.388
2012-09-08 21:30:00,1.1109999
2012-09-08 22:00:00,1.006
2012-09-08 22:30:00,1.336
2012-09-08 23:00:00,1.181
2012-09-08 23:30:00,1.1799999
2012-09-09 00:00:00,1.52
2012-09-09 00:30:00,1.048
2012-09-09 01:00:00,0.761
2012-09-09 01:30:00,0.726
2012-09-09 02:00:00,0.993
2012-09-09 02:30:00,1.041
2012-09-09 03:00:00,0.951
2012-09-09 03:30:00,1.0650001
2012-09-09 04:00:00,0.852
2012-09-09 04:30:00,1.031
2012-09-09 05:00:00,1.433
2012-09-09 05:30:00,1.138
2012-09-09 06:00:00,1.359
2012-09-09 06:30:00,1.153
2012-09-09 07:00:00,1.021
2012-09-09 07:30:00,1.067
2012-09-09 08:00:00,0.821
2012-09-09 08:30:00,0.805
2012-09-09 09:00:00,1.012
2012-09-09 09:30:00,0.712
2012-09-09 10:00:00,0.751
2012-09-09 10:30:00,0.951
2012-09-09 11:00:00,0.761
2012-09-09 11:30:00,0.83
2012-09-09 12:00:00,1.058
2012-09-09 12:30:00,0.729
2012-09-09 13:00:00,0.931
2012-09-09 13:30:00,0.873
2012-09-09 14:00:00,0.722
2012-09-09 14:30:00,0.729
2012-09-09 15:00:00,0.79
2012-09-09 15:30:00,1.164
2012-09-09 16:00:00,0.769
2012-09-09 16:30:00,0.774
2012-09-09 17:00:00,0.991
2012-09-09 17:30:00,0.771
2012-09-09 18:00:00,0.978
2012-09-09 18:30:00,1.4529999
2012-09-09 19:00:00,1.2309999
2012-09-09 19:30:00,1.209
2012-09-09 20:00:00,1.201
2012-09-09 20:30:00,1.324
2012-09-09 21:00:00,1.1160001
2012-09-09 21:30:00,1.052
2012-09-09 22:00:00,1.284
2012-09-09 22:30:00,1.063
2012-09-09 23:00:00,1.201
2012-09-09 23:30:00,1.449
2012-09-10 00:00:00,1.112
2012-09-10 00:30:00,0.979
2012-09-10 01:00:00,0.967
2012-09-10 01:30:00,0.764
2012-09-10 02:00:00,0.793
2012-09-10 02:30:00,1.228
2012-09-10 03:00:00,0.963
2012-09-10 03:30:00,0.79
2012-09-10 04:00:00,1.002
2012-09-10 04:30:00,0.954
2012-09-10 05:00:00,1.142
2012-09-10 05:30:00,1.427
2012-09-10 06:00:00,1.169
2012-09-10 06:30:00,1.142
2012-09-10 07:00:00,1.327
2012-09-10 07:30:00,0.74
2012-09-10 08:00:00,0.752
2012-09-10 08:30:00,2.25
2012-09-10 09:00:00,2.3989999
2012-09-10 09:30:00,0.757
2012-09-10 10:00:00,1.003
2012-09-10 10:30:00,0.789
2012-09-10 11:00:00,0.764
2012-09-10 11:30:00,1.029
2012-09-10 12:00:00,0.724
2012-09-10 12:30:00,0.818
2012-09-10 13:00:00,0.961
2012-09-10 13:30:00,0.743
2012-09-10 14:00:00,1.0829999
2012-09-10 14:30:00,0.787
2012-09-10 15:00:00,0.751
2012-09-10 15:30:00,1.046
2012-09-10 16:00:00,0.817
2012-09-10 16:30:00,0.749
2012-09-10 17:00:00,0.987
2012-09-10 17:30:00,0.81
2012-09-10 18:00:00,1.066
2012-09-10 18:30:00,1.443
2012-09-10 19:00:00,1.1720001
2012-09-10 19:30:00,1.207
2012-09-10 20:00:00,1.266
2012-09-10 20:30:00,1.126
2012-09-10 21:00:00,1.369
2012-09-10 21:30:00,1.146
2012-09-10 22:00:00,1.226
2012-09-10 22:30:00,1.044
2012-09-10 23:00:00,1.149
2012-09-10 23:30:00,1.268
2012-09-11 00:00:00,1.127
2012-09-11 00:30:00,1.299
2012-09-11 01:00:00,0.797
2012-09-11 01:30:00,0.826
2012-09-11 02:00:00,1.015
2012-09-11 02:30:00,0.95
2012-09-11 03:00:00,1.225
2012-09-11 03:30:00,0.72
2012-09-11 04:00:00,0.985
2012-09-11 04:30:00,1.027
2012-09-11 05:00:00,1.441
2012-09-11 05:30:00,1.163
2012-09-11 06:00:00,1.3380001
2012-09-11 06:30:00,1.1
2012-09-11 07:00:00,1.186
2012-09-11 07:30:00,0.775
2012-09-11 08:00:00,0.795
2012-09-11 08:30:00,1.063
2012-09-11 09:00:00,0.741
2012-09-11 09:30:00,1.0319999
2012-09-11 10:00:00,0.722
2012-09-11 10:30:00,0.962
2012-09-11 11:00:00,0.722
2012-09-11 11:30:00,1.059
2012-09-11 12:00:00,0.831
2012-09-11 12:30:00,0.853
2012-09-11 13:00:00,1.008
2012-09-11 13:30:00,0.74
2012-09-11 14:00:00,0.737
2012-09-11 14:30:00,0.999
2012-09-11 15:00:00,0.77
2012-09-11 15:30:00,0.76
2012-09-11 16:00:00,1.0880001
2012-09-11 16:30:00,0.848
2012-09-11 17:00:00,1.071
2012-09-11 17:30:00,0.782
2012-09-11 18:00:00,1.3279999
2012-09-11 18:30:00,1.101
2012-09-11 19:00:00,1.119
2012-09-11 19:30:00,1.483
2012-09-11 20:00:00,1.152
2012-09-11 20:30:00,1.115
2012-09-11 21:00:00,1.3789999
2012-09-11 21:30:00,1.15
2012-09-11 22:00:00,1.006
2012-09-11 22:30:00,1.198
2012-09-11 23:00:00,1.1799999
2012-09-11 23:30:00,1.851
2012-09-12 00:00:00,1.117
2012-09-12 00:30:00,1.063
2012-09-12 01:00:00,0.783
2012-09-12 01:30:00,0.785
2012-09-12 02:00:00,0.933
2012-09-12 02:30:00,1.081
2012-09-12 03:00:00,0.984
2012-09-12 03:30:00,1.017
2012-09-12 04:00:00,0.737
2012-09-12 04:30:00,1.2180001
2012-09-12 05:00:00,1.265
2012-09-12 05:30:00,1.347
2012-09-12 06:00:00,1.1950001
2012-09-12 06:30:00,1.679
2012-09-12 07:00:00,1.286
2012-09-12 07:30:00,0.929
2012-09-12 08:00:00,0.82
2012-09-12 08:30:00,1.046
2012-09-12 09:00:00,0.94
2012-09-12 09:30:00,0.943
2012-09-12 10:00:00,1.097
2012-09-12 10:30:00,0.858
2012-09-12 11:00:00,1.031
2012-09-12 11:30:00,0.843
2012-09-12 12:00:00,1.143
2012-09-12 12:30:00,1.904
2012-09-12 13:00:00,1.104
2012-09-12 13:30:00,0.859
2012-09-12 14:00:00,0.852
2012-09-12 14:30:00,1.069
2012-09-12 15:00:00,0.834
2012-09-12 15:30:00,1.0930001
2012-09-12 16:00:00,0.934
2012-09-12 16:30:00,1.1289999
2012-09-12 17:00:00,1.3890001
2012-09-12 17:30:00,1.1799999
2012-09-12 18:00:00,1.377
2012-09-12 18:30:00,1.995
2012-09-12 19:00:00,1.656
2012-09-12 19:30:00,1.4809999
2012-09-12 20:00:00,1.705
2012-09-12 20:30:00,1.3200001
2012-09-12 21:00:00,1.597
2012-09-12 21:30:00,1.13
2012-09-12 22:00:00,1.0650001
2012-09-12 22:30:00,1.439
2012-09-12 23:00:00,1.132
2012-09-12 23:30:00,1.177
2012-09-13 00:00:00,1.322
2012-09-13 00:30:00,1.1160001
2012-09-13 01:00:00,0.926
2012-09-13 01:30:00,0.784
2012-09-13 02:00:00,1.222
2012-09-13 02:30:00,0.985
2012-09-13 03:00:00,1.076
2012-09-13 03:30:00,0.737
2012-09-13 04:00:00,0.986
2012-09-13 04:30:00,1.342
2012-09-13 05:00:00,1.322
2012-09-13 05:30:00,1.154
2012-09-13 06:00:00,1.512
2012-09-13 06:30:00,1.13
2012-09-13 07:00:00,1.892
2012-09-13 07:30:00,0.876
2012-09-13 08:00:00,1.262
2012-09-13 08:30:00,3.9679999
2012-09-13 09:00:00,8.0340004
2012-09-13 09:30:00,6.993
2012-09-13 10:00:00,6.224
2012-09-13 10:30:00,2.5239999
2012-09-13 11:00:00,0.754
2012-09-13 11:30:00,0.988
2012-09-13 12:00:00,1.0190001
2012-09-13 12:30:00,1.745
2012-09-13 13:00:00,0.76
2012-09-13 13:30:00,0.994
2012-09-13 14:00:00,0.782
2012-09-13 14:30:00,1.1160001
2012-09-13 15:00:00,0.811
2012-09-13 15:30:00,1.2640001
2012-09-13 16:00:00,0.785
2012-09-13 16:30:00,1.25
2012-09-13 17:00:00,1.051
2012-09-13 17:30:00,1.173
2012-09-13 18:00:00,1.36
2012-09-13 18:30:00,1.5
2012-09-13 19:00:00,1.5140001
2012-09-13 19:30:00,1.552
2012-09-13 20:00:00,1.434
2012-09-13 20:30:00,1.337
2012-09-13 21:00:00,1.666
2012-09-13 21:30:00,1.406
2012-09-13 22:00:00,1.647
2012-09-13 22:30:00,1.23
2012-09-13 23:00:00,1.369
2012-09-13 23:30:00,1.548
2012-09-14 00:00:00,1.095
2012-09-14 00:30:00,1.206
2012-09-14 01:00:00,0.722
2012-09-14 01:30:00,1.155
2012-09-14 02:00:00,0.772
2012-09-14 02:30:00,1.334
2012-09-14 03:00:00,1.03
2012-09-14 03:30:00,1.038
2012-09-14 04:00:00,0.713
2012-09-14 04:30:00,1.285
2012-09-14 05:00:00,1.141
2012-09-14 05:30:00,1.1109999
2012-09-14 06:00:00,1.526
2012-09-14 06:30:00,2.1110001
2012-09-14 07:00:00,7.2179999
2012-09-14 07:30:00,6.9109998
2012-09-14 08:00:00,4.5500002
2012-09-14 08:30:00,1.228
2012-09-14 09:00:00,0.906
2012-09-14 09:30:00,0.877
2012-09-14 10:00:00,1.049
2012-09-14 10:30:00,0.846
2012-09-14 11:00:00,1.198
2012-09-14 11:30:00,0.876
2012-09-14 12:00:00,1.184
2012-09-14 12:30:00,1.115
2012-09-14 13:00:00,1.101
2012-09-14 13:30:00,1.683
2012-09-14 14:00:00,0.742
2012-09-14 14:30:00,0.834
2012-09-14 15:00:00,1.038
2012-09-14 15:30:00,1.095
2012-09-14 16:00:00,0.945
2012-09-14 16:30:00,0.84
2012-09-14 17:00:00,1.174
2012-09-14 17:30:00,0.954
2012-09-14 18:00:00,1.461
2012-09-14 18:30:00,1.4630001
2012-09-14 19:00:00,1.78
2012-09-14 19:30:00,1.499
2012-09-14 20:00:00,1.5700001
2012-09-14 20:30:00,1.646
2012-09-14 21:00:00,1.4069999
2012-09-14 21:30:00,1.618
2012-09-14 22:00:00,1.086
2012-09-14 22:30:00,1.262
2012-09-14 23:00:00,1.194
2012-09-14 23:30:00,1.4
2012-09-15 00:00:00,1.178
2012-09-15 00:30:00,1.141
2012-09-15 01:00:00,0.837
2012-09-15 01:30:00,0.796
2012-09-15 02:00:00,0.945
2012-09-15 02:30:00,1.0039999
2012-09-15 03:00:00,1.415
2012-09-15 03:30:00,0.838
2012-09-15 04:00:00,0.749
2012-09-15 04:30:00,1.182
2012-09-15 05:00:00,1.189
2012-09-15 05:30:00,3.7019999
2012-09-15 06:00:00,8.335
2012-09-15 06:30:00,8.4250002
2012-09-15 07:00:00,6.8800001
2012-09-15 07:30:00,5.573
2012-09-15 08:00:00,6.6329999
2012-09-15 08:30:00,5.4850001
2012-09-15 09:00:00,4.941
2012-09-15 09:30:00,4.915
2012-09-15 10:00:00,3.8599999
2012-09-15 10:30:00,0.826
2012-09-15 11:00:00,1.11
2012-09-15 11:30:00,0.889
2012-09-15 12:00:00,1.108
2012-09-15 12:30:00,0.922
2012-09-15 13:00:00,1.063
2012-09-15 13:30:00,0.833
2012-09-15 14:00:00,0.995
2012-09-15 14:30:00,0.793
2012-09-15 15:00:00,1.026
2012-09-15 15:30:00,0.857
2012-09-15 16:00:00,1.2309999
2012-09-15 16:30:00,0.82
2012-09-15 17:00:00,1.128
2012-09-15 17:30:00,0.872
2012-09-15 18:00:00,2.1440001
2012-09-15 18:30:00,1.64
2012-09-15 19:00:00,1.626
2012-09-15 19:30:00,1.388
2012-09-15 20:00:00,1.605
2012-09-15 20:30:00,1.383
2012-09-15 21:00:00,1.693
2012-09-15 21:30:00,1.0829999
2012-09-15 22:00:00,0.968
2012-09-15 22:30:00,1.031
2012-09-15 23:00:00,1.187
2012-09-15 23:30:00,1.353
2012-09-16 00:00:00,1.166
2012-09-16 00:30:00,1.296
2012-09-16 01:00:00,0.728
2012-09-16 01:30:00,0.951
2012-09-16 02:00:00,0.799
2012-09-16 02:30:00,1.212
2012-09-16 03:00:00,0.924
2012-09-16 03:30:00,1.133
2012-09-16 04:00:00,0.8
2012-09-16 04:30:00,0.939
2012-09-16 05:00:00,1.307
2012-09-16 05:30:00,1.126
2012-09-16 06:00:00,1.42
2012-09-16 06:30:00,1.143
2012-09-16 07:00:00,1.237
2012-09-16 07:30:00,0.844
2012-09-16 08:00:00,0.903
2012-09-16 08:30:00,1.4960001
2012-09-16 09:00:00,0.816
2012-09-16 09:30:00,1.054
2012-09-16 10:00:00,0.853
2012-09-16 10:30:00,1.063
2012-09-16 11:00:00,0.829
2012-09-16 11:30:00,1.1160001
2012-09-16 12:00:00,0.934
2012-09-16 12:30:00,1.152
2012-09-16 13:00:00,0.81
2012-09-16 13:30:00,1.086
2012-09-16 14:00:00,0.805
2012-09-16 14:30:00,1.001
2012-09-16 15:00:00,0.82
2012-09-16 15:30:00,0.968
2012-09-16 16:00:00,1.228
2012-09-16 16:30:00,1.281
2012-09-16 17:00:00,1.418
2012-09-16 17:30:00,1.096
2012-09-16 18:00:00,1.248
2012-09-16 18:30:00,1.801
2012-09-16 19:00:00,1.396
2012-09-16 19:30:00,1.516
2012-09-16 20:00:00,1.4349999
2012-09-16 20:30:00,1.6900001
2012-09-16 21:00:00,1.3279999
2012-09-16 21:30:00,2.2969999
2012-09-16 22:00:00,1.2970001
2012-09-16 22:30:00,1.067
2012-09-16 23:00:00,1.385
2012-09-16 23:30:00,1.1619999
2012-09-17 00:00:00,1.424
2012-09-17 00:30:00,0.981
2012-09-17 01:00:00,1.174
2012-09-17 01:30:00,0.814
2012-09-17 02:00:00,0.89
2012-09-17 02:30:00,1.2130001
2012-09-17 03:00:00,1.1339999
2012-09-17 03:30:00,0.722
2012-09-17 04:00:00,0.915
2012-09-17 04:30:00,1.127
2012-09-17 05:00:00,1.141
2012-09-17 05:30:00,1.442
2012-09-17 06:00:00,1.263
2012-09-17 06:30:00,2.085
2012-09-17 07:00:00,1.044
2012-09-17 07:30:00,1.158
2012-09-17 08:00:00,1.13
2012-09-17 08:30:00,2.1930001
2012-09-17 09:00:00,2.3210001
2012-09-17 09:30:00,1.052
2012-09-17 10:00:00,1.844
2012-09-17 10:30:00,0.96
2012-09-17 11:00:00,1.698
2012-09-17 11:30:00,2.2190001
2012-09-17 12:00:00,2.306
2012-09-17 12:30:00,1.8049999
2012-09-17 13:00:00,1.806
2012-09-17 13:30:00,1.013
2012-09-17 14:00:00,1.079
2012-09-17 14:30:00,1.024
2012-09-17 15:00:00,0.8
2012-09-17 15:30:00,1.01
2012-09-17 16:00:00,0.789
2012-09-17 16:30:00,0.952
2012-09-17 17:00:00,1.11
2012-09-17 17:30:00,1.2920001
2012-09-17 18:00:00,1.399
2012-09-17 18:30:00,1.709
2012-09-17 19:00:00,1.587
2012-09-17 19:30:00,1.726
2012-09-17 20:00:00,2.0039999
2012-09-17 20:30:00,1.64
2012-09-17 21:00:00,1.882
2012-09-17 21:30:00,1.5549999
2012-09-17 22:00:00,1.625
2012-09-17 22:30:00,1.024
2012-09-17 23:00:00,1.4069999
2012-09-17 23:30:00,1.112
2012-09-18 00:00:00,1.351
2012-09-18 00:30:00,1.035
2012-09-18 01:00:00,1.191
2012-09-18 01:30:00,0.762
2012-09-18 02:00:00,0.7
2012-09-18 02:30:00,0.945
2012-09-18 03:00:00,1.1900001
2012-09-18 03:30:00,0.848
2012-09-18 04:00:00,1.071
2012-09-18 04:30:00,0.999
2012-09-18 05:00:00,1.257
2012-09-18 05:30:00,1.304
2012-09-18 06:00:00,1.876
2012-09-18 06:30:00,2.1670001
2012-09-18 07:00:00,1.376
2012-09-18 07:30:00,0.893
2012-09-18 08:00:00,1.88
2012-09-18 08:30:00,1.102
2012-09-18 09:00:00,1.687
2012-09-18 09:30:00,0.919
2012-09-18 10:00:00,0.917
2012-09-18 10:30:00,0.759
2012-09-18 11:00:00,0.999
2012-09-18 11:30:00,0.823
2012-09-18 12:00:00,1.23
2012-09-18 12:30:00,1.039
2012-09-18 13:00:00,1.09
2012-09-18 13:30:00,0.786
2012-09-18 14:00:00,1.024
2012-09-18 14:30:00,0.835
2012-09-18 15:00:00,1.003
2012-09-18 15:30:00,1.0599999
2012-09-18 16:00:00,0.924
2012-09-18 16:30:00,1.154
2012-09-18 17:00:00,1.092
2012-09-18 17:30:00,2.0350001
2012-09-18 18:00:00,1.145
2012-09-18 18:30:00,1.539
2012-09-18 19:00:00,1.46
2012-09-18 19:30:00,1.65
2012-09-18 20:00:00,1.39
2012-09-18 20:30:00,1.5599999
2012-09-18 21:00:00,1.448
2012-09-18 21:30:00,1.683
2012-09-18 22:00:00,1.104
2012-09-18 22:30:00,1.524
2012-09-18 23:00:00,1.179
2012-09-18 23:30:00,1.153
2012-09-19 00:00:00,1.1109999
2012-09-19 00:30:00,1.318
2012-09-19 01:00:00,0.827
2012-09-19 01:30:00,1.097
2012-09-19 02:00:00,0.888
2012-09-19 02:30:00,1.261
2012-09-19 03:00:00,0.947
2012-09-19 03:30:00,1.094
2012-09-19 04:00:00,0.754
2012-09-19 04:30:00,1.346
2012-09-19 05:00:00,1.181
2012-09-19 05:30:00,1.397
2012-09-19 06:00:00,1.302
2012-09-19 06:30:00,1.3099999
2012-09-19 07:00:00,2.132
2012-09-19 07:30:00,0.906
2012-09-19 08:00:00,1.23
2012-09-19 08:30:00,1.211
2012-09-19 09:00:00,2.2449999
2012-09-19 09:30:00,2.4030001
2012-09-19 10:00:00,1.581
2012-09-19 10:30:00,1.987
2012-09-19 11:00:00,4.2010002
2012-09-19 11:30:00,2.8380001
2012-09-19 12:00:00,2.3789999
2012-09-19 12:30:00,2.0309999
2012-09-19 13:00:00,1.98
2012-09-19 13:30:00,1.517
2012-09-19 14:00:00,1.132
2012-09-19 14:30:00,0.92
2012-09-19 15:00:00,1.081
2012-09-19 15:30:00,0.802
2012-09-19 16:00:00,0.969
2012-09-19 16:30:00,1.006
2012-09-19 17:00:00,0.933
2012-09-19 17:30:00,1.4349999
2012-09-19 18:00:00,1.141
2012-09-19 18:30:00,1.345
2012-09-19 19:00:00,1.425
2012-09-19 19:30:00,1.649
2012-09-19 20:00:00,1.3839999
2012-09-19 20:30:00,1.653
2012-09-19 21:00:00,1.232
2012-09-19 21:30:00,1.545
2012-09-19 22:00:00,1.04
2012-09-19 22:30:00,1.277
2012-09-19 23:00:00,1.136
2012-09-19 23:30:00,1.397
2012-09-20 00:00:00,1.189
2012-09-20 00:30:00,1.285
2012-09-20 01:00:00,0.784
2012-09-20 01:30:00,0.991
2012-09-20 02:00:00,0.817
2012-09-20 02:30:00,1.349
2012-09-20 03:00:00,0.888
2012-09-20 03:30:00,1.064
2012-09-20 04:00:00,0.742
2012-09-20 04:30:00,1.242
2012-09-20 05:00:00,1.222
2012-09-20 05:30:00,1.357
2012-09-20 06:00:00,1.4170001
2012-09-20 06:30:00,1.191
2012-09-20 07:00:00,1.327
2012-09-20 07:30:00,0.802
2012-09-20 08:00:00,1.6950001
2012-09-20 08:30:00,0.944
2012-09-20 09:00:00,1.094
2012-09-20 09:30:00,1.436
2012-09-20 10:00:00,1.722
2012-09-20 10:30:00,1.006
2012-09-20 11:00:00,1.169
2012-09-20 11:30:00,1.142
2012-09-20 12:00:00,0.864
2012-09-20 12:30:00,1.135
2012-09-20 13:00:00,1.765
2012-09-20 13:30:00,1.114
2012-09-20 14:00:00,0.716
2012-09-20 14:30:00,1.026
2012-09-20 15:00:00,0.739
2012-09-20 15:30:00,1.1670001
2012-09-20 16:00:00,1.008
2012-09-20 16:30:00,1.256
2012-09-20 17:00:00,0.908
2012-09-20 17:30:00,1.2079999
2012-09-20 18:00:00,1.2029999
2012-09-20 18:30:00,2.1760001
2012-09-20 19:00:00,1.673
2012-09-20 19:30:00,1.8430001
2012-09-20 20:00:00,1.474
2012-09-20 20:30:00,1.399
2012-09-20 21:00:00,1.758
2012-09-20 21:30:00,1.27
2012-09-20 22:00:00,1.341
2012-09-20 22:30:00,1.0930001
2012-09-20 23:00:00,1.336
2012-09-20 23:30:00,1.179
2012-09-21 00:00:00,1.424
2012-09-21 00:30:00,0.999
2012-09-21 01:00:00,1.0549999
2012-09-21 01:30:00,0.804
2012-09-21 02:00:00,1.112
2012-09-21 02:30:00,1.011
2012-09-21 03:00:00,1.184
2012-09-21 03:30:00,0.724
2012-09-21 04:00:00,1.04
2012-09-21 04:30:00,0.99
2012-09-21 05:00:00,1.372
2012-09-21 05:30:00,1.2
2012-09-21 06:00:00,2.175
2012-09-21 06:30:00,1.353
2012-09-21 07:00:00,1.598
2012-09-21 07:30:00,1.156
2012-09-21 08:00:00,1.512
2012-09-21 08:30:00,1.2130001
2012-09-21 09:00:00,1.34
2012-09-21 09:30:00,1.197
2012-09-21 10:00:00,1.012
2012-09-21 10:30:00,1.035
2012-09-21 11:00:00,0.859
2012-09-21 11:30:00,1.1
2012-09-21 12:00:00,1.376
2012-09-21 12:30:00,1.046
2012-09-21 13:00:00,0.881
2012-09-21 13:30:00,1.149
2012-09-21 14:00:00,0.926
2012-09-21 14:30:00,0.983
2012-09-21 15:00:00,0.984
2012-09-21 15:30:00,1.1109999
2012-09-21 16:00:00,0.932
2012-09-21 16:30:00,1.1210001
2012-09-21 17:00:00,0.987
2012-09-21 17:30:00,1.279
2012-09-21 18:00:00,1.513
2012-09-21 18:30:00,1.803
2012-09-21 19:00:00,2.043
2012-09-21 19:30:00,1.735
2012-09-21 20:00:00,1.603
2012-09-21 20:30:00,1.783
2012-09-21 21:00:00,1.478
2012-09-21 21:30:00,2.753
2012-09-21 22:00:00,1.441
2012-09-21 22:30:00,1.52
2012-09-21 23:00:00,1.182
2012-09-21 23:30:00,1.306
2012-09-22 00:00:00,1.1799999
2012-09-22 00:30:00,1.3279999
2012-09-22 01:00:00,0.856
2012-09-22 01:30:00,0.966
2012-09-22 02:00:00,0.813
2012-09-22 02:30:00,1.171
2012-09-22 03:00:00,1.099
2012-09-22 03:30:00,0.762
2012-09-22 04:00:00,0.977
2012-09-22 04:30:00,1.011
2012-09-22 05:00:00,1.652
2012-09-22 05:30:00,1.178
2012-09-22 06:00:00,1.1900001
2012-09-22 06:30:00,1.188
2012-09-22 07:00:00,1.742
2012-09-22 07:30:00,1.3430001
2012-09-22 08:00:00,1.056
2012-09-22 08:30:00,0.867
2012-09-22 09:00:00,0.989
2012-09-22 09:30:00,0.929
2012-09-22 10:00:00,0.929
2012-09-22 10:30:00,0.704
2012-09-22 11:00:00,0.981
2012-09-22 11:30:00,0.972
2012-09-22 12:00:00,1.095
2012-09-22 12:30:00,1.285
2012-09-22 13:00:00,1.2359999
2012-09-22 13:30:00,1.679
2012-09-22 14:00:00,0.766
2012-09-22 14:30:00,0.963
2012-09-22 15:00:00,1.0420001
2012-09-22 15:30:00,0.771
2012-09-22 16:00:00,0.966
2012-09-22 16:30:00,0.802
2012-09-22 17:00:00,1.1059999
2012-09-22 17:30:00,0.829
2012-09-22 18:00:00,3.336
2012-09-22 18:30:00,8.5609999
2012-09-22 19:00:00,7.2519999
2012-09-22 19:30:00,7.5539999
2012-09-22 20:00:00,5.756
2012-09-22 20:30:00,6.8299999
2012-09-22 21:00:00,6.54
2012-09-22 21:30:00,3.6159999
2012-09-22 22:00:00,1.587
2012-09-22 22:30:00,1.086
2012-09-22 23:00:00,1.694
2012-09-22 23:30:00,1.105
2012-09-23 00:00:00,1.089
2012-09-23 00:30:00,1.069
2012-09-23 01:00:00,0.976
2012-09-23 01:30:00,0.756
2012-09-23 02:00:00,1.022
2012-09-23 02:30:00,1.018
2012-09-23 03:00:00,1.24
2012-09-23 03:30:00,0.811
2012-09-23 04:00:00,0.992
2012-09-23 04:30:00,1.017
2012-09-23 05:00:00,1.352
2012-09-23 05:30:00,1.11
2012-09-23 06:00:00,1.471
2012-09-23 06:30:00,1.11
2012-09-23 07:00:00,1.4119999
2012-09-23 07:30:00,1.8200001
2012-09-23 08:00:00,1.0140001
2012-09-23 08:30:00,1.242
2012-09-23 09:00:00,1.045
2012-09-23 09:30:00,1.192
2012-09-23 10:00:00,0.894
2012-09-23 10:30:00,0.963
2012-09-23 11:00:00,0.774
2012-09-23 11:30:00,1.064
2012-09-23 12:00:00,1.056
2012-09-23 12:30:00,0.717
2012-09-23 13:00:00,1.0930001
2012-09-23 13:30:00,0.763
2012-09-23 14:00:00,3.1619999
2012-09-23 14:30:00,7.4619999
2012-09-23 15:00:00,7.4039998
2012-09-23 15:30:00,5.9840002
2012-09-23 16:00:00,5.8460002
2012-09-23 16:30:00,6.0430002
2012-09-23 17:00:00,6.2810001
2012-09-23 17:30:00,1.223
2012-09-23 18:00:00,1.265
2012-09-23 18:30:00,1.641
2012-09-23 19:00:00,1.684
2012-09-23 19:30:00,2.112
2012-09-23 20:00:00,1.501
2012-09-23 20:30:00,1.497
2012-09-23 21:00:00,1.7640001
2012-09-23 21:30:00,1.449
2012-09-23 22:00:00,1.327
2012-09-23 22:30:00,0.966
2012-09-23 23:00:00,1.451
2012-09-23 23:30:00,1.171
2012-09-24 00:00:00,1.3940001
2012-09-24 00:30:00,0.992
2012-09-24 01:00:00,1.3279999
2012-09-24 01:30:00,0.916
2012-09-24 02:00:00,0.697
2012-09-24 02:30:00,1.596
2012-09-24 03:00:00,1.415
2012-09-24 03:30:00,0.768
2012-09-24 04:00:00,1.044
2012-09-24 04:30:00,0.963
2012-09-24 05:00:00,1.415
2012-09-24 05:30:00,1.161
2012-09-24 06:00:00,1.419
2012-09-24 06:30:00,1.197
2012-09-24 07:00:00,1.3200001
2012-09-24 07:30:00,1.487
2012-09-24 08:00:00,0.898
2012-09-24 08:30:00,2.493
2012-09-24 09:00:00,2.1289999
2012-09-24 09:30:00,1.506
2012-09-24 10:00:00,1.5190001
2012-09-24 10:30:00,1.982
2012-09-24 11:00:00,1.039
2012-09-24 11:30:00,1.2460001
2012-09-24 12:00:00,1.396
2012-09-24 12:30:00,1.668
2012-09-24 13:00:00,2.3729999
2012-09-24 13:30:00,2.4070001
2012-09-24 14:00:00,2.1830001
2012-09-24 14:30:00,1.497
2012-09-24 15:00:00,0.992
2012-09-24 15:30:00,1.066
2012-09-24 16:00:00,1.071
2012-09-24 16:30:00,0.857
2012-09-24 17:00:00,1.069
2012-09-24 17:30:00,0.843
2012-09-24 18:00:00,1.683
2012-09-24 18:30:00,1.911
2012-09-24 19:00:00,1.541
2012-09-24 19:30:00,1.773
2012-09-24 20:00:00,1.531
2012-09-24 20:30:00,1.883
2012-09-24 21:00:00,2.2539999
2012-09-24 21:30:00,1.456
2012-09-24 22:00:00,1.197
2012-09-24 22:30:00,1.189
2012-09-24 23:00:00,1.2640001
2012-09-24 23:30:00,1.3200001
2012-09-25 00:00:00,1.387
2012-09-25 00:30:00,1.085
2012-09-25 01:00:00,1.036
2012-09-25 01:30:00,0.85
2012-09-25 02:00:00,0.908
2012-09-25 02:30:00,1.067
2012-09-25 03:00:00,1.0319999
2012-09-25 03:30:00,0.907
2012-09-25 04:00:00,1.0470001
2012-09-25 04:30:00,1.033
2012-09-25 05:00:00,1.4579999
2012-09-25 05:30:00,1.2970001
2012-09-25 06:00:00,1.323
2012-09-25 06:30:00,1.206
2012-09-25 07:00:00,2.0220001
2012-09-25 07:30:00,0.878
2012-09-25 08:00:00,1.133
2012-09-25 08:30:00,0.837
2012-09-25 09:00:00,4.4530001
2012-09-25 09:30:00,7.4520001
2012-09-25 10:00:00,6.4439998
2012-09-25 10:30:00,6.402
2012-09-25 11:00:00,1.321
2012-09-25 11:30:00,1.077
2012-09-25 12:00:00,0.951
2012-09-25 12:30:00,1.163
2012-09-25 13:00:00,1.1670001
2012-09-25 13:30:00,1.26
2012-09-25 14:00:00,1.35
2012-09-25 14:30:00,1.051
2012-09-25 15:00:00,1.075
2012-09-25 15:30:00,0.826
2012-09-25 16:00:00,1.113
2012-09-25 16:30:00,0.853
2012-09-25 17:00:00,1.1619999
2012-09-25 17:30:00,1.0549999
2012-09-25 18:00:00,1.737
2012-09-25 18:30:00,1.421
2012-09-25 19:00:00,2.875
2012-09-25 19:30:00,1.439
2012-09-25 20:00:00,1.521
2012-09-25 20:30:00,1.589
2012-09-25 21:00:00,1.339
2012-09-25 21:30:00,1.316
2012-09-25 22:00:00,1.006
2012-09-25 22:30:00,1.275
2012-09-25 23:00:00,1.1059999
2012-09-25 23:30:00,1.533
2012-09-26 00:00:00,1.102
2012-09-26 00:30:00,1.377
2012-09-26 01:00:00,0.852
2012-09-26 01:30:00,0.858
2012-09-26 02:00:00,0.942
2012-09-26 02:30:00,0.957
2012-09-26 03:00:00,1.189
2012-09-26 03:30:00,0.778
2012-09-26 04:00:00,1.063
2012-09-26 04:30:00,0.96
2012-09-26 05:00:00,1.362
2012-09-26 05:30:00,1.196
2012-09-26 06:00:00,1.571
2012-09-26 06:30:00,1.079
2012-09-26 07:00:00,1.591
2012-09-26 07:30:00,1.483
2012-09-26 08:00:00,0.859
2012-09-26 08:30:00,1.411
2012-09-26 09:00:00,2.503
2012-09-26 09:30:00,0.981
2012-09-26 10:00:00,1.902
2012-09-26 10:30:00,2.4990001
2012-09-26 11:00:00,1.9529999
2012-09-26 11:30:00,1.077
2012-09-26 12:00:00,1.03
2012-09-26 12:30:00,1.439
2012-09-26 13:00:00,2.155
2012-09-26 13:30:00,0.974
2012-09-26 14:00:00,1.161
2012-09-26 14:30:00,0.947
2012-09-26 15:00:00,1.0880001
2012-09-26 15:30:00,1.148
2012-09-26 16:00:00,0.942
2012-09-26 16:30:00,1.027
2012-09-26 17:00:00,1.1059999
2012-09-26 17:30:00,1.199
2012-09-26 18:00:00,1.148
2012-09-26 18:30:00,1.689
2012-09-26 19:00:00,1.5700001
2012-09-26 19:30:00,1.681
2012-09-26 20:00:00,2.306
2012-09-26 20:30:00,1.427
2012-09-26 21:00:00,1.887
2012-09-26 21:30:00,1.352
2012-09-26 22:00:00,1.089
2012-09-26 22:30:00,1.2970001
2012-09-26 23:00:00,1.127
2012-09-26 23:30:00,1.443
2012-09-27 00:00:00,1.1339999
2012-09-27 00:30:00,1.299
2012-09-27 01:00:00,0.793
2012-09-27 01:30:00,0.961
2012-09-27 02:00:00,0.78
2012-09-27 02:30:00,1.204
2012-09-27 03:00:00,1.0039999
2012-09-27 03:30:00,0.979
2012-09-27 04:00:00,0.774
2012-09-27 04:30:00,1.22
2012-09-27 05:00:00,1.186
2012-09-27 05:30:00,1.549
2012-09-27 06:00:00,6.7600002
2012-09-27 06:30:00,8.8120003
2012-09-27 07:00:00,7.8740001
2012-09-27 07:30:00,5.4299998
2012-09-27 08:00:00,7.3189998
2012-09-27 08:30:00,5.9219999
2012-09-27 09:00:00,5.6570001
2012-09-27 09:30:00,6.3829999
2012-09-27 10:00:00,1.623
2012-09-27 10:30:00,1.163
2012-09-27 11:00:00,0.931
2012-09-27 11:30:00,1.1720001
2012-09-27 12:00:00,0.899
2012-09-27 12:30:00,1.138
2012-09-27 13:00:00,1.199
2012-09-27 13:30:00,1.813
2012-09-27 14:00:00,7.1059999
2012-09-27 14:30:00,7.0320001
2012-09-27 15:00:00,5.2930002
2012-09-27 15:30:00,0.926
2012-09-27 16:00:00,1.531
2012-09-27 16:30:00,1.227
2012-09-27 17:00:00,1.387
2012-09-27 17:30:00,1.653
2012-09-27 18:00:00,1.711
2012-09-27 18:30:00,2.2
2012-09-27 19:00:00,2.0209999
2012-09-27 19:30:00,2.2409999
2012-09-27 20:00:00,2.079
2012-09-27 20:30:00,2.369
2012-09-27 21:00:00,1.8329999
2012-09-27 21:30:00,2.152
2012-09-27 22:00:00,1.5930001
2012-09-27 22:30:00,1.26
2012-09-27 23:00:00,1.175
2012-09-27 23:30:00,1.401
2012-09-28 00:00:00,1.104
2012-09-28 00:30:00,1.342
2012-09-28 01:00:00,0.767
2012-09-28 01:30:00,0.936
2012-09-28 02:00:00,0.775
2012-09-28 02:30:00,1.1849999
2012-09-28 03:00:00,0.993
2012-09-28 03:30:00,0.992
2012-09-28 04:00:00,0.912
2012-09-28 04:30:00,1.005
2012-09-28 05:00:00,1.418
2012-09-28 05:30:00,1.285
2012-09-28 06:00:00,1.313
2012-09-28 06:30:00,1.823
2012-09-28 07:00:00,7.0630002
2012-09-28 07:30:00,7.652
2012-09-28 08:00:00,6.5879998
2012-09-28 08:30:00,5.579
2012-09-28 09:00:00,5.579
2012-09-28 09:30:00,4.1209998
2012-09-28 10:00:00,0.837
2012-09-28 10:30:00,1.119
2012-09-28 11:00:00,0.873
2012-09-28 11:30:00,1.214
2012-09-28 12:00:00,1.012
2012-09-28 12:30:00,1.158
2012-09-28 13:00:00,0.743
2012-09-28 13:30:00,0.785
2012-09-28 14:00:00,0.982
2012-09-28 14:30:00,0.743
2012-09-28 15:00:00,0.872
2012-09-28 15:30:00,1.025
2012-09-28 16:00:00,0.783
2012-09-28 16:30:00,1.221
2012-09-28 17:00:00,0.723
2012-09-28 17:30:00,0.796
2012-09-28 18:00:00,0.969
2012-09-28 18:30:00,1.64
2012-09-28 19:00:00,1.123
2012-09-28 19:30:00,1.075
2012-09-28 20:00:00,1.143
2012-09-28 20:30:00,1.913
2012-09-28 21:00:00,1.136
2012-09-28 21:30:00,1.022
2012-09-28 22:00:00,1.054
2012-09-28 22:30:00,0.962
2012-09-28 23:00:00,1.357
2012-09-28 23:30:00,1.166
2012-09-29 00:00:00,1.089
2012-09-29 00:30:00,1.387
2012-09-29 01:00:00,0.743
2012-09-29 01:30:00,1.0140001
2012-09-29 02:00:00,0.747
2012-09-29 02:30:00,1.057
2012-09-29 03:00:00,1.094
2012-09-29 03:30:00,0.762
2012-09-29 04:00:00,0.995
2012-09-29 04:30:00,0.937
2012-09-29 05:00:00,1.475
2012-09-29 05:30:00,1.216
2012-09-29 06:00:00,1.1289999
2012-09-29 06:30:00,1.401
2012-09-29 07:00:00,0.983
2012-09-29 07:30:00,1.045
2012-09-29 08:00:00,0.748
2012-09-29 08:30:00,1.022
2012-09-29 09:00:00,0.811
2012-09-29 09:30:00,0.7
2012-09-29 10:00:00,0.993
2012-09-29 10:30:00,0.768
2012-09-29 11:00:00,1.035
2012-09-29 11:30:00,0.708
2012-09-29 12:00:00,1.069
2012-09-29 12:30:00,0.707
2012-09-29 13:00:00,0.95
2012-09-29 13:30:00,0.749
2012-09-29 14:00:00,0.85
2012-09-29 14:30:00,0.928
2012-09-29 15:00:00,1.3890001
2012-09-29 15:30:00,1.352
2012-09-29 16:00:00,1.113
2012-09-29 16:30:00,0.713
2012-09-29 17:00:00,0.749
2012-09-29 17:30:00,1.046
2012-09-29 18:00:00,7.0339999
2012-09-29 18:30:00,8.2519999
2012-09-29 19:00:00,7.1799998
2012-09-29 19:30:00,6.6939998
2012-09-29 20:00:00,7.1859999
2012-09-29 20:30:00,5.7480001
2012-09-29 21:00:00,1.598
2012-09-29 21:30:00,1.1720001
2012-09-29 22:00:00,1.289
2012-09-29 22:30:00,0.907
2012-09-29 23:00:00,1.34
2012-09-29 23:30:00,1.096
2012-09-30 00:00:00,1.451
2012-09-30 00:30:00,0.973
2012-09-30 01:00:00,0.739
2012-09-30 01:30:00,1.077
2012-09-30 02:00:00,0.773
2012-09-30 02:30:00,1.155
2012-09-30 03:00:00,1.0779999
2012-09-30 03:30:00,0.789
2012-09-30 04:00:00,0.907
2012-09-30 04:30:00,1.01
2012-09-30 05:00:00,1.335
2012-09-30 05:30:00,1.151
2012-09-30 06:00:00,1.501
2012-09-30 06:30:00,1.148
2012-09-30 07:00:00,1.126
2012-09-30 07:30:00,0.971
2012-09-30 08:00:00,1.316
2012-09-30 08:30:00,1.25
2012-09-30 09:00:00,0.89
2012-09-30 09:30:00,1.538
2012-09-30 10:00:00,7.1869998
2012-09-30 10:30:00,7.1719999
2012-09-30 11:00:00,6.3530002
2012-09-30 11:30:00,5.1020002
2012-09-30 12:00:00,1.001
2012-09-30 12:30:00,1.261
2012-09-30 13:00:00,0.963
2012-09-30 13:30:00,1.105
2012-09-30 14:00:00,0.793
2012-09-30 14:30:00,1.02
2012-09-30 15:00:00,1.115
2012-09-30 15:30:00,7.4460001
2012-09-30 16:00:00,6.8559999
2012-09-30 16:30:00,5.9439998
2012-09-30 17:00:00,5.4380002
2012-09-30 17:30:00,5.2740002
2012-09-30 18:00:00,3.5469999
2012-09-30 18:30:00,1.402
2012-09-30 19:00:00,1.772
2012-09-30 19:30:00,1.574
2012-09-30 20:00:00,2.335
2012-09-30 20:30:00,1.5829999
2012-09-30 21:00:00,1.671
2012-09-30 21:30:00,1.306
2012-09-30 22:00:00,1.465
2012-09-30 22:30:00,0.934
2012-09-30 23:00:00,1.368
2012-09-30 23:30:00,1.1339999
2012-10-01 00:00:00,1.257
2012-10-01 00:30:00,1.351
2012-10-01 01:00:00,0.686
2012-10-01 01:30:00,0.77
2012-10-01 02:00:00,1.099
2012-10-01 02:30:00,0.938
2012-10-01 03:00:00,1.232
2012-10-01 03:30:00,0.802
2012-10-01 04:00:00,0.907
2012-10-01 04:30:00,1.084
2012-10-01 05:00:00,1.11
2012-10-01 05:30:00,1.3559999
2012-10-01 06:00:00,1.142
2012-10-01 06:30:00,1.449
2012-10-01 07:00:00,1.904
2012-10-01 07:30:00,0.971
2012-10-01 08:00:00,1.238
2012-10-01 08:30:00,2.1340001
2012-10-01 09:00:00,2.283
2012-10-01 09:30:00,0.977
2012-10-01 10:00:00,1.181
2012-10-01 10:30:00,0.85
2012-10-01 11:00:00,1.352
2012-10-01 11:30:00,0.926
2012-10-01 12:00:00,0.964
2012-10-01 12:30:00,1.303
2012-10-01 13:00:00,1.002
2012-10-01 13:30:00,1.296
2012-10-01 14:00:00,0.944
2012-10-01 14:30:00,1.182
2012-10-01 15:00:00,0.718
2012-10-01 15:30:00,1.044
2012-10-01 16:00:00,0.909
2012-10-01 16:30:00,1.337
2012-10-01 17:00:00,0.849
2012-10-01 17:30:00,0.876
2012-10-01 18:00:00,1.472
2012-10-01 18:30:00,1.885
2012-10-01 19:00:00,1.714
2012-10-01 19:30:00,1.796
2012-10-01 20:00:00,1.755
2012-10-01 20:30:00,1.8279999
2012-10-01 21:00:00,1.317
2012-10-01 21:30:00,1.392
2012-10-01 22:00:00,1.029
2012-10-01 22:30:00,1.0369999
2012-10-01 23:00:00,1.397
2012-10-01 23:30:00,1.118
2012-10-02 00:00:00,1.413
2012-10-02 00:30:00,0.988
2012-10-02 01:00:00,1.1
2012-10-02 01:30:00,0.748
2012-10-02 02:00:00,0.954
2012-10-02 02:30:00,0.873
2012-10-02 03:00:00,1.263
2012-10-02 03:30:00,0.835
2012-10-02 04:00:00,1.37
2012-10-02 04:30:00,0.962
2012-10-02 05:00:00,1.115
2012-10-02 05:30:00,1.193
2012-10-02 06:00:00,1.291
2012-10-02 06:30:00,1.232
2012-10-02 07:00:00,1.7970001
2012-10-02 07:30:00,1.0700001
2012-10-02 08:00:00,2.2349999
2012-10-02 08:30:00,7.6329999
2012-10-02 09:00:00,7.4569998
2012-10-02 09:30:00,5.6929998
2012-10-02 10:00:00,5.178
2012-10-02 10:30:00,5.7919998
2012-10-02 11:00:00,0.924
2012-10-02 11:30:00,0.767
2012-10-02 12:00:00,1.652
2012-10-02 12:30:00,0.823
2012-10-02 13:00:00,0.76
2012-10-02 13:30:00,0.805
2012-10-02 14:00:00,0.847
2012-10-02 14:30:00,1.035
2012-10-02 15:00:00,1.0779999
2012-10-02 15:30:00,0.893
2012-10-02 16:00:00,1.0470001
2012-10-02 16:30:00,0.852
2012-10-02 17:00:00,1.212
2012-10-02 17:30:00,1.158
2012-10-02 18:00:00,1.168
2012-10-02 18:30:00,1.779
2012-10-02 19:00:00,1.8430001
2012-10-02 19:30:00,1.64
2012-10-02 20:00:00,2.503
2012-10-02 20:30:00,1.457
2012-10-02 21:00:00,1.681
2012-10-02 21:30:00,1.33
2012-10-02 22:00:00,1.226
2012-10-02 22:30:00,1.276
2012-10-02 23:00:00,1.137
2012-10-02 23:30:00,1.4400001
2012-10-03 00:00:00,1.149
2012-10-03 00:30:00,0.953
2012-10-03 01:00:00,0.989
2012-10-03 01:30:00,0.972
2012-10-03 02:00:00,0.746
2012-10-03 02:30:00,1.125
2012-10-03 03:00:00,1.056
2012-10-03 03:30:00,1.085
2012-10-03 04:00:00,0.685
2012-10-03 04:30:00,1.1109999
2012-10-03 05:00:00,1.418
2012-10-03 05:30:00,1.143
2012-10-03 06:00:00,1.5470001
2012-10-03 06:30:00,1.14
2012-10-03 07:00:00,1.7
2012-10-03 07:30:00,1.261
2012-10-03 08:00:00,1.204
2012-10-03 08:30:00,2.4219999
2012-10-03 09:00:00,2.359
2012-10-03 09:30:00,1.5700001
2012-10-03 10:00:00,2.4890001
2012-10-03 10:30:00,2.4400001
2012-10-03 11:00:00,2.1559999
2012-10-03 11:30:00,1.964
2012-10-03 12:00:00,2.493
2012-10-03 12:30:00,2.6129999
2012-10-03 13:00:00,2.461
2012-10-03 13:30:00,2.257
2012-10-03 14:00:00,0.882
2012-10-03 14:30:00,1.291
2012-10-03 15:00:00,0.974
2012-10-03 15:30:00,1.22
2012-10-03 16:00:00,3.8239999
2012-10-03 16:30:00,8.1520004
2012-10-03 17:00:00,1.5319999
2012-10-03 17:30:00,1.068
2012-10-03 18:00:00,1.415
2012-10-03 18:30:00,1.85
2012-10-03 19:00:00,1.864
2012-10-03 19:30:00,1.721
2012-10-03 20:00:00,1.368
2012-10-03 20:30:00,1.49
2012-10-03 21:00:00,1.307
2012-10-03 21:30:00,1.342
2012-10-03 22:00:00,1.0599999
2012-10-03 22:30:00,1.559
2012-10-03 23:00:00,1.182
2012-10-03 23:30:00,1.215
2012-10-04 00:00:00,1.352
2012-10-04 00:30:00,1.052
2012-10-04 01:00:00,1.048
2012-10-04 01:30:00,0.814
2012-10-04 02:00:00,1.089
2012-10-04 02:30:00,0.944
2012-10-04 03:00:00,1.33
2012-10-04 03:30:00,0.86
2012-10-04 04:00:00,1.296
2012-10-04 04:30:00,0.943
2012-10-04 05:00:00,1.191
2012-10-04 05:30:00,1.127
2012-10-04 06:00:00,1.45
2012-10-04 06:30:00,1.492
2012-10-04 07:00:00,1.772
2012-10-04 07:30:00,1.174
2012-10-04 08:00:00,5.5279999
2012-10-04 08:30:00,8.2200003
2012-10-04 09:00:00,6.572
2012-10-04 09:30:00,1.449
2012-10-04 10:00:00,1.035
2012-10-04 10:30:00,0.827
2012-10-04 11:00:00,1.0930001
2012-10-04 11:30:00,0.842
2012-10-04 12:00:00,1.16
2012-10-04 12:30:00,1.048
2012-10-04 13:00:00,1.6619999
2012-10-04 13:30:00,1.377
2012-10-04 14:00:00,1.608
2012-10-04 14:30:00,0.985
2012-10-04 15:00:00,0.79
2012-10-04 15:30:00,0.937
2012-10-04 16:00:00,0.896
2012-10-04 16:30:00,1.056
2012-10-04 17:00:00,1.722
2012-10-04 17:30:00,1.082
2012-10-04 18:00:00,1.237
2012-10-04 18:30:00,1.454
2012-10-04 19:00:00,1.785
2012-10-04 19:30:00,1.5470001
2012-10-04 20:00:00,1.402
2012-10-04 20:30:00,1.653
2012-10-04 21:00:00,1.256
2012-10-04 21:30:00,1.48
2012-10-04 22:00:00,1.131
2012-10-04 22:30:00,1.229
2012-10-04 23:00:00,1.484
2012-10-04 23:30:00,1.164
2012-10-05 00:00:00,1.545
2012-10-05 00:30:00,1.024
2012-10-05 01:00:00,1.1
2012-10-05 01:30:00,0.795
2012-10-05 02:00:00,1.225
2012-10-05 02:30:00,0.993
2012-10-05 03:00:00,1.47
2012-10-05 03:30:00,0.821
2012-10-05 04:00:00,0.899
2012-10-05 04:30:00,1.186
2012-10-05 05:00:00,1.197
2012-10-05 05:30:00,1.4910001
2012-10-05 06:00:00,1.303
2012-10-05 06:30:00,2.4360001
2012-10-05 07:00:00,7.2800002
2012-10-05 07:30:00,7.7709999
2012-10-05 08:00:00,5.8270001
2012-10-05 08:30:00,6.513
2012-10-05 09:00:00,3.8150001
2012-10-05 09:30:00,1.508
2012-10-05 10:00:00,1.6289999
2012-10-05 10:30:00,1.515
2012-10-05 11:00:00,1.619
2012-10-05 11:30:00,1.4069999
2012-10-05 12:00:00,0.99
2012-10-05 12:30:00,1.25
2012-10-05 13:00:00,1.404
2012-10-05 13:30:00,1.347
2012-10-05 14:00:00,1.711
2012-10-05 14:30:00,1.303
2012-10-05 15:00:00,0.888
2012-10-05 15:30:00,0.998
2012-10-05 16:00:00,1.211
2012-10-05 16:30:00,0.925
2012-10-05 17:00:00,1.133
2012-10-05 17:30:00,1.669
2012-10-05 18:00:00,1.594
2012-10-05 18:30:00,2.1500001
2012-10-05 19:00:00,2.6170001
2012-10-05 19:30:00,1.924
2012-10-05 20:00:00,1.85
2012-10-05 20:30:00,1.439
2012-10-05 21:00:00,1.283
2012-10-05 21:30:00,1.068
2012-10-05 22:00:00,1.28
2012-10-05 22:30:00,1.015
2012-10-05 23:00:00,1.102
2012-10-05 23:30:00,1.411
2012-10-06 00:00:00,1.279
2012-10-06 00:30:00,1.228
2012-10-06 01:00:00,1.092
2012-10-06 01:30:00,0.71
2012-10-06 02:00:00,1.003
2012-10-06 02:30:00,0.867
2012-10-06 03:00:00,1.306
2012-10-06 03:30:00,0.716
2012-10-06 04:00:00,0.939
2012-10-06 04:30:00,0.965
2012-10-06 05:00:00,1.4220001
2012-10-06 05:30:00,1.179
2012-10-06 06:00:00,1.164
2012-10-06 06:30:00,1.4119999
2012-10-06 07:00:00,1.633
2012-10-06 07:30:00,1.4299999
2012-10-06 08:00:00,0.883
2012-10-06 08:30:00,1.214
2012-10-06 09:00:00,0.937
2012-10-06 09:30:00,1.15
2012-10-06 10:00:00,1.834
2012-10-06 10:30:00,2.5929999
2012-10-06 11:00:00,1.387
2012-10-06 11:30:00,1.592
2012-10-06 12:00:00,0.787
2012-10-06 12:30:00,1.097
2012-10-06 13:00:00,0.964
2012-10-06 13:30:00,1.035
2012-10-06 14:00:00,1.0470001
2012-10-06 14:30:00,1.568
2012-10-06 15:00:00,1.0140001
2012-10-06 15:30:00,0.776
2012-10-06 16:00:00,1.175
2012-10-06 16:30:00,0.884
2012-10-06 17:00:00,1.217
2012-10-06 17:30:00,0.951
2012-10-06 18:00:00,1.9
2012-10-06 18:30:00,1.79
2012-10-06 19:00:00,1.881
2012-10-06 19:30:00,1.9119999
2012-10-06 20:00:00,1.848
2012-10-06 20:30:00,2.2820001
2012-10-06 21:00:00,1.274
2012-10-06 21:30:00,1.4220001
2012-10-06 22:00:00,1.056
2012-10-06 22:30:00,1.284
2012-10-06 23:00:00,1.169
2012-10-06 23:30:00,1.443
2012-10-07 00:00:00,1.223
2012-10-07 00:30:00,1.4299999
2012-10-07 01:00:00,0.828
2012-10-07 01:30:00,1.069
2012-10-07 02:00:00,0.747
2012-10-07 02:30:00,1.146
2012-10-07 03:00:00,1.123
2012-10-07 03:30:00,0.901
2012-10-07 04:00:00,1.001
2012-10-07 04:30:00,0.997
2012-10-07 05:00:00,1.5190001
2012-10-07 05:30:00,1.117
2012-10-07 06:00:00,1.571
2012-10-07 06:30:00,1.262
2012-10-07 07:00:00,1.273
2012-10-07 07:30:00,1.441
2012-10-07 08:00:00,1.475
2012-10-07 08:30:00,1.058
2012-10-07 09:00:00,1.0190001
2012-10-07 09:30:00,0.951
2012-10-07 10:00:00,1.126
2012-10-07 10:30:00,0.865
2012-10-07 11:00:00,1.024
2012-10-07 11:30:00,0.79
2012-10-07 12:00:00,1.02
2012-10-07 12:30:00,0.812
2012-10-07 13:00:00,1.018
2012-10-07 13:30:00,0.757
2012-10-07 14:00:00,1.015
2012-10-07 14:30:00,0.925
2012-10-07 15:00:00,0.962
2012-10-07 15:30:00,0.751
2012-10-07 16:00:00,1.598
2012-10-07 16:30:00,1.381
2012-10-07 17:00:00,1.0829999
2012-10-07 17:30:00,1.104
2012-10-07 18:00:00,1.415
2012-10-07 18:30:00,1.858
2012-10-07 19:00:00,1.4960001
2012-10-07 19:30:00,1.706
2012-10-07 20:00:00,6.9720001
2012-10-07 20:30:00,7.9990001
2012-10-07 21:00:00,7.526
2012-10-07 21:30:00,1.852
2012-10-07 22:00:00,1.471
2012-10-07 22:30:00,0.991
2012-10-07 23:00:00,1.429
2012-10-07 23:30:00,1.244
2012-10-08 00:00:00,1.434
2012-10-08 00:30:00,1.038
2012-10-08 01:00:00,1.008
2012-10-08 01:30:00,0.79
2012-10-08 02:00:00,0.96
2012-10-08 02:30:00,0.952
2012-10-08 03:00:00,1.223
2012-10-08 03:30:00,0.88
2012-10-08 04:00:00,1.319
2012-10-08 04:30:00,1.059
2012-10-08 05:00:00,1.1440001
2012-10-08 05:30:00,1.1390001
2012-10-08 06:00:00,1.566
2012-10-08 06:30:00,1.423
2012-10-08 07:00:00,4.2340002
2012-10-08 07:30:00,7.8470001
2012-10-08 08:00:00,7.309
2012-10-08 08:30:00,5.7059999
2012-10-08 09:00:00,5.9569998
2012-10-08 09:30:00,5.5609999
2012-10-08 10:00:00,2.484
2012-10-08 10:30:00,1.483
2012-10-08 11:00:00,0.9
2012-10-08 11:30:00,0.923
2012-10-08 12:00:00,1.273
2012-10-08 12:30:00,1.816
2012-10-08 13:00:00,1.064
2012-10-08 13:30:00,1.688
2012-10-08 14:00:00,0.992
2012-10-08 14:30:00,1.429
2012-10-08 15:00:00,1.038
2012-10-08 15:30:00,1.364
2012-10-08 16:00:00,1.1109999
2012-10-08 16:30:00,1.095
2012-10-08 17:00:00,1.166
2012-10-08 17:30:00,1.044
2012-10-08 18:00:00,1.809
2012-10-08 18:30:00,2.7090001
2012-10-08 19:00:00,1.534
2012-10-08 19:30:00,1.586
2012-10-08 20:00:00,1.487
2012-10-08 20:30:00,1.313
2012-10-08 21:00:00,1.791
2012-10-08 21:30:00,1.084
2012-10-08 22:00:00,1.104
2012-10-08 22:30:00,0.974
2012-10-08 23:00:00,1.444
2012-10-08 23:30:00,1.127
2012-10-09 00:00:00,1.4579999
2012-10-09 00:30:00,1.081
2012-10-09 01:00:00,1.335
2012-10-09 01:30:00,0.755
2012-10-09 02:00:00,0.75
2012-10-09 02:30:00,0.974
2012-10-09 03:00:00,1.3279999
2012-10-09 03:30:00,0.726
2012-10-09 04:00:00,1.086
2012-10-09 04:30:00,0.958
2012-10-09 05:00:00,1.199
2012-10-09 05:30:00,1.5829999
2012-10-09 06:00:00,2.079
2012-10-09 06:30:00,1.684
2012-10-09 07:00:00,1.242
2012-10-09 07:30:00,1.751
2012-10-09 08:00:00,1.4910001
2012-10-09 08:30:00,3.3970001
2012-10-09 09:00:00,7.585
2012-10-09 09:30:00,7.8629999
2012-10-09 10:00:00,6.1849999
2012-10-09 10:30:00,6.612
2012-10-09 11:00:00,5.7319999
2012-10-09 11:30:00,5.8390002
2012-10-09 12:00:00,2.325
2012-10-09 12:30:00,1.25
2012-10-09 13:00:00,0.851
2012-10-09 13:30:00,0.927
2012-10-09 14:00:00,1.017
2012-10-09 14:30:00,1.114
2012-10-09 15:00:00,0.989
2012-10-09 15:30:00,1.253
2012-10-09 16:00:00,1.108
2012-10-09 16:30:00,1.265
2012-10-09 17:00:00,0.949
2012-10-09 17:30:00,1.375
2012-10-09 18:00:00,1.906
2012-10-09 18:30:00,1.891
2012-10-09 19:00:00,1.7079999
2012-10-09 19:30:00,1.562
2012-10-09 20:00:00,1.763
2012-10-09 20:30:00,1.423
2012-10-09 21:00:00,1.651
2012-10-09 21:30:00,1.3200001
2012-10-09 22:00:00,1.437
2012-10-09 22:30:00,0.924
2012-10-09 23:00:00,1.437
2012-10-09 23:30:00,1.158
2012-10-10 00:00:00,1.4349999
2012-10-10 00:30:00,1.038
2012-10-10 01:00:00,0.77
2012-10-10 01:30:00,1.089
2012-10-10 02:00:00,0.733
2012-10-10 02:30:00,1.008
2012-10-10 03:00:00,1.377
2012-10-10 03:30:00,0.794
2012-10-10 04:00:00,0.934
2012-10-10 04:30:00,0.983
2012-10-10 05:00:00,1.353
2012-10-10 05:30:00,1.193
2012-10-10 06:00:00,1.49
2012-10-10 06:30:00,1.581
2012-10-10 07:00:00,1.942
2012-10-10 07:30:00,1.073
2012-10-10 08:00:00,1.544
2012-10-10 08:30:00,7.6370001
2012-10-10 09:00:00,7.2459998
2012-10-10 09:30:00,1.681
2012-10-10 10:00:00,2.6229999
2012-10-10 10:30:00,1.159
2012-10-10 11:00:00,2.5969999
2012-10-10 11:30:00,1.65
2012-10-10 12:00:00,1.3660001
2012-10-10 12:30:00,1.571
2012-10-10 13:00:00,1.527
2012-10-10 13:30:00,1.242
2012-10-10 14:00:00,1.075
2012-10-10 14:30:00,1.4349999
2012-10-10 15:00:00,1.413
2012-10-10 15:30:00,1.012
2012-10-10 16:00:00,1.137
2012-10-10 16:30:00,7.0749998
2012-10-10 17:00:00,7.7940001
2012-10-10 17:30:00,6.098
2012-10-10 18:00:00,6.3429999
2012-10-10 18:30:00,6.4489999
2012-10-10 19:00:00,7.0939999
2012-10-10 19:30:00,7.8610001
2012-10-10 20:00:00,6.178
2012-10-10 20:30:00,6.257
2012-10-10 21:00:00,5.3740001
2012-10-10 21:30:00,1.288
2012-10-10 22:00:00,1.665
2012-10-10 22:30:00,0.923
2012-10-10 23:00:00,1.105
2012-10-10 23:30:00,1.397
2012-10-11 00:00:00,1.09
2012-10-11 00:30:00,1.311
2012-10-11 01:00:00,0.738
2012-10-11 01:30:00,1.061
2012-10-11 02:00:00,0.726
2012-10-11 02:30:00,1.1440001
2012-10-11 03:00:00,1.043
2012-10-11 03:30:00,0.711
2012-10-11 04:00:00,0.963
2012-10-11 04:30:00,0.93
2012-10-11 05:00:00,1.368
2012-10-11 05:30:00,1.154
2012-10-11 06:00:00,7.3979998
2012-10-11 06:30:00,7.993
2012-10-11 07:00:00,7.2820001
2012-10-11 07:30:00,5.9790001
2012-10-11 08:00:00,5.6220002
2012-10-11 08:30:00,5.8930001
2012-10-11 09:00:00,5.2589998
2012-10-11 09:30:00,0.923
2012-10-11 10:00:00,1.2029999
2012-10-11 10:30:00,1.692
2012-10-11 11:00:00,0.783
2012-10-11 11:30:00,1.217
2012-10-11 12:00:00,1.016
2012-10-11 12:30:00,1.001
2012-10-11 13:00:00,1.098
2012-10-11 13:30:00,0.93
2012-10-11 14:00:00,1.165
2012-10-11 14:30:00,0.858
2012-10-11 15:00:00,0.887
2012-10-11 15:30:00,1.3279999
2012-10-11 16:00:00,1.0829999
2012-10-11 16:30:00,6.6669998
2012-10-11 17:00:00,7.4029999
2012-10-11 17:30:00,6.665
2012-10-11 18:00:00,5.2620001
2012-10-11 18:30:00,6.3400002
2012-10-11 19:00:00,6.5869999
2012-10-11 19:30:00,5.8920002
2012-10-11 20:00:00,5.8969998
2012-10-11 20:30:00,6.1570001
2012-10-11 21:00:00,5.7589998
2012-10-11 21:30:00,2.346
2012-10-11 22:00:00,1.485
2012-10-11 22:30:00,1.3200001
2012-10-11 23:00:00,1.327
2012-10-11 23:30:00,1.102
2012-10-12 00:00:00,1.1109999
2012-10-12 00:30:00,1.295
2012-10-12 01:00:00,0.748
2012-10-12 01:30:00,0.785
2012-10-12 02:00:00,0.751
2012-10-12 02:30:00,1.045
2012-10-12 03:00:00,0.971
2012-10-12 03:30:00,0.682
2012-10-12 04:00:00,0.927
2012-10-12 04:30:00,0.932
2012-10-12 05:00:00,1.334
2012-10-12 05:30:00,1.567
2012-10-12 06:00:00,7.3280001
2012-10-12 06:30:00,8.1359997
2012-10-12 07:00:00,7.1009998
2012-10-12 07:30:00,5.7849998
2012-10-12 08:00:00,5.6030002
2012-10-12 08:30:00,6.2620001
2012-10-12 09:00:00,5.098
2012-10-12 09:30:00,0.837
2012-10-12 10:00:00,0.878
2012-10-12 10:30:00,0.979
2012-10-12 11:00:00,0.831
2012-10-12 11:30:00,0.91
2012-10-12 12:00:00,0.895
2012-10-12 12:30:00,0.893
2012-10-12 13:00:00,1.0470001
2012-10-12 13:30:00,1.405
2012-10-12 14:00:00,1.363
2012-10-12 14:30:00,0.765
2012-10-12 15:00:00,0.761
2012-10-12 15:30:00,0.955
2012-10-12 16:00:00,0.824
2012-10-12 16:30:00,7.0970001
2012-10-12 17:00:00,7.8369999
2012-10-12 17:30:00,5.0840001
2012-10-12 18:00:00,6.23
2012-10-12 18:30:00,6.5289998
2012-10-12 19:00:00,6.8080001
2012-10-12 19:30:00,6.6300001
2012-10-12 20:00:00,7.244
2012-10-12 20:30:00,6.5110002
2012-10-12 21:00:00,6.3569999
2012-10-12 21:30:00,1.997
2012-10-12 22:00:00,2.063
2012-10-12 22:30:00,1.385
2012-10-12 23:00:00,1.39
2012-10-12 23:30:00,1.217
2012-10-13 00:00:00,1.174
2012-10-13 00:30:00,1.2920001
2012-10-13 01:00:00,0.805
2012-10-13 01:30:00,0.95
2012-10-13 02:00:00,0.748
2012-10-13 02:30:00,1.24
2012-10-13 03:00:00,0.999
2012-10-13 03:30:00,0.817
2012-10-13 04:00:00,0.834
2012-10-13 04:30:00,1.261
2012-10-13 05:00:00,1.235
2012-10-13 05:30:00,1.235
2012-10-13 06:00:00,8.2609997
2012-10-13 06:30:00,7.342
2012-10-13 07:00:00,7.1420002
2012-10-13 07:30:00,6.119
2012-10-13 08:00:00,6.428
2012-10-13 08:30:00,4.9239998
2012-10-13 09:00:00,6.2550001
2012-10-13 09:30:00,1.2920001
2012-10-13 10:00:00,1.175
2012-10-13 10:30:00,1.034
2012-10-13 11:00:00,0.887
2012-10-13 11:30:00,0.894
2012-10-13 12:00:00,1.626
2012-10-13 12:30:00,2.556
2012-10-13 13:00:00,1.13
2012-10-13 13:30:00,2.448
2012-10-13 14:00:00,1.112
2012-10-13 14:30:00,1.8
2012-10-13 15:00:00,1.125
2012-10-13 15:30:00,0.837
2012-10-13 16:00:00,1.365
2012-10-13 16:30:00,7.1459999
2012-10-13 17:00:00,7.6479998
2012-10-13 17:30:00,6.211
2012-10-13 18:00:00,7.8460002
2012-10-13 18:30:00,7.2309999
2012-10-13 19:00:00,7.1170001
2012-10-13 19:30:00,6.8200002
2012-10-13 20:00:00,6.1820002
2012-10-13 20:30:00,7.4520001
2012-10-13 21:00:00,5.888
2012-10-13 21:30:00,1.973
2012-10-13 22:00:00,2.075
2012-10-13 22:30:00,1.628
2012-10-13 23:00:00,1.4450001
2012-10-13 23:30:00,1.393
2012-10-14 00:00:00,1.262
2012-10-14 00:30:00,1.544
2012-10-14 01:00:00,0.848
2012-10-14 01:30:00,0.801
2012-10-14 02:00:00,0.799
2012-10-14 02:30:00,1.163
2012-10-14 03:00:00,1.08
2012-10-14 03:30:00,0.77
2012-10-14 04:00:00,1.0650001
2012-10-14 04:30:00,1.003
2012-10-14 05:00:00,1.2180001
2012-10-14 05:30:00,1.483
2012-10-14 06:00:00,7.6269999
2012-10-14 06:30:00,7.1620002
2012-10-14 07:00:00,6.3759999
2012-10-14 07:30:00,6.711
2012-10-14 08:00:00,7.7480001
2012-10-14 08:30:00,6.0999999
2012-10-14 09:00:00,6.1009998
2012-10-14 09:30:00,0.963
2012-10-14 10:00:00,0.978
2012-10-14 10:30:00,1.193
2012-10-14 11:00:00,1.036
2012-10-14 11:30:00,2.3800001
2012-10-14 12:00:00,1.164
2012-10-14 12:30:00,1.159
2012-10-14 13:00:00,1.122
2012-10-14 13:30:00,1.192
2012-10-14 14:00:00,1.119
2012-10-14 14:30:00,1.3099999
2012-10-14 15:00:00,1.339
2012-10-14 15:30:00,1.248
2012-10-14 16:00:00,1.4630001
2012-10-14 16:30:00,7.322
2012-10-14 17:00:00,8.21
2012-10-14 17:30:00,6.3309999
2012-10-14 18:00:00,6.7259998
2012-10-14 18:30:00,6.4879999
2012-10-14 19:00:00,6.513
2012-10-14 19:30:00,6.4780002
2012-10-14 20:00:00,6.3889999
2012-10-14 20:30:00,6.9879999
2012-10-14 21:00:00,5.5009999
2012-10-14 21:30:00,1.322
2012-10-14 22:00:00,1.237
2012-10-14 22:30:00,1.033
2012-10-14 23:00:00,1.2690001
2012-10-14 23:30:00,1.24
2012-10-15 00:00:00,1.408
2012-10-15 00:30:00,1.114
2012-10-15 01:00:00,0.787
2012-10-15 01:30:00,1.048
2012-10-15 02:00:00,0.794
2012-10-15 02:30:00,0.959
2012-10-15 03:00:00,1.205
2012-10-15 03:30:00,0.846
2012-10-15 04:00:00,0.823
2012-10-15 04:30:00,1.327
2012-10-15 05:00:00,1.219
2012-10-15 05:30:00,1.4069999
2012-10-15 06:00:00,8.4949999
2012-10-15 06:30:00,6.8060002
2012-10-15 07:00:00,7.1659999
2012-10-15 07:30:00,7.224
2012-10-15 08:00:00,5.9759998
2012-10-15 08:30:00,6.0349998
2012-10-15 09:00:00,5.4879999
2012-10-15 09:30:00,1.128
2012-10-15 10:00:00,0.973
2012-10-15 10:30:00,1.314
2012-10-15 11:00:00,1.034
2012-10-15 11:30:00,0.974
2012-10-15 12:00:00,1.586
2012-10-15 12:30:00,1.253
2012-10-15 13:00:00,2.5539999
2012-10-15 13:30:00,1.913
2012-10-15 14:00:00,1.327
2012-10-15 14:30:00,1.0470001
2012-10-15 15:00:00,0.971
2012-10-15 15:30:00,1.142
2012-10-15 16:00:00,1.29
2012-10-15 16:30:00,6.8400002
2012-10-15 17:00:00,8.7259998
2012-10-15 17:30:00,6.8410001
2012-10-15 18:00:00,7.1230001
2012-10-15 18:30:00,6.9889998
2012-10-15 19:00:00,6.2249999
2012-10-15 19:30:00,6.2199998
2012-10-15 20:00:00,6.5110002
2012-10-15 20:30:00,5.677
2012-10-15 21:00:00,5.335
2012-10-15 21:30:00,1.376
2012-10-15 22:00:00,1.086
2012-10-15 22:30:00,1.017
2012-10-15 23:00:00,1.3839999
2012-10-15 23:30:00,1.1900001
2012-10-16 00:00:00,1.403
2012-10-16 00:30:00,1.142
2012-10-16 01:00:00,0.841
2012-10-16 01:30:00,1.043
2012-10-16 02:00:00,0.766
2012-10-16 02:30:00,1.255
2012-10-16 03:00:00,1.118
2012-10-16 03:30:00,0.924
2012-10-16 04:00:00,0.88
2012-10-16 04:30:00,1.079
2012-10-16 05:00:00,1.386
2012-10-16 05:30:00,1.201
2012-10-16 06:00:00,7.5560002
2012-10-16 06:30:00,7.9749999
2012-10-16 07:00:00,6.7800002
2012-10-16 07:30:00,6.0219998
2012-10-16 08:00:00,6.4970002
2012-10-16 08:30:00,5.579
2012-10-16 09:00:00,5.007
2012-10-16 09:30:00,1.035
2012-10-16 10:00:00,0.976
2012-10-16 10:30:00,0.98
2012-10-16 11:00:00,1.039
2012-10-16 11:30:00,1.137
2012-10-16 12:00:00,1.027
2012-10-16 12:30:00,1.152
2012-10-16 13:00:00,1.119
2012-10-16 13:30:00,1.08
2012-10-16 14:00:00,1.22
2012-10-16 14:30:00,1.101
2012-10-16 15:00:00,1.327
2012-10-16 15:30:00,1.0930001
2012-10-16 16:00:00,1.08
2012-10-16 16:30:00,7.6420002
2012-10-16 17:00:00,7.3179998
2012-10-16 17:30:00,5.3340001
2012-10-16 18:00:00,5.6700001
2012-10-16 18:30:00,6.177
2012-10-16 19:00:00,6.007
2012-10-16 19:30:00,6.02
2012-10-16 20:00:00,6.4229999
2012-10-16 20:30:00,5.993
2012-10-16 21:00:00,5.9450002
2012-10-16 21:30:00,1.311
2012-10-16 22:00:00,1.094
2012-10-16 22:30:00,1.268
2012-10-16 23:00:00,1.209
2012-10-16 23:30:00,1.189
2012-10-17 00:00:00,1.228
2012-10-17 00:30:00,1.404
2012-10-17 01:00:00,0.893
2012-10-17 01:30:00,0.845
2012-10-17 02:00:00,1.071
2012-10-17 02:30:00,0.958
2012-10-17 03:00:00,1.0829999
2012-10-17 03:30:00,0.939
2012-10-17 04:00:00,0.835
2012-10-17 04:30:00,1.183
2012-10-17 05:00:00,1.209
2012-10-17 05:30:00,1.6160001
2012-10-17 06:00:00,6.79
2012-10-17 06:30:00,7.3239999
2012-10-17 07:00:00,6.8800001
2012-10-17 07:30:00,6.1290002
2012-10-17 08:00:00,5.3990002
2012-10-17 08:30:00,5.1890001
2012-10-17 09:00:00,5.7550001
2012-10-17 09:30:00,1.757
2012-10-17 10:00:00,2.003
2012-10-17 10:30:00,1.8789999
2012-10-17 11:00:00,3.0239999
2012-10-17 11:30:00,1.646
2012-10-17 12:00:00,1.299
2012-10-17 12:30:00,2.223
2012-10-17 13:00:00,2.267
2012-10-17 13:30:00,1.056
2012-10-17 14:00:00,0.973
2012-10-17 14:30:00,0.986
2012-10-17 15:00:00,0.757
2012-10-17 15:30:00,0.888
2012-10-17 16:00:00,0.848
2012-10-17 16:30:00,6.7199998
2012-10-17 17:00:00,6.9770002
2012-10-17 17:30:00,5.3569999
2012-10-17 18:00:00,5.0599999
2012-10-17 18:30:00,6.3740001
2012-10-17 19:00:00,5.6279998
2012-10-17 19:30:00,6.053
2012-10-17 20:00:00,3.4549999
2012-10-17 20:30:00,1.802
2012-10-17 21:00:00,1.301
2012-10-17 21:30:00,1.0420001
2012-10-17 22:00:00,1.0700001
2012-10-17 22:30:00,1.1670001
2012-10-17 23:00:00,1.135
2012-10-17 23:30:00,1.215
2012-10-18 00:00:00,1.382
2012-10-18 00:30:00,1.013
2012-10-18 01:00:00,0.859
2012-10-18 01:30:00,0.817
2012-10-18 02:00:00,0.685
2012-10-18 02:30:00,1.099
2012-10-18 03:00:00,0.999
2012-10-18 03:30:00,0.761
2012-10-18 04:00:00,0.967
2012-10-18 04:30:00,0.975
2012-10-18 05:00:00,1.4450001
2012-10-18 05:30:00,1.186
2012-10-18 06:00:00,1.239
2012-10-18 06:30:00,1.694
2012-10-18 07:00:00,1.104
2012-10-18 07:30:00,1.073
2012-10-18 08:00:00,0.979
2012-10-18 08:30:00,1.2359999
2012-10-18 09:00:00,0.96
2012-10-18 09:30:00,1.049
2012-10-18 10:00:00,1.158
2012-10-18 10:30:00,0.991
2012-10-18 11:00:00,1.202
2012-10-18 11:30:00,0.899
2012-10-18 12:00:00,1.152
2012-10-18 12:30:00,1.342
2012-10-18 13:00:00,1.013
2012-10-18 13:30:00,1.33
2012-10-18 14:00:00,0.84
2012-10-18 14:30:00,0.84
2012-10-18 15:00:00,1.133
2012-10-18 15:30:00,0.897
2012-10-18 16:00:00,0.784
2012-10-18 16:30:00,6.2800002
2012-10-18 17:00:00,7.3839998
2012-10-18 17:30:00,6.8330002
2012-10-18 18:00:00,6.0149999
2012-10-18 18:30:00,5.994
2012-10-18 19:00:00,5.8559999
2012-10-18 19:30:00,2.076
2012-10-18 20:00:00,1.79
2012-10-18 20:30:00,2.3380001
2012-10-18 21:00:00,1.698
2012-10-18 21:30:00,1.659
2012-10-18 22:00:00,1.36
2012-10-18 22:30:00,1.224
2012-10-18 23:00:00,1.478
2012-10-18 23:30:00,1.574
2012-10-19 00:00:00,1.318
2012-10-19 00:30:00,1.045
2012-10-19 01:00:00,0.895
2012-10-19 01:30:00,0.735
2012-10-19 02:00:00,0.939
2012-10-19 02:30:00,0.862
2012-10-19 03:00:00,1.02
2012-10-19 03:30:00,0.909
2012-10-19 04:00:00,0.883
2012-10-19 04:30:00,0.925
2012-10-19 05:00:00,1.159
2012-10-19 05:30:00,1.15
2012-10-19 06:00:00,1.2819999
2012-10-19 06:30:00,1.692
2012-10-19 07:00:00,1.34
2012-10-19 07:30:00,1.089
2012-10-19 08:00:00,1.092
2012-10-19 08:30:00,1.386
2012-10-19 09:00:00,0.852
2012-10-19 09:30:00,1.113
2012-10-19 10:00:00,1.023
2012-10-19 10:30:00,1.324
2012-10-19 11:00:00,1.378
2012-10-19 11:30:00,1.729
2012-10-19 12:00:00,0.926
2012-10-19 12:30:00,1.135
2012-10-19 13:00:00,0.961
2012-10-19 13:30:00,1.099
2012-10-19 14:00:00,0.972
2012-10-19 14:30:00,3.3180001
2012-10-19 15:00:00,7.7579999
2012-10-19 15:30:00,7.0100002
2012-10-19 16:00:00,5.816
2012-10-19 16:30:00,4.3000002
2012-10-19 17:00:00,1.413
2012-10-19 17:30:00,1.272
2012-10-19 18:00:00,1.6339999
2012-10-19 18:30:00,1.637
2012-10-19 19:00:00,1.835
2012-10-19 19:30:00,1.4400001
2012-10-19 20:00:00,1.564
2012-10-19 20:30:00,1.413
2012-10-19 21:00:00,1.314
2012-10-19 21:30:00,1.307
2012-10-19 22:00:00,1.002
2012-10-19 22:30:00,1.178
2012-10-19 23:00:00,1.12
2012-10-19 23:30:00,1.471
2012-10-20 00:00:00,1.103
2012-10-20 00:30:00,0.99
2012-10-20 01:00:00,0.894
2012-10-20 01:30:00,0.755
2012-10-20 02:00:00,1.0190001
2012-10-20 02:30:00,0.834
2012-10-20 03:00:00,1.427
2012-10-20 03:30:00,0.726
2012-10-20 04:00:00,0.713
2012-10-20 04:30:00,1.199
2012-10-20 05:00:00,1.105
2012-10-20 05:30:00,1.202
2012-10-20 06:00:00,1.563
2012-10-20 06:30:00,1.26
2012-10-20 07:00:00,2.8299999
2012-10-20 07:30:00,7.8990002
2012-10-20 08:00:00,6.8730001
2012-10-20 08:30:00,7.6040001
2012-10-20 09:00:00,5.4450002
2012-10-20 09:30:00,0.956
2012-10-20 10:00:00,0.988
2012-10-20 10:30:00,0.859
2012-10-20 11:00:00,1.023
2012-10-20 11:30:00,0.904
2012-10-20 12:00:00,1.013
2012-10-20 12:30:00,1.153
2012-10-20 13:00:00,0.957
2012-10-20 13:30:00,0.82
2012-10-20 14:00:00,1.55
2012-10-20 14:30:00,1.1339999
2012-10-20 15:00:00,0.819
2012-10-20 15:30:00,1.135
2012-10-20 16:00:00,1.005
2012-10-20 16:30:00,6.9699998
2012-10-20 17:00:00,7.1360002
2012-10-20 17:30:00,5.848
2012-10-20 18:00:00,5.9530001
2012-10-20 18:30:00,5.8540001
2012-10-20 19:00:00,5.8889999
2012-10-20 19:30:00,5.8210001
2012-10-20 20:00:00,5.7709999
2012-10-20 20:30:00,6.4439998
2012-10-20 21:00:00,6.757
2012-10-20 21:30:00,1.368
2012-10-20 22:00:00,1.146
2012-10-20 22:30:00,0.997
2012-10-20 23:00:00,1.38
2012-10-20 23:30:00,1.117
2012-10-21 00:00:00,1.103
2012-10-21 00:30:00,1.076
2012-10-21 01:00:00,0.893
2012-10-21 01:30:00,0.732
2012-10-21 02:00:00,0.983
2012-10-21 02:30:00,0.893
2012-10-21 03:00:00,1.005
2012-10-21 03:30:00,0.957
2012-10-21 04:00:00,0.7
2012-10-21 04:30:00,0.938
2012-10-21 05:00:00,1.313
2012-10-21 05:30:00,1.171
2012-10-21 06:00:00,6.7020001
2012-10-21 06:30:00,7.902
2012-10-21 07:00:00,6.3280001
2012-10-21 07:30:00,5.6760001
2012-10-21 08:00:00,6.1149998
2012-10-21 08:30:00,5.8660002
2012-10-21 09:00:00,5.098
2012-10-21 09:30:00,0.805
2012-10-21 10:00:00,0.964
2012-10-21 10:30:00,1.079
2012-10-21 11:00:00,0.931
2012-10-21 11:30:00,1.1210001
2012-10-21 12:00:00,1.006
2012-10-21 12:30:00,1.14
2012-10-21 13:00:00,1.5
2012-10-21 13:30:00,0.865
2012-10-21 14:00:00,0.865
2012-10-21 14:30:00,0.828
2012-10-21 15:00:00,1.698
2012-10-21 15:30:00,1.692
2012-10-21 16:00:00,1.674
2012-10-21 16:30:00,6.9429998
2012-10-21 17:00:00,7.598
2012-10-21 17:30:00,6.869
2012-10-21 18:00:00,5.6149998
2012-10-21 18:30:00,6.0799999
2012-10-21 19:00:00,5.7490001
2012-10-21 19:30:00,5.7259998
2012-10-21 20:00:00,5.7069998
2012-10-21 20:30:00,5.6490002
2012-10-21 21:00:00,6.0949998
2012-10-21 21:30:00,1.414
2012-10-21 22:00:00,1.207
2012-10-21 22:30:00,0.981
2012-10-21 23:00:00,1.135
2012-10-21 23:30:00,1.283
2012-10-22 00:00:00,1.1289999
2012-10-22 00:30:00,0.973
2012-10-22 01:00:00,0.702
2012-10-22 01:30:00,0.839
2012-10-22 02:00:00,1.5319999
2012-10-22 02:30:00,0.946
2012-10-22 03:00:00,1.216
2012-10-22 03:30:00,0.726
2012-10-22 04:00:00,0.684
2012-10-22 04:30:00,1.087
2012-10-22 05:00:00,1.12
2012-10-22 05:30:00,1.113
2012-10-22 06:00:00,6.881
2012-10-22 06:30:00,7.2940001
2012-10-22 07:00:00,5.1550002
2012-10-22 07:30:00,6.5120001
2012-10-22 08:00:00,5.5689998
2012-10-22 08:30:00,5.691
2012-10-22 09:00:00,5.4520001
2012-10-22 09:30:00,1.691
2012-10-22 10:00:00,0.88
2012-10-22 10:30:00,0.853
2012-10-22 11:00:00,0.997
2012-10-22 11:30:00,2.0510001
2012-10-22 12:00:00,1.592
2012-10-22 12:30:00,2.471
2012-10-22 13:00:00,1.8660001
2012-10-22 13:30:00,1.022
2012-10-22 14:00:00,0.813
2012-10-22 14:30:00,0.809
2012-10-22 15:00:00,0.95
2012-10-22 15:30:00,1.007
2012-10-22 16:00:00,0.805
2012-10-22 16:30:00,6.3200002
2012-10-22 17:00:00,6.6220002
2012-10-22 17:30:00,4.5640001
2012-10-22 18:00:00,1.3049999
2012-10-22 18:30:00,1.673
2012-10-22 19:00:00,1.925
2012-10-22 19:30:00,1.831
2012-10-22 20:00:00,1.619
2012-10-22 20:30:00,1.543
2012-10-22 21:00:00,1.6670001
2012-10-22 21:30:00,1.263
2012-10-22 22:00:00,1.4170001
2012-10-22 22:30:00,0.973
2012-10-22 23:00:00,1.216
2012-10-22 23:30:00,1.132
2012-10-23 00:00:00,1.316
2012-10-23 00:30:00,0.974
2012-10-23 01:00:00,1.163
2012-10-23 01:30:00,0.721
2012-10-23 02:00:00,0.733
2012-10-23 02:30:00,0.971
2012-10-23 03:00:00,1.015
2012-10-23 03:30:00,0.931
2012-10-23 04:00:00,0.685
2012-10-23 04:30:00,0.935
2012-10-23 05:00:00,1.3789999
2012-10-23 05:30:00,1.0880001
2012-10-23 06:00:00,1.3839999
2012-10-23 06:30:00,1.301
2012-10-23 07:00:00,4.4349999
2012-10-23 07:30:00,2.191
2012-10-23 08:00:00,0.899
2012-10-23 08:30:00,0.841
2012-10-23 09:00:00,0.811
2012-10-23 09:30:00,0.849
2012-10-23 10:00:00,0.877
2012-10-23 10:30:00,1.034
2012-10-23 11:00:00,0.994
2012-10-23 11:30:00,0.861
2012-10-23 12:00:00,1.085
2012-10-23 12:30:00,1.1160001
2012-10-23 13:00:00,0.899
2012-10-23 13:30:00,0.865
2012-10-23 14:00:00,1.027
2012-10-23 14:30:00,0.96
2012-10-23 15:00:00,0.99
2012-10-23 15:30:00,1.209
2012-10-23 16:00:00,1.1339999
2012-10-23 16:30:00,6.8850002
2012-10-23 17:00:00,7.0700002
2012-10-23 17:30:00,5.9510002
2012-10-23 18:00:00,5.829
2012-10-23 18:30:00,5.7950001
2012-10-23 19:00:00,6.0640001
2012-10-23 19:30:00,6.4689999
2012-10-23 20:00:00,6.0089998
2012-10-23 20:30:00,6.3119998
2012-10-23 21:00:00,6.0320001
2012-10-23 21:30:00,1.751
2012-10-23 22:00:00,1.9630001
2012-10-23 22:30:00,1.719
2012-10-23 23:00:00,1.223
2012-10-23 23:30:00,1.114
2012-10-24 00:00:00,1.359
2012-10-24 00:30:00,0.976
2012-10-24 01:00:00,0.948
2012-10-24 01:30:00,0.709
2012-10-24 02:00:00,0.723
2012-10-24 02:30:00,1.244
2012-10-24 03:00:00,1.0140001
2012-10-24 03:30:00,0.932
2012-10-24 04:00:00,0.713
2012-10-24 04:30:00,0.946
2012-10-24 05:00:00,1.319
2012-10-24 05:30:00,1.1059999
2012-10-24 06:00:00,5.086
2012-10-24 06:30:00,1.65
2012-10-24 07:00:00,1.197
2012-10-24 07:30:00,0.945
2012-10-24 08:00:00,1.127
2012-10-24 08:30:00,4.1810002
2012-10-24 09:00:00,1.977
2012-10-24 09:30:00,2.7190001
2012-10-24 10:00:00,2.6500001
2012-10-24 10:30:00,3.148
2012-10-24 11:00:00,2.9419999
2012-10-24 11:30:00,1.9220001
2012-10-24 12:00:00,1.7079999
2012-10-24 12:30:00,1.317
2012-10-24 13:00:00,1.0549999
2012-10-24 13:30:00,1.165
2012-10-24 14:00:00,0.986
2012-10-24 14:30:00,0.977
2012-10-24 15:00:00,1.171
2012-10-24 15:30:00,0.978
2012-10-24 16:00:00,1.046
2012-10-24 16:30:00,1.22
2012-10-24 17:00:00,1.006
2012-10-24 17:30:00,1.021
2012-10-24 18:00:00,2.085
2012-10-24 18:30:00,1.659
2012-10-24 19:00:00,1.585
2012-10-24 19:30:00,1.859
2012-10-24 20:00:00,1.54
2012-10-24 20:30:00,1.564
2012-10-24 21:00:00,2.6589999
2012-10-24 21:30:00,1.135
2012-10-24 22:00:00,1.035
2012-10-24 22:30:00,0.924
2012-10-24 23:00:00,1.34
2012-10-24 23:30:00,1.048
2012-10-25 00:00:00,1.176
2012-10-25 00:30:00,1.075
2012-10-25 01:00:00,0.728
2012-10-25 01:30:00,1.026
2012-10-25 02:00:00,0.655
2012-10-25 02:30:00,0.648
2012-10-25 03:00:00,0.913
2012-10-25 03:30:00,0.734
2012-10-25 04:00:00,0.911
2012-10-25 04:30:00,0.886
2012-10-25 05:00:00,1.127
2012-10-25 05:30:00,1.363
2012-10-25 06:00:00,4.9990001
2012-10-25 06:30:00,1.222
2012-10-25 07:00:00,1.1950001
2012-10-25 07:30:00,0.88
2012-10-25 08:00:00,4.4850001
2012-10-25 08:30:00,7.1550002
2012-10-25 09:00:00,5.8099999
2012-10-25 09:30:00,0.924
2012-10-25 10:00:00,0.999
2012-10-25 10:30:00,1.008
2012-10-25 11:00:00,0.982
2012-10-25 11:30:00,0.985
2012-10-25 12:00:00,1.204
2012-10-25 12:30:00,1.2539999
2012-10-25 13:00:00,0.864
2012-10-25 13:30:00,0.938
2012-10-25 14:00:00,1.028
2012-10-25 14:30:00,0.996
2012-10-25 15:00:00,0.951
2012-10-25 15:30:00,1.227
2012-10-25 16:00:00,1.115
2012-10-25 16:30:00,7.1539998
2012-10-25 17:00:00,7.5549998
2012-10-25 17:30:00,7.4359999
2012-10-25 18:00:00,6.2490001
2012-10-25 18:30:00,6.6100001
2012-10-25 19:00:00,6.1719999
2012-10-25 19:30:00,2.201
2012-10-25 20:00:00,1.434
2012-10-25 20:30:00,1.415
2012-10-25 21:00:00,1.242
2012-10-25 21:30:00,0.987
2012-10-25 22:00:00,1.0140001
2012-10-25 22:30:00,1.016
2012-10-25 23:00:00,1.103
2012-10-25 23:30:00,1.039
2012-10-26 00:00:00,1.322
2012-10-26 00:30:00,1.02
2012-10-26 01:00:00,0.627
2012-10-26 01:30:00,0.856
2012-10-26 02:00:00,0.64
2012-10-26 02:30:00,0.956
2012-10-26 03:00:00,1.25
2012-10-26 03:30:00,0.95
2012-10-26 04:00:00,0.904
2012-10-26 04:30:00,0.883
2012-10-26 05:00:00,1.109
2012-10-26 05:30:00,1.432
2012-10-26 06:00:00,6.948
2012-10-26 06:30:00,8.1000004
2012-10-26 07:00:00,6.7729998
2012-10-26 07:30:00,7.006
2012-10-26 08:00:00,6.2140002
2012-10-26 08:30:00,5.9809999
2012-10-26 09:00:00,5.2880001
2012-10-26 09:30:00,1.016
2012-10-26 10:00:00,0.845
2012-10-26 10:30:00,0.91
2012-10-26 11:00:00,0.885
2012-10-26 11:30:00,0.967
2012-10-26 12:00:00,1.99
2012-10-26 12:30:00,8.1499996
2012-10-26 13:00:00,6.9619999
2012-10-26 13:30:00,5.8309999
2012-10-26 14:00:00,5.1040001
2012-10-26 14:30:00,5.2950001
2012-10-26 15:00:00,0.889
2012-10-26 15:30:00,1.941
2012-10-26 16:00:00,1.198
2012-10-26 16:30:00,7.1440001
2012-10-26 17:00:00,7.434
2012-10-26 17:30:00,6.4029999
2012-10-26 18:00:00,6.033
2012-10-26 18:30:00,7.8000002
2012-10-26 19:00:00,6.4790001
2012-10-26 19:30:00,5.4070001
2012-10-26 20:00:00,7.447
2012-10-26 20:30:00,6.4720001
2012-10-26 21:00:00,7.119
2012-10-26 21:30:00,1.49
2012-10-26 22:00:00,1.41
2012-10-26 22:30:00,0.905
2012-10-26 23:00:00,1.376
2012-10-26 23:30:00,1.102
2012-10-27 00:00:00,1.0880001
2012-10-27 00:30:00,0.92
2012-10-27 01:00:00,0.886
2012-10-27 01:30:00,0.662
2012-10-27 02:00:00,0.99
2012-10-27 02:30:00,0.673
2012-10-27 03:00:00,0.647
2012-10-27 03:30:00,0.894
2012-10-27 04:00:00,0.721
2012-10-27 04:30:00,1.197
2012-10-27 05:00:00,1.0420001
2012-10-27 05:30:00,1.058
2012-10-27 06:00:00,7.8410001
2012-10-27 06:30:00,7.0830002
2012-10-27 07:00:00,8.9530001
2012-10-27 07:30:00,6.204
2012-10-27 08:00:00,7.1479998
2012-10-27 08:30:00,7.151
2012-10-27 09:00:00,6.335
2012-10-27 09:30:00,0.966
2012-10-27 10:00:00,0.813
2012-10-27 10:30:00,0.984
2012-10-27 11:00:00,0.969
2012-10-27 11:30:00,0.939
2012-10-27 12:00:00,0.997
2012-10-27 12:30:00,1.092
2012-10-27 13:00:00,0.875
2012-10-27 13:30:00,0.847
2012-10-27 14:00:00,1.109
2012-10-27 14:30:00,0.904
2012-10-27 15:00:00,0.876
2012-10-27 15:30:00,1.072
2012-10-27 16:00:00,0.878
2012-10-27 16:30:00,7.5110002
2012-10-27 17:00:00,7.559
2012-10-27 17:30:00,7.1269999
2012-10-27 18:00:00,7.2540002
2012-10-27 18:30:00,6.914
2012-10-27 19:00:00,6.8200002
2012-10-27 19:30:00,7.6570001
2012-10-27 20:00:00,6.1100001
2012-10-27 20:30:00,7.9829998
2012-10-27 21:00:00,5.408
2012-10-27 21:30:00,1.221
2012-10-27 22:00:00,1.332
2012-10-27 22:30:00,1.041
2012-10-27 23:00:00,1.439
2012-10-27 23:30:00,1.285
2012-10-28 00:00:00,1.233
2012-10-28 00:30:00,1.346
2012-10-28 01:00:00,0.838
2012-10-28 01:30:00,1.16
2012-10-28 02:00:00,0.833
2012-10-28 02:30:00,0.846
2012-10-28 03:00:00,1.286
2012-10-28 03:30:00,0.952
2012-10-28 04:00:00,0.953
2012-10-28 04:30:00,1.053
2012-10-28 05:00:00,2.3640001
2012-10-28 05:30:00,1.439
2012-10-28 06:00:00,8.0019999
2012-10-28 06:30:00,6.2150002
2012-10-28 07:00:00,9.1660004
2012-10-28 07:30:00,6.164
2012-10-28 08:00:00,8.165
2012-10-28 08:30:00,6.5100002
2012-10-28 09:00:00,7.0679998
2012-10-28 09:30:00,0.973
2012-10-28 10:00:00,1.062
2012-10-28 10:30:00,0.886
2012-10-28 11:00:00,1.147
2012-10-28 11:30:00,0.833
2012-10-28 12:00:00,1.045
2012-10-28 12:30:00,0.981
2012-10-28 13:00:00,0.873
2012-10-28 13:30:00,1.212
2012-10-28 14:00:00,0.839
2012-10-28 14:30:00,1.216
2012-10-28 15:00:00,0.832
2012-10-28 15:30:00,0.882
2012-10-28 16:00:00,1.13
2012-10-28 16:30:00,6.882
2012-10-28 17:00:00,7.2319999
2012-10-28 17:30:00,8.04
2012-10-28 18:00:00,6.2620001
2012-10-28 18:30:00,7.5029998
2012-10-28 19:00:00,6.0040002
2012-10-28 19:30:00,7.3649998
2012-10-28 20:00:00,5.9949999
2012-10-28 20:30:00,7.5279999
2012-10-28 21:00:00,6.3969998
2012-10-28 21:30:00,1.341
2012-10-28 22:00:00,1.345
2012-10-28 22:30:00,1.069
2012-10-28 23:00:00,1.058
2012-10-28 23:30:00,1.24
2012-10-29 00:00:00,1.066
2012-10-29 00:30:00,0.943
2012-10-29 01:00:00,0.633
2012-10-29 01:30:00,0.945
2012-10-29 02:00:00,0.64
2012-10-29 02:30:00,0.878
2012-10-29 03:00:00,0.72
2012-10-29 03:30:00,0.751
2012-10-29 04:00:00,1.018
2012-10-29 04:30:00,0.902
2012-10-29 05:00:00,1.082
2012-10-29 05:30:00,1.359
2012-10-29 06:00:00,7.427
2012-10-29 06:30:00,6.54
2012-10-29 07:00:00,7.8800001
2012-10-29 07:30:00,6.3730001
2012-10-29 08:00:00,7.052
2012-10-29 08:30:00,5.8600001
2012-10-29 09:00:00,5.3109999
2012-10-29 09:30:00,0.882
2012-10-29 10:00:00,0.766
2012-10-29 10:30:00,0.887
2012-10-29 11:00:00,0.857
2012-10-29 11:30:00,0.907
2012-10-29 12:00:00,0.785
2012-10-29 12:30:00,1.3430001
2012-10-29 13:00:00,1.522
2012-10-29 13:30:00,1.755
2012-10-29 14:00:00,1.497
2012-10-29 14:30:00,1.904
2012-10-29 15:00:00,1.068
2012-10-29 15:30:00,1.181
2012-10-29 16:00:00,0.797
2012-10-29 16:30:00,6.7709999
2012-10-29 17:00:00,7.7049999
2012-10-29 17:30:00,6.1199999
2012-10-29 18:00:00,5.8590002
2012-10-29 18:30:00,6.4569998
2012-10-29 19:00:00,7.0279999
2012-10-29 19:30:00,6.5310001
2012-10-29 20:00:00,5.9679999
2012-10-29 20:30:00,6.4819999
2012-10-29 21:00:00,5.6420002
2012-10-29 21:30:00,1.402
2012-10-29 22:00:00,1.113
2012-10-29 22:30:00,1.799
2012-10-29 23:00:00,1.798
2012-10-29 23:30:00,1.141
2012-10-30 00:00:00,1.541
2012-10-30 00:30:00,0.911
2012-10-30 01:00:00,0.679
2012-10-30 01:30:00,0.636
2012-10-30 02:00:00,0.793
2012-10-30 02:30:00,0.791
2012-10-30 03:00:00,0.64
2012-10-30 03:30:00,0.696
2012-10-30 04:00:00,0.863
2012-10-30 04:30:00,0.896
2012-10-30 05:00:00,1.381
2012-10-30 05:30:00,1.221
2012-10-30 06:00:00,7.355
2012-10-30 06:30:00,6.8340001
2012-10-30 07:00:00,7.0219998
2012-10-30 07:30:00,7.5819998
2012-10-30 08:00:00,5.7270002
2012-10-30 08:30:00,6.9959998
2012-10-30 09:00:00,6.5619998
2012-10-30 09:30:00,2.1789999
2012-10-30 10:00:00,0.77
2012-10-30 10:30:00,0.982
2012-10-30 11:00:00,0.78
2012-10-30 11:30:00,0.774
2012-10-30 12:00:00,1.054
2012-10-30 12:30:00,1.054
2012-10-30 13:00:00,0.985
2012-10-30 13:30:00,0.924
2012-10-30 14:00:00,0.858
2012-10-30 14:30:00,1.785
2012-10-30 15:00:00,0.795
2012-10-30 15:30:00,0.803
2012-10-30 16:00:00,1.158
2012-10-30 16:30:00,7.0029998
2012-10-30 17:00:00,7.1880002
2012-10-30 17:30:00,6.7399998
2012-10-30 18:00:00,6.5840001
2012-10-30 18:30:00,5.9029999
2012-10-30 19:00:00,6.5180001
2012-10-30 19:30:00,6.3410001
2012-10-30 20:00:00,7.053
2012-10-30 20:30:00,5.8740001
2012-10-30 21:00:00,6.5180001
2012-10-30 21:30:00,1.355
2012-10-30 22:00:00,1.036
2012-10-30 22:30:00,1.22
2012-10-30 23:00:00,1.204
2012-10-30 23:30:00,1.089
2012-10-31 00:00:00,1.262
2012-10-31 00:30:00,0.966
2012-10-31 01:00:00,0.695
2012-10-31 01:30:00,0.941
2012-10-31 02:00:00,0.639
2012-10-31 02:30:00,0.866
2012-10-31 03:00:00,0.663
2012-10-31 03:30:00,0.817
2012-10-31 04:00:00,0.85
2012-10-31 04:30:00,0.918
2012-10-31 05:00:00,1.301
2012-10-31 05:30:00,1.0700001
2012-10-31 06:00:00,7.276
2012-10-31 06:30:00,6.9720001
2012-10-31 07:00:00,8.073
2012-10-31 07:30:00,5.4530001
2012-10-31 08:00:00,7.7049999
2012-10-31 08:30:00,6.6900001
2012-10-31 09:00:00,5.026
2012-10-31 09:30:00,1.437
2012-10-31 10:00:00,1.964
2012-10-31 10:30:00,1.35
2012-10-31 11:00:00,2.3900001
2012-10-31 11:30:00,1.831
2012-10-31 12:00:00,1.7690001
2012-10-31 12:30:00,1.966
2012-10-31 13:00:00,1.923
2012-10-31 13:30:00,1.4349999
2012-10-31 14:00:00,1.291
2012-10-31 14:30:00,0.921
2012-10-31 15:00:00,0.839
2012-10-31 15:30:00,0.805
2012-10-31 16:00:00,1.104
2012-10-31 16:30:00,1.0089999
2012-10-31 17:00:00,1.127
2012-10-31 17:30:00,7.9650002
2012-10-31 18:00:00,8.1569996
2012-10-31 18:30:00,8.0699997
2012-10-31 19:00:00,6.2810001
2012-10-31 19:30:00,6.4689999
2012-10-31 20:00:00,6.5440001
2012-10-31 20:30:00,6.4889998
2012-10-31 21:00:00,6.3049998
2012-10-31 21:30:00,6.9949999
2012-10-31 22:00:00,5.8709998
2012-10-31 22:30:00,1.766
2012-10-31 23:00:00,2.075
2012-10-31 23:30:00,1.59
2012-11-01 00:00:00,1.286
2012-11-01 00:30:00,1.65
2012-11-01 01:00:00,0.677
2012-11-01 01:30:00,0.856
2012-11-01 02:00:00,0.679
2012-11-01 02:30:00,0.676
2012-11-01 03:00:00,0.94
2012-11-01 03:30:00,0.719
2012-11-01 04:00:00,0.932
2012-11-01 04:30:00,0.903
2012-11-01 05:00:00,1.501
2012-11-01 05:30:00,1.114
2012-11-01 06:00:00,1.095
2012-11-01 06:30:00,1.402
2012-11-01 07:00:00,8.1429996
2012-11-01 07:30:00,6.3260002
2012-11-01 08:00:00,7.8260002
2012-11-01 08:30:00,6.1589999
2012-11-01 09:00:00,6.1630001
2012-11-01 09:30:00,6.0009999
2012-11-01 10:00:00,6.1209998
2012-11-01 10:30:00,0.76
2012-11-01 11:00:00,0.933
2012-11-01 11:30:00,0.783
2012-11-01 12:00:00,0.806
2012-11-01 12:30:00,0.785
2012-11-01 13:00:00,0.908
2012-11-01 13:30:00,0.745
2012-11-01 14:00:00,0.797
2012-11-01 14:30:00,1.1059999
2012-11-01 15:00:00,0.858
2012-11-01 15:30:00,0.904
2012-11-01 16:00:00,0.869
2012-11-01 16:30:00,0.82
2012-11-01 17:00:00,1.3609999
2012-11-01 17:30:00,7.4159999
2012-11-01 18:00:00,6.829
2012-11-01 18:30:00,7.6539998
2012-11-01 19:00:00,7.4510002
2012-11-01 19:30:00,7.9250002
2012-11-01 20:00:00,6.5739999
2012-11-01 20:30:00,7.1020002
2012-11-01 21:00:00,5.8080001
2012-11-01 21:30:00,7.8860002
2012-11-01 22:00:00,6.3499999
2012-11-01 22:30:00,1.397
2012-11-01 23:00:00,1.2079999
2012-11-01 23:30:00,1.285
2012-11-02 00:00:00,1.064
2012-11-02 00:30:00,0.961
2012-11-02 01:00:00,0.908
2012-11-02 01:30:00,0.694
2012-11-02 02:00:00,0.73
2012-11-02 02:30:00,0.943
2012-11-02 03:00:00,0.695
2012-11-02 03:30:00,0.726
2012-11-02 04:00:00,0.93
2012-11-02 04:30:00,0.887
2012-11-02 05:00:00,1.09
2012-11-02 05:30:00,1.277
2012-11-02 06:00:00,1.224
2012-11-02 06:30:00,1.193
2012-11-02 07:00:00,7.527
2012-11-02 07:30:00,6.0029998
2012-11-02 08:00:00,9.0
2012-11-02 08:30:00,6.1300001
2012-11-02 09:00:00,6.9699998
2012-11-02 09:30:00,7.0809999
2012-11-02 10:00:00,6.5560002
2012-11-02 10:30:00,1.48
2012-11-02 11:00:00,0.839
2012-11-02 11:30:00,0.909
2012-11-02 12:00:00,0.803
2012-11-02 12:30:00,0.733
2012-11-02 13:00:00,0.774
2012-11-02 13:30:00,0.944
2012-11-02 14:00:00,0.782
2012-11-02 14:30:00,0.781
2012-11-02 15:00:00,0.864
2012-11-02 15:30:00,0.798
2012-11-02 16:00:00,0.937
2012-11-02 16:30:00,0.974
2012-11-02 17:00:00,1.212
2012-11-02 17:30:00,7.7150002
2012-11-02 18:00:00,8.0979996
2012-11-02 18:30:00,7.5640001
2012-11-02 19:00:00,7.2950001
2012-11-02 19:30:00,7.744
2012-11-02 20:00:00,6.1040001
2012-11-02 20:30:00,7.7309999
2012-11-02 21:00:00,6.3569999
2012-11-02 21:30:00,6.6900001
2012-11-02 22:00:00,6.2870002
2012-11-02 22:30:00,0.892
2012-11-02 23:00:00,1.997
2012-11-02 23:30:00,1.237
2012-11-03 00:00:00,1.094
2012-11-03 00:30:00,1.023
2012-11-03 01:00:00,1.036
2012-11-03 01:30:00,0.713
2012-11-03 02:00:00,0.739
2012-11-03 02:30:00,0.872
2012-11-03 03:00:00,0.686
2012-11-03 03:30:00,0.858
2012-11-03 04:00:00,0.689
2012-11-03 04:30:00,1.171
2012-11-03 05:00:00,1.059
2012-11-03 05:30:00,1.072
2012-11-03 06:00:00,1.382
2012-11-03 06:30:00,1.123
2012-11-03 07:00:00,7.415
2012-11-03 07:30:00,6.6209998
2012-11-03 08:00:00,8.651
2012-11-03 08:30:00,5.8099999
2012-11-03 09:00:00,6.8670001
2012-11-03 09:30:00,6.3850002
2012-11-03 10:00:00,6.1630001
2012-11-03 10:30:00,0.995
2012-11-03 11:00:00,1.0
2012-11-03 11:30:00,0.799
2012-11-03 12:00:00,0.837
2012-11-03 12:30:00,0.909
2012-11-03 13:00:00,0.921
2012-11-03 13:30:00,0.918
2012-11-03 14:00:00,0.945
2012-11-03 14:30:00,0.801
2012-11-03 15:00:00,0.8
2012-11-03 15:30:00,1.058
2012-11-03 16:00:00,0.861
2012-11-03 16:30:00,0.89
2012-11-03 17:00:00,1.377
2012-11-03 17:30:00,8.2559996
2012-11-03 18:00:00,8.3699999
2012-11-03 18:30:00,7.9629998
2012-11-03 19:00:00,7.4650002
2012-11-03 19:30:00,7.8569999
2012-11-03 20:00:00,7.0479999
2012-11-03 20:30:00,7.506
2012-11-03 21:00:00,6.9949999
2012-11-03 21:30:00,7.04
2012-11-03 22:00:00,6.6700001
2012-11-03 22:30:00,1.1569999
2012-11-03 23:00:00,1.095
2012-11-03 23:30:00,1.15
2012-11-04 00:00:00,1.256
2012-11-04 00:30:00,0.96
2012-11-04 01:00:00,0.67
2012-11-04 01:30:00,0.856
2012-11-04 02:00:00,0.725
2012-11-04 02:30:00,0.937
2012-11-04 03:00:00,0.698
2012-11-04 03:30:00,0.718
2012-11-04 04:00:00,0.906
2012-11-04 04:30:00,0.966
2012-11-04 05:00:00,1.108
2012-11-04 05:30:00,1.358
2012-11-04 06:00:00,1.108
2012-11-04 06:30:00,1.432
2012-11-04 07:00:00,7.1209998
2012-11-04 07:30:00,5.8319998
2012-11-04 08:00:00,8.0209999
2012-11-04 08:30:00,6.1459999
2012-11-04 09:00:00,6.6589999
2012-11-04 09:30:00,6.6100001
2012-11-04 10:00:00,6.5100002
2012-11-04 10:30:00,0.923
2012-11-04 11:00:00,0.72
2012-11-04 11:30:00,0.874
2012-11-04 12:00:00,0.749
2012-11-04 12:30:00,1.432
2012-11-04 13:00:00,1.479
2012-11-04 13:30:00,7.9499998
2012-11-04 14:00:00,5.941
2012-11-04 14:30:00,7.3410001
2012-11-04 15:00:00,1.428
2012-11-04 15:30:00,0.861
2012-11-04 16:00:00,1.239
2012-11-04 16:30:00,1.202
2012-11-04 17:00:00,1.223
2012-11-04 17:30:00,7.7620001
2012-11-04 18:00:00,6.8429999
2012-11-04 18:30:00,9.2399998
2012-11-04 19:00:00,6.618
2012-11-04 19:30:00,7.0079999
2012-11-04 20:00:00,7.7519999
2012-11-04 20:30:00,7.671
2012-11-04 21:00:00,7.0749998
2012-11-04 21:30:00,8.3780003
2012-11-04 22:00:00,5.5040002
2012-11-04 22:30:00,2.1370001
2012-11-04 23:00:00,1.163
2012-11-04 23:30:00,1.071
2012-11-05 00:00:00,1.075
2012-11-05 00:30:00,0.95
2012-11-05 01:00:00,0.87
2012-11-05 01:30:00,0.64
2012-11-05 02:00:00,0.692
2012-11-05 02:30:00,0.886
2012-11-05 03:00:00,0.685
2012-11-05 03:30:00,0.927
2012-11-05 04:00:00,0.704
2012-11-05 04:30:00,1.233
2012-11-05 05:00:00,1.0880001
2012-11-05 05:30:00,1.075
2012-11-05 06:00:00,1.295
2012-11-05 06:30:00,1.163
2012-11-05 07:00:00,7.3509998
2012-11-05 07:30:00,5.9050002
2012-11-05 08:00:00,6.355
2012-11-05 08:30:00,7.8569999
2012-11-05 09:00:00,4.4860001
2012-11-05 09:30:00,5.6919999
2012-11-05 10:00:00,7.4650002
2012-11-05 10:30:00,0.991
2012-11-05 11:00:00,0.846
2012-11-05 11:30:00,0.733
2012-11-05 12:00:00,0.773
2012-11-05 12:30:00,0.894
2012-11-05 13:00:00,1.405
2012-11-05 13:30:00,1.028
2012-11-05 14:00:00,1.809
2012-11-05 14:30:00,1.739
2012-11-05 15:00:00,0.729
2012-11-05 15:30:00,0.944
2012-11-05 16:00:00,0.804
2012-11-05 16:30:00,1.023
2012-11-05 17:00:00,1.255
2012-11-05 17:30:00,7.362
2012-11-05 18:00:00,6.9990001
2012-11-05 18:30:00,9.0500002
2012-11-05 19:00:00,6.987
2012-11-05 19:30:00,8.0179996
2012-11-05 20:00:00,7.2969999
2012-11-05 20:30:00,7.6459999
2012-11-05 21:00:00,7.526
2012-11-05 21:30:00,7.592
2012-11-05 22:00:00,7.2529998
2012-11-05 22:30:00,1.645
2012-11-05 23:00:00,1.83
2012-11-05 23:30:00,1.941
2012-11-06 00:00:00,1.216
2012-11-06 00:30:00,0.941
2012-11-06 01:00:00,0.851
2012-11-06 01:30:00,0.648
2012-11-06 02:00:00,0.91
2012-11-06 02:30:00,0.729
2012-11-06 03:00:00,0.903
2012-11-06 03:30:00,0.664
2012-11-06 04:00:00,0.999
2012-11-06 04:30:00,0.976
2012-11-06 05:00:00,1.13
2012-11-06 05:30:00,1.2589999
2012-11-06 06:00:00,1.059
2012-11-06 06:30:00,1.559
2012-11-06 07:00:00,7.3189998
2012-11-06 07:30:00,5.461
2012-11-06 08:00:00,9.0670004
2012-11-06 08:30:00,5.7519999
2012-11-06 09:00:00,8.2770004
2012-11-06 09:30:00,6.3449998
2012-11-06 10:00:00,7.4029999
2012-11-06 10:30:00,0.989
2012-11-06 11:00:00,0.761
2012-11-06 11:30:00,0.783
2012-11-06 12:00:00,0.806
2012-11-06 12:30:00,0.83
2012-11-06 13:00:00,0.92
2012-11-06 13:30:00,0.981
2012-11-06 14:00:00,1.062
2012-11-06 14:30:00,1.007
2012-11-06 15:00:00,0.979
2012-11-06 15:30:00,1.2079999
2012-11-06 16:00:00,1.018
2012-11-06 16:30:00,0.962
2012-11-06 17:00:00,1.199
2012-11-06 17:30:00,6.9689999
2012-11-06 18:00:00,7.3010001
2012-11-06 18:30:00,8.2379999
2012-11-06 19:00:00,7.052
2012-11-06 19:30:00,7.4619999
2012-11-06 20:00:00,7.4099998
2012-11-06 20:30:00,7.4439998
2012-11-06 21:00:00,7.1440001
2012-11-06 21:30:00,7.7470002
2012-11-06 22:00:00,5.96
2012-11-06 22:30:00,1.86
2012-11-06 23:00:00,2.145
2012-11-06 23:30:00,1.712
2012-11-07 00:00:00,1.969
2012-11-07 00:30:00,1.617
2012-11-07 01:00:00,0.659
2012-11-07 01:30:00,0.87
2012-11-07 02:00:00,0.668
2012-11-07 02:30:00,0.914
2012-11-07 03:00:00,0.73
2012-11-07 03:30:00,0.759
2012-11-07 04:00:00,1.066
2012-11-07 04:30:00,0.947
2012-11-07 05:00:00,1.104
2012-11-07 05:30:00,1.291
2012-11-07 06:00:00,1.1
2012-11-07 06:30:00,1.438
2012-11-07 07:00:00,7.579
2012-11-07 07:30:00,5.973
2012-11-07 08:00:00,7.4899998
2012-11-07 08:30:00,6.9200001
2012-11-07 09:00:00,6.0139999
2012-11-07 09:30:00,6.8509998
2012-11-07 10:00:00,7.1350002
2012-11-07 10:30:00,1.362
2012-11-07 11:00:00,1.4529999
2012-11-07 11:30:00,2.9860001
2012-11-07 12:00:00,2.1099999
2012-11-07 12:30:00,1.2539999
2012-11-07 13:00:00,2.5769999
2012-11-07 13:30:00,1.706
2012-11-07 14:00:00,0.815
2012-11-07 14:30:00,0.912
2012-11-07 15:00:00,0.986
2012-11-07 15:30:00,1.225
2012-11-07 16:00:00,3.8559999
2012-11-07 16:30:00,7.9809999
2012-11-07 17:00:00,8.0570002
2012-11-07 17:30:00,5.8779998
2012-11-07 18:00:00,7.934
2012-11-07 18:30:00,6.8670001
2012-11-07 19:00:00,6.1849999
2012-11-07 19:30:00,7.8649998
2012-11-07 20:00:00,6.3109999
2012-11-07 20:30:00,5.5549998
2012-11-07 21:00:00,7.3070002
2012-11-07 21:30:00,5.8800001
2012-11-07 22:00:00,5.3439999
2012-11-07 22:30:00,6.1030002
2012-11-07 23:00:00,6.3000002
2012-11-07 23:30:00,4.8499999
2012-11-08 00:00:00,6.1389999
2012-11-08 00:30:00,5.684
2012-11-08 01:00:00,5.3460002
2012-11-08 01:30:00,6.2059999
2012-11-08 02:00:00,5.2779999
2012-11-08 02:30:00,5.4489999
2012-11-08 03:00:00,5.2729998
2012-11-08 03:30:00,5.8779998
2012-11-08 04:00:00,5.5029998
2012-11-08 04:30:00,5.9590001
2012-11-08 05:00:00,5.763
2012-11-08 05:30:00,5.4180002
2012-11-08 06:00:00,6.3670001
2012-11-08 06:30:00,5.8119998
2012-11-08 07:00:00,4.9200001
2012-11-08 07:30:00,6.171
2012-11-08 08:00:00,5.6469998
2012-11-08 08:30:00,5.3909998
2012-11-08 09:00:00,5.8670001
2012-11-08 09:30:00,4.8340001
2012-11-08 10:00:00,5.8720002
2012-11-08 10:30:00,5.362
2012-11-08 11:00:00,2.01
2012-11-08 11:30:00,0.744
2012-11-08 12:00:00,0.921
2012-11-08 12:30:00,0.854
2012-11-08 13:00:00,1.067
2012-11-08 13:30:00,0.994
2012-11-08 14:00:00,1.76
2012-11-08 14:30:00,1.075
2012-11-08 15:00:00,0.956
2012-11-08 15:30:00,0.915
2012-11-08 16:00:00,0.968
2012-11-08 16:30:00,1.01
2012-11-08 17:00:00,1.2029999
2012-11-08 17:30:00,1.278
2012-11-08 18:00:00,1.348
2012-11-08 18:30:00,2.4070001
2012-11-08 19:00:00,2.2550001
2012-11-08 19:30:00,2.1329999
2012-11-08 20:00:00,1.9349999
2012-11-08 20:30:00,1.717
2012-11-08 21:00:00,1.841
2012-11-08 21:30:00,1.9859999
2012-11-08 22:00:00,1.314
2012-11-08 22:30:00,1.528
2012-11-08 23:00:00,1.722
2012-11-08 23:30:00,1.8890001
2012-11-09 00:00:00,1.381
2012-11-09 00:30:00,1.183
2012-11-09 01:00:00,0.657
2012-11-09 01:30:00,0.939
2012-11-09 02:00:00,0.714
2012-11-09 02:30:00,0.749
2012-11-09 03:00:00,0.889
2012-11-09 03:30:00,0.69
2012-11-09 04:00:00,0.813
2012-11-09 04:30:00,1.013
2012-11-09 05:00:00,1.0549999
2012-11-09 05:30:00,1.308
2012-11-09 06:00:00,1.082
2012-11-09 06:30:00,1.368
2012-11-09 07:00:00,1.017
2012-11-09 07:30:00,0.674
2012-11-09 08:00:00,1.531
2012-11-09 08:30:00,7.6719999
2012-11-09 09:00:00,7.461
2012-11-09 09:30:00,7.1739998
2012-11-09 10:00:00,5.8579998
2012-11-09 10:30:00,0.838
2012-11-09 11:00:00,0.95
2012-11-09 11:30:00,1.05
2012-11-09 12:00:00,0.879
2012-11-09 12:30:00,0.905
2012-11-09 13:00:00,1.273
2012-11-09 13:30:00,0.953
2012-11-09 14:00:00,0.768
2012-11-09 14:30:00,1.001
2012-11-09 15:00:00,0.847
2012-11-09 15:30:00,0.835
2012-11-09 16:00:00,1.041
2012-11-09 16:30:00,0.936
2012-11-09 17:00:00,1.075
2012-11-09 17:30:00,7.1420002
2012-11-09 18:00:00,7.552
2012-11-09 18:30:00,7.9580002
2012-11-09 19:00:00,6.3670001
2012-11-09 19:30:00,7.4749999
2012-11-09 20:00:00,5.8260002
2012-11-09 20:30:00,6.2810001
2012-11-09 21:00:00,7.2160001
2012-11-09 21:30:00,5.401
2012-11-09 22:00:00,6.3660002
2012-11-09 22:30:00,1.069
2012-11-09 23:00:00,1.062
2012-11-09 23:30:00,1.143
2012-11-10 00:00:00,1.285
2012-11-10 00:30:00,0.966
2012-11-10 01:00:00,0.852
2012-11-10 01:30:00,0.829
2012-11-10 02:00:00,0.668
2012-11-10 02:30:00,0.755
2012-11-10 03:00:00,0.868
2012-11-10 03:30:00,0.704
2012-11-10 04:00:00,0.778
2012-11-10 04:30:00,1.117
2012-11-10 05:00:00,1.0829999
2012-11-10 05:30:00,1.277
2012-11-10 06:00:00,1.089
2012-11-10 06:30:00,1.534
2012-11-10 07:00:00,6.9299998
2012-11-10 07:30:00,7.2459998
2012-11-10 08:00:00,8.1700001
2012-11-10 08:30:00,6.5869999
2012-11-10 09:00:00,6.3870001
2012-11-10 09:30:00,6.3639998
2012-11-10 10:00:00,6.0609999
2012-11-10 10:30:00,1.049
2012-11-10 11:00:00,0.973
2012-11-10 11:30:00,1.0089999
2012-11-10 12:00:00,0.991
2012-11-10 12:30:00,0.968
2012-11-10 13:00:00,1.036
2012-11-10 13:30:00,1.119
2012-11-10 14:00:00,1.165
2012-11-10 14:30:00,1.149
2012-11-10 15:00:00,1.71
2012-11-10 15:30:00,1.916
2012-11-10 16:00:00,1.007
2012-11-10 16:30:00,2.3139999
2012-11-10 17:00:00,1.652
2012-11-10 17:30:00,7.2649999
2012-11-10 18:00:00,7.7659998
2012-11-10 18:30:00,7.875
2012-11-10 19:00:00,6.5440001
2012-11-10 19:30:00,7.3720002
2012-11-10 20:00:00,6.5279999
2012-11-10 20:30:00,7.0929999
2012-11-10 21:00:00,6.2420001
2012-11-10 21:30:00,7.2859998
2012-11-10 22:00:00,5.4169998
2012-11-10 22:30:00,1.59
2012-11-10 23:00:00,1.77
2012-11-10 23:30:00,1.638
2012-11-11 00:00:00,1.072
2012-11-11 00:30:00,0.966
2012-11-11 01:00:00,0.88
2012-11-11 01:30:00,0.681
2012-11-11 02:00:00,0.733
2012-11-11 02:30:00,0.831
2012-11-11 03:00:00,0.752
2012-11-11 03:30:00,0.983
2012-11-11 04:00:00,0.689
2012-11-11 04:30:00,1.064
2012-11-11 05:00:00,1.0880001
2012-11-11 05:30:00,1.312
2012-11-11 06:00:00,1.043
2012-11-11 06:30:00,1.2130001
2012-11-11 07:00:00,7.4310002
2012-11-11 07:30:00,5.5549998
2012-11-11 08:00:00,8.0319996
2012-11-11 08:30:00,6.4720001
2012-11-11 09:00:00,6.494
2012-11-11 09:30:00,7.2220001
2012-11-11 10:00:00,6.3330002
2012-11-11 10:30:00,0.807
2012-11-11 11:00:00,0.919
2012-11-11 11:30:00,0.766
2012-11-11 12:00:00,0.755
2012-11-11 12:30:00,1.061
2012-11-11 13:00:00,1.024
2012-11-11 13:30:00,0.865
2012-11-11 14:00:00,0.961
2012-11-11 14:30:00,0.817
2012-11-11 15:00:00,0.838
2012-11-11 15:30:00,1.017
2012-11-11 16:00:00,1.174
2012-11-11 16:30:00,1.181
2012-11-11 17:00:00,1.467
2012-11-11 17:30:00,8.0410004
2012-11-11 18:00:00,7.0100002
2012-11-11 18:30:00,9.2589998
2012-11-11 19:00:00,7.1240001
2012-11-11 19:30:00,7.0310001
2012-11-11 20:00:00,7.6919999
2012-11-11 20:30:00,7.2340002
2012-11-11 21:00:00,7.5960002
2012-11-11 21:30:00,7.0050001
2012-11-11 22:00:00,5.8530002
2012-11-11 22:30:00,0.948
2012-11-11 23:00:00,1.068
2012-11-11 23:30:00,1.339
2012-11-12 00:00:00,1.107
2012-11-12 00:30:00,1.043
2012-11-12 01:00:00,0.954
2012-11-12 01:30:00,0.691
2012-11-12 02:00:00,0.678
2012-11-12 02:30:00,1.064
2012-11-12 03:00:00,0.673
2012-11-12 03:30:00,0.65
2012-11-12 04:00:00,0.672
2012-11-12 04:30:00,1.0700001
2012-11-12 05:00:00,1.072
2012-11-12 05:30:00,1.5549999
2012-11-12 06:00:00,1.089
2012-11-12 06:30:00,1.212
2012-11-12 07:00:00,7.5840001
2012-11-12 07:30:00,6.1919999
2012-11-12 08:00:00,8.552
2012-11-12 08:30:00,5.1269999
2012-11-12 09:00:00,5.2649999
2012-11-12 09:30:00,3.9289999
2012-11-12 10:00:00,0.846
2012-11-12 10:30:00,0.811
2012-11-12 11:00:00,1.051
2012-11-12 11:30:00,1.0650001
2012-11-12 12:00:00,1.056
2012-11-12 12:30:00,1.813
2012-11-12 13:00:00,1.275
2012-11-12 13:30:00,0.67
2012-11-12 14:00:00,0.828
2012-11-12 14:30:00,0.735
2012-11-12 15:00:00,0.781
2012-11-12 15:30:00,1.255
2012-11-12 16:00:00,0.686
2012-11-12 16:30:00,0.665
2012-11-12 17:00:00,0.703
2012-11-12 17:30:00,0.658
2012-11-12 18:00:00,0.922
2012-11-12 18:30:00,1.314
2012-11-12 19:00:00,1.09
2012-11-12 19:30:00,1.1849999
2012-11-12 20:00:00,1.393
2012-11-12 20:30:00,1.068
2012-11-12 21:00:00,1.082
2012-11-12 21:30:00,1.123
2012-11-12 22:00:00,0.77
2012-11-12 22:30:00,0.881
2012-11-12 23:00:00,1.3150001
2012-11-12 23:30:00,1.069
2012-11-13 00:00:00,1.301
2012-11-13 00:30:00,0.963
2012-11-13 01:00:00,0.713
2012-11-13 01:30:00,0.921
2012-11-13 02:00:00,0.658
2012-11-13 02:30:00,0.91
2012-11-13 03:00:00,0.718
2012-11-13 03:30:00,0.738
2012-11-13 04:00:00,0.928
2012-11-13 04:30:00,0.953
2012-11-13 05:00:00,1.444
2012-11-13 05:30:00,1.082
2012-11-13 06:00:00,1.153
2012-11-13 06:30:00,1.329
2012-11-13 07:00:00,4.9629998
2012-11-13 07:30:00,1.008
2012-11-13 08:00:00,0.658
2012-11-13 08:30:00,0.679
2012-11-13 09:00:00,0.741
2012-11-13 09:30:00,0.865
2012-11-13 10:00:00,0.722
2012-11-13 10:30:00,0.697
2012-11-13 11:00:00,0.793
2012-11-13 11:30:00,0.685
2012-11-13 12:00:00,0.664
2012-11-13 12:30:00,0.71
2012-11-13 13:00:00,0.916
2012-11-13 13:30:00,0.663
2012-11-13 14:00:00,0.841
2012-11-13 14:30:00,0.639
2012-11-13 15:00:00,0.862
2012-11-13 15:30:00,0.719
2012-11-13 16:00:00,0.743
2012-11-13 16:30:00,0.925
2012-11-13 17:00:00,0.671
2012-11-13 17:30:00,0.691
2012-11-13 18:00:00,1.12
2012-11-13 18:30:00,1.128
2012-11-13 19:00:00,1.0549999
2012-11-13 19:30:00,1.344
2012-11-13 20:00:00,1.117
2012-11-13 20:30:00,1.341
2012-11-13 21:00:00,1.21
2012-11-13 21:30:00,1.212
2012-11-13 22:00:00,0.654
2012-11-13 22:30:00,0.849
2012-11-13 23:00:00,1.334
2012-11-13 23:30:00,1.118
2012-11-14 00:00:00,1.347
2012-11-14 00:30:00,0.926
2012-11-14 01:00:00,0.926
2012-11-14 01:30:00,0.728
2012-11-14 02:00:00,0.814
2012-11-14 02:30:00,1.143
2012-11-14 03:00:00,0.666
2012-11-14 03:30:00,0.669
2012-11-14 04:00:00,0.914
2012-11-14 04:30:00,0.956
2012-11-14 05:00:00,1.056
2012-11-14 05:30:00,1.311
2012-11-14 06:00:00,1.1720001
2012-11-14 06:30:00,1.312
2012-11-14 07:00:00,5.0300002
2012-11-14 07:30:00,1.036
2012-11-14 08:00:00,3.997
2012-11-14 08:30:00,7.5479999
2012-11-14 09:00:00,7.3930001
2012-11-14 09:30:00,6.7509999
2012-11-14 10:00:00,6.987
2012-11-14 10:30:00,1.136
2012-11-14 11:00:00,0.819
2012-11-14 11:30:00,1.573
2012-11-14 12:00:00,2.152
2012-11-14 12:30:00,2.102
2012-11-14 13:00:00,1.438
2012-11-14 13:30:00,1.692
2012-11-14 14:00:00,0.883
2012-11-14 14:30:00,0.78
2012-11-14 15:00:00,0.761
2012-11-14 15:30:00,0.906
2012-11-14 16:00:00,0.782
2012-11-14 16:30:00,1.053
2012-11-14 17:00:00,1.216
2012-11-14 17:30:00,6.7119999
2012-11-14 18:00:00,8.3719997
2012-11-14 18:30:00,7.0479999
2012-11-14 19:00:00,6.8369999
2012-11-14 19:30:00,7.2579999
2012-11-14 20:00:00,5.8940001
2012-11-14 20:30:00,6.7579999
2012-11-14 21:00:00,6.4039998
2012-11-14 21:30:00,6.289
2012-11-14 22:00:00,5.3379998
2012-11-14 22:30:00,0.886
2012-11-14 23:00:00,1.229
2012-11-14 23:30:00,1.0779999
2012-11-15 00:00:00,1.072
2012-11-15 00:30:00,1.128
2012-11-15 01:00:00,0.704
2012-11-15 01:30:00,0.915
2012-11-15 02:00:00,0.707
2012-11-15 02:30:00,0.921
2012-11-15 03:00:00,0.673
2012-11-15 03:30:00,0.847
2012-11-15 04:00:00,0.697
2012-11-15 04:30:00,1.096
2012-11-15 05:00:00,1.097
2012-11-15 05:30:00,1.0779999
2012-11-15 06:00:00,1.454
2012-11-15 06:30:00,1.082
2012-11-15 07:00:00,7.1849999
2012-11-15 07:30:00,6.2719998
2012-11-15 08:00:00,8.1049995
2012-11-15 08:30:00,6.869
2012-11-15 09:00:00,6.552
2012-11-15 09:30:00,6.9039998
2012-11-15 10:00:00,6.9780002
2012-11-15 10:30:00,3.6860001
2012-11-15 11:00:00,6.5180001
2012-11-15 11:30:00,3.188
2012-11-15 12:00:00,0.927
2012-11-15 12:30:00,0.838
2012-11-15 13:00:00,0.914
2012-11-15 13:30:00,1.095
2012-11-15 14:00:00,0.995
2012-11-15 14:30:00,1.5089999
2012-11-15 15:00:00,1.306
2012-11-15 15:30:00,1.124
2012-11-15 16:00:00,0.763
2012-11-15 16:30:00,0.923
2012-11-15 17:00:00,1.365
2012-11-15 17:30:00,7.6079998
2012-11-15 18:00:00,6.7259998
2012-11-15 18:30:00,8.6949997
2012-11-15 19:00:00,6.2649999
2012-11-15 19:30:00,7.6529999
2012-11-15 20:00:00,6.454
2012-11-15 20:30:00,7.2119999
2012-11-15 21:00:00,6.5300002
2012-11-15 21:30:00,6.6609998
2012-11-15 22:00:00,6.7459998
2012-11-15 22:30:00,1.538
2012-11-15 23:00:00,1.9400001
2012-11-15 23:30:00,1.544
2012-11-16 00:00:00,1.244
2012-11-16 00:30:00,0.984
2012-11-16 01:00:00,0.81
2012-11-16 01:30:00,0.728
2012-11-16 02:00:00,0.66
2012-11-16 02:30:00,0.886
2012-11-16 03:00:00,0.737
2012-11-16 03:30:00,1.013
2012-11-16 04:00:00,0.686
2012-11-16 04:30:00,0.875
2012-11-16 05:00:00,1.2970001
2012-11-16 05:30:00,1.084
2012-11-16 06:00:00,1.351
2012-11-16 06:30:00,1.127
2012-11-16 07:00:00,7.2420001
2012-11-16 07:30:00,6.098
2012-11-16 08:00:00,8.0139999
2012-11-16 08:30:00,5.823
2012-11-16 09:00:00,7.7670002
2012-11-16 09:30:00,5.9499998
2012-11-16 10:00:00,7.191
2012-11-16 10:30:00,1.084
2012-11-16 11:00:00,1.0650001
2012-11-16 11:30:00,1.158
2012-11-16 12:00:00,0.964
2012-11-16 12:30:00,0.965
2012-11-16 13:00:00,1.12
2012-11-16 13:30:00,1.147
2012-11-16 14:00:00,1.117
2012-11-16 14:30:00,0.902
2012-11-16 15:00:00,1.692
2012-11-16 15:30:00,1.325
2012-11-16 16:00:00,0.977
2012-11-16 16:30:00,1.36
2012-11-16 17:00:00,1.432
2012-11-16 17:30:00,6.9840002
2012-11-16 18:00:00,8.2110004
2012-11-16 18:30:00,5.6950002
2012-11-16 19:00:00,8.1239996
2012-11-16 19:30:00,6.7610002
2012-11-16 20:00:00,6.0500002
2012-11-16 20:30:00,6.3400002
2012-11-16 21:00:00,6.9660001
2012-11-16 21:30:00,5.8449998
2012-11-16 22:00:00,5.2449999
2012-11-16 22:30:00,1.307
2012-11-16 23:00:00,1.096
2012-11-16 23:30:00,1.12
2012-11-17 00:00:00,1.073
2012-11-17 00:30:00,1.183
2012-11-17 01:00:00,0.689
2012-11-17 01:30:00,0.652
2012-11-17 02:00:00,0.869
2012-11-17 02:30:00,0.673
2012-11-17 03:00:00,0.991
2012-11-17 03:30:00,0.67
2012-11-17 04:00:00,0.698
2012-11-17 04:30:00,1.257
2012-11-17 05:00:00,1.0369999
2012-11-17 05:30:00,1.108
2012-11-17 06:00:00,1.3
2012-11-17 06:30:00,1.113
2012-11-17 07:00:00,7.0669999
2012-11-17 07:30:00,7.0780001
2012-11-17 08:00:00,6.0009999
2012-11-17 08:30:00,6.1129999
2012-11-17 09:00:00,5.8299999
2012-11-17 09:30:00,5.592
2012-11-17 10:00:00,5.2449999
2012-11-17 10:30:00,0.891
2012-11-17 11:00:00,0.841
2012-11-17 11:30:00,0.788
2012-11-17 12:00:00,0.781
2012-11-17 12:30:00,0.834
2012-11-17 13:00:00,0.952
2012-11-17 13:30:00,0.86
2012-11-17 14:00:00,1.46
2012-11-17 14:30:00,0.917
2012-11-17 15:00:00,1.419
2012-11-17 15:30:00,1.029
2012-11-17 16:00:00,0.81
2012-11-17 16:30:00,0.928
2012-11-17 17:00:00,1.1160001
2012-11-17 17:30:00,7.3909998
2012-11-17 18:00:00,7.908
2012-11-17 18:30:00,7.086
2012-11-17 19:00:00,7.0289998
2012-11-17 19:30:00,6.3099999
2012-11-17 20:00:00,5.5879998
2012-11-17 20:30:00,7.427
2012-11-17 21:00:00,6.7020001
2012-11-17 21:30:00,6.3280001
2012-11-17 22:00:00,5.7049999
2012-11-17 22:30:00,1.205
2012-11-17 23:00:00,1.12
2012-11-17 23:30:00,1.252
2012-11-18 00:00:00,1.057
2012-11-18 00:30:00,1.007
2012-11-18 01:00:00,0.905
2012-11-18 01:30:00,0.685
2012-11-18 02:00:00,0.659
2012-11-18 02:30:00,0.856
2012-11-18 03:00:00,0.685
2012-11-18 03:30:00,0.666
2012-11-18 04:00:00,1.0140001
2012-11-18 04:30:00,0.993
2012-11-18 05:00:00,1.148
2012-11-18 05:30:00,1.336
2012-11-18 06:00:00,1.073
2012-11-18 06:30:00,1.339
2012-11-18 07:00:00,7.2639999
2012-11-18 07:30:00,6.0190001
2012-11-18 08:00:00,8.2480001
2012-11-18 08:30:00,6.756
2012-11-18 09:00:00,7.2480001
2012-11-18 09:30:00,7.0430002
2012-11-18 10:00:00,6.027
2012-11-18 10:30:00,0.863
2012-11-18 11:00:00,0.899
2012-11-18 11:30:00,0.706
2012-11-18 12:00:00,0.761
2012-11-18 12:30:00,0.928
2012-11-18 13:00:00,0.969
2012-11-18 13:30:00,0.861
2012-11-18 14:00:00,0.865
2012-11-18 14:30:00,0.99
2012-11-18 15:00:00,0.739
2012-11-18 15:30:00,0.74
2012-11-18 16:00:00,1.159
2012-11-18 16:30:00,0.958
2012-11-18 17:00:00,1.113
2012-11-18 17:30:00,7.2880001
2012-11-18 18:00:00,7.7540002
2012-11-18 18:30:00,7.802
2012-11-18 19:00:00,7.0939999
2012-11-18 19:30:00,7.2459998
2012-11-18 20:00:00,6.7610002
2012-11-18 20:30:00,7.257
2012-11-18 21:00:00,6.7519999
2012-11-18 21:30:00,6.777
2012-11-18 22:00:00,5.5089998
2012-11-18 22:30:00,1.068
2012-11-18 23:00:00,1.054
2012-11-18 23:30:00,1.092
2012-11-19 00:00:00,1.293
2012-11-19 00:30:00,0.963
2012-11-19 01:00:00,0.654
2012-11-19 01:30:00,0.893
2012-11-19 02:00:00,0.724
2012-11-19 02:30:00,0.71
2012-11-19 03:00:00,0.899
2012-11-19 03:30:00,0.656
2012-11-19 04:00:00,0.9
2012-11-19 04:30:00,0.881
2012-11-19 05:00:00,1.276
2012-11-19 05:30:00,1.109
2012-11-19 06:00:00,1.3609999
2012-11-19 06:30:00,1.094
2012-11-19 07:00:00,7.3270001
2012-11-19 07:30:00,6.1690001
2012-11-19 08:00:00,8.7679996
2012-11-19 08:30:00,5.6259999
2012-11-19 09:00:00,6.2690001
2012-11-19 09:30:00,5.3499999
2012-11-19 10:00:00,8.1409998
2012-11-19 10:30:00,0.948
2012-11-19 11:00:00,0.843
2012-11-19 11:30:00,0.789
2012-11-19 12:00:00,1.249
2012-11-19 12:30:00,1.132
2012-11-19 13:00:00,2.6110001
2012-11-19 13:30:00,1.3789999
2012-11-19 14:00:00,1.3559999
2012-11-19 14:30:00,0.884
2012-11-19 15:00:00,0.853
2012-11-19 15:30:00,1.11
2012-11-19 16:00:00,0.89
2012-11-19 16:30:00,0.823
2012-11-19 17:00:00,1.198
2012-11-19 17:30:00,6.3969998
2012-11-19 18:00:00,7.4809999
2012-11-19 18:30:00,6.5640001
2012-11-19 19:00:00,6.967
2012-11-19 19:30:00,6.2010002
2012-11-19 20:00:00,6.704
2012-11-19 20:30:00,5.902
2012-11-19 21:00:00,5.8829999
2012-11-19 21:30:00,5.7220001
2012-11-19 22:00:00,5.5650001
2012-11-19 22:30:00,1.057
2012-11-19 23:00:00,1.322
2012-11-19 23:30:00,1.325
2012-11-20 00:00:00,1.1059999
2012-11-20 00:30:00,1.123
2012-11-20 01:00:00,0.681
2012-11-20 01:30:00,0.678
2012-11-20 02:00:00,0.832
2012-11-20 02:30:00,0.676
2012-11-20 03:00:00,0.958
2012-11-20 03:30:00,0.642
2012-11-20 04:00:00,0.804
2012-11-20 04:30:00,0.995
2012-11-20 05:00:00,1.285
2012-11-20 05:30:00,1.242
2012-11-20 06:00:00,1.087
2012-11-20 06:30:00,1.527
2012-11-20 07:00:00,6.5739999
2012-11-20 07:30:00,7.4699998
2012-11-20 08:00:00,6.8449998
2012-11-20 08:30:00,5.881
2012-11-20 09:00:00,5.691
2012-11-20 09:30:00,5.5770001
2012-11-20 10:00:00,5.375
2012-11-20 10:30:00,0.966
2012-11-20 11:00:00,0.944
2012-11-20 11:30:00,0.973
2012-11-20 12:00:00,1.092
2012-11-20 12:30:00,0.963
2012-11-20 13:00:00,0.911
2012-11-20 13:30:00,0.903
2012-11-20 14:00:00,1.286
2012-11-20 14:30:00,0.899
2012-11-20 15:00:00,0.928
2012-11-20 15:30:00,0.928
2012-11-20 16:00:00,1.0089999
2012-11-20 16:30:00,1.219
2012-11-20 17:00:00,0.912
2012-11-20 17:30:00,6.5229998
2012-11-20 18:00:00,8.0539999
2012-11-20 18:30:00,7.2080002
2012-11-20 19:00:00,6.6869998
2012-11-20 19:30:00,6.1500001
2012-11-20 20:00:00,6.302
2012-11-20 20:30:00,6.0029998
2012-11-20 21:00:00,6.441
2012-11-20 21:30:00,5.7930002
2012-11-20 22:00:00,5.1550002
2012-11-20 22:30:00,0.954
2012-11-20 23:00:00,1.27
2012-11-20 23:30:00,1.049
2012-11-21 00:00:00,1.142
2012-11-21 00:30:00,1.235
2012-11-21 01:00:00,0.67
2012-11-21 01:30:00,0.757
2012-11-21 02:00:00,0.899
2012-11-21 02:30:00,0.699
2012-11-21 03:00:00,0.903
2012-11-21 03:30:00,0.666
2012-11-21 04:00:00,0.668
2012-11-21 04:30:00,1.1390001
2012-11-21 05:00:00,1.081
2012-11-21 05:30:00,1.05
2012-11-21 06:00:00,1.348
2012-11-21 06:30:00,1.182
2012-11-21 07:00:00,7.0190001
2012-11-21 07:30:00,7.3600001
2012-11-21 08:00:00,6.6079998
2012-11-21 08:30:00,6.1700001
2012-11-21 09:00:00,5.9720001
2012-11-21 09:30:00,7.8379998
2012-11-21 10:00:00,6.6409998
2012-11-21 10:30:00,1.753
2012-11-21 11:00:00,1.133
2012-11-21 11:30:00,2.987
2012-11-21 12:00:00,2.25
2012-11-21 12:30:00,1.758
2012-11-21 13:00:00,1.37
2012-11-21 13:30:00,1.0
2012-11-21 14:00:00,1.053
2012-11-21 14:30:00,0.941
2012-11-21 15:00:00,0.871
2012-11-21 15:30:00,1.046
2012-11-21 16:00:00,0.892
2012-11-21 16:30:00,1.1109999
2012-11-21 17:00:00,0.949
2012-11-21 17:30:00,7.046
2012-11-21 18:00:00,7.572
2012-11-21 18:30:00,7.0949998
2012-11-21 19:00:00,6.8400002
2012-11-21 19:30:00,6.454
2012-11-21 20:00:00,7.0370002
2012-11-21 20:30:00,5.776
2012-11-21 21:00:00,6.7360001
2012-11-21 21:30:00,6.5029998
2012-11-21 22:00:00,6.4239998
2012-11-21 22:30:00,1.467
2012-11-21 23:00:00,1.165
2012-11-21 23:30:00,1.197
2012-11-22 00:00:00,1.064
2012-11-22 00:30:00,1.14
2012-11-22 01:00:00,0.696
2012-11-22 01:30:00,0.918
2012-11-22 02:00:00,0.678
2012-11-22 02:30:00,1.217
2012-11-22 03:00:00,0.679
2012-11-22 03:30:00,0.685
2012-11-22 04:00:00,0.742
2012-11-22 04:30:00,0.884
2012-11-22 05:00:00,1.476
2012-11-22 05:30:00,1.0779999
2012-11-22 06:00:00,1.164
2012-11-22 06:30:00,1.684
2012-11-22 07:00:00,7.3600001
2012-11-22 07:30:00,7.3779998
2012-11-22 08:00:00,6.7059999
2012-11-22 08:30:00,6.4530001
2012-11-22 09:00:00,5.6859999
2012-11-22 09:30:00,5.579
2012-11-22 10:00:00,5.276
2012-11-22 10:30:00,0.785
2012-11-22 11:00:00,0.787
2012-11-22 11:30:00,0.78
2012-11-22 12:00:00,1.131
2012-11-22 12:30:00,0.853
2012-11-22 13:00:00,0.768
2012-11-22 13:30:00,0.781
2012-11-22 14:00:00,0.972
2012-11-22 14:30:00,1.726
2012-11-22 15:00:00,0.948
2012-11-22 15:30:00,0.78
2012-11-22 16:00:00,1.048
2012-11-22 16:30:00,0.823
2012-11-22 17:00:00,0.908
2012-11-22 17:30:00,6.8210001
2012-11-22 18:00:00,7.7389998
2012-11-22 18:30:00,6.5419998
2012-11-22 19:00:00,6.1609998
2012-11-22 19:30:00,6.1700001
2012-11-22 20:00:00,6.8000002
2012-11-22 20:30:00,6.302
2012-11-22 21:00:00,6.5300002
2012-11-22 21:30:00,6.2470002
2012-11-22 22:00:00,5.2589998
2012-11-22 22:30:00,1.165
2012-11-22 23:00:00,1.146
2012-11-22 23:30:00,1.2819999
2012-11-23 00:00:00,1.062
2012-11-23 00:30:00,1.2309999
2012-11-23 01:00:00,0.701
2012-11-23 01:30:00,0.888
2012-11-23 02:00:00,0.677
2012-11-23 02:30:00,0.673
2012-11-23 03:00:00,0.849
2012-11-23 03:30:00,0.767
2012-11-23 04:00:00,0.808
2012-11-23 04:30:00,0.887
2012-11-23 05:00:00,1.36
2012-11-23 05:30:00,1.119
2012-11-23 06:00:00,1.352
2012-11-23 06:30:00,1.1720001
2012-11-23 07:00:00,7.1729999
2012-11-23 07:30:00,6.1799998
2012-11-23 08:00:00,7.776
2012-11-23 08:30:00,6.6090002
2012-11-23 09:00:00,7.1170001
2012-11-23 09:30:00,6.454
2012-11-23 10:00:00,6.0219998
2012-11-23 10:30:00,0.783
2012-11-23 11:00:00,0.801
2012-11-23 11:30:00,0.825
2012-11-23 12:00:00,0.908
2012-11-23 12:30:00,0.968
2012-11-23 13:00:00,0.995
2012-11-23 13:30:00,0.923
2012-11-23 14:00:00,0.784
2012-11-23 14:30:00,0.765
2012-11-23 15:00:00,0.965
2012-11-23 15:30:00,0.776
2012-11-23 16:00:00,1.044
2012-11-23 16:30:00,1.135
2012-11-23 17:00:00,1.369
2012-11-23 17:30:00,7.579
2012-11-23 18:00:00,8.1140003
2012-11-23 18:30:00,7.7449999
2012-11-23 19:00:00,7.4000001
2012-11-23 19:30:00,7.1090002
2012-11-23 20:00:00,7.6399999
2012-11-23 20:30:00,6.75
2012-11-23 21:00:00,6.4580002
2012-11-23 21:30:00,6.6570001
2012-11-23 22:00:00,6.6690001
2012-11-23 22:30:00,1.544
2012-11-23 23:00:00,2.0539999
2012-11-23 23:30:00,1.251
2012-11-24 00:00:00,1.635
2012-11-24 00:30:00,1.145
2012-11-24 01:00:00,0.683
2012-11-24 01:30:00,0.894
2012-11-24 02:00:00,0.739
2012-11-24 02:30:00,1.002
2012-11-24 03:00:00,0.745
2012-11-24 03:30:00,0.676
2012-11-24 04:00:00,0.635
2012-11-24 04:30:00,1.266
2012-11-24 05:00:00,1.076
2012-11-24 05:30:00,1.148
2012-11-24 06:00:00,1.23
2012-11-24 06:30:00,1.145
2012-11-24 07:00:00,7.1170001
2012-11-24 07:30:00,6.0409999
2012-11-24 08:00:00,6.6719999
2012-11-24 08:30:00,7.5929999
2012-11-24 09:00:00,6.296
2012-11-24 09:30:00,6.434
2012-11-24 10:00:00,6.52
2012-11-24 10:30:00,0.847
2012-11-24 11:00:00,0.967
2012-11-24 11:30:00,0.802
2012-11-24 12:00:00,0.851
2012-11-24 12:30:00,0.839
2012-11-24 13:00:00,0.874
2012-11-24 13:30:00,1.163
2012-11-24 14:00:00,0.994
2012-11-24 14:30:00,0.824
2012-11-24 15:00:00,1.138
2012-11-24 15:30:00,0.865
2012-11-24 16:00:00,0.898
2012-11-24 16:30:00,1.064
2012-11-24 17:00:00,1.373
2012-11-24 17:30:00,7.0250001
2012-11-24 18:00:00,8.3190002
2012-11-24 18:30:00,6.796
2012-11-24 19:00:00,7.5780001
2012-11-24 19:30:00,6.8049998
2012-11-24 20:00:00,6.539
2012-11-24 20:30:00,6.4899998
2012-11-24 21:00:00,6.349
2012-11-24 21:30:00,6.1750002
2012-11-24 22:00:00,6.1300001
2012-11-24 22:30:00,1.036
2012-11-24 23:00:00,1.175
2012-11-24 23:30:00,1.263
2012-11-25 00:00:00,1.142
2012-11-25 00:30:00,0.943
2012-11-25 01:00:00,0.934
2012-11-25 01:30:00,0.632
2012-11-25 02:00:00,0.677
2012-11-25 02:30:00,0.931
2012-11-25 03:00:00,1.401
2012-11-25 03:30:00,1.053
2012-11-25 04:00:00,0.698
2012-11-25 04:30:00,1.154
2012-11-25 05:00:00,1.122
2012-11-25 05:30:00,1.6109999
2012-11-25 06:00:00,1.0779999
2012-11-25 06:30:00,1.119
2012-11-25 07:00:00,7.0840001
2012-11-25 07:30:00,8.2270002
2012-11-25 08:00:00,6.6719999
2012-11-25 08:30:00,7.0710001
2012-11-25 09:00:00,6.0240002
2012-11-25 09:30:00,6.6960001
2012-11-25 10:00:00,5.5830002
2012-11-25 10:30:00,1.669
2012-11-25 11:00:00,7.256
2012-11-25 11:30:00,3.234
2012-11-25 12:00:00,1.273
2012-11-25 12:30:00,1.319
2012-11-25 13:00:00,1.161
2012-11-25 13:30:00,0.965
2012-11-25 14:00:00,0.955
2012-11-25 14:30:00,1.035
2012-11-25 15:00:00,0.852
2012-11-25 15:30:00,0.874
2012-11-25 16:00:00,1.23
2012-11-25 16:30:00,1.158
2012-11-25 17:00:00,1.168
2012-11-25 17:30:00,1.398
2012-11-25 18:00:00,1.401
2012-11-25 18:30:00,1.813
2012-11-25 19:00:00,1.594
2012-11-25 19:30:00,2.052
2012-11-25 20:00:00,1.888
2012-11-25 20:30:00,1.599
2012-11-25 21:00:00,1.909
2012-11-25 21:30:00,2.3599999
2012-11-25 22:00:00,7.1630001
2012-11-25 22:30:00,1.2180001
2012-11-25 23:00:00,1.094
2012-11-25 23:30:00,1.087
2012-11-26 00:00:00,1.337
2012-11-26 00:30:00,1.007
2012-11-26 01:00:00,0.92
2012-11-26 01:30:00,0.656
2012-11-26 02:00:00,0.712
2012-11-26 02:30:00,1.056
2012-11-26 03:00:00,0.679
2012-11-26 03:30:00,0.65
2012-11-26 04:00:00,0.892
2012-11-26 04:30:00,1.006
2012-11-26 05:00:00,1.35
2012-11-26 05:30:00,1.1109999
2012-11-26 06:00:00,1.313
2012-11-26 06:30:00,1.091
2012-11-26 07:00:00,7.013
2012-11-26 07:30:00,7.1149998
2012-11-26 08:00:00,6.2919998
2012-11-26 08:30:00,6.888
2012-11-26 09:00:00,5.5320001
2012-11-26 09:30:00,4.447
2012-11-26 10:00:00,7.6059999
2012-11-26 10:30:00,0.929
2012-11-26 11:00:00,0.861
2012-11-26 11:30:00,1.115
2012-11-26 12:00:00,1.302
2012-11-26 12:30:00,1.559
2012-11-26 13:00:00,2.1960001
2012-11-26 13:30:00,1.597
2012-11-26 14:00:00,1.7690001
2012-11-26 14:30:00,1.002
2012-11-26 15:00:00,1.682
2012-11-26 15:30:00,6.4650002
2012-11-26 16:00:00,7.5560002
2012-11-26 16:30:00,7.9190001
2012-11-26 17:00:00,6.1789999
2012-11-26 17:30:00,6.7989998
2012-11-26 18:00:00,6.9200001
2012-11-26 18:30:00,6.52
2012-11-26 19:00:00,7.5500002
2012-11-26 19:30:00,5.8899999
2012-11-26 20:00:00,8.033
2012-11-26 20:30:00,6.1560001
2012-11-26 21:00:00,7.4050002
2012-11-26 21:30:00,5.4530001
2012-11-26 22:00:00,7.1539998
2012-11-26 22:30:00,5.4530001
2012-11-26 23:00:00,6.723
2012-11-26 23:30:00,4.4050002
2012-11-27 00:00:00,1.0779999
2012-11-27 00:30:00,0.974
2012-11-27 01:00:00,0.697
2012-11-27 01:30:00,0.793
2012-11-27 02:00:00,0.673
2012-11-27 02:30:00,0.879
2012-11-27 03:00:00,0.65
2012-11-27 03:30:00,0.941
2012-11-27 04:00:00,0.755
2012-11-27 04:30:00,0.932
2012-11-27 05:00:00,1.265
2012-11-27 05:30:00,1.127
2012-11-27 06:00:00,1.538
2012-11-27 06:30:00,1.3
2012-11-27 07:00:00,7.6409998
2012-11-27 07:30:00,6.0830002
2012-11-27 08:00:00,7.8039999
2012-11-27 08:30:00,5.7639999
2012-11-27 09:00:00,6.6830001
2012-11-27 09:30:00,5.2639999
2012-11-27 10:00:00,5.691
2012-11-27 10:30:00,0.992
2012-11-27 11:00:00,1.048
2012-11-27 11:30:00,7.1630001
2012-11-27 12:00:00,4.355
2012-11-27 12:30:00,1.223
2012-11-27 13:00:00,1.223
2012-11-27 13:30:00,1.029
2012-11-27 14:00:00,0.817
2012-11-27 14:30:00,0.841
2012-11-27 15:00:00,1.0140001
2012-11-27 15:30:00,0.841
2012-11-27 16:00:00,0.984
2012-11-27 16:30:00,0.998
2012-11-27 17:00:00,0.886
2012-11-27 17:30:00,6.8049998
2012-11-27 18:00:00,7.6459999
2012-11-27 18:30:00,7.3330002
2012-11-27 19:00:00,6.7709999
2012-11-27 19:30:00,6.0190001
2012-11-27 20:00:00,6.9860001
2012-11-27 20:30:00,7.0489998
2012-11-27 21:00:00,7.0190001
2012-11-27 21:30:00,6.7969999
2012-11-27 22:00:00,5.3969998
2012-11-27 22:30:00,1.122
2012-11-27 23:00:00,1.156
2012-11-27 23:30:00,1.313
2012-11-28 00:00:00,1.066
2012-11-28 00:30:00,0.994
2012-11-28 01:00:00,0.856
2012-11-28 01:30:00,0.674
2012-11-28 02:00:00,0.661
2012-11-28 02:30:00,0.924
2012-11-28 03:00:00,0.666
2012-11-28 03:30:00,0.958
2012-11-28 04:00:00,0.809
2012-11-28 04:30:00,0.951
2012-11-28 05:00:00,1.386
2012-11-28 05:30:00,1.061
2012-11-28 06:00:00,1.079
2012-11-28 06:30:00,1.674
2012-11-28 07:00:00,6.71
2012-11-28 07:30:00,6.1820002
2012-11-28 08:00:00,8.8079996
2012-11-28 08:30:00,5.9229999
2012-11-28 09:00:00,6.8460002
2012-11-28 09:30:00,6.8080001
2012-11-28 10:00:00,7.039
2012-11-28 10:30:00,4.3649998
2012-11-28 11:00:00,8.4589996
2012-11-28 11:30:00,6.664
2012-11-28 12:00:00,8.1789999
2012-11-28 12:30:00,6.6230001
2012-11-28 13:00:00,7.3369999
2012-11-28 13:30:00,5.7509999
2012-11-28 14:00:00,6.763
2012-11-28 14:30:00,6.086
2012-11-28 15:00:00,6.4790001
2012-11-28 15:30:00,6.178
2012-11-28 16:00:00,5.2270002
2012-11-28 16:30:00,6.5669999
2012-11-28 17:00:00,6.2789998
2012-11-28 17:30:00,6.5570002
2012-11-28 18:00:00,6.2639999
2012-11-28 18:30:00,6.3239999
2012-11-28 19:00:00,7.3709998
2012-11-28 19:30:00,6.3010001
2012-11-28 20:00:00,6.9289999
2012-11-28 20:30:00,7.1440001
2012-11-28 21:00:00,6.5139999
2012-11-28 21:30:00,7.4070001
2012-11-28 22:00:00,6.4530001
2012-11-28 22:30:00,7.8080001
2012-11-28 23:00:00,6.072
2012-11-28 23:30:00,5.099
2012-11-29 00:00:00,1.223
2012-11-29 00:30:00,1.022
2012-11-29 01:00:00,0.682
2012-11-29 01:30:00,0.859
2012-11-29 02:00:00,0.715
2012-11-29 02:30:00,0.691
2012-11-29 03:00:00,0.901
2012-11-29 03:30:00,0.661
2012-11-29 04:00:00,0.674
2012-11-29 04:30:00,1.079
2012-11-29 05:00:00,1.074
2012-11-29 05:30:00,2.3280001
2012-11-29 06:00:00,8.8920002
2012-11-29 06:30:00,6.3559999
2012-11-29 07:00:00,8.5459995
2012-11-29 07:30:00,6.8569999
2012-11-29 08:00:00,7.9029999
2012-11-29 08:30:00,6.4060001
2012-11-29 09:00:00,7.5900002
2012-11-29 09:30:00,6.5539999
2012-11-29 10:00:00,6.5799999
2012-11-29 10:30:00,7.4899998
2012-11-29 11:00:00,6.8280001
2012-11-29 11:30:00,1.914
2012-11-29 12:00:00,1.01
2012-11-29 12:30:00,0.911
2012-11-29 13:00:00,0.999
2012-11-29 13:30:00,1.176
2012-11-29 14:00:00,0.993
2012-11-29 14:30:00,0.983
2012-11-29 15:00:00,1.525
2012-11-29 15:30:00,1.354
2012-11-29 16:00:00,1.624
2012-11-29 16:30:00,1.21
2012-11-29 17:00:00,1.3890001
2012-11-29 17:30:00,7.2509999
2012-11-29 18:00:00,6.4390001
2012-11-29 18:30:00,9.2060003
2012-11-29 19:00:00,7.1739998
2012-11-29 19:30:00,7.6729999
2012-11-29 20:00:00,8.3310003
2012-11-29 20:30:00,7.822
2012-11-29 21:00:00,7.7620001
2012-11-29 21:30:00,7.9720001
2012-11-29 22:00:00,5.6719999
2012-11-29 22:30:00,1.3380001
2012-11-29 23:00:00,1.6670001
2012-11-29 23:30:00,1.414
2012-11-30 00:00:00,1.4400001
2012-11-30 00:30:00,1.307
2012-11-30 01:00:00,1.223
2012-11-30 01:30:00,0.644
2012-11-30 02:00:00,0.703
2012-11-30 02:30:00,0.83
2012-11-30 03:00:00,0.863
2012-11-30 03:30:00,0.872
2012-11-30 04:00:00,0.825
2012-11-30 04:30:00,0.916
2012-11-30 05:00:00,1.0470001
2012-11-30 05:30:00,1.267
2012-11-30 06:00:00,1.887
2012-11-30 06:30:00,1.5140001
2012-11-30 07:00:00,7.0890002
2012-11-30 07:30:00,6.645
2012-11-30 08:00:00,7.487
2012-11-30 08:30:00,7.3579998
2012-11-30 09:00:00,7.4759998
2012-11-30 09:30:00,7.4860001
2012-11-30 10:00:00,7.5549998
2012-11-30 10:30:00,1.913
2012-11-30 11:00:00,8.8219995
2012-11-30 11:30:00,5.8379998
2012-11-30 12:00:00,6.632
2012-11-30 12:30:00,6.8169999
2012-11-30 13:00:00,6.3590002
2012-11-30 13:30:00,6.7389998
2012-11-30 14:00:00,6.5190001
2012-11-30 14:30:00,7.0370002
2012-11-30 15:00:00,5.625
2012-11-30 15:30:00,7.2950001
2012-11-30 16:00:00,5.8709998
2012-11-30 16:30:00,6.7620001
2012-11-30 17:00:00,6.4640002
2012-11-30 17:30:00,7.3600001
2012-11-30 18:00:00,6.822
2012-11-30 18:30:00,6.8979998
2012-11-30 19:00:00,8.5880003
2012-11-30 19:30:00,5.9990001
2012-11-30 20:00:00,7.9520001
2012-11-30 20:30:00,7.8660002
2012-11-30 21:00:00,7.2020001
2012-11-30 21:30:00,7.9029999
2012-11-30 22:00:00,5.1760001
2012-11-30 22:30:00,0.928
2012-11-30 23:00:00,1.199
2012-11-30 23:30:00,1.854
2012-12-01 00:00:00,1.235
2012-12-01 00:30:00,1.036
2012-12-01 01:00:00,0.828
2012-12-01 01:30:00,0.735
2012-12-01 02:00:00,0.671
2012-12-01 02:30:00,0.894
2012-12-01 03:00:00,0.661
2012-12-01 03:30:00,0.892
2012-12-01 04:00:00,0.67
2012-12-01 04:30:00,0.886
2012-12-01 05:00:00,1.326
2012-12-01 05:30:00,1.075
2012-12-01 06:00:00,1.36
2012-12-01 06:30:00,1.171
2012-12-01 07:00:00,7.3600001
2012-12-01 07:30:00,6.3109999
2012-12-01 08:00:00,7.9920001
2012-12-01 08:30:00,6.9790001
2012-12-01 09:00:00,6.9959998
2012-12-01 09:30:00,7.619
2012-12-01 10:00:00,5.9169998
2012-12-01 10:30:00,0.971
2012-12-01 11:00:00,0.839
2012-12-01 11:30:00,0.823
2012-12-01 12:00:00,0.984
2012-12-01 12:30:00,0.913
2012-12-01 13:00:00,0.897
2012-12-01 13:30:00,1.063
2012-12-01 14:00:00,0.927
2012-12-01 14:30:00,0.984
2012-12-01 15:00:00,0.86
2012-12-01 15:30:00,0.94
2012-12-01 16:00:00,1.0369999
2012-12-01 16:30:00,0.857
2012-12-01 17:00:00,1.102
2012-12-01 17:30:00,7.151
2012-12-01 18:00:00,7.9889998
2012-12-01 18:30:00,8.0369997
2012-12-01 19:00:00,8.7709999
2012-12-01 19:30:00,7.4089999
2012-12-01 20:00:00,8.2980003
2012-12-01 20:30:00,8.0539999
2012-12-01 21:00:00,8.3000002
2012-12-01 21:30:00,7.9899998
2012-12-01 22:00:00,7.8099999
2012-12-01 22:30:00,1.09
2012-12-01 23:00:00,1.123
2012-12-01 23:30:00,1.288
2012-12-02 00:00:00,1.1390001
2012-12-02 00:30:00,1.026
2012-12-02 01:00:00,0.886
2012-12-02 01:30:00,0.759
2012-12-02 02:00:00,1.184
2012-12-02 02:30:00,0.677
2012-12-02 03:00:00,0.708
2012-12-02 03:30:00,0.761
2012-12-02 04:00:00,0.798
2012-12-02 04:30:00,0.965
2012-12-02 05:00:00,1.221
2012-12-02 05:30:00,1.2460001
2012-12-02 06:00:00,1.09
2012-12-02 06:30:00,1.4119999
2012-12-02 07:00:00,6.5869999
2012-12-02 07:30:00,6.3130002
2012-12-02 08:00:00,7.723
2012-12-02 08:30:00,6.6820002
2012-12-02 09:00:00,7.3470001
2012-12-02 09:30:00,7.0430002
2012-12-02 10:00:00,6.4850001
2012-12-02 10:30:00,1.056
2012-12-02 11:00:00,0.811
2012-12-02 11:30:00,0.937
2012-12-02 12:00:00,0.845
2012-12-02 12:30:00,0.814
2012-12-02 13:00:00,0.91
2012-12-02 13:30:00,1.011
2012-12-02 14:00:00,0.818
2012-12-02 14:30:00,0.82
2012-12-02 15:00:00,1.039
2012-12-02 15:30:00,0.885
2012-12-02 16:00:00,1.002
2012-12-02 16:30:00,0.863
2012-12-02 17:00:00,0.831
2012-12-02 17:30:00,7.3340001
2012-12-02 18:00:00,6.3979998
2012-12-02 18:30:00,9.3030005
2012-12-02 19:00:00,8.8330002
2012-12-02 19:30:00,7.8010001
2012-12-02 20:00:00,7.7449999
2012-12-02 20:30:00,7.9689999
2012-12-02 21:00:00,7.9850001
2012-12-02 21:30:00,7.8119998
2012-12-02 22:00:00,7.2280002
2012-12-02 22:30:00,1.189
2012-12-02 23:00:00,1.064
2012-12-02 23:30:00,1.081
2012-12-03 00:00:00,1.3279999
2012-12-03 00:30:00,1.074
2012-12-03 01:00:00,0.657
2012-12-03 01:30:00,0.908
2012-12-03 02:00:00,0.706
2012-12-03 02:30:00,0.968
2012-12-03 03:00:00,0.687
2012-12-03 03:30:00,0.908
2012-12-03 04:00:00,0.786
2012-12-03 04:30:00,0.947
2012-12-03 05:00:00,1.285
2012-12-03 05:30:00,1.448
2012-12-03 06:00:00,1.103
2012-12-03 06:30:00,1.122
2012-12-03 07:00:00,7.0770001
2012-12-03 07:30:00,7.3509998
2012-12-03 08:00:00,8.0299997
2012-12-03 08:30:00,5.1760001
2012-12-03 09:00:00,5.8369999
2012-12-03 09:30:00,7.1700001
2012-12-03 10:00:00,6.9660001
2012-12-03 10:30:00,0.983
2012-12-03 11:00:00,0.867
2012-12-03 11:30:00,0.898
2012-12-03 12:00:00,1.1210001
2012-12-03 12:30:00,1.807
2012-12-03 13:00:00,2.4360001
2012-12-03 13:30:00,1.285
2012-12-03 14:00:00,2.5739999
2012-12-03 14:30:00,1.052
2012-12-03 15:00:00,0.963
2012-12-03 15:30:00,1.175
2012-12-03 16:00:00,0.898
2012-12-03 16:30:00,0.894
2012-12-03 17:00:00,1.137
2012-12-03 17:30:00,6.9260001
2012-12-03 18:00:00,6.5599999
2012-12-03 18:30:00,8.2519999
2012-12-03 19:00:00,6.9060001
2012-12-03 19:30:00,6.8309999
2012-12-03 20:00:00,7.8449998
2012-12-03 20:30:00,7.329
2012-12-03 21:00:00,7.8959999
2012-12-03 21:30:00,7.3379998
2012-12-03 22:00:00,6.96
2012-12-03 22:30:00,1.627
2012-12-03 23:00:00,1.5930001
2012-12-03 23:30:00,1.374
2012-12-04 00:00:00,1.149
2012-12-04 00:30:00,1.058
2012-12-04 01:00:00,0.845
2012-12-04 01:30:00,0.693
2012-12-04 02:00:00,0.861
2012-12-04 02:30:00,0.826
2012-12-04 03:00:00,0.89
2012-12-04 03:30:00,0.668
2012-12-04 04:00:00,1.091
2012-12-04 04:30:00,0.93
2012-12-04 05:00:00,1.113
2012-12-04 05:30:00,1.3609999
2012-12-04 06:00:00,1.263
2012-12-04 06:30:00,1.493
2012-12-04 07:00:00,7.2950001
2012-12-04 07:30:00,6.1040001
2012-12-04 08:00:00,9.71
2012-12-04 08:30:00,5.9770002
2012-12-04 09:00:00,7.5900002
2012-12-04 09:30:00,7.2090001
2012-12-04 10:00:00,6.138
2012-12-04 10:30:00,0.916
2012-12-04 11:00:00,1.2819999
2012-12-04 11:30:00,0.867
2012-12-04 12:00:00,0.939
2012-12-04 12:30:00,0.955
2012-12-04 13:00:00,0.887
2012-12-04 13:30:00,0.901
2012-12-04 14:00:00,1.048
2012-12-04 14:30:00,0.979
2012-12-04 15:00:00,0.873
2012-12-04 15:30:00,1.075
2012-12-04 16:00:00,0.902
2012-12-04 16:30:00,1.04
2012-12-04 17:00:00,1.002
2012-12-04 17:30:00,6.7010002
2012-12-04 18:00:00,7.138
2012-12-04 18:30:00,8.5740004
2012-12-04 19:00:00,6.3829999
2012-12-04 19:30:00,8.059
2012-12-04 20:00:00,7.994
2012-12-04 20:30:00,7.2519999
2012-12-04 21:00:00,8.0349998
2012-12-04 21:30:00,7.283
2012-12-04 22:00:00,7.1059999
2012-12-04 22:30:00,1.753
2012-12-04 23:00:00,1.385
2012-12-04 23:30:00,1.751
2012-12-05 00:00:00,1.373
2012-12-05 00:30:00,0.957
2012-12-05 01:00:00,1.104
2012-12-05 01:30:00,0.671
2012-12-05 02:00:00,0.8
2012-12-05 02:30:00,0.637
2012-12-05 03:00:00,0.978
2012-12-05 03:30:00,0.73
2012-12-05 04:00:00,0.686
2012-12-05 04:30:00,1.132
2012-12-05 05:00:00,1.159
2012-12-05 05:30:00,1.165
2012-12-05 06:00:00,1.364
2012-12-05 06:30:00,1.161
2012-12-05 07:00:00,7.2659998
2012-12-05 07:30:00,5.3990002
2012-12-05 08:00:00,8.7740002
2012-12-05 08:30:00,5.947
2012-12-05 09:00:00,6.4959998
2012-12-05 09:30:00,8.4560003
2012-12-05 10:00:00,6.8979998
2012-12-05 10:30:00,1.748
2012-12-05 11:00:00,9.5679998
2012-12-05 11:30:00,6.9689999
2012-12-05 12:00:00,9.2939997
2012-12-05 12:30:00,6.2620001
2012-12-05 13:00:00,7.5560002
2012-12-05 13:30:00,7.638
2012-12-05 14:00:00,6.0419998
2012-12-05 14:30:00,7.9359999
2012-12-05 15:00:00,6.1859999
2012-12-05 15:30:00,0.888
2012-12-05 16:00:00,0.921
2012-12-05 16:30:00,0.903
2012-12-05 17:00:00,1.319
2012-12-05 17:30:00,7.2189999
2012-12-05 18:00:00,7.3410001
2012-12-05 18:30:00,8.9650002
2012-12-05 19:00:00,8.0719995
2012-12-05 19:30:00,7.8940001
2012-12-05 20:00:00,7.5710001
2012-12-05 20:30:00,8.1719999
2012-12-05 21:00:00,8.5389996
2012-12-05 21:30:00,7.52
2012-12-05 22:00:00,7.8189998
2012-12-05 22:30:00,1.498
2012-12-05 23:00:00,1.1900001
2012-12-05 23:30:00,1.311
2012-12-06 00:00:00,1.152
2012-12-06 00:30:00,0.98
2012-12-06 01:00:00,0.793
2012-12-06 01:30:00,0.676
2012-12-06 02:00:00,0.997
2012-12-06 02:30:00,0.69
2012-12-06 03:00:00,0.678
2012-12-06 03:30:00,0.927
2012-12-06 04:00:00,0.703
2012-12-06 04:30:00,1.114
2012-12-06 05:00:00,1.147
2012-12-06 05:30:00,1.363
2012-12-06 06:00:00,1.159
2012-12-06 06:30:00,1.358
2012-12-06 07:00:00,7.434
2012-12-06 07:30:00,5.7729998
2012-12-06 08:00:00,7.415
2012-12-06 08:30:00,7.526
2012-12-06 09:00:00,6.4439998
2012-12-06 09:30:00,9.4840002
2012-12-06 10:00:00,6.9549999
2012-12-06 10:30:00,0.911
2012-12-06 11:00:00,1.925
2012-12-06 11:30:00,8.2220001
2012-12-06 12:00:00,7.2719998
2012-12-06 12:30:00,7.4000001
2012-12-06 13:00:00,7.5159998
2012-12-06 13:30:00,6.8140001
2012-12-06 14:00:00,7.2639999
2012-12-06 14:30:00,6.7150002
2012-12-06 15:00:00,6.244
2012-12-06 15:30:00,7.8979998
2012-12-06 16:00:00,6.2950001
2012-12-06 16:30:00,8.0340004
2012-12-06 17:00:00,4.9970002
2012-12-06 17:30:00,7.5170002
2012-12-06 18:00:00,6.5089998
2012-12-06 18:30:00,8.7889996
2012-12-06 19:00:00,6.8280001
2012-12-06 19:30:00,7.9920001
2012-12-06 20:00:00,6.7649999
2012-12-06 20:30:00,7.835
2012-12-06 21:00:00,6.0539999
2012-12-06 21:30:00,7.9720001
2012-12-06 22:00:00,5.6719999
2012-12-06 22:30:00,1.3380001
2012-12-06 23:00:00,1.6670001
2012-12-06 23:30:00,1.414
2012-12-07 00:00:00,1.4400001
2012-12-07 00:30:00,1.307
2012-12-07 01:00:00,1.223
2012-12-07 01:30:00,0.644
2012-12-07 02:00:00,0.703
2012-12-07 02:30:00,0.83
2012-12-07 03:00:00,0.863
2012-12-07 03:30:00,0.872
2012-12-07 04:00:00,0.825
2012-12-07 04:30:00,0.916
2012-12-07 05:00:00,1.0470001
2012-12-07 05:30:00,1.267
2012-12-07 06:00:00,1.887
2012-12-07 06:30:00,1.5140001
2012-12-07 07:00:00,7.0890002
2012-12-07 07:30:00,6.645
2012-12-07 08:00:00,7.487
2012-12-07 08:30:00,7.3579998
2012-12-07 09:00:00,7.4759998
2012-12-07 09:30:00,7.4860001
2012-12-07 10:00:00,6.9640002
2012-12-07 10:30:00,6.283
2012-12-07 11:00:00,7.3720002
2012-12-07 11:30:00,7.1100001
2012-12-07 12:00:00,7.7030001
2012-12-07 12:30:00,7.6750002
2012-12-07 13:00:00,6.7659998
2012-12-07 13:30:00,6.954
2012-12-07 14:00:00,7.335
2012-12-07 14:30:00,5.6529999
2012-12-07 15:00:00,7.033
2012-12-07 15:30:00,6.138
2012-12-07 16:00:00,6.2529998
2012-12-07 16:30:00,7.3499999
2012-12-07 17:00:00,6.6459999
2012-12-07 17:30:00,7.4790001
2012-12-07 18:00:00,6.7030001
2012-12-07 18:30:00,7.8670001
2012-12-07 19:00:00,7.0469999
2012-12-07 19:30:00,7.1630001
2012-12-07 20:00:00,5.375
2012-12-07 20:30:00,7.0879998
2012-12-07 21:00:00,7.3340001
2012-12-07 21:30:00,6.4099998
2012-12-07 22:00:00,6.9770002
2012-12-07 22:30:00,1.283
2012-12-07 23:00:00,1.544
2012-12-07 23:30:00,0.655
2012-12-08 00:00:00,0.661
2012-12-08 00:30:00,0.924
2012-12-08 01:00:00,0.7
2012-12-08 01:30:00,0.735
2012-12-08 02:00:00,0.665
2012-12-08 02:30:00,0.828
2012-12-08 03:00:00,0.686
2012-12-08 03:30:00,0.868
2012-12-08 04:00:00,1.059
2012-12-08 04:30:00,0.647
2012-12-08 05:00:00,0.778
2012-12-08 05:30:00,0.652
2012-12-08 06:00:00,0.716
2012-12-08 06:30:00,1.084
2012-12-08 07:00:00,7.8699999
2012-12-08 07:30:00,6.415
2012-12-08 08:00:00,9.4709997
2012-12-08 08:30:00,6.2909999
2012-12-08 09:00:00,7.8390002
2012-12-08 09:30:00,7.5100002
2012-12-08 10:00:00,6.4990001
2012-12-08 10:30:00,0.947
2012-12-08 11:00:00,1.194
2012-12-08 11:30:00,1.173
2012-12-08 12:00:00,1.1339999
2012-12-08 12:30:00,1.286
2012-12-08 13:00:00,0.949
2012-12-08 13:30:00,1.497
2012-12-08 14:00:00,1.2130001
2012-12-08 14:30:00,0.986
2012-12-08 15:00:00,0.736
2012-12-08 15:30:00,0.717
2012-12-08 16:00:00,0.952
2012-12-08 16:30:00,0.868
2012-12-08 17:00:00,1.403
2012-12-08 17:30:00,8.1140003
2012-12-08 18:00:00,7.539
2012-12-08 18:30:00,9.6789999
2012-12-08 19:00:00,6.928
2012-12-08 19:30:00,6.862
2012-12-08 20:00:00,8.4989996
2012-12-08 20:30:00,6.7410002
2012-12-08 21:00:00,7.2470002
2012-12-08 21:30:00,7.6729999
2012-12-08 22:00:00,7.125
2012-12-08 22:30:00,1.0880001
2012-12-08 23:00:00,0.926
2012-12-08 23:30:00,0.635
2012-12-09 00:00:00,0.685
2012-12-09 00:30:00,0.736
2012-12-09 01:00:00,0.7
2012-12-09 01:30:00,0.84
2012-12-09 02:00:00,0.981
2012-12-09 02:30:00,0.671
2012-12-09 03:00:00,0.663
2012-12-09 03:30:00,0.682
2012-12-09 04:00:00,0.73
2012-12-09 04:30:00,0.931
2012-12-09 05:00:00,0.695
2012-12-09 05:30:00,0.722
2012-12-09 06:00:00,1.064
2012-12-09 06:30:00,1.094
2012-12-09 07:00:00,7.4580002
2012-12-09 07:30:00,6.237
2012-12-09 08:00:00,8.5139999
2012-12-09 08:30:00,7.1810002
2012-12-09 09:00:00,7.369
2012-12-09 09:30:00,7.1589999
2012-12-09 10:00:00,6.4749999
2012-12-09 10:30:00,1.387
2012-12-09 11:00:00,1.705
2012-12-09 11:30:00,1.88
2012-12-09 12:00:00,1.207
2012-12-09 12:30:00,1.295
2012-12-09 13:00:00,1.166
2012-12-09 13:30:00,0.969
2012-12-09 14:00:00,1.164
2012-12-09 14:30:00,0.958
2012-12-09 15:00:00,0.96
2012-12-09 15:30:00,0.923
2012-12-09 16:00:00,0.964
2012-12-09 16:30:00,1.325
2012-12-09 17:00:00,1.623
2012-12-09 17:30:00,7.8540001
2012-12-09 18:00:00,7.6539998
2012-12-09 18:30:00,8.085
2012-12-09 19:00:00,7.4569998
2012-12-09 19:30:00,7.2680001
2012-12-09 20:00:00,6.9499998
2012-12-09 20:30:00,5.7119999
2012-12-09 21:00:00,7.553
2012-12-09 21:30:00,6.2820001
2012-12-09 22:00:00,7.2360001
2012-12-09 22:30:00,0.903
2012-12-09 23:00:00,0.816
2012-12-09 23:30:00,0.903
2012-12-10 00:00:00,0.672
2012-12-10 00:30:00,0.742
2012-12-10 01:00:00,0.924
2012-12-10 01:30:00,0.654
2012-12-10 02:00:00,0.944
2012-12-10 02:30:00,0.636
2012-12-10 03:00:00,0.915
2012-12-10 03:30:00,0.647
2012-12-10 04:00:00,0.773
2012-12-10 04:30:00,0.896
2012-12-10 05:00:00,1.598
2012-12-10 05:30:00,0.941
2012-12-10 06:00:00,0.786
2012-12-10 06:30:00,1.3329999
2012-12-10 07:00:00,7.2490001
2012-12-10 07:30:00,8.7819996
2012-12-10 08:00:00,6.9629998
2012-12-10 08:30:00,8.7740002
2012-12-10 09:00:00,6.369
2012-12-10 09:30:00,9.1120005
2012-12-10 10:00:00,5.6750002
2012-12-10 10:30:00,0.893
2012-12-10 11:00:00,1.156
2012-12-10 11:30:00,1.346
2012-12-10 12:00:00,1.191
2012-12-10 12:30:00,1.618
2012-12-10 13:00:00,1.478
2012-12-10 13:30:00,2.7179999
2012-12-10 14:00:00,1.951
2012-12-10 14:30:00,1.354
2012-12-10 15:00:00,1.141
2012-12-10 15:30:00,0.981
2012-12-10 16:00:00,0.882
2012-12-10 16:30:00,1.115
2012-12-10 17:00:00,1.279
2012-12-10 17:30:00,7.8189998
2012-12-10 18:00:00,8.7019997
2012-12-10 18:30:00,7.2270002
2012-12-10 19:00:00,7.3600001
2012-12-10 19:30:00,7.8379998
2012-12-10 20:00:00,5.902
2012-12-10 20:30:00,9.1890001
2012-12-10 21:00:00,6.5539999
2012-12-10 21:30:00,8.1239996
2012-12-10 22:00:00,7.1259999
2012-12-10 22:30:00,0.907
2012-12-10 23:00:00,0.715
2012-12-10 23:30:00,0.665
2012-12-11 00:00:00,0.656
