1.000000014901161194e-01 0.000000000000000000e+00 0.000000000000000000e+00
1.000494137406349182e-01 4.895411897450685501e-03 -2.264113390992861241e-05
1.001485809683799744e-01 9.795458056032657623e-03 -4.218435424263589084e-05
1.002974286675453186e-01 1.469952054321765900e-02 -5.879603122593834996e-05
1.004958823323249817e-01 1.960700005292892456e-02 -7.264167652465403080e-05
1.007438674569129944e-01 2.451731637120246887e-02 -8.388528658542782068e-05
1.010413095355033875e-01 2.942991070449352264e-02 -9.268918802263215184e-05
1.013881415128707886e-01 3.434424474835395813e-02 -9.921361925080418587e-05
1.017843037843704224e-01 3.925980255007743835e-02 -1.036164539982564747e-04
1.022297292947769165e-01 4.417609050869941711e-02 -1.060523209162056446e-04
1.027243509888648987e-01 4.909263923764228821e-02 -1.066732729668729007e-04
1.032681167125701904e-01 5.400899797677993774e-02 -1.056282490026205778e-04
1.038609668612480164e-01 5.892474576830863953e-02 -1.030620114761404693e-04
1.045028418302536011e-01 6.383948028087615967e-02 -9.911633242154493928e-05
1.051936969161033630e-01 6.875282526016235352e-02 -9.392842184752225876e-05
1.059334725141525269e-01 7.366442680358886719e-02 -8.763198275119066238e-05
1.067221239209175110e-01 7.857396453619003296e-02 -8.035574865061789751e-05
1.075595989823341370e-01 8.348113298416137695e-02 -7.222393469419330359e-05
1.084458529949188232e-01 8.838564902544021606e-02 -6.335660145850852132e-05
1.093808487057685852e-01 9.328725934028625488e-02 -5.386874545365571976e-05
1.103645339608192444e-01 9.818573296070098877e-02 -4.387047374621033669e-05
1.113968715071678162e-01 1.030808687210083008e-01 -3.346724042785353959e-05
1.124778240919113159e-01 1.079724729061126709e-01 -2.275898077641613781e-05
1.136073470115661621e-01 1.128603890538215637e-01 -1.184104894491611049e-05
1.147854104638099670e-01 1.177444756031036377e-01 -8.036149665713310242e-07
1.160119697451591492e-01 1.226246133446693420e-01 1.026845711749047041e-05
1.172869950532913208e-01 1.275007128715515137e-01 2.129470885847695172e-05
1.186104565858840942e-01 1.323726922273635864e-01 3.220067083020694554e-05
1.199823245406150818e-01 1.372404843568801880e-01 4.291653021937236190e-05
1.214025616645812988e-01 1.421040594577789307e-01 5.337739276001229882e-05
1.228711456060409546e-01 1.469634026288986206e-01 6.352297350531443954e-05
1.243880391120910645e-01 1.518185138702392578e-01 7.329849177040159702e-05
1.259532272815704346e-01 1.566693931818008423e-01 8.265315409516915679e-05
1.275666654109954834e-01 1.615160852670669556e-01 9.154132567346096039e-05
1.292283535003662109e-01 1.663586199283599854e-01 9.992210107157006860e-05
1.309382468461990356e-01 1.711970716714859009e-01 1.077586348401382565e-04
1.326963454484939575e-01 1.760315001010894775e-01 1.150186653831042349e-04
1.345026046037673950e-01 1.808619946241378784e-01 1.216735472553409636e-04
1.363570243120193481e-01 1.856886595487594604e-01 1.276994735235348344e-04
1.382595747709274292e-01 1.905115842819213867e-01 1.330764353042468429e-04
1.402102410793304443e-01 1.953308880329132080e-01 1.377878797939047217e-04
1.422090083360671997e-01 2.001467049121856689e-01 1.418214960722252727e-04
1.442558616399765015e-01 2.049591541290283203e-01 1.451680291211232543e-04
1.463508009910583496e-01 2.097683697938919067e-01 1.478217745898291469e-04
1.484937965869903564e-01 2.145745158195495605e-01 1.497806370025500655e-04
1.506848484277725220e-01 2.193777263164520264e-01 1.510450529167428613e-04
1.529239416122436523e-01 2.241781502962112427e-01 1.516184711363166571e-04
1.552110761404037476e-01 2.289759516716003418e-01 1.515076874056831002e-04
1.575462371110916138e-01 2.337712943553924561e-01 1.507216948084533215e-04
1.599294245243072510e-01 2.385643273591995239e-01 1.492726587457582355e-04
1.623606234788894653e-01 2.433552145957946777e-01 1.471748691983520985e-04
1.648398488759994507e-01 2.481441348791122437e-01 1.444440276827663183e-04
1.673670858144760132e-01 2.529312372207641602e-01 1.410991826560348272e-04
1.699423342943191528e-01 2.577166855335235596e-01 1.371601538266986609e-04
1.725656092166900635e-01 2.625006139278411865e-01 1.326504134340211749e-04
1.752368956804275513e-01 2.672832012176513672e-01 1.275935792364180088e-04
1.779562085866928101e-01 2.720645964145660400e-01 1.220159538206644356e-04
1.807235479354858398e-01 2.768449783325195312e-01 1.159441308118402958e-04
1.835389137268066406e-01 2.816244363784790039e-01 1.094062463380396366e-04
1.864023059606552124e-01 2.864031493663787842e-01 1.024332450469955802e-04
1.893137395381927490e-01 2.911812365055084229e-01 9.505488560535013676e-05
1.922732293605804443e-01 2.959588468074798584e-01 8.730270928936079144e-05
1.952807754278182983e-01 3.007360696792602539e-01 7.921009091660380363e-05
1.983363926410675049e-01 3.055130243301391602e-01 7.081055809976533055e-05
2.014400810003280640e-01 3.102898299694061279e-01 6.213748565642163157e-05
2.045918554067611694e-01 3.150666058063507080e-01 5.322549986885860562e-05
2.077917158603668213e-01 3.198434114456176758e-01 4.410926703712902963e-05
2.110396772623062134e-01 3.246203362941741943e-01 3.482465399429202080e-05
2.143357545137405396e-01 3.293974399566650391e-01 2.540632704040035605e-05
2.176799625158309937e-01 3.341748118400573730e-01 1.588935265317559242e-05
2.210723012685775757e-01 3.389524817466735840e-01 6.309396667347755283e-06
2.245127856731414795e-01 3.437305092811584473e-01 -3.298622686997987330e-06
2.280014306306838989e-01 3.485089242458343506e-01 -1.289919146074680611e-05
2.315382361412048340e-01 3.532877266407012939e-01 -2.245793803012929857e-05
2.351232171058654785e-01 3.580669462680816650e-01 -3.194088640157133341e-05
2.387563735246658325e-01 3.628465831279754639e-01 -4.131436071475036442e-05
2.424377202987670898e-01 3.676266074180603027e-01 -5.054563007433898747e-05
2.461672574281692505e-01 3.724069893360137939e-01 -5.960225826129317284e-05
2.499449998140335083e-01 3.771876990795135498e-01 -6.845260213594883680e-05
2.537709474563598633e-01 3.819686770439147949e-01 -7.706616452196612954e-05
2.576451003551483154e-01 3.867498636245727539e-01 -8.541280112694948912e-05
2.615674734115600586e-01 3.915311694145202637e-01 -9.346389560960233212e-05
2.655380666255950928e-01 3.963124752044677734e-01 -1.011913409456610680e-04
2.695568501949310303e-01 4.010937213897705078e-01 -1.085692492779344320e-04
2.736238539218902588e-01 4.058747589588165283e-01 -1.155721984105184674e-04
2.777390480041503906e-01 4.106554388999938965e-01 -1.221766433445736766e-04
2.819024622440338135e-01 4.154356122016906738e-01 -1.283590827370062470e-04
2.861140370368957520e-01 4.202151298522949219e-01 -1.340980670647695661e-04
2.903738021850585938e-01 4.249938130378723145e-01 -1.393740676576271653e-04
2.946817278861999512e-01 4.297714233398437500e-01 -1.441689091734588146e-04
2.990378141403198242e-01 4.345477819442749023e-01 -1.484649692429229617e-04
3.034420311450958252e-01 4.393226206302642822e-01 -1.522473321529105306e-04
3.078943490982055664e-01 4.440957307815551758e-01 -1.555020426167175174e-04
3.123947381973266602e-01 4.488668143749237061e-01 -1.582164841238409281e-04
3.169431686401367188e-01 4.536355733871459961e-01 -1.603810233063995838e-04
3.215396404266357422e-01 4.584017395973205566e-01 -1.619861723156645894e-04
3.261840939521789551e-01 4.631649851799011230e-01 -1.630251790629699826e-04
3.308764696121215820e-01 4.679249525070190430e-01 -1.634921354707330465e-04
3.356167674064636230e-01 4.726812839508056641e-01 -1.633831125218421221e-04
3.404049277305603027e-01 4.774336218833923340e-01 -1.626962184673175216e-04
3.452408909797668457e-01 4.821815490722656250e-01 -1.614317006897181273e-04
3.501245975494384766e-01 4.869246482849121094e-01 -1.595894718775525689e-04
3.550559878349304199e-01 4.916625022888183594e-01 -1.571733009768649936e-04
3.600350022315979004e-01 4.963946342468261719e-01 -1.541869569336995482e-04
3.650615513324737549e-01 5.011205673217773438e-01 -1.506372937001287937e-04
3.701355755329132080e-01 5.058398246765136719e-01 -1.465307868784293532e-04
3.752569854259490967e-01 5.105518698692321777e-01 -1.418782485416159034e-04
3.804257214069366455e-01 5.152561068534851074e-01 -1.366897631669417024e-04
3.856416642665863037e-01 5.199520587921142578e-01 -1.309783401666209102e-04
3.909047245979309082e-01 5.246390700340270996e-01 -1.247567997779697180e-04
3.962147831916809082e-01 5.293165445327758789e-01 -1.180409453809261322e-04
4.015717506408691406e-01 5.339838266372680664e-01 -1.108468641177751124e-04
4.069755077362060547e-01 5.386402606964111328e-01 -1.031934807542711496e-04
4.124259352684020996e-01 5.432851910591125488e-01 -9.509877418167889118e-05
4.179228842258453369e-01 5.479178428649902344e-01 -8.658270962769165635e-05
4.234662055969238281e-01 5.525375604629516602e-01 -7.766759517835453153e-05
4.290557801723480225e-01 5.571435093879699707e-01 -6.837568071205168962e-05
4.346914291381835938e-01 5.617349147796630859e-01 -5.873045665794052184e-05
4.403730034828186035e-01 5.663109421730041504e-01 -4.875576632912270725e-05
4.461003243923187256e-01 5.708707571029663086e-01 -3.847619882435537875e-05
4.518732130527496338e-01 5.754134654998779297e-01 -2.791812948998995125e-05
4.576914906501770020e-01 5.799381732940673828e-01 -1.710813012323342264e-05
4.635549485683441162e-01 5.844439268112182617e-01 -6.072726137063000351e-06
4.694633781909942627e-01 5.889297723770141602e-01 5.159869033377617598e-06
4.754165709018707275e-01 5.933946967124938965e-01 1.656243694014847279e-05
4.814143180847167969e-01 5.978376865386962891e-01 2.810636578942649066e-05
4.874563515186309814e-01 6.022576689720153809e-01 3.976314837927930057e-05
4.935424327850341797e-01 6.066535711288452148e-01 5.150417200638912618e-05
4.996723234653472900e-01 6.110242009162902832e-01 6.330082396743819118e-05
5.058457255363464355e-01 6.153684258460998535e-01 7.512519368901848793e-05
5.120623707771301270e-01 6.196850538253784180e-01 8.694827556610107422e-05
5.183219909667968750e-01 6.239728331565856934e-01 9.874303941614925861e-05
5.246242284774780273e-01 6.282305121421813965e-01 1.104801922338083386e-04
5.309687852859497070e-01 6.324567794799804688e-01 1.221330021508038044e-04
5.373553633689880371e-01 6.366502642631530762e-01 1.336746499873697758e-04
5.437836050987243652e-01 6.408095955848693848e-01 1.450793060939759016e-04
5.502531528472900391e-01 6.449333429336547852e-01 1.563207479193806648e-04
5.567635893821716309e-01 6.490200757980346680e-01 1.673741353442892432e-04
5.633146166801452637e-01 6.530683040618896484e-01 1.782154286047443748e-04
5.699057579040527344e-01 6.570764183998107910e-01 1.888217811938375235e-04
5.765366554260253906e-01 6.610429286956787109e-01 1.991716271732002497e-04
5.832068324089050293e-01 6.649661064147949219e-01 2.092429203912615776e-04
5.899158716201782227e-01 6.688443422317504883e-01 2.190167870139703155e-04
5.966633558273315430e-01 6.726759672164916992e-01 2.284739603055641055e-04
6.034487485885620117e-01 6.764591932296752930e-01 2.375974436290562153e-04
6.102715730667114258e-01 6.801922321319580078e-01 2.463721320964396000e-04
6.171313524246215820e-01 6.838732361793518066e-01 2.547819458413869143e-04
6.240274906158447266e-01 6.875002980232238770e-01 2.628149522934108973e-04
6.309595108032226562e-01 6.910715103149414062e-01 2.704589569475501776e-04
6.379268169403076172e-01 6.945849061012268066e-01 2.777042100206017494e-04
6.449288129806518555e-01 6.980385184288024902e-01 2.845421549864113331e-04
6.519649624824523926e-01 7.014302611351013184e-01 2.909661561716347933e-04
6.590345501899719238e-01 7.047579884529113770e-01 2.969705383293330669e-04
6.661370396614074707e-01 7.080195546150207520e-01 3.025520127266645432e-04
6.732716560363769531e-01 7.112128138542175293e-01 3.077094152104109526e-04
6.804378032684326172e-01 7.143355011940002441e-01 3.124418144579976797e-04
6.876347661018371582e-01 7.173852920532226562e-01 3.167517133988440037e-04
6.948617696762084961e-01 7.203599214553833008e-01 3.206418186891824007e-04
7.021180987358093262e-01 7.232569456100463867e-01 3.241177764721214771e-04
7.094029784202575684e-01 7.260739803314208984e-01 3.271860186941921711e-04
7.167156338691711426e-01 7.288085222244262695e-01 3.298554220236837864e-04
7.240551710128784180e-01 7.314581274986267090e-01 3.321366966702044010e-04
7.314208149909973145e-01 7.340202331542968750e-01 3.340412513352930546e-04
7.388116717338562012e-01 7.364922165870666504e-01 3.355828230269253254e-04
7.462268471717834473e-01 7.388714551925659180e-01 3.367775061633437872e-04
7.536654472351074219e-01 7.411552667617797852e-01 3.376403765287250280e-04
7.611264586448669434e-01 7.433409094810485840e-01 3.381910210009664297e-04
7.686089873313903809e-01 7.454256415367126465e-01 3.384489973541349173e-04
7.761119604110717773e-01 7.474067211151123047e-01 3.384349984116852283e-04
7.836343646049499512e-01 7.492812871932983398e-01 3.381727437954396009e-04
7.911751270294189453e-01 7.510464787483215332e-01 3.376854874659329653e-04
7.987331748008728027e-01 7.526994347572326660e-01 3.369981423020362854e-04
8.063073754310607910e-01 7.542372345924377441e-01 3.361370472703129053e-04
8.138965964317321777e-01 7.556569576263427734e-01 3.351300256326794624e-04
8.214996457099914551e-01 7.569555640220642090e-01 3.340052790008485317e-04
8.291152715682983398e-01 7.581301331520080566e-01 3.327921149320900440e-04
8.367422223091125488e-01 7.591775655746459961e-01 3.315201611258089542e-04
8.443792462348937988e-01 7.600948810577392578e-01 3.302203840576112270e-04
8.520250320434570312e-01 7.608790397644042969e-01 3.289239830337464809e-04
8.596782684326171875e-01 7.615270018577575684e-01 3.276626521255820990e-04
8.673375248908996582e-01 7.620356678962707520e-01 3.264673869125545025e-04
8.750014305114746094e-01 7.624019384384155273e-01 3.253717441111803055e-04
8.826684951782226562e-01 7.626227736473083496e-01 3.244081453885883093e-04
8.903372287750244141e-01 7.626951336860656738e-01 3.236092452425509691e-04
8.980061411857604980e-01 7.626158595085144043e-01 3.230076399631798267e-04
9.056737422943115234e-01 7.623819112777709961e-01 3.226351982448250055e-04
9.133383631706237793e-01 7.619902491569519043e-01 3.225237305741757154e-04
9.209983944892883301e-01 7.614378333091735840e-01 3.227059205528348684e-04
9.286522269248962402e-01 7.607216835021972656e-01 3.232117742300033569e-04
9.362981915473937988e-01 7.598387598991394043e-01 3.240729565732181072e-04
9.439345002174377441e-01 7.587860822677612305e-01 3.253188915550708771e-04
9.515594840049743652e-01 7.575606703758239746e-01 3.269792650826275349e-04
9.591712951660156250e-01 7.561596632003784180e-01 3.290821041446179152e-04
9.667681455612182617e-01 7.545801997184753418e-01 3.316546499263495207e-04
9.743482470512390137e-01 7.528194189071655273e-01 3.347242018207907677e-04
9.819096326828002930e-01 7.508745193481445312e-01 3.383160801604390144e-04
9.894504547119140625e-01 7.487427592277526855e-01 3.424557216931134462e-04
9.969688057899475098e-01 7.464215159416198730e-01 3.471653908491134644e-04
1.004462718963623047e+00 7.439081072807312012e-01 3.524690109770745039e-04
1.011930227279663086e+00 7.411999702453613281e-01 3.583882353268563747e-04
1.019369244575500488e+00 7.382946014404296875e-01 3.649439604487270117e-04
1.026777863502502441e+00 7.351895570755004883e-01 3.721545217558741570e-04
1.034153938293457031e+00 7.318825125694274902e-01 3.800395352300256491e-04
1.041495442390441895e+00 7.283710837364196777e-01 3.886155609507113695e-04
1.048800230026245117e+00 7.246531248092651367e-01 3.979014582000672817e-04
1.056066155433654785e+00 7.207264900207519531e-01 4.079119535163044930e-04
1.063291192054748535e+00 7.165891528129577637e-01 4.186632286291569471e-04
1.070473194122314453e+00 7.122391462326049805e-01 4.301703884266316891e-04
1.077609896659851074e+00 7.076745629310607910e-01 4.424474609550088644e-04
1.084699153900146484e+00 7.028936743736267090e-01 4.555073392111808062e-04
1.091738820075988770e+00 6.978948116302490234e-01 4.693637310992926359e-04
1.098726749420166016e+00 6.926764249801635742e-01 4.840292676817625761e-04
1.105660557746887207e+00 6.872370243072509766e-01 4.995148628950119019e-04
1.112538218498229980e+00 6.815752983093261719e-01 5.158322164788842201e-04
1.119357347488403320e+00 6.756899952888488770e-01 5.329935811460018158e-04
1.126115798950195312e+00 6.695799827575683594e-01 5.510089686140418053e-04
1.132811307907104492e+00 6.632443070411682129e-01 5.698874592781066895e-04
1.139441609382629395e+00 6.566821336746215820e-01 5.896385409869253635e-04
1.146004438400268555e+00 6.498926877975463867e-01 6.102700717747211456e-04
1.152497529983520508e+00 6.428754329681396484e-01 6.317888619378209114e-04
1.158918619155883789e+00 6.356298923492431641e-01 6.542002083733677864e-04
1.165265440940856934e+00 6.281557679176330566e-01 6.775080109946429729e-04
1.171535730361938477e+00 6.204529404640197754e-01 7.017167517915368080e-04
1.177727103233337402e+00 6.125214099884033203e-01 7.268260815180838108e-04
1.183837413787841797e+00 6.043613553047180176e-01 7.528357673436403275e-04
1.189864397048950195e+00 5.959731340408325195e-01 7.797408034093677998e-04
1.195805668830871582e+00 5.873572230339050293e-01 8.075346704572439194e-04
1.201658964157104492e+00 5.785143971443176270e-01 8.362090447917580605e-04
1.207422137260437012e+00 5.694454908370971680e-01 8.657518774271011353e-04
1.213092803955078125e+00 5.601516366004943848e-01 8.961462299339473248e-04
1.218668699264526367e+00 5.506340265274047852e-01 9.273736504837870598e-04
1.224147558212280273e+00 5.408942103385925293e-01 9.594114962965250015e-04
1.229527115821838379e+00 5.309338569641113281e-01 9.922308381646871567e-04
1.234805107116699219e+00 5.207548141479492188e-01 1.025803270749747753e-03
1.239979267120361328e+00 5.103592276573181152e-01 1.060091657564043999e-03
1.245047330856323242e+00 4.997493922710418701e-01 1.095056883059442043e-03
1.250007152557373047e+00 4.889278709888458252e-01 1.130654360167682171e-03
1.254856467247009277e+00 4.778974056243896484e-01 1.166836358606815338e-03
1.259593129158020020e+00 4.666610360145568848e-01 1.203551189973950386e-03
1.264214873313903809e+00 4.552219510078430176e-01 1.240741927176713943e-03
1.268719673156738281e+00 4.435836076736450195e-01 1.278348383493721485e-03
1.273105263710021973e+00 4.317496716976165771e-01 1.316306530497968197e-03
1.277369618415832520e+00 4.197240769863128662e-01 1.354549196548759937e-03
1.281510591506958008e+00 4.075109362602233887e-01 1.393005019053816795e-03
1.285526275634765625e+00 3.951146304607391357e-01 1.431601122021675110e-03
1.289414525032043457e+00 3.825397491455078125e-01 1.470261719077825546e-03
1.293173551559448242e+00 3.697910606861114502e-01 1.508908113464713097e-03
1.296801328659057617e+00 3.568736016750335693e-01 1.547462190501391888e-03
1.300296068191528320e+00 3.437925875186920166e-01 1.585841528140008450e-03
1.303655982017517090e+00 3.305534422397613525e-01 1.623965334147214890e-03
1.306879401206970215e+00 3.171617686748504639e-01 1.661751186475157738e-03
1.309964537620544434e+00 3.036233782768249512e-01 1.699118642136454582e-03
1.312909960746765137e+00 2.899442613124847412e-01 1.735986792482435703e-03
1.315714120864868164e+00 2.761305272579193115e-01 1.772277639247477055e-03
1.318375468254089355e+00 2.621885240077972412e-01 1.807913300581276417e-03
1.320892810821533203e+00 2.481246739625930786e-01 1.842821133323013783e-03
1.323264837265014648e+00 2.339455783367156982e-01 1.876930706202983856e-03
1.325490474700927734e+00 2.196579575538635254e-01 1.910175662487745285e-03
1.327568531036376953e+00 2.052686363458633423e-01 1.942494651302695274e-03
1.329498052597045898e+00 1.907845437526702881e-01 1.973831560462713242e-03
1.331278204917907715e+00 1.762127280235290527e-01 2.004136098548769951e-03
1.332908153533935547e+00 1.615602672100067139e-01 2.033365890383720398e-03
1.334387183189392090e+00 1.468343585729598999e-01 2.061483450233936310e-03
1.335714817047119141e+00 1.320422291755676270e-01 2.088462002575397491e-03
1.336890459060668945e+00 1.171911656856536865e-01 2.114280592650175095e-03
1.337913751602172852e+00 1.022884845733642578e-01 2.138928510248661041e-03
1.338784337043762207e+00 8.734153211116790771e-02 2.162403659895062447e-03
1.339502096176147461e+00 7.235765457153320312e-02 2.184714423492550850e-03
1.340066909790039062e+00 5.734422430396080017e-02 2.205878030508756638e-03
1.340478777885437012e+00 4.230859875679016113e-02 2.225923351943492889e-03
1.340737819671630859e+00 2.725812047719955444e-02 2.244888106361031532e-03
1.340844035148620605e+00 1.220011338591575623e-02 2.262820722535252571e-03
1.340797781944274902e+00 -2.858127467334270477e-03 2.279781037941575050e-03
1.340599417686462402e+00 -1.790934614837169647e-02 2.295839833095669746e-03
1.340249300003051758e+00 -3.294632956385612488e-02 2.311075339093804359e-03
1.339747786521911621e+00 -4.796191677451133728e-02 2.325578592717647552e-03
1.339095473289489746e+00 -6.294900923967361450e-02 2.339449245482683182e-03
1.338292956352233887e+00 -7.790055871009826660e-02 2.352795563638210297e-03
1.337340950965881348e+00 -9.280959516763687134e-02 2.365736290812492371e-03
1.336240053176879883e+00 -1.076692193746566772e-01 2.378395758569240570e-03
1.334991097450256348e+00 -1.224726065993309021e-01 2.390907146036624908e-03
1.333594918251037598e+00 -1.372130215167999268e-01 2.403409453108906746e-03
1.332052350044250488e+00 -1.518838256597518921e-01 2.416046569123864174e-03
1.330364227294921875e+00 -1.664784550666809082e-01 2.428965643048286438e-03
1.328531622886657715e+00 -1.809904426336288452e-01 2.442318713292479515e-03
1.326555371284484863e+00 -1.954134255647659302e-01 2.456257818266749382e-03
1.324436545372009277e+00 -2.097411453723907471e-01 2.470935694873332977e-03
1.322176098823547363e+00 -2.239674627780914307e-01 2.486502518877387047e-03
1.319775223731994629e+00 -2.380863279104232788e-01 2.503106836229562759e-03
1.317234992980957031e+00 -2.520918250083923340e-01 2.520890906453132629e-03
1.314556479454040527e+00 -2.659781575202941895e-01 2.539990469813346863e-03
1.311740875244140625e+00 -2.797396481037139893e-01 2.560533117502927780e-03
1.308789253234863281e+00 -2.933707535266876221e-01 2.582636196166276932e-03
1.305702924728393555e+00 -3.068660795688629150e-01 2.606403082609176636e-03
1.302483081817626953e+00 -3.202203512191772461e-01 2.631925279274582863e-03
1.299131035804748535e+00 -3.334284424781799316e-01 2.659277291968464851e-03
1.295648097991943359e+00 -3.464854061603546143e-01 2.688516629859805107e-03
1.292035579681396484e+00 -3.593864142894744873e-01 2.719682175666093826e-03
1.288294792175292969e+00 -3.721268177032470703e-01 2.752791158854961395e-03
1.284427046775817871e+00 -3.847021162509918213e-01 2.787841949611902237e-03
1.280433893203735352e+00 -3.971080183982849121e-01 2.824808238074183464e-03
1.276316761970520020e+00 -4.093404114246368408e-01 2.863643690943717957e-03
1.272077083587646484e+00 -4.213953316211700439e-01 2.904276596382260323e-03
1.267716407775878906e+00 -4.332690238952636719e-01 2.946614054962992668e-03
1.263236403465270996e+00 -4.449579417705535889e-01 2.990538952872157097e-03
1.258638620376586914e+00 -4.564587175846099854e-01 3.035913687199354172e-03
1.253924727439880371e+00 -4.677681922912597656e-01 3.082580398768186569e-03
1.249096393585205078e+00 -4.788833856582641602e-01 3.130359807983040810e-03
1.244155406951904297e+00 -4.898015856742858887e-01 3.179057035595178604e-03
1.239103436470031738e+00 -5.005202293395996094e-01 3.228460438549518585e-03
1.233942508697509766e+00 -5.110369920730590820e-01 3.278346499428153038e-03
1.228674411773681641e+00 -5.213497877120971680e-01 3.328479360789060593e-03
1.223301053047180176e+00 -5.314566493034362793e-01 3.378616413101553917e-03
1.217824459075927734e+00 -5.413559675216674805e-01 3.428509226068854332e-03
1.212246537208557129e+00 -5.510461926460266113e-01 3.477907972410321236e-03
1.206569433212280273e+00 -5.605261325836181641e-01 3.526561893522739410e-03
1.200795173645019531e+00 -5.697947144508361816e-01 3.574226284399628639e-03
1.194925904273986816e+00 -5.788510441780090332e-01 3.620661562308669090e-03
1.188963890075683594e+00 -5.876945257186889648e-01 3.665638156235218048e-03
1.182911157608032227e+00 -5.963246822357177734e-01 3.708939533680677414e-03
1.176770091056823730e+00 -6.047412157058715820e-01 3.750361269339919090e-03
1.170542836189270020e+00 -6.129441261291503906e-01 3.789716865867376328e-03
1.164231657981872559e+00 -6.209335327148437500e-01 3.826837753877043724e-03
1.157838821411132812e+00 -6.287097334861755371e-01 3.861574688926339149e-03
1.151366710662841797e+00 -6.362732052803039551e-01 3.893801243975758553e-03
1.144817590713500977e+00 -6.436246037483215332e-01 3.923411946743726730e-03
1.138193845748901367e+00 -6.507647633552551270e-01 3.950322978198528290e-03
1.131497740745544434e+00 -6.576946377754211426e-01 3.974474500864744186e-03
1.124731659889221191e+00 -6.644154191017150879e-01 3.995829727500677109e-03
1.117897868156433105e+00 -6.709282994270324707e-01 4.014371894299983978e-03
1.110998630523681641e+00 -6.772347688674926758e-01 4.030107986181974411e-03
1.104036331176757812e+00 -6.833363175392150879e-01 4.043066408485174179e-03
1.097013235092163086e+00 -6.892346739768981934e-01 4.053292330354452133e-03
1.089931607246398926e+00 -6.949316859245300293e-01 4.060852807015180588e-03
1.082793712615966797e+00 -7.004292011260986328e-01 4.065829329192638397e-03
1.075601696968078613e+00 -7.057293653488159180e-01 4.068320151418447495e-03
1.068357825279235840e+00 -7.108342647552490234e-01 4.068437032401561737e-03
1.061064243316650391e+00 -7.157461643218994141e-01 4.066303372383117676e-03
1.053723096847534180e+00 -7.204673886299133301e-01 4.062050953507423401e-03
1.046336531639099121e+00 -7.250003814697265625e-01 4.055825062096118927e-03
1.038906574249267578e+00 -7.293477058410644531e-01 4.047773778438568115e-03
1.031435132026672363e+00 -7.335119843482971191e-01 4.038050770759582520e-03
1.023924350738525391e+00 -7.374958395957946777e-01 4.026814829558134079e-03
1.016376018524169922e+00 -7.413020133972167969e-01 4.014225210994482040e-03
1.008792161941528320e+00 -7.449333667755126953e-01 4.000443499535322189e-03
1.001174569129943848e+00 -7.483927607536315918e-01 3.985628485679626465e-03
9.935250878334045410e-01 -7.516831159591674805e-01 3.969939425587654114e-03
9.858454465866088867e-01 -7.548073530197143555e-01 3.953528124839067459e-03
9.781373739242553711e-01 -7.577685117721557617e-01 3.936547320336103439e-03
9.704025983810424805e-01 -7.605696916580200195e-01 3.919141832739114761e-03
9.626426696777343750e-01 -7.632139325141906738e-01 3.901451593264937401e-03
9.548592567443847656e-01 -7.657043337821960449e-01 3.883610479533672333e-03
9.470538496971130371e-01 -7.680441141128540039e-01 3.865745849907398224e-03
9.392279386520385742e-01 -7.702363729476928711e-01 3.847977146506309509e-03
9.313830137252807617e-01 -7.722842693328857422e-01 3.830415196716785431e-03
9.235205054283142090e-01 -7.741910219192504883e-01 3.813165705651044846e-03
9.156417250633239746e-01 -7.759598493576049805e-01 3.796324832364916801e-03
9.077480435371398926e-01 -7.775939106941223145e-01 3.779981518164277077e-03
8.998407721519470215e-01 -7.790964245796203613e-01 3.764215391129255295e-03
8.919211030006408691e-01 -7.804706096649169922e-01 3.749100025743246078e-03
8.839902877807617188e-01 -7.817196846008300781e-01 3.734700381755828857e-03
8.760495185852050781e-01 -7.828468084335327148e-01 3.721074899658560753e-03
8.680998682975769043e-01 -7.838551998138427734e-01 3.708273870870471001e-03
8.601424694061279297e-01 -7.847479581832885742e-01 3.696340136229991913e-03
8.521784543991088867e-01 -7.855283021926879883e-01 3.685311647132039070e-03
8.442087769508361816e-01 -7.861993312835693359e-01 3.675217274576425552e-03
8.362344503402709961e-01 -7.867641448974609375e-01 3.666084259748458862e-03
8.282564282417297363e-01 -7.872259020805358887e-01 3.657928667962551117e-03
8.202757239341735840e-01 -7.875875830650329590e-01 3.650765167549252510e-03
8.122931718826293945e-01 -7.878522872924804688e-01 3.644601441919803619e-03
8.043096661567687988e-01 -7.880230545997619629e-01 3.639442147687077522e-03
7.963260412216186523e-01 -7.881028652191162109e-01 3.635286586359143257e-03
7.883431315422058105e-01 -7.880946397781372070e-01 3.632130334153771400e-03
7.803617715835571289e-01 -7.880013585090637207e-01 3.629965241998434067e-03
7.723826766014099121e-01 -7.878258824348449707e-01 3.628780599683523178e-03
7.644066214561462402e-01 -7.875711321830749512e-01 3.628562437370419502e-03
7.564342617988586426e-01 -7.872399091720581055e-01 3.629293292760848999e-03
7.484663724899291992e-01 -7.868350744247436523e-01 3.630955703556537628e-03
7.405035495758056641e-01 -7.863593101501464844e-01 3.633527085185050964e-03
7.325464487075805664e-01 -7.858154177665710449e-01 3.636984853073954582e-03
7.245957255363464355e-01 -7.852060794830322266e-01 3.641304560005664825e-03
7.166519761085510254e-01 -7.845339775085449219e-01 3.646460594609379768e-03
7.087157368659973145e-01 -7.838017344474792480e-01 3.652425948530435562e-03
7.007876038551330566e-01 -7.830119729042053223e-01 3.659173380583524704e-03
6.928681135177612305e-01 -7.821671962738037109e-01 3.666674019768834114e-03
6.849577426910400391e-01 -7.812699675559997559e-01 3.674899460747838020e-03
6.770569682121276855e-01 -7.803227901458740234e-01 3.683820366859436035e-03
6.691663265228271484e-01 -7.793280482292175293e-01 3.693406935781240463e-03
6.612862348556518555e-01 -7.782882452011108398e-01 3.703629598021507263e-03
6.534171104431152344e-01 -7.772057056427001953e-01 3.714458318427205086e-03
6.455594301223754883e-01 -7.760827541351318359e-01 3.725863760337233543e-03
6.377135515213012695e-01 -7.749217152595520020e-01 3.737816354259848595e-03
6.298798322677612305e-01 -7.737248539924621582e-01 3.750286763533949852e-03
6.220586299896240234e-01 -7.724944353103637695e-01 3.763247048482298851e-03
6.142503023147583008e-01 -7.712326049804687500e-01 3.776667173951864243e-03
6.064551472663879395e-01 -7.699415683746337891e-01 3.790520597249269485e-03
5.986734628677368164e-01 -7.686234116554260254e-01 3.804779145866632462e-03
5.909055471420288086e-01 -7.672801613807678223e-01 3.819416044279932976e-03
5.831516981124877930e-01 -7.659139633178710938e-01 3.834404749795794487e-03
5.754121541976928711e-01 -7.645267248153686523e-01 3.849718021228909492e-03
5.676870942115783691e-01 -7.631204724311828613e-01 3.865331644192337990e-03
5.599767565727233887e-01 -7.616971135139465332e-01 3.881219541653990746e-03
5.522813200950622559e-01 -7.602585554122924805e-01 3.897357964888215065e-03
5.446010231971740723e-01 -7.588066458702087402e-01 3.913721069693565369e-03
5.369359850883483887e-01 -7.573432326316833496e-01 3.930286969989538193e-03
5.292863249778747559e-01 -7.558700442314147949e-01 3.947031684219837189e-03
5.216522216796875000e-01 -7.543888092041015625e-01 3.963932394981384277e-03
5.140337347984313965e-01 -7.529012560844421387e-01 3.980967216193675995e-03
5.064309835433959961e-01 -7.514090538024902344e-01 3.998113330453634262e-03
4.988440275192260742e-01 -7.499138116836547852e-01 4.015349783003330231e-03
4.912729263305664062e-01 -7.484171390533447266e-01 4.032654222100973129e-03
4.837177395820617676e-01 -7.469205856323242188e-01 4.050006158649921417e-03
4.761784672737121582e-01 -7.454256415367126465e-01 4.067385103553533554e-03
4.686551392078399658e-01 -7.439337968826293945e-01 4.084769170731306076e-03
4.611477553844451904e-01 -7.424464821815490723e-01 4.102138336747884750e-03
4.536562860012054443e-01 -7.409651279449462891e-01 4.119471646845340729e-03
4.461807012557983398e-01 -7.394910454750061035e-01 4.136749077588319778e-03
4.387209415435791016e-01 -7.380255460739135742e-01 4.153951071202754974e-03
4.312769472599029541e-01 -7.365699410438537598e-01 4.171057138592004776e-03
4.238486289978027344e-01 -7.351254820823669434e-01 4.188047256320714951e-03
4.164358973503112793e-01 -7.336933612823486328e-01 4.204900935292243958e-03
4.090386331081390381e-01 -7.322747707366943359e-01 4.221598152071237564e-03
4.016566872596740723e-01 -7.308708429336547852e-01 4.238120280206203461e-03
3.942899703979492188e-01 -7.294826507568359375e-01 4.254445899277925491e-03
3.869383037090301514e-01 -7.281112670898437500e-01 4.270555917173624039e-03
3.796015083789825439e-01 -7.267577052116394043e-01 4.286430310457944870e-03
3.722794353961944580e-01 -7.254229784011840820e-01 4.302048590034246445e-03
3.649718761444091797e-01 -7.241080403327941895e-01 4.317391198128461838e-03
3.576786220073699951e-01 -7.228137850761413574e-01 4.332438111305236816e-03
3.503994643688201904e-01 -7.215411663055419922e-01 4.347170237451791763e-03
3.431341946125030518e-01 -7.202909588813781738e-01 4.361567553132772446e-03
3.358825445175170898e-01 -7.190639972686767578e-01 4.375610966235399246e-03
3.286442756652832031e-01 -7.178610563278198242e-01 4.389280453324317932e-03
3.214191198348999023e-01 -7.166829109191894531e-01 4.402557387948036194e-03
3.142068088054656982e-01 -7.155302762985229492e-01 4.415421746671199799e-03
3.070070743560791016e-01 -7.144038081169128418e-01 4.427856765687465668e-03
2.998196184635162354e-01 -7.133042216300964355e-01 4.439841955900192261e-03
2.926441431045532227e-01 -7.122320532798767090e-01 4.451360553503036499e-03
2.854803204536437988e-01 -7.111879587173461914e-01 4.462394397705793381e-03
2.783278524875640869e-01 -7.101724743843078613e-01 4.472926724702119827e-03
2.711864411830902100e-01 -7.091861963272094727e-01 4.482941236346960068e-03
2.640556991100311279e-01 -7.082295417785644531e-01 4.492421634495258331e-03
2.569353282451629639e-01 -7.073030471801757812e-01 4.501353483647108078e-03
2.498249709606170654e-01 -7.064071297645568848e-01 4.509721416980028152e-03
2.427242845296859741e-01 -7.055422663688659668e-01 4.517510998994112015e-03
2.356328964233398438e-01 -7.047088146209716797e-01 4.524710122495889664e-03
2.285504490137100220e-01 -7.039071917533874512e-01 4.531306680291891098e-03
2.214765846729278564e-01 -7.031376957893371582e-01 4.537289496511220932e-03
2.144109308719635010e-01 -7.024006843566894531e-01 4.542648792266845703e-03
2.073531001806259155e-01 -7.016965150833129883e-01 4.547376185655593872e-03
2.003027200698852539e-01 -7.010254263877868652e-01 4.551462829113006592e-03
1.932594031095504761e-01 -7.003876566886901855e-01 4.554903600364923477e-03
1.862227767705917358e-01 -6.997835040092468262e-01 4.557691980153322220e-03
1.791924387216567993e-01 -6.992131471633911133e-01 4.559825640171766281e-03
1.721680015325546265e-01 -6.986768245697021484e-01 4.561300389468669891e-03
1.651490777730941772e-01 -6.981747150421142578e-01 4.562116693705320358e-03
1.581352800130844116e-01 -6.977069377899169922e-01 4.562274552881717682e-03
1.511262059211730957e-01 -6.972737312316894531e-01 4.561776295304298401e-03
1.441214680671691895e-01 -6.968751549720764160e-01 4.560625180602073669e-03
1.371206641197204590e-01 -6.965113878250122070e-01 4.558827262371778488e-03
1.301234066486358643e-01 -6.961824893951416016e-01 4.556389525532722473e-03
1.231293007731437683e-01 -6.958885788917541504e-01 4.553320817649364471e-03
1.161379516124725342e-01 -6.956297159194946289e-01 4.549630451947450638e-03
1.091489642858505249e-01 -6.954059600830078125e-01 4.545331001281738281e-03
1.021619439125061035e-01 -6.952173709869384766e-01 4.540436901152133942e-03
9.517651051282882690e-02 -6.950640082359313965e-01 4.534963984042406082e-03
8.819226920604705811e-02 -6.949458718299865723e-01 4.528927616775035858e-03
8.120884001255035400e-02 -6.948629617691040039e-01 4.522347822785377502e-03
7.422583550214767456e-02 -6.948152780532836914e-01 4.515245556831359863e-03
6.724286824464797974e-02 -6.948027610778808594e-01 4.507643170654773712e-03
6.025956571102142334e-02 -6.948254704475402832e-01 4.499564412981271744e-03
5.327555164694786072e-02 -6.948833465576171875e-01 4.491035360842943192e-03
4.629045352339744568e-02 -6.949763298034667969e-01 4.482083022594451904e-03
3.930389881134033203e-02 -6.951043605804443359e-01 4.472735337913036346e-03
3.231552243232727051e-02 -6.952673196792602539e-01 4.463022574782371521e-03
2.532495930790901184e-02 -6.954652070999145508e-01 4.452978260815143585e-03
1.833184994757175446e-02 -6.956979036331176758e-01 4.442633595317602158e-03
1.133584044873714447e-02 -6.959652900695800781e-01 4.432023968547582626e-03
4.336574580520391464e-03 -6.962673068046569824e-01 4.421184305101633072e-03
-2.666294574737548828e-03 -6.966037750244140625e-01 4.410151392221450806e-03
-9.673113003373146057e-03 -6.969746351242065430e-01 4.398963414132595062e-03
-1.668422110378742218e-02 -6.973797082901000977e-01 4.387658555060625076e-03
-2.369995787739753723e-02 -6.978188753128051758e-01 4.376275930553674698e-03
-3.072065673768520355e-02 -6.982918977737426758e-01 4.364856053143739700e-03
-3.774664551019668579e-02 -6.987986564636230469e-01 4.353439901024103165e-03
-4.477825015783309937e-02 -6.993389725685119629e-01 4.342068452388048172e-03
-5.181579664349555969e-02 -6.999126672744750977e-01 4.330783151090145111e-03
-5.885959789156913757e-02 -7.005195021629333496e-01 4.319625906646251678e-03
-6.590996682643890381e-02 -7.011592984199523926e-01 4.308640025556087494e-03
-7.296721637248992920e-02 -7.018318176269531250e-01 4.297865554690361023e-03
-8.003165572881698608e-02 -7.025368213653564453e-01 4.287345334887504578e-03
-8.710358291864395142e-02 -7.032740712165832520e-01 4.277121275663375854e-03
-9.418329596519470215e-02 -7.040432691574096680e-01 4.267234820872545242e-03
-1.012710854411125183e-01 -7.048441171646118164e-01 4.257727414369583130e-03
-1.083672419190406799e-01 -7.056763768196105957e-01 4.248638637363910675e-03
-1.154720559716224670e-01 -7.065397500991821289e-01 4.240008536726236343e-03
-1.225858032703399658e-01 -7.074338793754577637e-01 4.231874365359544754e-03
-1.297087669372558594e-01 -7.083584666252136230e-01 4.224274773150682449e-03
-1.368412226438522339e-01 -7.093131542205810547e-01 4.217245616018772125e-03
-1.439834386110305786e-01 -7.102975845336914062e-01 4.210821818560361862e-03
-1.511356830596923828e-01 -7.113113403320312500e-01 4.205037374049425125e-03
-1.582982093095779419e-01 -7.123540639877319336e-01 4.199923481792211533e-03
-1.654712855815887451e-01 -7.134253382682800293e-01 4.195509944111108780e-03
-1.726551651954650879e-01 -7.145247459411621094e-01 4.191827028989791870e-03
-1.798500865697860718e-01 -7.156518101692199707e-01 4.188900347799062729e-03
-1.870563030242919922e-01 -7.168060541152954102e-01 4.186754114925861359e-03
-1.942740529775619507e-01 -7.179870009422302246e-01 4.185410216450691223e-03
-2.015035748481750488e-01 -7.191941738128662109e-01 4.184889141470193863e-03
-2.087451070547103882e-01 -7.204270362854003906e-01 4.185209516435861588e-03
-2.159988731145858765e-01 -7.216849923133850098e-01 4.186385311186313629e-03
-2.232650965452194214e-01 -7.229675054550170898e-01 4.188429564237594604e-03
-2.305439859628677368e-01 -7.242739796638488770e-01 4.191351588815450668e-03
-2.378357648849487305e-01 -7.256038188934326172e-01 4.195159766823053360e-03
-2.451406419277191162e-01 -7.269563674926757812e-01 4.199859220534563065e-03
-2.524588108062744141e-01 -7.283309698104858398e-01 4.205449949949979782e-03
-2.597904801368713379e-01 -7.297269105911254883e-01 4.211931955069303513e-03
-2.671358287334442139e-01 -7.311435341835021973e-01 4.219302441924810410e-03
-2.744950354099273682e-01 -7.325800657272338867e-01 4.227553494274616241e-03
-2.818683087825775146e-01 -7.340357303619384766e-01 4.236675333231687546e-03
-2.892557978630065918e-01 -7.355097532272338867e-01 4.246654454618692398e-03
-2.966576516628265381e-01 -7.370012998580932617e-01 4.257475957274436951e-03
-3.040740489959716797e-01 -7.385095357894897461e-01 4.269121214747428894e-03
-3.115051388740539551e-01 -7.400335669517517090e-01 4.281568340957164764e-03
-3.189510703086853027e-01 -7.415724396705627441e-01 4.294792190194129944e-03
-3.264119625091552734e-01 -7.431252598762512207e-01 4.308765754103660583e-03
-3.338879346847534180e-01 -7.446910738945007324e-01 4.323458764702081680e-03
-3.413791358470916748e-01 -7.462688684463500977e-01 4.338838160037994385e-03
-3.488856554031372070e-01 -7.478575706481933594e-01 4.354867618530988693e-03
-3.564075827598571777e-01 -7.494561672210693359e-01 4.371508024632930756e-03
-3.639450073242187500e-01 -7.510634660720825195e-01 4.388720262795686722e-03
-3.714980185031890869e-01 -7.526783943176269531e-01 4.406458698213100433e-03
-3.790666759014129639e-01 -7.542998194694519043e-01 4.424678161740303040e-03
-3.866510391235351562e-01 -7.559264302253723145e-01 4.443329758942127228e-03
-3.942511379718780518e-01 -7.575570344924926758e-01 4.462364595383405685e-03
-4.018670320510864258e-01 -7.591903805732727051e-01 4.481729120016098022e-03
-4.094987213611602783e-01 -7.608251571655273438e-01 4.501369781792163849e-03
-4.171462059020996094e-01 -7.624599337577819824e-01 4.521231167018413544e-03
-4.248095154762268066e-01 -7.640933990478515625e-01 4.541254602372646332e-03
-4.324886202812194824e-01 -7.657240629196166992e-01 4.561382811516523361e-03
-4.401834905147552490e-01 -7.673504948616027832e-01 4.581554327160120010e-03
-4.478940665721893311e-01 -7.689712047576904297e-01 4.601709078997373581e-03
-4.556202888488769531e-01 -7.705846428871154785e-01 4.621784202754497528e-03
-4.633620977401733398e-01 -7.721891999244689941e-01 4.641719162464141846e-03
-4.711194038391113281e-01 -7.737832665443420410e-01 4.661450162529945374e-03
-4.788921177387237549e-01 -7.753651738166809082e-01 4.680914804339408875e-03
-4.866800904273986816e-01 -7.769332528114318848e-01 4.700050689280033112e-03
-4.944832026958465576e-01 -7.784857153892517090e-01 4.718796815723180771e-03
-5.023012757301330566e-01 -7.800208330154418945e-01 4.737090319395065308e-03
-5.101342201232910156e-01 -7.815367579460144043e-01 4.754871129989624023e-03
-5.179817676544189453e-01 -7.830316424369812012e-01 4.772079177200794220e-03
-5.258437395095825195e-01 -7.845035791397094727e-01 4.788656719028949738e-03
-5.337199568748474121e-01 -7.859506607055664062e-01 4.804547410458326340e-03
-5.416101217269897461e-01 -7.873708605766296387e-01 4.819696769118309021e-03
-5.495139956474304199e-01 -7.887622117996215820e-01 4.834052175283432007e-03
-5.574313402175903320e-01 -7.901226282119750977e-01 4.847562871873378754e-03
-5.653618574142456055e-01 -7.914500236511230469e-01 4.860183689743280411e-03
-5.733051896095275879e-01 -7.927423119544982910e-01 4.871868994086980820e-03
-5.812610387802124023e-01 -7.939972877502441406e-01 4.882578738033771515e-03
-5.892290472984313965e-01 -7.952127456665039062e-01 4.892276134341955185e-03
-5.972087979316711426e-01 -7.963864803314208984e-01 4.900926258414983749e-03
-6.051999926567077637e-01 -7.975162267684936523e-01 4.908499307930469513e-03
-6.132021546363830566e-01 -7.985996007919311523e-01 4.914970602840185165e-03
-6.212148666381835938e-01 -7.996343374252319336e-01 4.920319654047489166e-03
-6.292376518249511719e-01 -8.006180524826049805e-01 4.924529232084751129e-03
-6.372700333595275879e-01 -8.015483021736145020e-01 4.927589092403650284e-03
-6.453115344047546387e-01 -8.024226427078247070e-01 4.929491318762302399e-03
-6.533616185188293457e-01 -8.032386302947998047e-01 4.930234514176845551e-03
-6.614197492599487305e-01 -8.039937615394592285e-01 4.929824266582727432e-03
-6.694853305816650391e-01 -8.046854734420776367e-01 4.928267560899257660e-03
-6.775577664375305176e-01 -8.053112626075744629e-01 4.925580229610204697e-03
-6.856364607810974121e-01 -8.058685064315795898e-01 4.921783693134784698e-03
-6.937207579612731934e-01 -8.063546419143676758e-01 4.916902631521224976e-03
-7.018099427223205566e-01 -8.067669868469238281e-01 4.910967778414487839e-03
-7.099033594131469727e-01 -8.071029186248779297e-01 4.904017318040132523e-03
-7.180002331733703613e-01 -8.073597550392150879e-01 4.896091762930154800e-03
-7.260998487472534180e-01 -8.075348138809204102e-01 4.887240938842296600e-03
-7.342014312744140625e-01 -8.076254129409790039e-01 4.877515602856874466e-03
-7.423040866851806641e-01 -8.076288104057312012e-01 4.866975359618663788e-03
-7.504070401191711426e-01 -8.075422644615173340e-01 4.855682142078876495e-03
-7.585093975067138672e-01 -8.073630332946777344e-01 4.843703936785459518e-03
-7.666102051734924316e-01 -8.070883750915527344e-01 4.831110592931509018e-03
-7.747085690498352051e-01 -8.067154884338378906e-01 4.817979410290718079e-03
-7.828034758567810059e-01 -8.062416911125183105e-01 4.804390016943216324e-03
-7.908939123153686523e-01 -8.056641221046447754e-01 4.790424834936857224e-03
-7.989788651466369629e-01 -8.049800992012023926e-01 4.776170011609792709e-03
-8.070572018623352051e-01 -8.041868209838867188e-01 4.761712625622749329e-03
-8.151278495788574219e-01 -8.032815456390380859e-01 4.747143946588039398e-03
-8.231896162033081055e-01 -8.022615313529968262e-01 4.732555709779262543e-03
-8.312413096427917480e-01 -8.011240363121032715e-01 4.718041513115167618e-03
-8.392817378044128418e-01 -7.998663187026977539e-01 4.703694954514503479e-03
-8.473095893859863281e-01 -7.984856963157653809e-01 4.689609631896018982e-03
-8.553235530853271484e-01 -7.969794273376464844e-01 4.675879608839750290e-03
-8.633223176002502441e-01 -7.953448891639709473e-01 4.662598017603158951e-03
-8.713045120239257812e-01 -7.935794591903686523e-01 4.649857524782419205e-03
-8.792687058448791504e-01 -7.916804552078247070e-01 4.637747071683406830e-03
-8.872134089469909668e-01 -7.896453142166137695e-01 4.626354668289422989e-03
-8.951371908187866211e-01 -7.874714732170104980e-01 4.615765064954757690e-03
-9.030385017395019531e-01 -7.851563692092895508e-01 4.606062080711126328e-03
-9.109157919883728027e-01 -7.826975584030151367e-01 4.597322084009647369e-03
-9.187675118446350098e-01 -7.800925374031066895e-01 4.589620977640151978e-03
-9.265919923782348633e-01 -7.773389220237731934e-01 4.583029542118310928e-03
-9.343876242637634277e-01 -7.744342684745788574e-01 4.577613901346921921e-03
-9.421526789665222168e-01 -7.713763117790222168e-01 4.573435056954622269e-03
-9.498854875564575195e-01 -7.681627273559570312e-01 4.570549819618463516e-03
-9.575843214988708496e-01 -7.647912502288818359e-01 4.569009412080049515e-03
-9.652473926544189453e-01 -7.612597346305847168e-01 4.568858537822961807e-03
-9.728729724884033203e-01 -7.575660347938537598e-01 4.570139572024345398e-03
-9.804592728614807129e-01 -7.537080049514770508e-01 4.572886973619461060e-03
-9.880045056343078613e-01 -7.496836781501770020e-01 4.577130079269409180e-03
-9.955068230628967285e-01 -7.454910278320312500e-01 4.582893103361129761e-03
-1.002964377403259277e+00 -7.411281466484069824e-01 4.590193275362253189e-03
-1.010375380516052246e+00 -7.365931868553161621e-01 4.599043633788824081e-03
-1.017737865447998047e+00 -7.318843007087707520e-01 4.609451629221439362e-03
-1.025050044059753418e+00 -7.269998192787170410e-01 4.621418658643960953e-03
-1.032310128211975098e+00 -7.219380736351013184e-01 4.634941462427377701e-03
-1.039516210556030273e+00 -7.166973948478698730e-01 4.650011193007230759e-03
-1.046666383743286133e+00 -7.112763524055480957e-01 4.666611552238464355e-03
-1.053758859634399414e+00 -7.056734561920166016e-01 4.684722982347011566e-03
-1.060791730880737305e+00 -6.998873353004455566e-01 4.704320803284645081e-03
-1.067763090133666992e+00 -6.939166784286499023e-01 4.725374281406402588e-03
-1.074671268463134766e+00 -6.877603530883789062e-01 4.747848026454448700e-03
-1.081514239311218262e+00 -6.814171671867370605e-01 4.771702922880649567e-03
-1.088290333747863770e+00 -6.748861670494079590e-01 4.796893335878849030e-03
-1.094997644424438477e+00 -6.681663990020751953e-01 4.823368508368730545e-03
-1.101634383201599121e+00 -6.612570285797119141e-01 4.851073492318391800e-03
-1.108198761940002441e+00 -6.541573405265808105e-01 4.879949614405632019e-03
-1.114688992500305176e+00 -6.468667387962341309e-01 4.909930285066366196e-03
-1.121103286743164062e+00 -6.393847465515136719e-01 4.940946586430072784e-03
-1.127439856529235840e+00 -6.317109465599060059e-01 4.972924944013357162e-03
-1.133696913719177246e+00 -6.238451600074768066e-01 5.005784798413515091e-03
-1.139872670173645020e+00 -6.157872080802917480e-01 5.039443727582693100e-03
-1.145965337753295898e+00 -6.075371503829956055e-01 5.073813255876302719e-03
-1.151973247528076172e+00 -5.990952253341674805e-01 5.108801182359457016e-03
-1.157894611358642578e+00 -5.904616713523864746e-01 5.144311115145683289e-03
-1.163727760314941406e+00 -5.816370248794555664e-01 5.180242471396923065e-03
-1.169470906257629395e+00 -5.726218819618225098e-01 5.216489080339670181e-03
-1.175122261047363281e+00 -5.634170770645141602e-01 5.252945236861705780e-03
-1.180680155754089355e+00 -5.540235638618469238e-01 5.289498716592788696e-03
-1.186142921447753906e+00 -5.444425344467163086e-01 5.326036829501390457e-03
-1.191508650779724121e+00 -5.346753001213073730e-01 5.362443160265684128e-03
-1.196775794029235840e+00 -5.247234106063842773e-01 5.398601759225130081e-03
-1.201942443847656250e+00 -5.145885348320007324e-01 5.434393417090177536e-03
-1.207007050514221191e+00 -5.042726397514343262e-01 5.469700787216424942e-03
-1.211967706680297852e+00 -4.937778115272521973e-01 5.504406522959470749e-03
-1.216822862625122070e+00 -4.831063747406005859e-01 5.538396071642637253e-03
-1.221570611000061035e+00 -4.722608625888824463e-01 5.571554880589246750e-03
-1.226209402084350586e+00 -4.612439870834350586e-01 5.603774450719356537e-03
-1.230737447738647461e+00 -4.500586688518524170e-01 5.634949076920747757e-03
-1.235153079032897949e+00 -4.387080669403076172e-01 5.664979573339223862e-03
-1.239454507827758789e+00 -4.271954894065856934e-01 5.693772342056035995e-03
-1.243640184402465820e+00 -4.155244827270507812e-01 5.721242632716894150e-03
-1.247708439826965332e+00 -4.036988019943237305e-01 5.747313145548105240e-03
-1.251657605171203613e+00 -3.917223811149597168e-01 5.771916359663009644e-03
-1.255486130714416504e+00 -3.795993328094482422e-01 5.794994998723268509e-03
-1.259192347526550293e+00 -3.673340082168579102e-01 5.816502496600151062e-03
-1.262774825096130371e+00 -3.549308776855468750e-01 5.836403463035821915e-03
-1.266231894493103027e+00 -3.423946499824523926e-01 5.854675546288490295e-03
-1.269562244415283203e+00 -3.297301828861236572e-01 5.871308501809835434e-03
-1.272764444351196289e+00 -3.169425129890441895e-01 5.886305123567581177e-03
-1.275837063789367676e+00 -3.040367960929870605e-01 5.899679381400346756e-03
-1.278778791427612305e+00 -2.910183668136596680e-01 5.911458749324083328e-03
-1.281588315963745117e+00 -2.778927087783813477e-01 5.921684205532073975e-03
-1.284264445304870605e+00 -2.646653950214385986e-01 5.930406507104635239e-03
-1.286806106567382812e+00 -2.513421475887298584e-01 5.937687121331691742e-03
-1.289212226867675781e+00 -2.379288375377655029e-01 5.943600088357925415e-03
-1.291481733322143555e+00 -2.244313806295394897e-01 5.948227364569902420e-03
-1.293613791465759277e+00 -2.108558118343353271e-01 5.951660685241222382e-03
-1.295607447624206543e+00 -1.972082406282424927e-01 5.953997839242219925e-03
-1.297461986541748047e+00 -1.834948658943176270e-01 5.955343134701251984e-03
-1.299176692962646484e+00 -1.697219312191009521e-01 5.955806467682123184e-03
-1.300750970840454102e+00 -1.558957546949386597e-01 5.955499596893787384e-03
-1.302184343338012695e+00 -1.420226842164993286e-01 5.954537540674209595e-03
-1.303476214408874512e+00 -1.281090974807739258e-01 5.953035783022642136e-03
-1.304626345634460449e+00 -1.141614019870758057e-01 5.951108876615762711e-03
-1.305634498596191406e+00 -1.001860275864601135e-01 5.948869511485099792e-03
-1.306500315666198730e+00 -8.618940412998199463e-02 5.946427583694458008e-03
-1.307223796844482422e+00 -7.217796146869659424e-02 5.943888332694768906e-03
-1.307804942131042480e+00 -5.815811827778816223e-02 5.941351875662803650e-03
-1.308243751525878906e+00 -4.413627833127975464e-02 5.938911344856023788e-03
-1.308540344238281250e+00 -3.011881187558174133e-02 5.936652887612581253e-03
-1.308694958686828613e+00 -1.611206308007240295e-02 5.934654735028743744e-03
-1.308707952499389648e+00 -2.122341655194759369e-03 5.932987201958894730e-03
-1.308579564094543457e+00 1.184410229325294495e-02 5.931710824370384216e-03
-1.308310389518737793e+00 2.578105777502059937e-02 5.930876359343528748e-03
-1.307900786399841309e+00 3.968238458037376404e-02 5.930525250732898712e-03
-1.307351350784301758e+00 5.354198813438415527e-02 5.930689629167318344e-03
-1.306662797927856445e+00 6.735385954380035400e-02 5.931390915066003799e-03
-1.305835843086242676e+00 8.111204952001571655e-02 5.932642612606287003e-03
-1.304871201515197754e+00 9.481069445610046387e-02 5.934447515755891800e-03
-1.303769588470458984e+00 1.084440052509307861e-01 5.936800502240657806e-03
-1.302531957626342773e+00 1.220062747597694397e-01 5.939688533544540405e-03
-1.301159262657165527e+00 1.354918926954269409e-01 5.943089257925748825e-03
-1.299652457237243652e+00 1.488953381776809692e-01 5.946974270045757294e-03
-1.298012495040893555e+00 1.622111797332763672e-01 5.951307713985443115e-03
-1.296240568161010742e+00 1.754340827465057373e-01 5.956049077212810516e-03
-1.294337630271911621e+00 1.885588169097900391e-01 5.961152259260416031e-03
-1.292304873466491699e+00 2.015802562236785889e-01 5.966567900031805038e-03
-1.290143489837646484e+00 2.144933789968490601e-01 5.972241982817649841e-03
-1.287854671478271484e+00 2.272932529449462891e-01 5.978117696940898895e-03
-1.285439610481262207e+00 2.399750947952270508e-01 5.984137300401926041e-03
-1.282899618148803711e+00 2.525341808795928955e-01 5.990242585539817810e-03
-1.280236005783081055e+00 2.649659514427185059e-01 5.996374879032373428e-03
-1.277450084686279297e+00 2.772659361362457275e-01 6.002475041896104813e-03
-1.274543166160583496e+00 2.894297838211059570e-01 6.008487194776535034e-03
-1.271516680717468262e+00 3.014532625675201416e-01 6.014356389641761780e-03
-1.268371939659118652e+00 3.133322596549987793e-01 6.020030938088893890e-03
-1.265110492706298828e+00 3.250628113746643066e-01 6.025460548698902130e-03
-1.261733770370483398e+00 3.366410732269287109e-01 6.030600517988204956e-03
-1.258243203163146973e+00 3.480633199214935303e-01 6.035410799086093903e-03
-1.254640221595764160e+00 3.593259751796722412e-01 6.039855536073446274e-03
-1.250926375389099121e+00 3.704255819320678711e-01 6.043902132660150528e-03
-1.247103333473205566e+00 3.813588321208953857e-01 6.047525443136692047e-03
-1.243172526359558105e+00 3.921225666999816895e-01 6.050704978406429291e-03
-1.239135503768920898e+00 4.027137458324432373e-01 6.053425371646881104e-03
-1.234994053840637207e+00 4.131294786930084229e-01 6.055676378309726715e-03
-1.230749607086181641e+00 4.233670532703399658e-01 6.057455670088529587e-03
-1.226403951644897461e+00 4.334238767623901367e-01 6.058763712644577026e-03
-1.221958756446838379e+00 4.432975351810455322e-01 6.059607490897178650e-03
-1.217415690422058105e+00 4.529857635498046875e-01 6.059998646378517151e-03
-1.212776422500610352e+00 4.624864161014556885e-01 6.059953477233648300e-03
-1.208042860031127930e+00 4.717975556850433350e-01 6.059492938220500946e-03
-1.203216671943664551e+00 4.809173941612243652e-01 6.058641709387302399e-03
-1.198299646377563477e+00 4.898442924022674561e-01 6.057429127395153046e-03
-1.193293690681457520e+00 4.985767602920532227e-01 6.055887788534164429e-03
-1.188200592994689941e+00 5.071135163307189941e-01 6.054050754755735397e-03
-1.183022141456604004e+00 5.154533982276916504e-01 6.051955744624137878e-03
-1.177760362625122070e+00 5.235954523086547852e-01 6.049640942364931107e-03
-1.172417044639587402e+00 5.315387845039367676e-01 6.047147326171398163e-03
-1.166994214057922363e+00 5.392827987670898438e-01 6.044514011591672897e-03
-1.161493778228759766e+00 5.468270182609558105e-01 6.041782908141613007e-03
-1.155917763710021973e+00 5.541710257530212402e-01 6.038993131369352341e-03
-1.150268077850341797e+00 5.613147020339965820e-01 6.036187522113323212e-03
-1.144546747207641602e+00 5.682579874992370605e-01 6.033404264599084854e-03
-1.138755798339843750e+00 5.750010609626770020e-01 6.030680611729621887e-03
-1.132897257804870605e+00 5.815441608428955078e-01 6.028053816407918930e-03
-1.126973152160644531e+00 5.878877043724060059e-01 6.025557406246662140e-03
-1.120985388755798340e+00 5.940322875976562500e-01 6.023223977535963058e-03
-1.114936113357543945e+00 5.999786257743835449e-01 6.021082866936922073e-03
-1.108827352523803711e+00 6.057275533676147461e-01 6.019162479788064957e-03
-1.102661132812500000e+00 6.112800240516662598e-01 6.017487030476331711e-03
-1.096439599990844727e+00 6.166371703147888184e-01 6.016078405082225800e-03
-1.090164661407470703e+00 6.218001842498779297e-01 6.014955695718526840e-03
-1.083838343620300293e+00 6.267704367637634277e-01 6.014137063175439835e-03
-1.077462673187255859e+00 6.315493583679199219e-01 6.013636011630296707e-03
-1.071039676666259766e+00 6.361385583877563477e-01 6.013464182615280151e-03
-1.064571261405944824e+00 6.405396461486816406e-01 6.013631355017423630e-03
-1.058059573173522949e+00 6.447544097900390625e-01 6.014145445078611374e-03
-1.051506400108337402e+00 6.487846970558166504e-01 6.015011575073003769e-03
-1.044913768768310547e+00 6.526324748992919922e-01 6.016233004629611969e-03
-1.038283586502075195e+00 6.562997698783874512e-01 6.017811130732297897e-03
-1.031617641448974609e+00 6.597886085510253906e-01 6.019747350364923477e-03
-1.024917960166931152e+00 6.631011962890625000e-01 6.022039335221052170e-03
-1.018186330795288086e+00 6.662397980690002441e-01 6.024686153978109360e-03
-1.011424541473388672e+00 6.692066788673400879e-01 6.027684547007083893e-03
-1.004634380340576172e+00 6.720042228698730469e-01 6.031031254678964615e-03
-9.978176355361938477e-01 6.746348142623901367e-01 6.034720689058303833e-03
-9.909760355949401855e-01 6.771008968353271484e-01 6.038749124854803085e-03
-9.841112494468688965e-01 6.794049143791198730e-01 6.043111905455589294e-03
-9.772250056266784668e-01 6.815494298934936523e-01 6.047802045941352844e-03
-9.703189134597778320e-01 6.835370063781738281e-01 6.052816286683082581e-03
-9.633945822715759277e-01 6.853702068328857422e-01 6.058148108422756195e-03
-9.564536213874816895e-01 6.870516538619995117e-01 6.063792854547500610e-03
-9.494975805282592773e-01 6.885840296745300293e-01 6.069744471460580826e-03
-9.425279498100280762e-01 6.899698972702026367e-01 6.075998302549123764e-03
-9.355462193489074707e-01 6.912119388580322266e-01 6.082551088184118271e-03
-9.285538196563720703e-01 6.923127770423889160e-01 6.089396774768829346e-03
-9.215521812438964844e-01 6.932751536369323730e-01 6.096533033996820450e-03
-9.145427346229553223e-01 6.941016912460327148e-01 6.103953812271356583e-03
-9.075267910957336426e-01 6.947950720787048340e-01 6.111659109592437744e-03
-9.005057215690612793e-01 6.953579783439636230e-01 6.119641941040754318e-03
-8.934807777404785156e-01 6.957930326461791992e-01 6.127900443971157074e-03
-8.864532709121704102e-01 6.961029171943664551e-01 6.136431358754634857e-03
-8.794243931770324707e-01 6.962902545928955078e-01 6.145231425762176514e-03
-8.723953366279602051e-01 6.963577270507812500e-01 6.154296454042196274e-03
-8.653673529624938965e-01 6.963078975677490234e-01 6.163624580949544907e-03
-8.583415150642395020e-01 6.961433291435241699e-01 6.173211615532636642e-03
-8.513190150260925293e-01 6.958666443824768066e-01 6.183054298162460327e-03
-8.443008661270141602e-01 6.954804062843322754e-01 6.193148437887430191e-03
-8.372882008552551270e-01 6.949871182441711426e-01 6.203489843755960464e-03
-8.302820324897766113e-01 6.943893432617187500e-01 6.214073393493890762e-03
-8.232833743095397949e-01 6.936895251274108887e-01 6.224894430488348007e-03
-8.162932395935058594e-01 6.928901076316833496e-01 6.235946901142597198e-03
-8.093125224113464355e-01 6.919935941696166992e-01 6.247224751859903336e-03
-8.023422360420227051e-01 6.910023093223571777e-01 6.258720532059669495e-03
-7.953832745552062988e-01 6.899186968803405762e-01 6.270427256822586060e-03
-7.884365320205688477e-01 6.887450814247131348e-01 6.282335147261619568e-03
-7.815028429031372070e-01 6.874837875366210938e-01 6.294436287134885788e-03
-7.745831012725830078e-01 6.861370801925659180e-01 6.306720431894063950e-03
-7.676780819892883301e-01 6.847072243690490723e-01 6.319177336990833282e-03
-7.607886195182800293e-01 6.831964850425720215e-01 6.331793498247861862e-03
-7.539154887199401855e-01 6.816070079803466797e-01 6.344556808471679688e-03
-7.470594048500061035e-01 6.799409985542297363e-01 6.357454229146242142e-03
-7.402211427688598633e-01 6.782005429267883301e-01 6.370469927787780762e-03
-7.334014177322387695e-01 6.763877868652343750e-01 6.383589934557676315e-03
-7.266009449958801270e-01 6.745047569274902344e-01 6.396796554327011108e-03
-7.198204398155212402e-01 6.725534796714782715e-01 6.410073488950729370e-03
-7.130604982376098633e-01 6.705359816551208496e-01 6.423401646316051483e-03
-7.063217759132385254e-01 6.684542298316955566e-01 6.436762399971485138e-03
-6.996049284934997559e-01 6.663101911544799805e-01 6.450137123465538025e-03
-6.929104924201965332e-01 6.641057133674621582e-01 6.463503930717706680e-03
-6.862391233444213867e-01 6.618427038192749023e-01 6.476840935647487640e-03
-6.795913577079772949e-01 6.595229506492614746e-01 6.490127649158239365e-03
-6.729677915573120117e-01 6.571483016014099121e-01 6.503340322524309158e-03
-6.663689017295837402e-01 6.547204852104187012e-01 6.516454741358757019e-03
-6.597952246665954590e-01 6.522412896156311035e-01 6.529448088258504868e-03
-6.532472968101501465e-01 6.497123837471008301e-01 6.542294751852750778e-03
-6.467255949974060059e-01 6.471354365348815918e-01 6.554970517754554749e-03
-6.402305960655212402e-01 6.445120573043823242e-01 6.567449308931827545e-03
-6.337627172470092773e-01 6.418439149856567383e-01 6.579706445336341858e-03
-6.273224949836730957e-01 6.391325592994689941e-01 6.591715384274721146e-03
-6.209102869033813477e-01 6.363795399665832520e-01 6.603449117392301559e-03
-6.145265102386474609e-01 6.335863471031188965e-01 6.614882964640855789e-03
-6.081715822219848633e-01 6.307544708251953125e-01 6.625990383327007294e-03
-6.018458604812622070e-01 6.278853416442871094e-01 6.636744830757379532e-03
-5.955497622489929199e-01 6.249803900718688965e-01 6.647120695561170578e-03
-5.892835855484008789e-01 6.220409870147705078e-01 6.657092832028865814e-03
-5.830477476119995117e-01 6.190685033798217773e-01 6.666634231805801392e-03
-5.768425464630126953e-01 6.160642504692077637e-01 6.675722077488899231e-03
-5.706682801246643066e-01 6.130295395851135254e-01 6.684329826384782791e-03
-5.645252466201782227e-01 6.099656224250793457e-01 6.692432798445224762e-03
-5.584138035774230957e-01 6.068736910820007324e-01 6.700009107589721680e-03
-5.523341894149780273e-01 6.037549376487731934e-01 6.707035005092620850e-03
-5.462867021560668945e-01 6.006106138229370117e-01 6.713488604873418808e-03
-5.402715802192687988e-01 5.974417924880981445e-01 6.719349883496761322e-03
-5.342890620231628418e-01 5.942496061325073242e-01 6.724597420543432236e-03
-5.283393859863281250e-01 5.910351276397705078e-01 6.729212123900651932e-03
-5.224227905273437500e-01 5.877994298934936523e-01 6.733176764100790024e-03
-5.165395140647888184e-01 5.845435261726379395e-01 6.736472714692354202e-03
-5.106897354125976562e-01 5.812683701515197754e-01 6.739084608852863312e-03
-5.048736333847045898e-01 5.779749751091003418e-01 6.740999408066272736e-03
-4.990913867950439453e-01 5.746642351150512695e-01 6.742202676832675934e-03
-4.933432042598724365e-01 5.713371038436889648e-01 6.742682307958602905e-03
-4.876292347908020020e-01 5.679944753646850586e-01 6.742427125573158264e-03
-4.819496273994445801e-01 5.646371841430664062e-01 6.741428747773170471e-03
-4.763045310974121094e-01 5.612660646438598633e-01 6.739678326994180679e-03
-4.706940650939941406e-01 5.578818917274475098e-01 6.737171206623315811e-03
-4.651183784008026123e-01 5.544854998588562012e-01 6.733901798725128174e-03
-4.595775902271270752e-01 5.510776042938232422e-01 6.729867309331893921e-03
-4.540718197822570801e-01 5.476589798927307129e-01 6.725065410137176514e-03
-4.486011564731597900e-01 5.442302823066711426e-01 6.719496566802263260e-03
-4.431657195091247559e-01 5.407921671867370605e-01 6.713162641972303391e-03
-4.377655684947967529e-01 5.373453497886657715e-01 6.706065963953733444e-03
-4.324007928371429443e-01 5.338904261589050293e-01 6.698212120682001114e-03
-4.270714819431304932e-01 5.304279923439025879e-01 6.689607631415128708e-03
-4.217776954174041748e-01 5.269586443901062012e-01 6.680259946733713150e-03
-4.165194928646087646e-01 5.234829187393188477e-01 6.670178845524787903e-03
-4.112969338893890381e-01 5.200013518333435059e-01 6.659375503659248352e-03
-4.061100482940673828e-01 5.165144801139831543e-01 6.647862028330564499e-03
-4.009588956832885742e-01 5.130228400230407715e-01 6.635652389377355576e-03
-3.958435058593750000e-01 5.095268487930297852e-01 6.622761487960815430e-03
-3.907639384269714355e-01 5.060269832611083984e-01 6.609207484871149063e-03
-3.857201933860778809e-01 5.025236606597900391e-01 6.595008075237274170e-03
-3.807123005390167236e-01 4.990172982215881348e-01 6.580183282494544983e-03
-3.757402598857879639e-01 4.955082833766937256e-01 6.564753130078315735e-03
-3.708041012287139893e-01 4.919970035552978516e-01 6.548740435391664505e-03
-3.659038245677947998e-01 4.884838163852691650e-01 6.532168015837669373e-03
-3.610394299030303955e-01 4.849690496921539307e-01 6.515059620141983032e-03
-3.562109470367431641e-01 4.814530313014984131e-01 6.497440859675407410e-03
-3.514183461666107178e-01 4.779360592365264893e-01 6.479339674115180969e-03
-3.466616272926330566e-01 4.744184315204620361e-01 6.460781674832105637e-03
-3.419407606124877930e-01 4.709004163742065430e-01 6.441795267164707184e-03
-3.372557759284973145e-01 4.673822820186614990e-01 6.422409322112798691e-03
-3.326066136360168457e-01 4.638642668724060059e-01 6.402654573321342468e-03
-3.279932737350463867e-01 4.603466093540191650e-01 6.382558494806289673e-03
-3.234157264232635498e-01 4.568295180797576904e-01 6.362154148519039154e-03
-3.188739717006683350e-01 4.533131718635559082e-01 6.341472268104553223e-03
-3.143679499626159668e-01 4.497977793216705322e-01 6.320544052869081497e-03
-3.098976612091064453e-01 4.462835192680358887e-01 6.299401167780160904e-03
-3.054630458354949951e-01 4.427705407142639160e-01 6.278075743466615677e-03
-3.010641038417816162e-01 4.392589926719665527e-01 6.256600376218557358e-03
-2.967007756233215332e-01 4.357490241527557373e-01 6.235006731003522873e-03
-2.923730611801147461e-01 4.322407841682434082e-01 6.213327404111623764e-03
-2.880808711051940918e-01 4.287343621253967285e-01 6.191594060510396957e-03
-2.838242053985595703e-01 4.252298772335052490e-01 6.169838365167379379e-03
-2.796030342578887939e-01 4.217274188995361328e-01 6.148093845695257187e-03
-2.754172980785369873e-01 4.182270765304565430e-01 6.126390770077705383e-03
-2.712669372558593750e-01 4.147289097309112549e-01 6.104760337620973587e-03
-2.671519517898559570e-01 4.112330079078674316e-01 6.083232350647449493e-03
-2.630722820758819580e-01 4.077394306659698486e-01 6.061836611479520798e-03
-2.590278685092926025e-01 4.042482376098632812e-01 6.040602456778287888e-03
-2.550186812877655029e-01 4.007594883441925049e-01 6.019559223204851151e-03
-2.510446906089782715e-01 3.972732126712799072e-01 5.998734384775161743e-03
-2.471058517694473267e-01 3.937894403934478760e-01 5.978155415505170822e-03
-2.432021200656890869e-01 3.903081715106964111e-01 5.957848392426967621e-03
-2.393334507942199707e-01 3.868294656276702881e-01 5.937837995588779449e-03
-2.354997992515563965e-01 3.833533227443695068e-01 5.918149370700120926e-03
-2.317011207342147827e-01 3.798797428607940674e-01 5.898805800825357437e-03
-2.279373854398727417e-01 3.764087259769439697e-01 5.879828240722417831e-03
-2.242085486650466919e-01 3.729402422904968262e-01 5.861238110810518265e-03
-2.205145657062530518e-01 3.694743216037750244e-01 5.843057297170162201e-03
-2.168553918600082397e-01 3.660109341144561768e-01 5.825302563607692719e-03
-2.132309973239898682e-01 3.625500500202178955e-01 5.807992070913314819e-03
-2.096413522958755493e-01 3.590916693210601807e-01 5.791141651570796967e-03
-2.060864120721817017e-01 3.556357324123382568e-01 5.774765741080045700e-03
-2.025661319494247437e-01 3.521822392940521240e-01 5.758878309279680252e-03
-1.990804821252822876e-01 3.487311303615570068e-01 5.743492860347032547e-03
-1.956294327974319458e-01 3.452823758125305176e-01 5.728618241846561432e-03
-1.922129392623901367e-01 3.418359160423278809e-01 5.714265163987874985e-03
-1.888309717178344727e-01 3.383916914463043213e-01 5.700441543012857437e-03
-1.854835003614425659e-01 3.349496722221374512e-01 5.687154363840818405e-03
-1.821705102920532227e-01 3.315097987651824951e-01 5.674407817423343658e-03
-1.788919568061828613e-01 3.280720114707946777e-01 5.662207957357168198e-03
-1.756478101015090942e-01 3.246362507343292236e-01 5.650555714964866638e-03
-1.724380552768707275e-01 3.212024271488189697e-01 5.639452487230300903e-03
-1.692626625299453735e-01 3.177704811096191406e-01 5.628897808492183685e-03
-1.661216020584106445e-01 3.143403530120849609e-01 5.618890281766653061e-03
-1.630148589611053467e-01 3.109119534492492676e-01 5.609426181763410568e-03
-1.599424034357070923e-01 3.074851930141448975e-01 5.600500386208295822e-03
-1.569042205810546875e-01 3.040600121021270752e-01 5.592108704149723053e-03
-1.539002954959869385e-01 3.006363213062286377e-01 5.584243219345808029e-03
-1.509305983781814575e-01 2.972140312194824219e-01 5.576894618570804596e-03
-1.479951292276382446e-01 2.937930524349212646e-01 5.570054519921541214e-03
-1.450938731431961060e-01 2.903732955455780029e-01 5.563710816204547882e-03
-1.422268152236938477e-01 2.869546711444854736e-01 5.557851400226354599e-03
-1.393939405679702759e-01 2.835370600223541260e-01 5.552462767809629440e-03
-1.365952342748641968e-01 2.801203727722167969e-01 5.547530949115753174e-03
-1.338307112455368042e-01 2.767045199871063232e-01 5.543039645999670029e-03
-1.311003416776657104e-01 2.732893824577331543e-01 5.538972094655036926e-03
-1.284041255712509155e-01 2.698748707771301270e-01 5.535311065614223480e-03
-1.257420778274536133e-01 2.664608657360076904e-01 5.532036535441875458e-03
-1.231141760945320129e-01 2.630472481250762939e-01 5.529128946363925934e-03
-1.205204278230667114e-01 2.596339285373687744e-01 5.526567809283733368e-03
-1.179608330130577087e-01 2.562207877635955811e-01 5.524331703782081604e-03
-1.154353991150856018e-01 2.528076767921447754e-01 5.522397812455892563e-03
-1.129441261291503906e-01 2.493945211172103882e-01 5.520741455256938934e-03
-1.104870215058326721e-01 2.459811717271804810e-01 5.519339814782142639e-03
-1.080640926957130432e-01 2.425675243139266968e-01 5.518168210983276367e-03
-1.056753471493721008e-01 2.391534596681594849e-01 5.517201032489538193e-03
-1.033207997679710388e-01 2.357388436794281006e-01 5.516411736607551575e-03
-1.010004580020904541e-01 2.323235571384429932e-01 5.515775177627801895e-03
-9.871433675289154053e-02 2.289074659347534180e-01 5.515262950211763382e-03
-9.646245092153549194e-02 2.254904508590698242e-01 5.514848977327346802e-03
-9.424481540918350220e-02 2.220723778009414673e-01 5.514504853636026382e-03
-9.206145256757736206e-02 2.186531126499176025e-01 5.514201708137989044e-03
-8.991237729787826538e-02 2.152325361967086792e-01 5.513912532478570938e-03
-8.779761940240859985e-02 2.118105143308639526e-01 5.513607524335384369e-03
-8.571719378232955933e-02 2.083869129419326782e-01 5.513259675353765488e-03
-8.367112278938293457e-02 2.049616128206253052e-01 5.512838251888751984e-03
-8.165942877531051636e-02 2.015344649553298950e-01 5.512315779924392700e-03
-7.968214899301528931e-02 1.981053501367568970e-01 5.511662922799587250e-03
-7.773929834365844727e-02 1.946741342544555664e-01 5.510850809514522552e-03
-7.583091408014297485e-02 1.912406831979751587e-01 5.509851034730672836e-03
-7.395702600479125977e-02 1.878048628568649292e-01 5.508634727448225021e-03
-7.211765646934509277e-02 1.843665540218353271e-01 5.507174879312515259e-03
-7.031285017728805542e-02 1.809256076812744141e-01 5.505442619323730469e-03
-6.854262948036193848e-02 1.774819046258926392e-01 5.503410939127206802e-03
-6.680703163146972656e-02 1.740353107452392578e-01 5.501052830368280411e-03
-6.510609388351440430e-02 1.705857068300247192e-01 5.498340353369712830e-03
-6.343985348939895630e-02 1.671329587697982788e-01 5.495248828083276749e-03
-6.180835142731666565e-02 1.636769473552703857e-01 5.491752643138170242e-03
-6.021162122488021851e-02 1.602175533771514893e-01 5.487826187163591385e-03
-5.864970386028289795e-02 1.567546427249908447e-01 5.483445245772600174e-03
-5.712264031171798706e-02 1.532880961894989014e-01 5.478586070239543915e-03
-5.563047528266906738e-02 1.498177945613861084e-01 5.473226308822631836e-03
-5.417324602603912354e-02 1.463436186313629150e-01 5.467344075441360474e-03
-5.275099724531173706e-02 1.428654640913009644e-01 5.460917018353939056e-03
-5.136377364397048950e-02 1.393832117319107056e-01 5.453926045447587967e-03
-5.001161992549896240e-02 1.358967423439025879e-01 5.446350667625665665e-03
-4.869458079338073730e-02 1.324059516191482544e-01 5.438173189759254456e-03
-4.741270095109939575e-02 1.289107501506805420e-01 5.429375916719436646e-03
-4.616602882742881775e-02 1.254110187292098999e-01 5.419942084699869156e-03
-4.495461285114288330e-02 1.219066604971885681e-01 5.409856326878070831e-03
-4.377849772572517395e-02 1.183975785970687866e-01 5.399104207754135132e-03
-4.263773560523986816e-02 1.148836761713027954e-01 5.387673620134592056e-03
-4.153237119317054749e-02 1.113648712635040283e-01 5.375551525503396988e-03
-4.046245664358139038e-02 1.078410670161247253e-01 5.362728610634803772e-03
-3.942804038524627686e-02 1.043121740221977234e-01 5.349195096641778946e-03
-3.842917084693908691e-02 1.007781177759170532e-01 5.334941670298576355e-03
-3.746590018272399902e-02 9.723881632089614868e-02 5.319960881024599075e-03
-3.653827682137489319e-02 9.369419515132904053e-02 5.304249934852123260e-03
-3.564635291695594788e-02 9.014418721199035645e-02 5.287801381200551987e-03
-3.479018062353134155e-02 8.658871799707412720e-02 5.270613823086023331e-03
-3.396980836987495422e-02 8.302772045135498047e-02 5.252684932202100754e-03
-3.318528831005096436e-02 7.946112751960754395e-02 5.234013777226209641e-03
-3.243667259812355042e-02 7.588888704776763916e-02 5.214602220803499222e-03
-3.172401338815689087e-02 7.231093943119049072e-02 5.194451659917831421e-03
-3.104736283421516418e-02 6.872723251581192017e-02 5.173565819859504700e-03
-3.040677122771739960e-02 6.513771414756774902e-02 5.151948891580104828e-03
-2.980229072272777557e-02 6.154233589768409729e-02 5.129607859998941422e-03
-2.923397161066532135e-02 5.794105306267738342e-02 5.106550175696611404e-03
-2.870186790823936462e-02 5.433382466435432434e-02 5.082784686237573624e-03
-2.820602990686893463e-02 5.072061344981193542e-02 5.058320704847574234e-03
-2.774650976061820984e-02 4.710138216614723206e-02 5.033170338720083237e-03
-2.732335962355136871e-02 4.347609356045722961e-02 5.007345695048570633e-03
-2.693662978708744049e-02 3.984472155570983887e-02 4.980860278010368347e-03
-2.658637240529060364e-02 3.620723262429237366e-02 4.953729920089244843e-03
-2.627263776957988739e-02 3.256360068917274475e-02 4.925970919430255890e-03
-2.599547989666461945e-02 2.891379781067371368e-02 4.897599574178457260e-03
-2.575494721531867981e-02 2.525780163705348969e-02 4.868634045124053955e-03
-2.555109187960624695e-02 2.159558981657028198e-02 4.839095287024974823e-03
-2.538396418094635010e-02 1.792713999748229980e-02 4.809002391993999481e-03
-2.525361441075801849e-02 1.425243169069290161e-02 4.778377246111631393e-03
-2.516009472310543060e-02 1.057144626975059509e-02 4.747242201119661331e-03
-2.510345727205276489e-02 6.884165108203887939e-03 4.715621005743741989e-03
-2.508375048637390137e-02 3.190570743754506111e-03 4.683536477386951447e-03
-2.510102652013301849e-02 -5.093568470329046249e-04 4.651015158742666245e-03
-2.515533566474914551e-02 -4.215634427964687347e-03 4.618081729859113693e-03
-2.524672821164131165e-02 -7.928280159831047058e-03 4.584762733429670334e-03
-2.537525631487369537e-02 -1.164731569588184357e-02 4.551085177809000015e-03
-2.554097026586532593e-02 -1.537275686860084534e-02 4.517077002674341202e-03
-2.574392035603523254e-02 -1.910462602972984314e-02 4.482764750719070435e-03
-2.598415873944759369e-02 -2.284294366836547852e-02 4.448178689926862717e-03
-2.626173757016658783e-02 -2.658773399889469147e-02 4.413345828652381897e-03
-2.657670713961124420e-02 -3.033902309834957123e-02 4.378296434879302979e-03
-2.692912146449089050e-02 -3.409683704376220703e-02 4.343060310930013657e-03
-2.731903269886970520e-02 -3.786120191216468811e-02 4.307666793465614319e-03
-2.774649299681186676e-02 -4.163215309381484985e-02 4.272144753485918045e-03
-2.821155451238155365e-02 -4.540972411632537842e-02 4.236524924635887146e-03
-2.871427312493324280e-02 -4.919394850730895996e-02 4.200837109237909317e-03
-2.925470285117626190e-02 -5.298486724495887756e-02 4.165111109614372253e-03
-2.983289957046508789e-02 -5.678252503275871277e-02 4.129376262426376343e-03
-3.044891729950904846e-02 -6.058697029948234558e-02 4.093662369996309280e-03
-3.110281378030776978e-02 -6.439825147390365601e-02 4.057998303323984146e-03
-3.179464489221572876e-02 -6.821642071008682251e-02 4.022412933409214020e-03
-3.252447023987770081e-02 -7.204154133796691895e-02 3.986935131251811981e-03
-3.329234942793846130e-02 -7.587367296218872070e-02 3.951592836529016495e-03
-3.409834206104278564e-02 -7.971288263797760010e-02 3.916412126272916794e-03
-3.494250774383544922e-02 -8.355924487113952637e-02 3.881422802805900574e-03
-3.582491353154182434e-02 -8.741282671689987183e-02 3.846649546176195145e-03
-3.674561902880668640e-02 -9.127371758222579956e-02 3.812118899077177048e-03
-3.770469129085540771e-02 -9.514199942350387573e-02 3.777856240049004555e-03
-3.870219737291336060e-02 -9.901776164770126343e-02 3.743884852156043053e-03
-3.973820433020591736e-02 -1.029011011123657227e-01 3.710228484123945236e-03
-4.081277921795845032e-02 -1.067921146750450134e-01 3.676910186186432838e-03
-4.192599654197692871e-02 -1.106909140944480896e-01 3.643951844424009323e-03
-4.307792708277702332e-02 -1.145976036787033081e-01 3.611373715102672577e-03
-4.426864907145500183e-02 -1.185123026371002197e-01 3.579196752980351448e-03
-4.549823328852653503e-02 -1.224351301789283752e-01 3.547439351677894592e-03
-4.676676169037818909e-02 -1.263662129640579224e-01 3.516119206324219704e-03
-4.807431250810623169e-02 -1.303056776523590088e-01 3.485253779217600822e-03
-4.942096769809722900e-02 -1.342536509037017822e-01 3.454858670011162758e-03
-5.080681294202804565e-02 -1.382102817296981812e-01 3.424948547035455704e-03
-5.223193392157554626e-02 -1.421757191419601440e-01 3.395536681637167931e-03
-5.369641631841659546e-02 -1.461501121520996094e-01 3.366635181009769440e-03
-5.520035326480865479e-02 -1.501336097717285156e-01 3.338256618008017540e-03
-5.674383416771888733e-02 -1.541263610124588013e-01 3.310410073027014732e-03
-5.832695588469505310e-02 -1.581285297870635986e-01 3.283104160800576210e-03
-5.994981527328491211e-02 -1.621402800083160400e-01 3.256347728893160820e-03
-6.161251664161682129e-02 -1.661617904901504517e-01 3.230147529393434525e-03
-6.331515312194824219e-02 -1.701932251453399658e-01 3.204508684575557709e-03
-6.505783647298812866e-02 -1.742347627878189087e-01 3.179435618221759796e-03
-6.684067100286483765e-02 -1.782865822315216064e-01 3.154931357130408287e-03
-6.866376101970672607e-02 -1.823488473892211914e-01 3.130997996777296066e-03
-7.052722573280334473e-02 -1.864217519760131836e-01 3.107636468484997749e-03
-7.243117690086364746e-02 -1.905054897069931030e-01 3.084845608100295067e-03
-7.437573373317718506e-02 -1.946002244949340820e-01 3.062625182792544365e-03
-7.636100798845291138e-02 -1.987061500549316406e-01 3.040972864255309105e-03
-7.838712632656097412e-02 -2.028234601020812988e-01 3.019885160028934479e-03
-8.045420795679092407e-02 -2.069523483514785767e-01 2.999357180669903755e-03
-8.256238698959350586e-02 -2.110929787158966064e-01 2.979384036734700203e-03
-8.471178263425827026e-02 -2.152455598115921021e-01 2.959958976134657860e-03
-8.690253645181655884e-02 -2.194102704524993896e-01 2.941074315458536148e-03
-8.913477510213851929e-02 -2.235872894525527954e-01 2.922722138464450836e-03
-9.140863269567489624e-02 -2.277768105268478394e-01 2.904893597587943077e-03
-9.372425079345703125e-02 -2.319790124893188477e-01 2.887578681111335754e-03
-9.608177095651626587e-02 -2.361940741539001465e-01 2.870766911655664444e-03
-9.848133474588394165e-02 -2.404221594333648682e-01 2.854445949196815491e-03
-1.009230837225914001e-01 -2.446634471416473389e-01 2.838603220880031586e-03
-1.034071594476699829e-01 -2.489181160926818848e-01 2.823226619511842728e-03
-1.059337183833122253e-01 -2.531863152980804443e-01 2.808302873745560646e-03
-1.085029095411300659e-01 -2.574682235717773438e-01 2.793817548081278801e-03
-1.111148819327354431e-01 -2.617639899253845215e-01 2.779756207019090652e-03
-1.137697920203208923e-01 -2.660737633705139160e-01 2.766103483736515045e-03
-1.164677962660789490e-01 -2.703976631164550781e-01 2.752843778580427170e-03
-1.192090436816215515e-01 -2.747358381748199463e-01 2.739960560575127602e-03
-1.219936981797218323e-01 -2.790884375572204590e-01 2.727438462898135185e-03
-1.248219162225723267e-01 -2.834555506706237793e-01 2.715260256081819534e-03
-1.276938617229461670e-01 -2.878373265266418457e-01 2.703409641981124878e-03
-1.306096911430358887e-01 -2.922338545322418213e-01 2.691868692636489868e-03
-1.335695683956146240e-01 -2.966452240943908691e-01 2.680619945749640465e-03
-1.365736722946166992e-01 -3.010715246200561523e-01 2.669647336006164551e-03
-1.396221518516540527e-01 -3.055128455162048340e-01 2.658931538462638855e-03
-1.427151709794998169e-01 -3.099692761898040771e-01 2.648455789312720299e-03
-1.458528935909271240e-01 -3.144408464431762695e-01 2.638203557580709457e-03
-1.490354984998703003e-01 -3.189276158809661865e-01 2.628156915307044983e-03
-1.522631347179412842e-01 -3.234296143054962158e-01 2.618297701701521873e-03
-1.555359810590744019e-01 -3.279468715190887451e-01 2.608609152957797050e-03
-1.588541865348815918e-01 -3.324793875217437744e-01 2.599074505269527435e-03
-1.622179299592971802e-01 -3.370271921157836914e-01 2.589677460491657257e-03
-1.656273752450942993e-01 -3.415902853012084961e-01 2.580401254817843437e-03
-1.690826863050460815e-01 -3.461686074733734131e-01 2.571229357272386551e-03
-1.725840121507644653e-01 -3.507621586322784424e-01 2.562146633863449097e-03
-1.761315315961837769e-01 -3.553708791732788086e-01 2.553138183429837227e-03
-1.797254085540771484e-01 -3.599947094917297363e-01 2.544189104810357094e-03
-1.833657920360565186e-01 -3.646335899829864502e-01 2.535284962505102158e-03
-1.870528459548950195e-01 -3.692874014377593994e-01 2.526411553844809532e-03
-1.907867342233657837e-01 -3.739560842514038086e-01 2.517556073144078255e-03
-1.945676058530807495e-01 -3.786394894123077393e-01 2.508707344532012939e-03
-1.983956098556518555e-01 -3.833375275135040283e-01 2.499851398169994354e-03
-2.022709101438522339e-01 -3.880500197410583496e-01 2.490978688001632690e-03
-2.061936557292938232e-01 -3.927768468856811523e-01 2.482077572494745255e-03
-2.101639956235885620e-01 -3.975178003311157227e-01 2.473139902576804161e-03
-2.141820639371871948e-01 -4.022727310657501221e-01 2.464156132191419601e-03
-2.182480096817016602e-01 -4.070414006710052490e-01 2.455118112266063690e-03
-2.223619818687438965e-01 -4.118236303329467773e-01 2.446020254865288734e-03
-2.265240997076034546e-01 -4.166191816329956055e-01 2.436854178085923195e-03
-2.307345122098922729e-01 -4.214277863502502441e-01 2.427615923807024956e-03
-2.349933534860610962e-01 -4.262492060661315918e-01 2.418300602585077286e-03
-2.393007427453994751e-01 -4.310831725597381592e-01 2.408904489129781723e-03
-2.436567991971969604e-01 -4.359293878078460693e-01 2.399424789473414421e-03
-2.480616569519042969e-01 -4.407875239849090576e-01 2.389860339462757111e-03
-2.525154352188110352e-01 -4.456572830677032471e-01 2.380210673436522484e-03
-2.570182383060455322e-01 -4.505383074283599854e-01 2.370476955547928810e-03
-2.615701854228973389e-01 -4.554302692413330078e-01 2.360659185796976089e-03
-2.661713659763336182e-01 -4.603327810764312744e-01 2.350761089473962784e-03
-2.708218991756439209e-01 -4.652454555034637451e-01 2.340784994885325432e-03
-2.755218446254730225e-01 -4.701679050922393799e-01 2.330736955627799034e-03
-2.802713215351104736e-01 -4.750997126102447510e-01 2.320621861144900322e-03
-2.850704193115234375e-01 -4.800404310226440430e-01 2.310445997864007950e-03
-2.899192273616790771e-01 -4.849896132946014404e-01 2.300217514857649803e-03
-2.948178052902221680e-01 -4.899467825889587402e-01 2.289944794028997421e-03
-2.997662127017974854e-01 -4.949114620685577393e-01 2.279636450111865997e-03
-3.047645390033721924e-01 -4.998831450939178467e-01 2.269304823130369186e-03
-3.098128437995910645e-01 -5.048613548278808594e-01 2.258960390463471413e-03
-3.149111866950988770e-01 -5.098454952239990234e-01 2.248615957796573639e-03
-3.200595974922180176e-01 -5.148350000381469727e-01 2.238285262137651443e-03
-3.252581059932708740e-01 -5.198293328285217285e-01 2.227982506155967712e-03
-3.305067718029022217e-01 -5.248278975486755371e-01 2.217722358182072639e-03
-3.358056247234344482e-01 -5.298300385475158691e-01 2.207520185038447380e-03
-3.411546945571899414e-01 -5.348351597785949707e-01 2.197393681854009628e-03
-3.465539813041687012e-01 -5.398426055908203125e-01 2.187359845265746117e-03
-3.520034849643707275e-01 -5.448517203330993652e-01 2.177436603233218193e-03
-3.575032353401184082e-01 -5.498617887496948242e-01 2.167643746361136436e-03
-3.630532026290893555e-01 -5.548720955848693848e-01 2.157999668270349503e-03
-3.686533868312835693e-01 -5.598819255828857422e-01 2.148524392396211624e-03
-3.743037581443786621e-01 -5.648905038833618164e-01 2.139238873496651649e-03
-3.800042867660522461e-01 -5.698970556259155273e-01 2.130163600668311119e-03
-3.857549428939819336e-01 -5.749007463455200195e-01 2.121319063007831573e-03
-3.915556669235229492e-01 -5.799008011817932129e-01 2.112726680934429169e-03
-3.974063992500305176e-01 -5.848963260650634766e-01 2.104408806189894676e-03
-4.033071100711822510e-01 -5.898864865303039551e-01 2.096387324854731560e-03
-4.092577099800109863e-01 -5.948703289031982422e-01 2.088683424517512321e-03
-4.152580797672271729e-01 -5.998469591140747070e-01 2.081319456920027733e-03
-4.213081598281860352e-01 -6.048154234886169434e-01 2.074316609650850296e-03
-4.274078607559204102e-01 -6.097747087478637695e-01 2.067697932943701744e-03
-4.335570335388183594e-01 -6.147238016128540039e-01 2.061483915895223618e-03
-4.397555887699127197e-01 -6.196616888046264648e-01 2.055696910247206688e-03
-4.460033476352691650e-01 -6.245872974395751953e-01 2.050356008112430573e-03
-4.523001909255981445e-01 -6.294994950294494629e-01 2.045483095571398735e-03
-4.586459696292877197e-01 -6.343972086906433105e-01 2.041097730398178101e-03
-4.650404751300811768e-01 -6.392792463302612305e-01 2.037219470366835594e-03
-4.714835584163665771e-01 -6.441443562507629395e-01 2.033867873251438141e-03
-4.779750108718872070e-01 -6.489914059638977051e-01 2.031059237197041512e-03
-4.845146238803863525e-01 -6.538190841674804688e-01 2.028811722993850708e-03
-4.911021888256072998e-01 -6.586260795593261719e-01 2.027141395956277847e-03
-4.977374374866485596e-01 -6.634110808372497559e-01 2.026064554229378700e-03
-5.044201612472534180e-01 -6.681726574897766113e-01 2.025595400482416153e-03
-5.111500620841979980e-01 -6.729094386100769043e-01 2.025747206062078476e-03
-5.179268717765808105e-01 -6.776199936866760254e-01 2.026533242315053940e-03
-5.247502923011779785e-01 -6.823028326034545898e-01 2.027964685112237930e-03
-5.316200256347656250e-01 -6.869564652442932129e-01 2.030050382018089294e-03
-5.385357141494750977e-01 -6.915792822837829590e-01 2.032800577580928802e-03
-5.454970002174377441e-01 -6.961696743965148926e-01 2.036221791058778763e-03
-5.525035858154296875e-01 -7.007259726524353027e-01 2.040321938693523407e-03
-5.595550537109375000e-01 -7.052465081214904785e-01 2.045104978606104851e-03
-5.666510462760925293e-01 -7.097295522689819336e-01 2.050574170425534248e-03
-5.737911462783813477e-01 -7.141733169555664062e-01 2.056732773780822754e-03
-5.809748768806457520e-01 -7.185760140419006348e-01 2.063581254333257675e-03
-5.882018208503723145e-01 -7.229357957839965820e-01 2.071119844913482666e-03
-5.954715013504028320e-01 -7.272506952285766602e-01 2.079346915706992149e-03
-6.027834415435791016e-01 -7.315187454223632812e-01 2.088259672746062279e-03
-6.101371645927429199e-01 -7.357379794120788574e-01 2.097853226587176323e-03
-6.175321340560913086e-01 -7.399063706398010254e-01 2.108121756464242935e-03
-6.249677538871765137e-01 -7.440217733383178711e-01 2.119058975949883461e-03
-6.324434876441955566e-01 -7.480820417404174805e-01 2.130656968802213669e-03
-6.399587392807006836e-01 -7.520850300788879395e-01 2.142905257642269135e-03
-6.475129723548889160e-01 -7.560284733772277832e-01 2.155792899429798126e-03
-6.551054716110229492e-01 -7.599101066589355469e-01 2.169308718293905258e-03
-6.627356410026550293e-01 -7.637275457382202148e-01 2.183440839871764183e-03
-6.704027652740478516e-01 -7.674784660339355469e-01 2.198175759986042976e-03
-6.781061887741088867e-01 -7.711603641510009766e-01 2.213497878983616829e-03
-6.858451366424560547e-01 -7.747708559036254883e-01 2.229392528533935547e-03
-6.936188936233520508e-01 -7.783073186874389648e-01 2.245844108983874321e-03
-7.014267444610595703e-01 -7.817672491073608398e-01 2.262834459543228149e-03
-7.092678546905517578e-01 -7.851479649543762207e-01 2.280346350744366646e-03
-7.171413898468017578e-01 -7.884468436241149902e-01 2.298363018780946732e-03
-7.250465750694274902e-01 -7.916611433029174805e-01 2.316866070032119751e-03
-7.329825162887573242e-01 -7.947881221771240234e-01 2.335836878046393394e-03
-7.409483194351196289e-01 -7.978249788284301758e-01 2.355257049202919006e-03
-7.489430904388427734e-01 -8.007688522338867188e-01 2.375107025727629662e-03
-7.569658756256103516e-01 -8.036168217658996582e-01 2.395368879660964012e-03
-7.650157213211059570e-01 -8.063659667968750000e-01 2.416023286059498787e-03
-7.730916142463684082e-01 -8.090133070945739746e-01 2.437052084133028984e-03
-7.811925411224365234e-01 -8.115558028221130371e-01 2.458435716107487679e-03
-7.893174886703491211e-01 -8.139904141426086426e-01 2.480156486853957176e-03
-7.974653840065002441e-01 -8.163140416145324707e-01 2.502197166904807091e-03
-8.056350946426391602e-01 -8.185235261917114258e-01 2.524538431316614151e-03
-8.138254880905151367e-01 -8.206156492233276367e-01 2.547164680436253548e-03
-8.220354318618774414e-01 -8.225872516632080078e-01 2.570058684796094894e-03
-8.302636742591857910e-01 -8.244350552558898926e-01 2.593203214928507805e-03
-8.385090827941894531e-01 -8.261557817459106445e-01 2.616582671180367470e-03
-8.467703461647033691e-01 -8.277461528778076172e-01 2.640180988237261772e-03
-8.550462126731872559e-01 -8.292028307914733887e-01 2.663983497768640518e-03
-8.633353114128112793e-01 -8.305224776268005371e-01 2.687974367290735245e-03
-8.716363310813903809e-01 -8.317016363143920898e-01 2.712136832997202873e-03
-8.799479007720947266e-01 -8.327369689941406250e-01 2.736457157880067825e-03
-8.882685899734497070e-01 -8.336250782012939453e-01 2.760919509455561638e-03
-8.965969085693359375e-01 -8.343625068664550781e-01 2.785508986562490463e-03
-9.049314260482788086e-01 -8.349457979202270508e-01 2.810209291055798531e-03
-9.132705926895141602e-01 -8.353714942932128906e-01 2.835004124790430069e-03
-9.216127991676330566e-01 -8.356361985206604004e-01 2.859876258298754692e-03
-9.299564957618713379e-01 -8.357363939285278320e-01 2.884807065129280090e-03
-9.383000135421752930e-01 -8.356686830520629883e-01 2.909777220338582993e-03
-9.466417431831359863e-01 -8.354296088218688965e-01 2.934765303507447243e-03
-9.549798965454101562e-01 -8.350157141685485840e-01 2.959749195724725723e-03
-9.633127450942993164e-01 -8.344235420227050781e-01 2.984704216942191124e-03
-9.716385006904602051e-01 -8.336497545242309570e-01 3.009604755789041519e-03
-9.799553155899047852e-01 -8.326909542083740234e-01 3.034422174096107483e-03
-9.882613420486450195e-01 -8.315437436103820801e-01 3.059126436710357666e-03
-9.965546131134033203e-01 -8.302047848701477051e-01 3.083684714511036873e-03
-1.004833221435546875e+00 -8.286707997322082520e-01 3.108060220256447792e-03
-1.013095140457153320e+00 -8.269385695457458496e-01 3.132215933874249458e-03
-1.021338343620300293e+00 -8.250048160552978516e-01 3.156110877171158791e-03
-1.029560804367065430e+00 -8.228663802146911621e-01 3.179701743647456169e-03
-1.037760376930236816e+00 -8.205201625823974609e-01 3.202943364158272743e-03
-1.045934915542602539e+00 -8.179630637168884277e-01 3.225788241252303123e-03
-1.054082274436950684e+00 -8.151921033859252930e-01 3.248185152187943459e-03
-1.062200188636779785e+00 -8.122043013572692871e-01 3.270083107054233551e-03
-1.070286512374877930e+00 -8.089968562126159668e-01 3.291429253295063972e-03
-1.078338861465454102e+00 -8.055669069290161133e-01 3.312169341370463371e-03
-1.086354970932006836e+00 -8.019117116928100586e-01 3.332248656079173088e-03
-1.094332456588745117e+00 -7.980286478996276855e-01 3.351613180711865425e-03
-1.102269053459167480e+00 -7.939151525497436523e-01 3.370209364220499992e-03
-1.110162258148193359e+00 -7.895687222480773926e-01 3.387984121218323708e-03
-1.118009805679321289e+00 -7.849869728088378906e-01 3.404888324439525604e-03
-1.125809192657470703e+00 -7.801676392555236816e-01 3.420874243602156639e-03
-1.133558034896850586e+00 -7.751085758209228516e-01 3.435898572206497192e-03
-1.141253829002380371e+00 -7.698076367378234863e-01 3.449923358857631683e-03
-1.148894071578979492e+00 -7.642628550529479980e-01 3.462914843112230301e-03
-1.156476378440856934e+00 -7.584724426269531250e-01 3.474845783784985542e-03
-1.163998126983642578e+00 -7.524346113204956055e-01 3.485696157440543175e-03
-1.171456933021545410e+00 -7.461477518081665039e-01 3.495454089716076851e-03
-1.178850293159484863e+00 -7.396103739738464355e-01 3.504115855321288109e-03
-1.186175584793090820e+00 -7.328211069107055664e-01 3.511686576530337334e-03
-1.193430423736572266e+00 -7.257787585258483887e-01 3.518181620165705681e-03
-1.200612187385559082e+00 -7.184822559356689453e-01 3.523625200614333153e-03
-1.207718491554260254e+00 -7.109307050704956055e-01 3.528053173795342445e-03
-1.214746713638305664e+00 -7.031233310699462891e-01 3.531510941684246063e-03
-1.221694469451904297e+00 -6.950595378875732422e-01 3.534054383635520935e-03
-1.228559136390686035e+00 -6.867389082908630371e-01 3.535749390721321106e-03
-1.235338330268859863e+00 -6.781611442565917969e-01 3.536670235916972160e-03
-1.242029428482055664e+00 -6.693262457847595215e-01 3.536903299391269684e-03
-1.248630046844482422e+00 -6.602342724800109863e-01 3.536540316417813301e-03
-1.255137681961059570e+00 -6.508855223655700684e-01 3.535680472850799561e-03
-1.261549830436706543e+00 -6.412805318832397461e-01 3.534431103616952896e-03
-1.267863988876342773e+00 -6.314200162887573242e-01 3.532900474965572357e-03
-1.274077773094177246e+00 -6.213049292564392090e-01 3.531205002218484879e-03
-1.280188679695129395e+00 -6.109364628791809082e-01 3.529457841068506241e-03
-1.286194205284118652e+00 -6.003159880638122559e-01 3.527774708345532417e-03
-1.292091965675354004e+00 -5.894451141357421875e-01 3.526268759742379189e-03
-1.297879576683044434e+00 -5.783256888389587402e-01 3.525048494338989258e-03
-1.303554534912109375e+00 -5.669599175453186035e-01 3.524218453094363213e-03
-1.309114456176757812e+00 -5.553501248359680176e-01 3.523876424878835678e-03
-1.314556837081909180e+00 -5.434989333152770996e-01 3.524108557030558586e-03
-1.319879412651062012e+00 -5.314092636108398438e-01 3.524993313476443291e-03
-1.325079798698425293e+00 -5.190842747688293457e-01 3.526596119627356529e-03
-1.330155611038208008e+00 -5.065273642539978027e-01 3.528970992192625999e-03
-1.335104465484619141e+00 -4.937422871589660645e-01 3.532157279551029205e-03
-1.339924097061157227e+00 -4.807330071926116943e-01 3.536180593073368073e-03
-1.344612240791320801e+00 -4.675037860870361328e-01 3.541052574291825294e-03
-1.349166631698608398e+00 -4.540591835975646973e-01 3.546770196408033371e-03
-1.353585124015808105e+00 -4.404039680957794189e-01 3.553318092599511147e-03
-1.357865452766418457e+00 -4.265432357788085938e-01 3.560665762051939964e-03
-1.362005591392517090e+00 -4.124823212623596191e-01 3.568773157894611359e-03
-1.366003394126892090e+00 -3.982268273830413818e-01 3.577586729079484940e-03
-1.369856953620910645e+00 -3.837826251983642578e-01 3.587044309824705124e-03
-1.373564243316650391e+00 -3.691558539867401123e-01 3.597076283767819405e-03
-1.377123355865478516e+00 -3.543528616428375244e-01 3.607608843594789505e-03
-1.380532503128051758e+00 -3.393802344799041748e-01 3.618560498580336571e-03
-1.383789896965026855e+00 -3.242448270320892334e-01 3.629849757999181747e-03
-1.386893868446350098e+00 -3.089536726474761963e-01 3.641393966972827911e-03
-1.389842867851257324e+00 -2.935140430927276611e-01 3.653113497421145439e-03
-1.392635345458984375e+00 -2.779333889484405518e-01 3.664930118247866631e-03
-1.395269870758056641e+00 -2.622193396091461182e-01 3.676770953461527824e-03
-1.397745013236999512e+00 -2.463797032833099365e-01 3.688569879159331322e-03
-1.400059700012207031e+00 -2.304224520921707153e-01 3.700265893712639809e-03
-1.402212738990783691e+00 -2.143557071685791016e-01 3.711807541549205780e-03
-1.404203057289123535e+00 -1.981877088546752930e-01 3.723150584846735001e-03
-1.406029701232910156e+00 -1.819268018007278442e-01 3.734260797500610352e-03
-1.407691836357116699e+00 -1.655814498662948608e-01 3.745110239833593369e-03
-1.409188747406005859e+00 -1.491601914167404175e-01 3.755681915208697319e-03
-1.410519719123840332e+00 -1.326716244220733643e-01 3.765964414924383163e-03
-1.411684274673461914e+00 -1.161244139075279236e-01 3.775953548029065132e-03
-1.412682056427001953e+00 -9.952724725008010864e-02 3.785650478675961494e-03
-1.413512587547302246e+00 -8.288883417844772339e-02 3.795063355937600136e-03
-1.414175748825073242e+00 -6.621789187192916870e-02 3.804201260209083557e-03
-1.414671421051025391e+00 -4.952312260866165161e-02 3.813077230006456375e-03
-1.414999485015869141e+00 -3.281320631504058838e-02 3.821705933660268784e-03
-1.415160179138183594e+00 -1.609678380191326141e-02 3.830098081380128860e-03
-1.415153503417968750e+00 6.175637245178222656e-04 3.838267410174012184e-03
-1.414979815483093262e+00 1.732132025063037872e-02 3.846223466098308563e-03
-1.414639472961425781e+00 3.400604799389839172e-02 3.853973001241683960e-03
-1.414132833480834961e+00 5.066340416669845581e-02 3.861516946926712990e-03
-1.413460493087768555e+00 6.728514283895492554e-02 3.868853440508246422e-03
-1.412623047828674316e+00 8.386313915252685547e-02 3.875974100083112717e-03
-1.411621212959289551e+00 1.003893837332725525e-01 3.882865188643336296e-03
-1.410455703735351562e+00 1.168559938669204712e-01 3.889506449922919273e-03
-1.409127354621887207e+00 1.332552284002304077e-01 3.895872971042990685e-03
-1.407637119293212891e+00 1.495794951915740967e-01 3.901934716850519180e-03
-1.405985951423645020e+00 1.658213585615158081e-01 3.907656297087669373e-03
-1.404174804687500000e+00 1.819735169410705566e-01 3.912998829036951065e-03
-1.402204751968383789e+00 1.980288326740264893e-01 3.917917143553495407e-03
-1.400076985359191895e+00 2.139803469181060791e-01 3.922366071492433548e-03
-1.397792696952819824e+00 2.298212498426437378e-01 3.926297649741172791e-03
-1.395353198051452637e+00 2.455449104309082031e-01 3.929662518203258514e-03
-1.392759561538696289e+00 2.611448764801025391e-01 3.932413179427385330e-03
-1.390013217926025391e+00 2.766148149967193604e-01 3.934501204639673233e-03
-1.387115597724914551e+00 2.919486165046691895e-01 3.935879562050104141e-03
-1.384068012237548828e+00 3.071403503417968750e-01 3.936508204787969589e-03
-1.380871891975402832e+00 3.221842050552368164e-01 3.936346620321273804e-03
-1.377528667449951172e+00 3.370745778083801270e-01 3.935362678021192551e-03
-1.374039888381958008e+00 3.518060147762298584e-01 3.933526575565338135e-03
-1.370407104492187500e+00 3.663732707500457764e-01 3.930817823857069016e-03
-1.366631746292114258e+00 3.807712197303771973e-01 3.927221056073904037e-03
-1.362715482711791992e+00 3.949949443340301514e-01 3.922728821635246277e-03
-1.358659982681274414e+00 4.090396463871002197e-01 3.917341120541095734e-03
-1.354466795921325684e+00 4.229007661342620850e-01 3.911066800355911255e-03
-1.350137591361999512e+00 4.365738630294799805e-01 3.903920063748955727e-03
-1.345674037933349609e+00 4.500547051429748535e-01 3.895925357937812805e-03
-1.341077923774719238e+00 4.633391797542572021e-01 3.887113183736801147e-03
-1.336351037025451660e+00 4.764233827590942383e-01 3.877521026879549026e-03
-1.331495165824890137e+00 4.893035888671875000e-01 3.867194289341568947e-03
-1.326512098312377930e+00 5.019761919975280762e-01 3.856182331219315529e-03
-1.321403741836547852e+00 5.144378542900085449e-01 3.844539634883403778e-03
-1.316171884536743164e+00 5.266852974891662598e-01 3.832325339317321777e-03
-1.310818672180175781e+00 5.387155413627624512e-01 3.819601843133568764e-03
-1.305345892906188965e+00 5.505257248878479004e-01 3.806433873251080513e-03
-1.299755692481994629e+00 5.621131658554077148e-01 3.792885690927505493e-03
-1.294050097465515137e+00 5.734754204750061035e-01 3.779022255912423134e-03
-1.288231134414672852e+00 5.846101641654968262e-01 3.764908295124769211e-03
-1.282301068305969238e+00 5.955153703689575195e-01 3.750604810193181038e-03
-1.276262044906616211e+00 6.061891317367553711e-01 3.736168844625353813e-03
-1.270116329193115234e+00 6.166297793388366699e-01 3.721655346453189850e-03
-1.263866066932678223e+00 6.268358230590820312e-01 3.707112511619925499e-03
-1.257513642311096191e+00 6.368060111999511719e-01 3.692582016810774803e-03
-1.251061439514160156e+00 6.465392708778381348e-01 3.678098786622285843e-03
-1.244511842727661133e+00 6.560347676277160645e-01 3.663692157715559006e-03
-1.237867236137390137e+00 6.652918457984924316e-01 3.649382153525948524e-03
-1.231130003929138184e+00 6.743101477622985840e-01 3.635181346908211708e-03
-1.224302768707275391e+00 6.830894351005554199e-01 3.621094860136508942e-03
-1.217387914657592773e+00 6.916297674179077148e-01 3.607120364904403687e-03
-1.210387945175170898e+00 6.999313831329345703e-01 3.593246918171644211e-03
-1.203305482864379883e+00 7.079946994781494141e-01 3.579456591978669167e-03
-1.196142911911010742e+00 7.158204317092895508e-01 3.565725870430469513e-03
-1.188902974128723145e+00 7.234094142913818359e-01 3.552024019882082939e-03
-1.181588053703308105e+00 7.307627797126770020e-01 3.538317047059535980e-03
-1.174200773239135742e+00 7.378818392753601074e-01 3.524564439430832863e-03
-1.166743755340576172e+00 7.447680830955505371e-01 3.510723821818828583e-03
-1.159219384193420410e+00 7.514231801033020020e-01 3.496750723570585251e-03
-1.151630282402038574e+00 7.578489780426025391e-01 3.482597880065441132e-03
-1.143978834152221680e+00 7.640476226806640625e-01 3.468218725174665451e-03
-1.136267542839050293e+00 7.700213193893432617e-01 3.453567624092102051e-03
-1.128498911857604980e+00 7.757724523544311523e-01 3.438599640503525734e-03
-1.120675206184387207e+00 7.813035845756530762e-01 3.423273330554366112e-03
-1.112798929214477539e+00 7.866174578666687012e-01 3.407548647373914719e-03
-1.104872345924377441e+00 7.917169928550720215e-01 3.391390200704336166e-03
-1.096897721290588379e+00 7.966051101684570312e-01 3.374768653884530067e-03
-1.088877201080322266e+00 8.012849688529968262e-01 3.357657929882407188e-03
-1.080813169479370117e+00 8.057597875595092773e-01 3.340038238093256950e-03
-1.072707653045654297e+00 8.100329041481018066e-01 3.321894910186529160e-03
-1.064562678337097168e+00 8.141077160835266113e-01 3.303220262750983238e-03
-1.056380391120910645e+00 8.179877996444702148e-01 3.284011268988251686e-03
-1.048162698745727539e+00 8.216767311096191406e-01 3.264273516833782196e-03
-1.039911508560180664e+00 8.251781463623046875e-01 3.244016785174608231e-03
-1.031628727912902832e+00 8.284958004951477051e-01 3.223256440833210945e-03
-1.023316264152526855e+00 8.316334486007690430e-01 3.202016698196530342e-03
-1.014975786209106445e+00 8.345949053764343262e-01 3.180323634296655655e-03
-1.006609082221984863e+00 8.373840451240539551e-01 3.158210311084985733e-03
-9.982177019119262695e-01 8.400046825408935547e-01 3.135714447125792503e-03
-9.898033142089843750e-01 8.424606919288635254e-01 3.112879581749439240e-03
-9.813674688339233398e-01 8.447560071945190430e-01 3.089750651270151138e-03
-9.729117155075073242e-01 8.468944430351257324e-01 3.066378179937601089e-03
-9.644374251365661621e-01 8.488799929618835449e-01 3.042815020307898521e-03
-9.559460878372192383e-01 8.507164716720581055e-01 3.019115887582302094e-03
-9.474390149116516113e-01 8.524077534675598145e-01 2.995338523760437965e-03
-9.389175176620483398e-01 8.539577126502990723e-01 2.971543464809656143e-03
-9.303829073905944824e-01 8.553701639175415039e-01 2.947791479527950287e-03
-9.218363761901855469e-01 8.566489219665527344e-01 2.924142405390739441e-03
-9.132791757583618164e-01 8.577977418899536133e-01 2.900658175349235535e-03
-9.047123789787292480e-01 8.588203787803649902e-01 2.877402352169156075e-03
-8.961371183395385742e-01 8.597205281257629395e-01 2.854433609172701836e-03
-8.875544667243957520e-01 8.605018258094787598e-01 2.831814344972372055e-03
-8.789654374122619629e-01 8.611679077148437500e-01 2.809602534398436546e-03
-8.703709840774536133e-01 8.617224097251892090e-01 2.787857316434383392e-03
-8.617721199989318848e-01 8.621688485145568848e-01 2.766634104773402214e-03
-8.531697392463684082e-01 8.625106811523437500e-01 2.745986217632889748e-03
-8.445647954940795898e-01 8.627514243125915527e-01 2.725965809077024460e-03
-8.359580636024475098e-01 8.628944158554077148e-01 2.706621075049042702e-03
-8.273504376411437988e-01 8.629430532455444336e-01 2.687999513000249863e-03
-8.187426924705505371e-01 8.629006743431091309e-01 2.670144196599721909e-03
-8.101356029510498047e-01 8.627705574035644531e-01 2.653094474226236343e-03
-8.015298843383789062e-01 8.625558614730834961e-01 2.636888995766639709e-03
-7.929262518882751465e-01 8.622598052024841309e-01 2.621561754494905472e-03
-7.843254208564758301e-01 8.618854880332946777e-01 2.607141854241490364e-03
-7.757280468940734863e-01 8.614360094070434570e-01 2.593658398836851120e-03
-7.671347260475158691e-01 8.609143495559692383e-01 2.581133972853422165e-03
-7.585461139678955078e-01 8.603235483169555664e-01 2.569589065387845039e-03
-7.499627470970153809e-01 8.596665263175964355e-01 2.559039974585175514e-03
-7.413852214813232422e-01 8.589462041854858398e-01 2.549501135945320129e-03
-7.328141331672668457e-01 8.581653833389282227e-01 2.540981629863381386e-03
-7.242498993873596191e-01 8.573269248008728027e-01 2.533487044274806976e-03
-7.156931161880493164e-01 8.564335703849792480e-01 2.527020638808608055e-03
-7.071442008018493652e-01 8.554880619049072266e-01 2.521582180634140968e-03
-6.986035704612731934e-01 8.544930815696716309e-01 2.517167245969176292e-03
-6.900717616081237793e-01 8.534512519836425781e-01 2.513768617063760757e-03
-6.815490722656250000e-01 8.523651957511901855e-01 2.511375583708286285e-03
-6.730359792709350586e-01 8.512374162673950195e-01 2.509976038709282875e-03
-6.645328402519226074e-01 8.500704765319824219e-01 2.509554615244269371e-03
-6.560400128364562988e-01 8.488668799400329590e-01 2.510091057047247887e-03
-6.475577950477600098e-01 8.476290106773376465e-01 2.511563710868358612e-03
-6.390865445137023926e-01 8.463593125343322754e-01 2.513948827981948853e-03
-6.306265592575073242e-01 8.450601696968078613e-01 2.517221029847860336e-03
-6.221780776977539062e-01 8.437338471412658691e-01 2.521350048482418060e-03
-6.137413978576660156e-01 8.423827290534973145e-01 2.526305383071303368e-03
-6.053167581558227539e-01 8.410090208053588867e-01 2.532054437324404716e-03
-5.969043970108032227e-01 8.396149277687072754e-01 2.538562985137104988e-03
-5.885045528411865234e-01 8.382026553153991699e-01 2.545794472098350525e-03
-5.801173448562622070e-01 8.367743492126464844e-01 2.553711878135800362e-03
-5.717430114746093750e-01 8.353321552276611328e-01 2.562276320531964302e-03
-5.633816719055175781e-01 8.338780999183654785e-01 2.571447519585490227e-03
-5.550335049629211426e-01 8.324142694473266602e-01 2.581184264272451401e-03
-5.466986298561096191e-01 8.309426903724670410e-01 2.591445343568921089e-03
-5.383771657943725586e-01 8.294653296470642090e-01 2.602189080789685249e-03
-5.300692319869995117e-01 8.279840946197509766e-01 2.613371703773736954e-03
-5.217748880386352539e-01 8.265009522438049316e-01 2.624951070174574852e-03
-5.134941935539245605e-01 8.250177502632141113e-01 2.636884804815053940e-03
-5.052272081375122070e-01 8.235362768173217773e-01 2.649128437042236328e-03
-4.969739317893981934e-01 8.220584392547607422e-01 2.661641919985413551e-03
-4.887344241142272949e-01 8.205859661102294922e-01 2.674380782991647720e-03
-4.805086851119995117e-01 8.191205859184265137e-01 2.687304047867655754e-03
-4.722966849803924561e-01 8.176639676094055176e-01 2.700371667742729187e-03
-4.640984237194061279e-01 8.162178397178649902e-01 2.713542897254228592e-03
-4.559138715267181396e-01 8.147838711738586426e-01 2.726779785007238388e-03
-4.477429389953613281e-01 8.133636116981506348e-01 2.740044845268130302e-03
-4.395855963230133057e-01 8.119586110115051270e-01 2.753301989287137985e-03
-4.314417541027069092e-01 8.105704784393310547e-01 2.766516292467713356e-03
-4.233113229274749756e-01 8.092006444931030273e-01 2.779655158519744873e-03
-4.151941835880279541e-01 8.078505992889404297e-01 2.792686223983764648e-03
-4.070902168750762939e-01 8.065217733383178711e-01 2.805580385029315948e-03
-3.989992737770080566e-01 8.052155375480651855e-01 2.818309236317873001e-03
-3.909212350845336914e-01 8.039333224296569824e-01 2.830847399309277534e-03
-3.828559219837188721e-01 8.026763796806335449e-01 2.843171358108520508e-03
-3.748031556606292725e-01 8.014460206031799316e-01 2.855260390788316727e-03
-3.667627573013305664e-01 8.002435564994812012e-01 2.867094473913311958e-03
-3.587345480918884277e-01 7.990701198577880859e-01 2.878656610846519470e-03
-3.507182896137237549e-01 7.979269623756408691e-01 2.889931201934814453e-03
-3.427137732505798340e-01 7.968152165412902832e-01 2.900906605646014214e-03
-3.347207307815551758e-01 7.957359552383422852e-01 2.911572344601154327e-03
-3.267389535903930664e-01 7.946903109550476074e-01 2.921922132372856140e-03
-3.187681436538696289e-01 7.936792969703674316e-01 2.931949449703097343e-03
-3.108080625534057617e-01 7.927039265632629395e-01 2.941650804132223129e-03
-3.028584122657775879e-01 7.917651534080505371e-01 2.951027359813451767e-03
-2.949188947677612305e-01 7.908639907836914062e-01 2.960079815238714218e-03
-2.869892120361328125e-01 7.900012731552124023e-01 2.968811895698308945e-03
-2.790690362453460693e-01 7.891778945922851562e-01 2.977230818942189217e-03
-2.711580395698547363e-01 7.883946895599365234e-01 2.985344734042882919e-03
-2.632558643817901611e-01 7.876524329185485840e-01 2.993165049701929092e-03
-2.553621828556060791e-01 7.869518995285034180e-01 3.000702708959579468e-03
-2.474766224622726440e-01 7.862938046455383301e-01 3.007974941283464432e-03
-2.395988255739212036e-01 7.856788635253906250e-01 3.014995716512203217e-03
-2.317283898591995239e-01 7.851077914237976074e-01 3.021785756573081017e-03
-2.238649278879165649e-01 7.845811247825622559e-01 3.028365084901452065e-03
-2.160080522298812866e-01 7.840995192527770996e-01 3.034755587577819824e-03
-2.081573307514190674e-01 7.836635112762451172e-01 3.040979383513331413e-03
-2.003123611211776733e-01 7.832736372947692871e-01 3.047061851248145103e-03
-1.924726963043212891e-01 7.829304337501525879e-01 3.053029533475637436e-03
-1.846379041671752930e-01 7.826343178749084473e-01 3.058909438550472260e-03
-1.768075376749038696e-01 7.823857069015502930e-01 3.064729971811175346e-03
-1.689811497926712036e-01 7.821850776672363281e-01 3.070520935580134392e-03
-1.611582636833190918e-01 7.820327281951904297e-01 3.076311899349093437e-03
-1.533384025096893311e-01 7.819290161132812500e-01 3.082135459408164024e-03
-1.455210894346237183e-01 7.818742990493774414e-01 3.088021185249090195e-03
-1.377058476209640503e-01 7.818688154220581055e-01 3.094002837315201759e-03
-1.298921704292297363e-01 7.819128036499023438e-01 3.100110916420817375e-03
-1.220795586705207825e-01 7.820065021514892578e-01 3.106379415839910507e-03
-1.142675057053565979e-01 7.821501493453979492e-01 3.112840466201305389e-03
-1.064554974436759949e-01 7.823438644409179688e-01 3.119526430964469910e-03
-9.864301234483718872e-02 7.825877666473388672e-01 3.126470372080802917e-03
-9.082952141761779785e-02 7.828819751739501953e-01 3.133705351501703262e-03
-8.301449567079544067e-02 7.832266092300415039e-01 3.141261870041489601e-03
-7.519739121198654175e-02 7.836216688156127930e-01 3.149173455312848091e-03
-6.737767159938812256e-02 7.840672135353088379e-01 3.157469909638166428e-03
-5.955479666590690613e-02 7.845632433891296387e-01 3.166181501001119614e-03
-5.172821134328842163e-02 7.851096987724304199e-01 3.175337333232164383e-03
-4.389736428856849670e-02 7.857065796852111816e-01 3.184966975823044777e-03
-3.606170043349266052e-02 7.863537669181823730e-01 3.195097902789711952e-03
-2.822066098451614380e-02 7.870511412620544434e-01 3.205757588148117065e-03
-2.037368528544902802e-02 7.877985835075378418e-01 3.216970944777131081e-03
-1.252021081745624542e-02 7.885959744453430176e-01 3.228763118386268616e-03
-4.659674130380153656e-03 7.894431352615356445e-01 3.241157624870538712e-03
3.208489157259464264e-03 7.903398275375366211e-01 3.254178445786237717e-03
1.108484528958797455e-02 7.912858128547668457e-01 3.267845138907432556e-03
1.896995864808559418e-02 7.922809123992919922e-01 3.282177029177546501e-03
2.686439268290996552e-02 7.933247685432434082e-01 3.297192743048071861e-03
3.476871177554130554e-02 7.944170832633972168e-01 3.312910208478569984e-03
4.268347844481468201e-02 7.955575585365295410e-01 3.329344326630234718e-03
5.060925334692001343e-02 7.967458367347717285e-01 3.346509765833616257e-03
5.854659155011177063e-02 7.979815602302551270e-01 3.364419331774115562e-03
6.649605184793472290e-02 7.992643117904663086e-01 3.383085131645202637e-03
7.445818185806274414e-02 8.005936741828918457e-01 3.402516245841979980e-03
8.243352919816970825e-02 8.019691705703735352e-01 3.422722220420837402e-03
9.042263776063919067e-02 8.033903241157531738e-01 3.443708410486578941e-03
9.842604398727416992e-02 8.048566579818725586e-01 3.465483663603663445e-03
1.064442843198776245e-01 8.063676357269287109e-01 3.488049609586596489e-03
1.144778802990913391e-01 8.079227209091186523e-01 3.511409973725676537e-03
1.225273534655570984e-01 8.095213770866394043e-01 3.535567084327340126e-03
1.305932104587554932e-01 8.111629486083984375e-01 3.560522105544805527e-03
1.386759579181671143e-01 8.128468394279479980e-01 3.586272709071636200e-03
1.467760950326919556e-01 8.145723938941955566e-01 3.612817730754613876e-03
1.548941135406494141e-01 8.163389563560485840e-01 3.640152746811509132e-03
1.630304753780364990e-01 8.181457519531250000e-01 3.668274264782667160e-03
1.711856573820114136e-01 8.199921250343322754e-01 3.697176696732640266e-03
1.793601214885711670e-01 8.218773007392883301e-01 3.726853523403406143e-03
1.875542998313903809e-01 8.238004446029663086e-01 3.757297527045011520e-03
1.957686394453048706e-01 8.257607817649841309e-01 3.788500325754284859e-03
2.040035426616668701e-01 8.277574777603149414e-01 3.820452606305480003e-03
2.122594416141510010e-01 8.297896385192871094e-01 3.853143425658345222e-03
2.205367237329483032e-01 8.318563699722290039e-01 3.886562539264559746e-03
2.288357615470886230e-01 8.339567780494689941e-01 3.920697141438722610e-03
2.371569275856018066e-01 8.360898494720458984e-01 3.955536056309938431e-03
2.455005794763565063e-01 8.382546305656433105e-01 3.991065081208944321e-03
2.538670599460601807e-01 8.404500484466552734e-01 4.027270711958408356e-03
2.622566819190979004e-01 8.426750898361206055e-01 4.064138978719711304e-03
2.706697285175323486e-01 8.449286222457885742e-01 4.101654514670372009e-03
2.791065275669097900e-01 8.472095727920532227e-01 4.139804281294345856e-03
2.875673174858093262e-01 8.495167493820190430e-01 4.178571049124002457e-03
2.960523664951324463e-01 8.518489599227905273e-01 4.217938054352998734e-03
3.045619130134582520e-01 8.542050123214721680e-01 4.257890861481428146e-03
3.130961656570434570e-01 8.565836548805236816e-01 4.298411775380373001e-03
3.216553032398223877e-01 8.589835762977600098e-01 4.339484963566064835e-03
3.302395045757293701e-01 8.614034056663513184e-01 4.381093662232160568e-03
3.388489484786987305e-01 8.638418316841125488e-01 4.423220641911029816e-03
3.474837541580200195e-01 8.662974238395690918e-01 4.465848673135042191e-03
3.561440408229827881e-01 8.687686920166015625e-01 4.508960992097854614e-03
3.648298978805541992e-01 8.712542057037353516e-01 4.552542231976985931e-03
3.735414147377014160e-01 8.737524151802062988e-01 4.596572834998369217e-03
3.822786211967468262e-01 8.762617707252502441e-01 4.641037434339523315e-03
3.910415470600128174e-01 8.787806630134582520e-01 4.685917403548955917e-03
3.998301923274993896e-01 8.813074827194213867e-01 4.731197841465473175e-03
4.086445271968841553e-01 8.838405013084411621e-01 4.776861518621444702e-03
4.174845218658447266e-01 8.863779902458190918e-01 4.822892136871814728e-03
4.263501167297363281e-01 8.889182209968566895e-01 4.869272466748952866e-03
4.352412223815917969e-01 8.914593458175659180e-01 4.915987141430377960e-03
4.441577494144439697e-01 8.939994573593139648e-01 4.963019397109746933e-03
4.530995190143585205e-01 8.965367078781127930e-01 5.010354798287153244e-03
4.620663821697235107e-01 8.990691304206848145e-01 5.057975649833679199e-03
4.710581898689270020e-01 9.015947580337524414e-01 5.105867516249418259e-03
4.800747036933898926e-01 9.041115045547485352e-01 5.154015962034463882e-03
4.891156852245330811e-01 9.066173434257507324e-01 5.202406086027622223e-03
4.981808960437774658e-01 9.091100692749023438e-01 5.251022055745124817e-03
5.072700381278991699e-01 9.115875363349914551e-01 5.299849435687065125e-03
5.163828134536743164e-01 9.140474796295166016e-01 5.348873324692249298e-03
5.255188941955566406e-01 9.164876937866210938e-01 5.398079752922058105e-03
5.346779227256774902e-01 9.189057946205139160e-01 5.447454750537872314e-03
5.438594818115234375e-01 9.212993979454040527e-01 5.496984813362360001e-03
5.530632138252258301e-01 9.236660599708557129e-01 5.546655971556901932e-03
5.622887015342712402e-01 9.260033369064331055e-01 5.596453323960304260e-03
5.715354681015014648e-01 9.283086657524108887e-01 5.646363832056522369e-03
5.808030366897583008e-01 9.305794835090637207e-01 5.696375388652086258e-03
5.900908708572387695e-01 9.328131675720214844e-01 5.746473558247089386e-03
5.993984937667846680e-01 9.350069761276245117e-01 5.796644371002912521e-03
6.087253689765930176e-01 9.371582269668579102e-01 5.846873857080936432e-03
6.180708408355712891e-01 9.392641186714172363e-01 5.897149443626403809e-03
6.274343729019165039e-01 9.413217306137084961e-01 5.947459023445844650e-03
6.368153691291809082e-01 9.433282017707824707e-01 5.997786298394203186e-03
6.462131142616271973e-01 9.452806115150451660e-01 6.048119161278009415e-03
6.556269526481628418e-01 9.471758604049682617e-01 6.098443642258644104e-03
6.650562286376953125e-01 9.490109086036682129e-01 6.148746237158775330e-03
6.745002269744873047e-01 9.507826566696166992e-01 6.199012044817209244e-03
6.839581727981567383e-01 9.524878859519958496e-01 6.249226629734039307e-03
6.934292912483215332e-01 9.541233777999877930e-01 6.299375556409358978e-03
7.029128074645996094e-01 9.556857943534851074e-01 6.349445786327123642e-03
7.124079465866088867e-01 9.571717977523803711e-01 6.399421021342277527e-03
7.219138145446777344e-01 9.585779905319213867e-01 6.449285894632339478e-03
7.314295768737792969e-01 9.599008560180664062e-01 6.499026436358690262e-03
7.409543395042419434e-01 9.611369371414184570e-01 6.548625882714986801e-03
7.504872083663940430e-01 9.622825980186462402e-01 6.598068866878747940e-03
7.600272297859191895e-01 9.633341431617736816e-01 6.647339556366205215e-03
7.695734500885009766e-01 9.642879366874694824e-01 6.696422584354877472e-03
7.791249155998229980e-01 9.651402235031127930e-01 6.745301652699708939e-03
7.886806130409240723e-01 9.658871293067932129e-01 6.793959531933069229e-03
7.982394695281982422e-01 9.665248394012451172e-01 6.842380855232477188e-03
8.078004121780395508e-01 9.670493602752685547e-01 6.890549324452877045e-03
8.173624277114868164e-01 9.674567580223083496e-01 6.938447710126638412e-03
8.269243240356445312e-01 9.677429795265197754e-01 6.986060179769992828e-03
8.364849686622619629e-01 9.679039716720581055e-01 7.033371366560459137e-03
8.460431694984436035e-01 9.679355621337890625e-01 7.080365438014268875e-03
8.555977344512939453e-01 9.678335785865783691e-01 7.127025630325078964e-03
8.651474714279174805e-01 9.675937891006469727e-01 7.173338439315557480e-03
8.746910691261291504e-01 9.672119617462158203e-01 7.219290360808372498e-03
8.842272162437438965e-01 9.666837453842163086e-01 7.264867424964904785e-03
8.937545418739318848e-01 9.660047888755798340e-01 7.310056593269109726e-03
9.032717347145080566e-01 9.651707410812377930e-01 7.354847155511379242e-03
9.127773642539978027e-01 9.641771912574768066e-01 7.399228867143392563e-03
9.222699403762817383e-01 9.630196690559387207e-01 7.443192414939403534e-03
9.317479729652404785e-01 9.616937637329101562e-01 7.486732210963964462e-03
9.412099719047546387e-01 9.601949453353881836e-01 7.529841270297765732e-03
9.506543278694152832e-01 9.585188031196594238e-01 7.572515401989221573e-03
9.600794315338134766e-01 9.566608071327209473e-01 7.614754606038331985e-03
9.694835543632507324e-01 9.546164870262145996e-01 7.656558882445096970e-03
9.788650274276733398e-01 9.523814320564270020e-01 7.697931025177240372e-03
9.882221221923828125e-01 9.499511122703552246e-01 7.738875690847635269e-03
9.975529909133911133e-01 9.473211765289306641e-01 7.779400795698165894e-03
1.006855726242065430e+00 9.444871544837951660e-01 7.819518446922302246e-03
1.016128420829772949e+00 9.414447546005249023e-01 7.859240286052227020e-03
1.025369167327880859e+00 9.381896853446960449e-01 7.898582145571708679e-03
1.034575819969177246e+00 9.347176551818847656e-01 7.937563583254814148e-03
1.043746352195739746e+00 9.310245513916015625e-01 7.976206019520759583e-03
1.052878618240356445e+00 9.271062612533569336e-01 8.014532737433910370e-03
1.061970472335815430e+00 9.229587912559509277e-01 8.052569814026355743e-03
1.071019530296325684e+00 9.185782670974731445e-01 8.090347051620483398e-03
1.080023646354675293e+00 9.139608740806579590e-01 8.127894252538681030e-03
1.088980317115783691e+00 9.091029167175292969e-01 8.165244013071060181e-03
1.097887158393859863e+00 9.040008783340454102e-01 8.202431723475456238e-03
1.106741666793823242e+00 8.986513614654541016e-01 8.239491842687129974e-03
1.115541458129882812e+00 8.930511474609375000e-01 8.276460692286491394e-03
1.124283790588378906e+00 8.871971368789672852e-01 8.313376456499099731e-03
1.132966160774230957e+00 8.810863494873046875e-01 8.350276388227939606e-03
1.141585946083068848e+00 8.747161030769348145e-01 8.387197740375995636e-03
1.150140285491943359e+00 8.680837750434875488e-01 8.424175903201103210e-03
1.158626556396484375e+00 8.611870408058166504e-01 8.461249060928821564e-03
1.167042016983032227e+00 8.540237545967102051e-01 8.498449809849262238e-03
1.175383925437927246e+00 8.465918898582458496e-01 8.535812608897686005e-03
1.183649301528930664e+00 8.388897180557250977e-01 8.573370985686779022e-03
1.191835403442382812e+00 8.309156894683837891e-01 8.611151948571205139e-03
1.199939489364624023e+00 8.226684927940368652e-01 8.649183437228202820e-03
1.207958579063415527e+00 8.141470551490783691e-01 8.687493391335010529e-03
1.215889811515808105e+00 8.053504824638366699e-01 8.726104162633419037e-03
1.223730444908142090e+00 7.962781786918640137e-01 8.765037171542644501e-03
1.231477499008178711e+00 7.869297266006469727e-01 8.804312907159328461e-03
1.239128232002258301e+00 7.773049473762512207e-01 8.843948133289813995e-03
1.246679782867431641e+00 7.674039602279663086e-01 8.883956819772720337e-03
1.254129290580749512e+00 7.572270035743713379e-01 8.924353867769241333e-03
1.261473894119262695e+00 7.467746734619140625e-01 8.965152315795421600e-03
1.268710970878601074e+00 7.360478043556213379e-01 9.006362408399581909e-03
1.275837659835815430e+00 7.250474095344543457e-01 9.047993458807468414e-03
1.282851338386535645e+00 7.137747406959533691e-01 9.090052917599678040e-03
1.289749264717102051e+00 7.022313475608825684e-01 9.132550098001956940e-03
1.296528697013854980e+00 6.904190182685852051e-01 9.175488725304603577e-03
1.303187131881713867e+00 6.783397197723388672e-01 9.218874387443065643e-03
1.309721946716308594e+00 6.659957170486450195e-01 9.262711741030216217e-03
1.316130518913269043e+00 6.533895134925842285e-01 9.307000786066055298e-03
1.322410464286804199e+00 6.405238509178161621e-01 9.351742453873157501e-03
1.328559160232543945e+00 6.274017691612243652e-01 9.396934881806373596e-03
1.334574222564697266e+00 6.140264272689819336e-01 9.442571550607681274e-03
1.340453267097473145e+00 6.004013419151306152e-01 9.488646872341632843e-03
1.346194028854370117e+00 5.865302681922912598e-01 9.535147808492183685e-03
1.351794123649597168e+00 5.724171400070190430e-01 9.582058526575565338e-03
1.357251167297363281e+00 5.580661892890930176e-01 9.629358537495136261e-03
1.362563133239746094e+00 5.434818863868713379e-01 9.677020832896232605e-03
1.367727756500244141e+00 5.286689996719360352e-01 9.725013747811317444e-03
1.372742772102355957e+00 5.136324167251586914e-01 9.773300029337406158e-03
1.377606272697448730e+00 4.983773529529571533e-01 9.821832180023193359e-03
1.382316112518310547e+00 4.829092621803283691e-01 9.870557114481925964e-03
1.386870384216308594e+00 4.672338068485260010e-01 9.919414296746253967e-03
1.391267180442810059e+00 4.513569176197052002e-01 9.968336671590805054e-03
1.395504593849182129e+00 4.352847039699554443e-01 1.001724787056446075e-02
1.399580717086791992e+00 4.190235733985900879e-01 1.006606500595808029e-02
1.403493881225585938e+00 4.025801122188568115e-01 1.011469773948192596e-02
1.407242417335510254e+00 3.859611451625823975e-01 1.016305107623338699e-02
1.410824775695800781e+00 3.691737055778503418e-01 1.021102163940668106e-02
1.414239287376403809e+00 3.522250056266784668e-01 1.025850325822830200e-02
1.417484521865844727e+00 3.351224958896636963e-01 1.030538696795701981e-02
1.420559167861938477e+00 3.178738057613372803e-01 1.035156007856130600e-02
1.423461794853210449e+00 3.004867434501647949e-01 1.039690990000963211e-02
1.426191329956054688e+00 2.829692959785461426e-01 1.044132467359304428e-02
1.428746461868286133e+00 2.653295993804931641e-01 1.048469543457031250e-02
1.431126236915588379e+00 2.475759834051132202e-01 1.052691694349050522e-02
1.433329701423645020e+00 2.297168970108032227e-01 1.056789048016071320e-02
1.435355901718139648e+00 2.117609381675720215e-01 1.060752384364604950e-02
1.437204003334045410e+00 1.937168240547180176e-01 1.064573787152767181e-02
1.438873410224914551e+00 1.755933910608291626e-01 1.068246271461248398e-02
1.440363526344299316e+00 1.573995798826217651e-01 1.071764249354600906e-02
1.441673755645751953e+00 1.391444355249404907e-01 1.075123436748981476e-02
1.442803740501403809e+00 1.208370774984359741e-01 1.078321505337953568e-02
1.443753242492675781e+00 1.024866998195648193e-01 1.081357616931200027e-02
1.444521903991699219e+00 8.410255610942840576e-02 1.084232795983552933e-02
1.445109605789184570e+00 6.569395959377288818e-02 1.086950022727251053e-02
1.445516228675842285e+00 4.727024957537651062e-02 1.089514419436454773e-02
1.445741891860961914e+00 2.884080447256565094e-02 1.091932877898216248e-02
1.445786714553833008e+00 1.041501015424728394e-02 1.094214338809251785e-02
1.445650815963745117e+00 -7.997738197445869446e-03 1.096369698643684387e-02
1.445334553718566895e+00 -2.638805285096168518e-02 1.098411716520786285e-02
1.444838285446166992e+00 -4.474656283855438232e-02 1.100355200469493866e-02
1.444162487983703613e+00 -6.306392699480056763e-02 1.102216262370347977e-02
1.443307638168334961e+00 -8.133085072040557861e-02 1.104012597352266312e-02
1.442274332046508789e+00 -9.953808039426803589e-02 1.105763390660285950e-02
1.441063284873962402e+00 -1.176764369010925293e-01 1.107488851994276047e-02
1.439675211906433105e+00 -1.357368081808090210e-01 1.109209936112165451e-02
1.438110947608947754e+00 -1.537101864814758301e-01 1.110948435962200165e-02
1.436371326446533203e+00 -1.715876460075378418e-01 1.112726237624883652e-02
1.434457302093505859e+00 -1.893603652715682983e-01 1.114565599709749222e-02
1.432369947433471680e+00 -2.070196717977523804e-01 1.116488128900527954e-02
1.430110335350036621e+00 -2.245570123195648193e-01 1.118515152484178543e-02
1.427679538726806641e+00 -2.419639676809310913e-01 1.120667066425085068e-02
1.425078868865966797e+00 -2.592323124408721924e-01 1.122963149100542068e-02
1.422309517860412598e+00 -2.763539552688598633e-01 1.125421095639467239e-02
1.419372797012329102e+00 -2.933209836483001709e-01 1.128057017922401428e-02
1.416270136833190918e+00 -3.101257085800170898e-01 1.130885165184736252e-02
1.413002967834472656e+00 -3.267606496810913086e-01 1.133917272090911865e-02
1.409572958946228027e+00 -3.432185053825378418e-01 1.137162838131189346e-02
1.405981540679931641e+00 -3.594922423362731934e-01 1.140628941357135773e-02
1.402230381965637207e+00 -3.755750060081481934e-01 1.144319865852594376e-02
1.398321270942687988e+00 -3.914602398872375488e-01 1.148237008601427078e-02
1.394255876541137695e+00 -4.071415960788726807e-01 1.152379252016544342e-02
1.390036106109619141e+00 -4.226130247116088867e-01 1.156742312014102936e-02
1.385663866996765137e+00 -4.378687441349029541e-01 1.161319483071565628e-02
1.381141066551208496e+00 -4.529032409191131592e-01 1.166101265698671341e-02
1.376469731330871582e+00 -4.677112996578216553e-01 1.171075552701950073e-02
1.371652007102966309e+00 -4.822879433631896973e-01 1.176228001713752747e-02
1.366690039634704590e+00 -4.966285228729248047e-01 1.181542221456766129e-02
1.361585974693298340e+00 -5.107287168502807617e-01 1.186999678611755371e-02
1.356342077255249023e+00 -5.245844125747680664e-01 1.192580536007881165e-02
1.350960731506347656e+00 -5.381919145584106445e-01 1.198263373225927353e-02
1.345444202423095703e+00 -5.515477061271667480e-01 1.204025931656360626e-02
1.339794993400573730e+00 -5.646486878395080566e-01 1.209845300763845444e-02
1.334015607833862305e+00 -5.774919390678405762e-01 1.215698104351758957e-02
1.328108549118041992e+00 -5.900748968124389648e-01 1.221561059355735779e-02
1.322076439857482910e+00 -6.023952960968017578e-01 1.227411348372697830e-02
1.315921902656555176e+00 -6.144511699676513672e-01 1.233226526528596878e-02
1.309647560119628906e+00 -6.262407898902893066e-01 1.238985266536474228e-02
1.303256154060363770e+00 -6.377627253532409668e-01 1.244667451828718185e-02
1.296750426292419434e+00 -6.490157842636108398e-01 1.250254362821578979e-02
1.290133118629455566e+00 -6.599991321563720703e-01 1.255729049444198608e-02
1.283407092094421387e+00 -6.707121133804321289e-01 1.261076238006353378e-02
1.276575088500976562e+00 -6.811543703079223633e-01 1.266282983124256134e-02
1.269640088081359863e+00 -6.913257241249084473e-01 1.271338108927011490e-02
1.262604832649230957e+00 -7.012262940406799316e-01 1.276232954114675522e-02
1.255472183227539062e+00 -7.108563780784606934e-01 1.280960906296968460e-02
1.248245120048522949e+00 -7.202165722846984863e-01 1.285517774522304535e-02
1.240926384925842285e+00 -7.293075919151306152e-01 1.289901416748762131e-02
1.233518958091735840e+00 -7.381303906440734863e-01 1.294111926108598709e-02
1.226025700569152832e+00 -7.466861605644226074e-01 1.298151537775993347e-02
1.218449473381042480e+00 -7.549762725830078125e-01 1.302024535834789276e-02
1.210793137550354004e+00 -7.630022168159484863e-01 1.305736880749464035e-02
1.203059554100036621e+00 -7.707657217979431152e-01 1.309296302497386932e-02
1.195251464843750000e+00 -7.782686352729797363e-01 1.312712207436561584e-02
1.187371730804443359e+00 -7.855130434036254883e-01 1.315995026379823685e-02
1.179423093795776367e+00 -7.925010919570922852e-01 1.319156680256128311e-02
1.171408295631408691e+00 -7.992351055145263672e-01 1.322209835052490234e-02
1.163330078125000000e+00 -8.057175874710083008e-01 1.325167994946241379e-02
1.155191063880920410e+00 -8.119511008262634277e-01 1.328045222908258438e-02
1.146993875503540039e+00 -8.179384469985961914e-01 1.330856140702962875e-02
1.138741135597229004e+00 -8.236824274063110352e-01 1.333615183830261230e-02
1.130435347557067871e+00 -8.291860222816467285e-01 1.336337160319089890e-02
1.122078895568847656e+00 -8.344522714614868164e-01 1.339036691933870316e-02
1.113674402236938477e+00 -8.394843935966491699e-01 1.341728027909994125e-02
1.105224132537841797e+00 -8.442856669425964355e-01 1.344424858689308167e-02
1.096730470657348633e+00 -8.488594293594360352e-01 1.347140595316886902e-02
1.088195800781250000e+00 -8.532091379165649414e-01 1.349887903779745102e-02
1.079622268676757812e+00 -8.573383092880249023e-01 1.352678518742322922e-02
1.071012020111083984e+00 -8.612505793571472168e-01 1.355523429811000824e-02
1.062367320060729980e+00 -8.649495840072631836e-01 1.358432602137327194e-02
1.053690195083618164e+00 -8.684390187263488770e-01 1.361415162682533264e-02
1.044982552528381348e+00 -8.717226982116699219e-01 1.364479120820760727e-02
1.036246538162231445e+00 -8.748044371604919434e-01 1.367631461471319199e-02
1.027483940124511719e+00 -8.776881098747253418e-01 1.370878145098686218e-02
1.018696665763854980e+00 -8.803775906562805176e-01 1.374224107712507248e-02
1.009886503219604492e+00 -8.828768730163574219e-01 1.377673167735338211e-02
1.001055240631103516e+00 -8.851899504661560059e-01 1.381228026002645493e-02
9.922046661376953125e-01 -8.873207569122314453e-01 1.384890638291835785e-02
9.833363294601440430e-01 -8.892733454704284668e-01 1.388661842793226242e-02
9.744518995285034180e-01 -8.910517096519470215e-01 1.392541546374559402e-02
9.655529260635375977e-01 -8.926599025726318359e-01 1.396528724581003189e-02
9.566408991813659668e-01 -8.941019773483276367e-01 1.400621607899665833e-02
9.477173089981079102e-01 -8.953819274902343750e-01 1.404817588627338409e-02
9.387835860252380371e-01 -8.965038657188415527e-01 1.409113500267267227e-02
9.298411011695861816e-01 -8.974717259407043457e-01 1.413505338132381439e-02
9.208912253379821777e-01 -8.982895612716674805e-01 1.417988631874322891e-02
9.119352102279663086e-01 -8.989613652229309082e-01 1.422558352351188660e-02
9.029743075370788574e-01 -8.994911313056945801e-01 1.427209004759788513e-02
8.940097689628601074e-01 -8.998827934265136719e-01 1.431934628635644913e-02
8.850427865982055664e-01 -9.001402854919433594e-01 1.436728890985250473e-02
8.760744333267211914e-01 -9.002675414085388184e-01 1.441585272550582886e-02
8.671059012413024902e-01 -9.002683758735656738e-01 1.446497067809104919e-02
8.581382036209106445e-01 -9.001466631889343262e-01 1.451457384973764420e-02
8.491724133491516113e-01 -8.999062180519104004e-01 1.456458959728479385e-02
8.402094841003417969e-01 -8.995508551597595215e-01 1.461494807153940201e-02
8.312504291534423828e-01 -8.990842103958129883e-01 1.466557662934064865e-02
8.222962021827697754e-01 -8.985100388526916504e-01 1.471640449017286301e-02
8.133476972579956055e-01 -8.978320360183715820e-01 1.476735994219779968e-02
8.044057488441467285e-01 -8.970537185668945312e-01 1.481837406754493713e-02
7.954713106155395508e-01 -8.961787223815917969e-01 1.486937608569860458e-02
7.865450978279113770e-01 -8.952105641365051270e-01 1.492029987275600433e-02
7.776280045509338379e-01 -8.941527009010314941e-01 1.497108023613691330e-02
7.687207460403442383e-01 -8.930085897445678711e-01 1.502165384590625763e-02
7.598240375518798828e-01 -8.917816281318664551e-01 1.507196109741926193e-02
7.509386539459228516e-01 -8.904751539230346680e-01 1.512194424867630005e-02
7.420652508735656738e-01 -8.890924453735351562e-01 1.517154835164546967e-02
7.332045435905456543e-01 -8.876367807388305664e-01 1.522071938961744308e-02
7.243571281433105469e-01 -8.861113190650939941e-01 1.526940800249576569e-02
7.155236601829528809e-01 -8.845192193984985352e-01 1.531757134944200516e-02
7.067047357559204102e-01 -8.828636407852172852e-01 1.536516472697257996e-02
6.979008913040161133e-01 -8.811476230621337891e-01 1.541214901953935623e-02
6.891127228736877441e-01 -8.793741464614868164e-01 1.545848883688449860e-02
6.803407669067382812e-01 -8.775461912155151367e-01 1.550415065139532089e-02
6.715855002403259277e-01 -8.756666183471679688e-01 1.554910745471715927e-02
6.628473997116088867e-01 -8.737383484840393066e-01 1.559333223849534988e-02
6.541269421577453613e-01 -8.717641830444335938e-01 1.563680171966552734e-02
6.454246044158935547e-01 -8.697468638420104980e-01 1.567950099706649780e-02
6.367407441139221191e-01 -8.676891326904296875e-01 1.572141051292419434e-02
6.280758380889892578e-01 -8.655936121940612793e-01 1.576251909136772156e-02
6.194302439689636230e-01 -8.634629845619201660e-01 1.580281741917133331e-02
6.108042597770690918e-01 -8.612998127937316895e-01 1.584229990839958191e-02
6.021983027458190918e-01 -8.591065406799316406e-01 1.588096283376216888e-02
5.936126708984375000e-01 -8.568857312202453613e-01 1.591880805790424347e-02
5.850476622581481934e-01 -8.546397686004638672e-01 1.595583558082580566e-02
5.765035748481750488e-01 -8.523710370063781738e-01 1.599205099046230316e-02
5.679806470870971680e-01 -8.500818014144897461e-01 1.602746173739433289e-02
5.594791173934936523e-01 -8.477743864059448242e-01 1.606207899749279022e-02
5.509992241859436035e-01 -8.454510569572448730e-01 1.609591394662857056e-02
5.425412058830261230e-01 -8.431139588356018066e-01 1.612898148596286774e-02
5.341052412986755371e-01 -8.407652378082275391e-01 1.616129837930202484e-02
5.256914496421813965e-01 -8.384069204330444336e-01 1.619288139045238495e-02
5.173000097274780273e-01 -8.360410928726196289e-01 1.622375100851058960e-02
5.089310407638549805e-01 -8.336697816848754883e-01 1.625392958521842957e-02
5.005846619606018066e-01 -8.312948346138000488e-01 1.628343947231769562e-02
4.922609925270080566e-01 -8.289182186126708984e-01 1.631230488419532776e-02
4.839600920677185059e-01 -8.265417218208312988e-01 1.634055003523826599e-02
4.756820201873779297e-01 -8.241671919822692871e-01 1.636820100247859955e-02
4.674268364906311035e-01 -8.217962980270385742e-01 1.639528572559356689e-02
4.591945409774780273e-01 -8.194308280944824219e-01 1.642183028161525726e-02
4.509851634502410889e-01 -8.170723915100097656e-01 1.644786447286605835e-02
4.427987039089202881e-01 -8.147225975990295410e-01 1.647341437637805939e-02
4.346351325511932373e-01 -8.123829960823059082e-01 1.649851165711879730e-02
4.264943897724151611e-01 -8.100550770759582520e-01 1.652318239212036133e-02
4.183764457702636719e-01 -8.077403306961059570e-01 1.654745824635028839e-02
4.102812111377716064e-01 -8.054401278495788574e-01 1.657136715948581696e-02
4.022085964679718018e-01 -8.031558990478515625e-01 1.659493520855903625e-02
3.941585123538970947e-01 -8.008889555931091309e-01 1.661819405853748322e-02
3.861308395862579346e-01 -7.986405491828918457e-01 1.664116978645324707e-02
3.781254589557647705e-01 -7.964119315147399902e-01 1.666389033198356628e-02
3.701422214508056641e-01 -7.942042946815490723e-01 1.668638177216053009e-02
3.621809482574462891e-01 -7.920187711715698242e-01 1.670867018401622772e-02
3.542414903640747070e-01 -7.898564338684082031e-01 1.673078164458274841e-02
3.463236689567565918e-01 -7.877183556556701660e-01 1.675273850560188293e-02
3.384272456169128418e-01 -7.856055498123168945e-01 1.677456684410572052e-02
3.305520415306091309e-01 -7.835189700126647949e-01 1.679628714919090271e-02
3.226978480815887451e-01 -7.814595699310302734e-01 1.681791990995407104e-02
3.148643970489501953e-01 -7.794282436370849609e-01 1.683948561549186707e-02
3.070514798164367676e-01 -7.774257659912109375e-01 1.686100289225578308e-02
2.992588281631469727e-01 -7.754529714584350586e-01 1.688248850405216217e-02
2.914861440658569336e-01 -7.735106348991394043e-01 1.690396107733249664e-02
2.837331891059875488e-01 -7.715994715690612793e-01 1.692543365061283112e-02
2.759996652603149414e-01 -7.697201371192932129e-01 1.694691926240921021e-02
2.682852745056152344e-01 -7.678733468055725098e-01 1.696843095123767853e-02
2.605897188186645508e-01 -7.660596370697021484e-01 1.698997989296913147e-02
2.529126703739166260e-01 -7.642796039581298828e-01 1.701157540082931519e-02
2.452538311481475830e-01 -7.625337243080139160e-01 1.703322492539882660e-02
2.376128584146499634e-01 -7.608225345611572266e-01 1.705493405461311340e-02
2.299894243478775024e-01 -7.591465115547180176e-01 1.707670651376247406e-02
2.223831862211227417e-01 -7.575060725212097168e-01 1.709854975342750549e-02
2.147937864065170288e-01 -7.559016346931457520e-01 1.712046377360820770e-02
2.072208821773529053e-01 -7.543334960937500000e-01 1.714244857430458069e-02
1.996641010046005249e-01 -7.528020739555358887e-01 1.716450601816177368e-02
1.921230852603912354e-01 -7.513076066970825195e-01 1.718663237988948822e-02
1.845974624156951904e-01 -7.498503923416137695e-01 1.720882579684257507e-02
1.770868748426437378e-01 -7.484306693077087402e-01 1.723108068108558655e-02
1.695909202098846436e-01 -7.470486164093017578e-01 1.725339144468307495e-02
1.621092408895492554e-01 -7.457044720649719238e-01 1.727575249969959259e-02
1.546414345502853394e-01 -7.443983554840087891e-01 1.729815453290939331e-02
1.471871137619018555e-01 -7.431304454803466797e-01 1.732059009373188019e-02
1.397459059953689575e-01 -7.419008016586303711e-01 1.734304800629615784e-02
1.323174089193344116e-01 -7.407095432281494141e-01 1.736551709473133087e-02
1.249012276530265808e-01 -7.395567297935485840e-01 1.738798432052135468e-02
1.174969673156738281e-01 -7.384424209594726562e-01 1.741043664515018463e-02
1.101042330265045166e-01 -7.373666167259216309e-01 1.743286289274692535e-02
1.027226373553276062e-01 -7.363293170928955078e-01 1.745524443686008453e-02
9.535177797079086304e-02 -7.353305220603942871e-01 1.747756823897361755e-02
8.799125999212265015e-02 -7.343701720237731934e-01 1.749981753528118134e-02
8.064068853855133057e-02 -7.334482073783874512e-01 1.752197556197643280e-02
7.329966872930526733e-02 -7.325645685195922852e-01 1.754402555525302887e-02
6.596780568361282349e-02 -7.317191362380981445e-01 1.756595075130462646e-02
5.864470452070236206e-02 -7.309117913246154785e-01 1.758773252367973328e-02
5.132997781038284302e-02 -7.301424145698547363e-01 1.760935224592685699e-02
4.402323439717292786e-02 -7.294108867645263672e-01 1.763078942894935608e-02
3.672408312559127808e-02 -7.287170290946960449e-01 1.765202730894088745e-02
2.943214215338230133e-02 -7.280607223510742188e-01 1.767304725944995880e-02
2.214702591300010681e-02 -7.274417281150817871e-01 1.769382879137992859e-02
1.486835442483425140e-02 -7.268598675727844238e-01 1.771435327827930450e-02
7.595749106258153915e-03 -7.263149619102478027e-01 1.773460023105144501e-02
3.288327716290950775e-04 -7.258067131042480469e-01 1.775455288589000702e-02
-6.932766176760196686e-03 -7.253349423408508301e-01 1.777419261634349823e-02
-1.418941840529441833e-02 -7.248994112014770508e-01 1.779350079596042633e-02
-2.144149132072925568e-02 -7.244998812675476074e-01 1.781245879828929901e-02
-2.868934720754623413e-02 -7.241360545158386230e-01 1.783104799687862396e-02
-3.593334555625915527e-02 -7.238076329231262207e-01 1.784925349056720734e-02
-4.317384213209152222e-02 -7.235143780708312988e-01 1.786705665290355682e-02
-5.041119456291198730e-02 -7.232559323310852051e-01 1.788444072008132935e-02
-5.764574557542800903e-02 -7.230320572853088379e-01 1.790139079093933105e-02
-6.487784534692764282e-02 -7.228423953056335449e-01 1.791789010167121887e-02
-7.210783660411834717e-02 -7.226866483688354492e-01 1.793392561376094818e-02
-7.933604717254638672e-02 -7.225645184516906738e-01 1.794948428869247437e-02
-8.656281977891921997e-02 -7.224755883216857910e-01 1.796455122530460358e-02
-9.378848224878311157e-02 -7.224195599555969238e-01 1.797911524772644043e-02
-1.010133624076843262e-01 -7.223960161209106445e-01 1.799316518008708954e-02
-1.082377806305885315e-01 -7.224046587944030762e-01 1.800668984651565552e-02
-1.154620572924613953e-01 -7.224450707435607910e-01 1.801967993378639221e-02
-1.226865053176879883e-01 -7.225168943405151367e-01 1.803212799131870270e-02
-1.299114376306533813e-01 -7.226197123527526855e-01 1.804402470588684082e-02
-1.371371448040008545e-01 -7.227531075477600098e-01 1.805536448955535889e-02
-1.443639397621154785e-01 -7.229166626930236816e-01 1.806613989174365997e-02
-1.515921205282211304e-01 -7.231099605560302734e-01 1.807634718716144562e-02
-1.588219851255416870e-01 -7.233325839042663574e-01 1.808598078787326813e-02
-1.660538166761398315e-01 -7.235840559005737305e-01 1.809503883123397827e-02
-1.732878983020782471e-01 -7.238639593124389648e-01 1.810351945459842682e-02
-1.805245280265808105e-01 -7.241718173027038574e-01 1.811142265796661377e-02
-1.877639591693878174e-01 -7.245071530342102051e-01 1.811874657869338989e-02
-1.950064897537231445e-01 -7.248694300651550293e-01 1.812549307942390442e-02
-2.022523730993270874e-01 -7.252582311630249023e-01 1.813166402280330658e-02
-2.095018774271011353e-01 -7.256729602813720703e-01 1.813726313412189484e-02
-2.167552560567855835e-01 -7.261131405830383301e-01 1.814229413866996765e-02
-2.240127623081207275e-01 -7.265782356262207031e-01 1.814676076173782349e-02
-2.312746644020080566e-01 -7.270677089691162109e-01 1.815066859126091003e-02
-2.385412007570266724e-01 -7.275809645652770996e-01 1.815402507781982422e-02
-2.458126097917556763e-01 -7.281174063682556152e-01 1.815683767199516296e-02
-2.530891299247741699e-01 -7.286764383316040039e-01 1.815911382436752319e-02
-2.603709995746612549e-01 -7.292574644088745117e-01 1.816086284816265106e-02
-2.676584422588348389e-01 -7.298598289489746094e-01 1.816209405660629272e-02
-2.749516963958740234e-01 -7.304829359054565430e-01 1.816281676292419434e-02
-2.822509407997131348e-01 -7.311260700225830078e-01 1.816304400563240051e-02
-2.895564138889312744e-01 -7.317885756492614746e-01 1.816278509795665741e-02
-2.968683242797851562e-01 -7.324697971343994141e-01 1.816205307841300964e-02
-3.041868805885314941e-01 -7.331689596176147461e-01 1.816086098551750183e-02
-3.115122616291046143e-01 -7.338852882385253906e-01 1.815921999514102936e-02
-3.188446760177612305e-01 -7.346180677413940430e-01 1.815714500844478607e-02
-3.261842727661132812e-01 -7.353665232658386230e-01 1.815464906394481659e-02
-3.335312604904174805e-01 -7.361298203468322754e-01 1.815174520015716553e-02
-3.408857882022857666e-01 -7.369071245193481445e-01 1.814844831824302673e-02
-3.482480347156524658e-01 -7.376975417137145996e-01 1.814477331936359406e-02
-3.556181490421295166e-01 -7.385002374649047852e-01 1.814073324203491211e-02
-3.629962801933288574e-01 -7.393143177032470703e-01 1.813634485006332397e-02
-3.703825771808624268e-01 -7.401388287544250488e-01 1.813162118196487427e-02
-3.777771592140197754e-01 -7.409728169441223145e-01 1.812657713890075684e-02
-3.851801455020904541e-01 -7.418152689933776855e-01 1.812122575938701630e-02
-3.925916552543640137e-01 -7.426651716232299805e-01 1.811558380722999573e-02
-4.000117778778076172e-01 -7.435215115547180176e-01 1.810966432094573975e-02
-4.074406325817108154e-01 -7.443831562995910645e-01 1.810348220169544220e-02
-4.148782789707183838e-01 -7.452490329742431641e-01 1.809705048799514771e-02
-4.223248064517974854e-01 -7.461180090904235840e-01 1.809038408100605011e-02
-4.297802746295928955e-01 -7.469888925552368164e-01 1.808349415659904480e-02
-4.372447133064270020e-01 -7.478604316711425781e-01 1.807639375329017639e-02
-4.447181820869445801e-01 -7.487314343452453613e-01 1.806909777224063873e-02
-4.522007107734680176e-01 -7.496005892753601074e-01 1.806161552667617798e-02
-4.596922993659973145e-01 -7.504666447639465332e-01 1.805396005511283875e-02
-4.671929776668548584e-01 -7.513281702995300293e-01 1.804614253342151642e-02
-4.747027158737182617e-01 -7.521838545799255371e-01 1.803817227482795715e-02
-4.822214841842651367e-01 -7.530322074890136719e-01 1.803006231784820557e-02
-4.897492229938507080e-01 -7.538717985153198242e-01 1.802182197570800781e-02
-4.972859025001525879e-01 -7.547011375427246094e-01 1.801345869898796082e-02
-5.048314332962036133e-01 -7.555186748504638672e-01 1.800498366355895996e-02
-5.123857259750366211e-01 -7.563228607177734375e-01 1.799640245735645294e-02
-5.199486613273620605e-01 -7.571120262145996094e-01 1.798772625625133514e-02
-5.275201201438903809e-01 -7.578845620155334473e-01 1.797896251082420349e-02
-5.350999832153320312e-01 -7.586387395858764648e-01 1.797011680901050568e-02
-5.426880717277526855e-01 -7.593728303909301758e-01 1.796119660139083862e-02
-5.502842068672180176e-01 -7.600851058959960938e-01 1.795220933854579926e-02
-5.578882098197937012e-01 -7.607737183570861816e-01 1.794316060841083527e-02
-5.654998421669006348e-01 -7.614367604255676270e-01 1.793405786156654358e-02
-5.731188654899597168e-01 -7.620723843574523926e-01 1.792490482330322266e-02
-5.807450413703918457e-01 -7.626786828041076660e-01 1.791570894420146942e-02
-5.883780717849731445e-01 -7.632536888122558594e-01 1.790647581219673157e-02
-5.960175991058349609e-01 -7.637953162193298340e-01 1.789720915257930756e-02
-6.036633849143981934e-01 -7.643015980720520020e-01 1.788791641592979431e-02
-6.113150119781494141e-01 -7.647703886032104492e-01 1.787860132753849030e-02
-6.189721822738647461e-01 -7.651996016502380371e-01 1.786926947534084320e-02
-6.266344785690307617e-01 -7.655870318412780762e-01 1.785992830991744995e-02
-6.343014240264892578e-01 -7.659305334091186523e-01 1.785058155655860901e-02
-6.419726610183715820e-01 -7.662278413772583008e-01 1.784123666584491730e-02
-6.496476531028747559e-01 -7.664767503738403320e-01 1.783189922571182251e-02
-6.573259234428405762e-01 -7.666748762130737305e-01 1.782257668673992157e-02
-6.650069355964660645e-01 -7.668199539184570312e-01 1.781327463686466217e-02
-6.726902127265930176e-01 -7.669095993041992188e-01 1.780400052666664124e-02
-6.803750991821289062e-01 -7.669414877891540527e-01 1.779475994408130646e-02
-6.880610585212707520e-01 -7.669131755828857422e-01 1.778556406497955322e-02
-6.957474350929260254e-01 -7.668221592903137207e-01 1.777642033994197845e-02
-7.034335732460021973e-01 -7.666660547256469727e-01 1.776733621954917908e-02
-7.111187577247619629e-01 -7.664423584938049316e-01 1.775832101702690125e-02
-7.188023328781127930e-01 -7.661486268043518066e-01 1.774938590824604034e-02
-7.264835238456726074e-01 -7.657822966575622559e-01 1.774054020643234253e-02
-7.341615557670593262e-01 -7.653408050537109375e-01 1.773179322481155396e-02
-7.418356537818908691e-01 -7.648216485977172852e-01 1.772315613925457001e-02
-7.495049834251403809e-01 -7.642223238945007324e-01 1.771463826298713684e-02
-7.571687102317810059e-01 -7.635402083396911621e-01 1.770625263452529907e-02
-7.648258805274963379e-01 -7.627727389335632324e-01 1.769800856709480286e-02
-7.724756598472595215e-01 -7.619173526763916016e-01 1.768991909921169281e-02
-7.801170349121093750e-01 -7.609715461730957031e-01 1.768199540674686432e-02
-7.877490520477294922e-01 -7.599326968193054199e-01 1.767424680292606354e-02
-7.953706979751586914e-01 -7.587983012199401855e-01 1.766668446362018585e-02
-8.029809594154357910e-01 -7.575657367706298828e-01 1.765931770205497742e-02
-8.105787634849548340e-01 -7.562325596809387207e-01 1.765215769410133362e-02
-8.181629776954650879e-01 -7.547962069511413574e-01 1.764521375298500061e-02
-8.257325291633605957e-01 -7.532541751861572266e-01 1.763849332928657532e-02
-8.332862257957458496e-01 -7.516040205955505371e-01 1.763200573623180389e-02
-8.408228754997253418e-01 -7.498432993888854980e-01 1.762575656175613403e-02
-8.483412861824035645e-01 -7.479695677757263184e-01 1.761974953114986420e-02
-8.558402061462402344e-01 -7.459804415702819824e-01 1.761399209499359131e-02
-8.633183836936950684e-01 -7.438735961914062500e-01 1.760848425328731537e-02
-8.707745075225830078e-01 -7.416467070579528809e-01 1.760323159396648407e-02
-8.782072067260742188e-01 -7.392975091934204102e-01 1.759823039174079895e-02
-8.856151700019836426e-01 -7.368237972259521484e-01 1.759348064661026001e-02
-8.929970264434814453e-01 -7.342233657836914062e-01 1.758898049592971802e-02
-9.003514051437377930e-01 -7.314941287040710449e-01 1.758472621440887451e-02
-9.076768755912780762e-01 -7.286339402198791504e-01 1.758071035146713257e-02
-9.149719476699829102e-01 -7.256408333778381348e-01 1.757692731916904449e-02
-9.222351908683776855e-01 -7.225129008293151855e-01 1.757336594164371490e-02
-9.294651150703430176e-01 -7.192481756210327148e-01 1.757001876831054688e-02
-9.366601705551147461e-01 -7.158448696136474609e-01 1.756687089800834656e-02
-9.438188672065734863e-01 -7.123011946678161621e-01 1.756391301751136780e-02
-9.509397149085998535e-01 -7.086154818534851074e-01 1.756113022565841675e-02
-9.580211043357849121e-01 -7.047861218452453613e-01 1.755850762128829956e-02
-9.650614857673645020e-01 -7.008115649223327637e-01 1.755603216588497162e-02
-9.720593094825744629e-01 -6.966903209686279297e-01 1.755368709564208984e-02
-9.790129661560058594e-01 -6.924210190773010254e-01 1.755145750939846039e-02
-9.859209060668945312e-01 -6.880022883415222168e-01 1.754933036863803864e-02
-9.927814602851867676e-01 -6.834329366683959961e-01 1.754728890955448151e-02
-9.995930790901184082e-01 -6.787118315696716309e-01 1.754532195627689362e-02
-1.006354212760925293e+00 -6.738378405570983887e-01 1.754341647028923035e-02
-1.013063192367553711e+00 -6.688100099563598633e-01 1.754156127572059631e-02
-1.019718408584594727e+00 -6.636274456977844238e-01 1.753974705934524536e-02
-1.026318192481994629e+00 -6.582893133163452148e-01 1.753796823322772980e-02
-1.032860994338989258e+00 -6.527948975563049316e-01 1.753621920943260193e-02
-1.039345264434814453e+00 -6.471436023712158203e-01 1.753449626266956329e-02
-1.045769333839416504e+00 -6.413347721099853516e-01 1.753280125558376312e-02
-1.052131772041320801e+00 -6.353679895401000977e-01 1.753113791346549988e-02
-1.058430910110473633e+00 -6.292428970336914062e-01 1.752951182425022125e-02
-1.064665079116821289e+00 -6.229591965675354004e-01 1.752793230116367340e-02
-1.070832848548889160e+00 -6.165166497230529785e-01 1.752641238272190094e-02
-1.076932668685913086e+00 -6.099151968955993652e-01 1.752496697008609772e-02
-1.082962989807128906e+00 -6.031548380851745605e-01 1.752361655235290527e-02
-1.088922262191772461e+00 -5.962356328964233398e-01 1.752238161861896515e-02
-1.094809055328369141e+00 -5.891577601432800293e-01 1.752128638327121735e-02
-1.100621819496154785e+00 -5.819215178489685059e-01 1.752035878598690033e-02
-1.106359124183654785e+00 -5.745272636413574219e-01 1.751962676644325256e-02
-1.112019419670104980e+00 -5.669754147529602051e-01 1.751912012696266174e-02
-1.117601275444030762e+00 -5.592665672302246094e-01 1.751887239515781403e-02
-1.123103380203247070e+00 -5.514014363288879395e-01 1.751891709864139557e-02
-1.128524184226989746e+00 -5.433807373046875000e-01 1.751928590238094330e-02
-1.133862257003784180e+00 -5.352053046226501465e-01 1.752001233398914337e-02
-1.139116287231445312e+00 -5.268761515617370605e-01 1.752112619578838348e-02
-1.144284844398498535e+00 -5.183943510055541992e-01 1.752265915274620056e-02
-1.149366617202758789e+00 -5.097610950469970703e-01 1.752463728189468384e-02
-1.154360175132751465e+00 -5.009776949882507324e-01 1.752708666026592255e-02
-1.159264206886291504e+00 -4.920455217361450195e-01 1.753002777695655823e-02
-1.164077401161193848e+00 -4.829661250114440918e-01 1.753347739577293396e-02
-1.168798327445983887e+00 -4.737411141395568848e-01 1.753744855523109436e-02
-1.173425793647766113e+00 -4.643722474575042725e-01 1.754194870591163635e-02
-1.177958488464355469e+00 -4.548613727092742920e-01 1.754697784781455994e-02
-1.182395100593566895e+00 -4.452104866504669189e-01 1.755252853035926819e-02
-1.186734437942504883e+00 -4.354217052459716797e-01 1.755859144032001495e-02
-1.190975189208984375e+00 -4.254972338676452637e-01 1.756514795124530792e-02
-1.195116043090820312e+00 -4.154394268989562988e-01 1.757217012345790863e-02
-1.199155926704406738e+00 -4.052507281303405762e-01 1.757962629199028015e-02
-1.203093528747558594e+00 -3.949337601661682129e-01 1.758747547864913940e-02
-1.206927657127380371e+00 -3.844912648200988770e-01 1.759567111730575562e-02
-1.210657119750976562e+00 -3.739260435104370117e-01 1.760416105389595032e-02
-1.214280843734741211e+00 -3.632411062717437744e-01 1.761288382112979889e-02
-1.217797517776489258e+00 -3.524395525455474854e-01 1.762177608907222748e-02
-1.221206188201904297e+00 -3.415246009826660156e-01 1.763076707720756531e-02
-1.224505662918090820e+00 -3.304995894432067871e-01 1.763978227972984314e-02
-1.227694869041442871e+00 -3.193680047988891602e-01 1.764874346554279327e-02
-1.230772733688354492e+00 -3.081334531307220459e-01 1.765756867825984955e-02
-1.233738183975219727e+00 -2.967996299266815186e-01 1.766617782413959503e-02
-1.236590266227722168e+00 -2.853703796863555908e-01 1.767448894679546356e-02
-1.239328026771545410e+00 -2.738496661186218262e-01 1.768242008984088898e-02
-1.241950392723083496e+00 -2.622415721416473389e-01 1.768989115953445435e-02
-1.244456529617309570e+00 -2.505502402782440186e-01 1.769682206213474274e-02
-1.246845602989196777e+00 -2.387799918651580811e-01 1.770314201712608337e-02
-1.249116659164428711e+00 -2.269352078437805176e-01 1.770877838134765625e-02
-1.251268982887268066e+00 -2.150203734636306763e-01 1.771367155015468597e-02
-1.253301739692687988e+00 -2.030400782823562622e-01 1.771776191890239716e-02
-1.255214214324951172e+00 -1.909989863634109497e-01 1.772100105881690979e-02
-1.257005691528320312e+00 -1.789018660783767700e-01 1.772334799170494080e-02
-1.258675575256347656e+00 -1.667535603046417236e-01 1.772476918995380402e-02
-1.260223269462585449e+00 -1.545589864253997803e-01 1.772524230182170868e-02
-1.261648297309875488e+00 -1.423231065273284912e-01 1.772475242614746094e-02
-1.262950062751770020e+00 -1.300509572029113770e-01 1.772329583764076233e-02
-1.264128208160400391e+00 -1.177476495504379272e-01 1.772087998688220978e-02
-1.265182256698608398e+00 -1.054183170199394226e-01 1.771751977503299713e-02
-1.266111850738525391e+00 -9.306814521551132202e-02 1.771324314177036285e-02
-1.266916871070861816e+00 -8.070234954357147217e-02 1.770808547735214233e-02
-1.267596960067749023e+00 -6.832617521286010742e-02 1.770208962261676788e-02
-1.268151998519897461e+00 -5.594488233327865601e-02 1.769530959427356720e-02
-1.268581867218017578e+00 -4.356375336647033691e-02 1.768780872225761414e-02
-1.268886566162109375e+00 -3.118806704878807068e-02 1.767965592443943024e-02
-1.269066095352172852e+00 -1.882310956716537476e-02 1.767092756927013397e-02
-1.269120454788208008e+00 -6.474151276051998138e-03 1.766170747578144073e-02
-1.269049882888793945e+00 5.853549577295780182e-03 1.765207946300506592e-02
-1.268854498863220215e+00 1.815474778413772583e-02 1.764213852584362030e-02
-1.268534541130065918e+00 3.042423352599143982e-02 1.763197779655456543e-02
-1.268090367317199707e+00 4.265682771801948547e-02 1.762169785797595978e-02
-1.267522454261779785e+00 5.484739318490028381e-02 1.761139556765556335e-02
-1.266831040382385254e+00 6.699083745479583740e-02 1.760116964578628540e-02
-1.266016721725463867e+00 7.908210903406143188e-02 1.759112253785133362e-02
-1.265080094337463379e+00 9.111621975898742676e-02 1.758135110139846802e-02
-1.264021754264831543e+00 1.030882447957992554e-01 1.757195219397544861e-02
-1.262842297554016113e+00 1.149933263659477234e-01 1.756302081048488617e-02
-1.261542439460754395e+00 1.268266737461090088e-01 1.755464822053909302e-02
-1.260123014450073242e+00 1.385835558176040649e-01 1.754692196846008301e-02
-1.258584856986999512e+00 1.502593308687210083e-01 1.753992214798927307e-02
-1.256928801536560059e+00 1.618494391441345215e-01 1.753372699022293091e-02
-1.255155801773071289e+00 1.733493953943252563e-01 1.752840913832187653e-02
-1.253266811370849609e+00 1.847548186779022217e-01 1.752403192222118378e-02
-1.251262903213500977e+00 1.960614025592803955e-01 1.752065494656562805e-02
-1.249145150184631348e+00 2.072649449110031128e-01 1.751833222806453705e-02
-1.246914625167846680e+00 2.183613330125808716e-01 1.751710847020149231e-02
-1.244572520256042480e+00 2.293465435504913330e-01 1.751702092587947845e-02
-1.242120027542114258e+00 2.402166575193405151e-01 1.751810126006603241e-02
-1.239558458328247070e+00 2.509678602218627930e-01 1.752037368714809418e-02
-1.236889004707336426e+00 2.615964412689208984e-01 1.752385683357715607e-02
-1.234113097190856934e+00 2.720988094806671143e-01 1.752855814993381500e-02
-1.231232047080993652e+00 2.824714481830596924e-01 1.753447949886322021e-02
-1.228247165679931641e+00 2.927109599113464355e-01 1.754161529242992401e-02
-1.225160002708435059e+00 3.028140664100646973e-01 1.754995435476303101e-02
-1.221971988677978516e+00 3.127776086330413818e-01 1.755947805941104889e-02
-1.218684673309326172e+00 3.225985169410705566e-01 1.757016032934188843e-02
-1.215299487113952637e+00 3.322738409042358398e-01 1.758196763694286346e-02
-1.211818099021911621e+00 3.418007791042327881e-01 1.759486459195613861e-02
-1.208242058753967285e+00 3.511766195297241211e-01 1.760880649089813232e-02
-1.204572916030883789e+00 3.603987395763397217e-01 1.762374117970466614e-02
-1.200812458992004395e+00 3.694646954536437988e-01 1.763961464166641235e-02
-1.196962237358093262e+00 3.783721625804901123e-01 1.765636727213859558e-02
-1.193023920059204102e+00 3.871188759803771973e-01 1.767393387854099274e-02
-1.188999295234680176e+00 3.957027494907379150e-01 1.769224554300308228e-02
-1.184890151023864746e+00 4.041218459606170654e-01 1.771122962236404419e-02
-1.180698156356811523e+00 4.123742878437042236e-01 1.773080974817276001e-02
-1.176425099372863770e+00 4.204583764076232910e-01 1.775090582668781281e-02
-1.172072768211364746e+00 4.283725321292877197e-01 1.777143776416778564e-02
-1.167642951011657715e+00 4.361152946949005127e-01 1.779231801629066467e-02
-1.163137435913085938e+00 4.436853528022766113e-01 1.781346276402473450e-02
-1.158558130264282227e+00 4.510815441608428955e-01 1.783478446304798126e-02
-1.153906822204589844e+00 4.583027958869934082e-01 1.785619184374809265e-02
-1.149185419082641602e+00 4.653481841087341309e-01 1.787759736180305481e-02
-1.144395709037780762e+00 4.722169637680053711e-01 1.789891161024570465e-02
-1.139539599418640137e+00 4.789084494113922119e-01 1.792004518210887909e-02
-1.134618878364562988e+00 4.854221642017364502e-01 1.794091239571571350e-02
-1.129635453224182129e+00 4.917576909065246582e-01 1.796142570674419403e-02
-1.124591231346130371e+00 4.979148209095001221e-01 1.798149943351745605e-02
-1.119488000869750977e+00 5.038934350013732910e-01 1.800105161964893341e-02
-1.114327669143676758e+00 5.096935629844665527e-01 1.802000030875205994e-02
-1.109112143516540527e+00 5.153152942657470703e-01 1.803826913237571716e-02
-1.103843212127685547e+00 5.207589268684387207e-01 1.805578358471393585e-02
-1.098522663116455078e+00 5.260248780250549316e-01 1.807247102260589600e-02
-1.093152403831481934e+00 5.311136841773986816e-01 1.808826625347137451e-02
-1.087734341621398926e+00 5.360259413719177246e-01 1.810310408473014832e-02
-1.082270145416259766e+00 5.407624244689941406e-01 1.811692677438259125e-02
-1.076761603355407715e+00 5.453239679336547852e-01 1.812968030571937561e-02
-1.071210622787475586e+00 5.497115850448608398e-01 1.814131252467632294e-02
-1.065618872642517090e+00 5.539262890815734863e-01 1.815178059041500092e-02
-1.059988141059875488e+00 5.579693317413330078e-01 1.816104352474212646e-02
-1.054320096969604492e+00 5.618419051170349121e-01 1.816906407475471497e-02
-1.048616409301757812e+00 5.655453801155090332e-01 1.817581243813037872e-02
-1.042878866195678711e+00 5.690812468528747559e-01 1.818126253783702850e-02
-1.037109136581420898e+00 5.724509954452514648e-01 1.818539388477802277e-02
-1.031308770179748535e+00 5.756562352180480957e-01 1.818818971514701843e-02
-1.025479555130004883e+00 5.786986351013183594e-01 1.818963885307312012e-02
-1.019622921943664551e+00 5.815799832344055176e-01 1.818973384797573090e-02
-1.013740539550781250e+00 5.843020081520080566e-01 1.818847097456455231e-02
-1.007833957672119141e+00 5.868666172027587891e-01 1.818585395812988281e-02
-1.001904606819152832e+00 5.892757177352905273e-01 1.818188838660717010e-02
-9.959540963172912598e-01 5.915312170982360840e-01 1.817658357322216034e-02
-9.899838566780090332e-01 5.936352014541625977e-01 1.816995441913604736e-02
-9.839953184127807617e-01 5.955896377563476562e-01 1.816201582551002502e-02
-9.779899716377258301e-01 5.973966121673583984e-01 1.815278828144073486e-02
-9.719691872596740723e-01 5.990582704544067383e-01 1.814229600131511688e-02
-9.659343361854553223e-01 6.005766987800598145e-01 1.813056319952011108e-02
-9.598867893218994141e-01 6.019540429115295410e-01 1.811761967837810516e-02
-9.538278579711914062e-01 6.031924486160278320e-01 1.810349896550178528e-02
-9.477588534355163574e-01 6.042941212654113770e-01 1.808822900056838989e-02
-9.416810870170593262e-01 6.052612662315368652e-01 1.807184889912605286e-02
-9.355958104133605957e-01 6.060960888862609863e-01 1.805439405143260956e-02
-9.295042157173156738e-01 6.068007946014404297e-01 1.803590357303619385e-02
-9.234075546264648438e-01 6.073775291442871094e-01 1.801641471683979034e-02
-9.173070192337036133e-01 6.078284978866577148e-01 1.799596846103668213e-02
-9.112037420272827148e-01 6.081559658050537109e-01 1.797460764646530151e-02
-9.050989151000976562e-01 6.083620786666870117e-01 1.795237325131893158e-02
-8.989936113357543945e-01 6.084489822387695312e-01 1.792930625379085541e-02
-8.928889632225036621e-01 6.084188818931579590e-01 1.790544949471950531e-02
-8.867860436439514160e-01 6.082739233970642090e-01 1.788084581494331360e-02
-8.806859254837036133e-01 6.080162525177001953e-01 1.785553991794586182e-02
-8.745896816253662109e-01 6.076479554176330566e-01 1.782957278192043304e-02
-8.684982657432556152e-01 6.071711778640747070e-01 1.780298538506031036e-02
-8.624127507209777832e-01 6.065880060195922852e-01 1.777582243084907532e-02
-8.563340306282043457e-01 6.059005260467529297e-01 1.774812303483486176e-02
-8.502631187438964844e-01 6.051107048988342285e-01 1.771992817521095276e-02
-8.442009687423706055e-01 6.042206287384033203e-01 1.769127883017063141e-02
-8.381485342979431152e-01 6.032322645187377930e-01 1.766221411526203156e-02
-8.321067094802856445e-01 6.021476387977600098e-01 1.763277314603328705e-02
-8.260763287544250488e-01 6.009686589241027832e-01 1.760299131274223328e-02
-8.200583457946777344e-01 5.996972322463989258e-01 1.757290586829185486e-02
-8.140535950660705566e-01 5.983352661132812500e-01 1.754255406558513641e-02
-8.080629110336303711e-01 5.968846678733825684e-01 1.751196943223476410e-02
-8.020871281623840332e-01 5.953472256660461426e-01 1.748118363320827484e-02
-7.961270213127136230e-01 5.937247872352600098e-01 1.745023205876350403e-02
-7.901834249496459961e-01 5.920191407203674316e-01 1.741914451122283936e-02
-7.842571735382080078e-01 5.902320742607116699e-01 1.738795079290866852e-02
-7.783489823341369629e-01 5.883652567863464355e-01 1.735668070614337921e-02
-7.724596261978149414e-01 5.864204764366149902e-01 1.732536032795906067e-02
-7.665898203849792480e-01 5.843993425369262695e-01 1.729401573538780212e-02
-7.607402801513671875e-01 5.823035240173339844e-01 1.726267300546169281e-02
-7.549117803573608398e-01 5.801346302032470703e-01 1.723135821521282196e-02
-7.491049766540527344e-01 5.778942704200744629e-01 1.720009185373783112e-02
-7.433205246925354004e-01 5.755840539932250977e-01 1.716889627277851105e-02
-7.375591397285461426e-01 5.732054710388183594e-01 1.713779196143150330e-02
-7.318215370178222656e-01 5.707600116729736328e-01 1.710679940879344940e-02
-7.261083126068115234e-01 5.682492256164550781e-01 1.707593537867069244e-02
-7.204200625419616699e-01 5.656745433807373047e-01 1.704521663486957550e-02
-7.147575020790100098e-01 5.630373954772949219e-01 1.701465994119644165e-02
-7.091211676597595215e-01 5.603391528129577637e-01 1.698428019881248474e-02
-7.035117149353027344e-01 5.575812458992004395e-01 1.695409044623374939e-02
-6.979297399520874023e-01 5.547649860382080078e-01 1.692410372197628021e-02
-6.923757791519165039e-01 5.518917441368103027e-01 1.689433306455612183e-02
-6.868504285812377930e-01 5.489627718925476074e-01 1.686478592455387115e-02
-6.813542842864990234e-01 5.459793806076049805e-01 1.683547347784042358e-02
-6.758878827095031738e-01 5.429428219795227051e-01 1.680640317499637604e-02
-6.704517006874084473e-01 5.398542881011962891e-01 1.677758432924747467e-02
-6.650463342666625977e-01 5.367149710655212402e-01 1.674902252852916718e-02
-6.596722602844238281e-01 5.335260629653930664e-01 1.672072336077690125e-02
-6.543300151824951172e-01 5.302887558937072754e-01 1.669269055128097534e-02
-6.490200757980346680e-01 5.270041227340698242e-01 1.666492782533168793e-02
-6.437429785728454590e-01 5.236732959747314453e-01 1.663743890821933746e-02
-6.384991407394409180e-01 5.202973484992980957e-01 1.661022379994392395e-02
-6.332890987396240234e-01 5.168773531913757324e-01 1.658328436315059662e-02
-6.281132698059082031e-01 5.134143233299255371e-01 1.655661873519420624e-02
-6.229721307754516602e-01 5.099092721939086914e-01 1.653022877871990204e-02
-6.178660988807678223e-01 5.063632130622863770e-01 1.650411076843738556e-02
-6.127956509590148926e-01 5.027770996093750000e-01 1.647826097905635834e-02
-6.077612042427062988e-01 4.991518557071685791e-01 1.645267568528652191e-02
-6.027631759643554688e-01 4.954884350299835205e-01 1.642734929919242859e-02
-5.978019237518310547e-01 4.917877316474914551e-01 1.640227809548377991e-02
-5.928779244422912598e-01 4.880506396293640137e-01 1.637745462357997894e-02
-5.879915356636047363e-01 4.842780232429504395e-01 1.635287329554557800e-02
-5.831431150436401367e-01 4.804707169532775879e-01 1.632852293550968170e-02
-5.783330798149108887e-01 4.766295254230499268e-01 1.630439609289169312e-02
-5.735618472099304199e-01 4.727552831172943115e-01 1.628048345446586609e-02
-5.688297152519226074e-01 4.688487648963928223e-01 1.625677384436130524e-02
-5.641370415687561035e-01 4.649107158184051514e-01 1.623325422406196594e-02
-5.594841837882995605e-01 4.609419107437133789e-01 1.620991341769695282e-02
-5.548714995384216309e-01 4.569430649280548096e-01 1.618673838675022125e-02
-5.502992868423461914e-01 4.529148936271667480e-01 1.616371423006057739e-02
-5.457679033279418945e-01 4.488580822944641113e-01 1.614082604646682739e-02
-5.412777066230773926e-01 4.447732865810394287e-01 1.611806079745292664e-02
-5.368289351463317871e-01 4.406611919403076172e-01 1.609539985656738281e-02
-5.324219465255737305e-01 4.365223944187164307e-01 1.607282646000385284e-02
-5.280570387840270996e-01 4.323575496673583984e-01 1.605032384395599365e-02
-5.237344503402709961e-01 4.281672537326812744e-01 1.602787151932716370e-02
-5.194545388221740723e-01 4.239521026611328125e-01 1.600545272231101990e-02
-5.152175426483154297e-01 4.197126626968383789e-01 1.598304696381092072e-02
-5.110237598419189453e-01 4.154494702816009521e-01 1.596063375473022461e-02
-5.068734884262084961e-01 4.111630916595458984e-01 1.593819260597229004e-02
-5.027669072151184082e-01 4.068540334701538086e-01 1.591570116579532623e-02
-4.987043440341949463e-01 4.025228321552276611e-01 1.589313708245754242e-02
-4.946860373020172119e-01 3.981699645519256592e-01 1.587047800421714783e-02
-4.907122254371643066e-01 3.937959074974060059e-01 1.584770344197750092e-02
-4.867831468582153320e-01 3.894011080265045166e-01 1.582478731870651245e-02
-4.828990399837493896e-01 3.849860429763793945e-01 1.580170542001724243e-02
-4.790601134300231934e-01 3.805511593818664551e-01 1.577843539416790009e-02
-4.752666354179382324e-01 3.760968446731567383e-01 1.575495302677154541e-02
-4.715187847614288330e-01 3.716235458850860596e-01 1.573123224079608917e-02
-4.678167998790740967e-01 3.671316504478454590e-01 1.570724882185459137e-02
-4.641608893871307373e-01 3.626215159893035889e-01 1.568297669291496277e-02
-4.605512619018554688e-01 3.580935299396514893e-01 1.565839163959026337e-02
-4.569880962371826172e-01 3.535480797290802002e-01 1.563346944749355316e-02
-4.534716010093688965e-01 3.489854633808135986e-01 1.560818310827016830e-02
-4.500019550323486328e-01 3.444060385227203369e-01 1.558250747621059418e-02
-4.465793669223785400e-01 3.398101329803466797e-01 1.555641926825046539e-02
-4.432040154933929443e-01 3.351980447769165039e-01 1.552989333868026733e-02
-4.398760497570037842e-01 3.305701017379760742e-01 1.550290547311306000e-02
-4.365956783294677734e-01 3.259265720844268799e-01 1.547543052583932877e-02
-4.333630502223968506e-01 3.212677240371704102e-01 1.544744521379470825e-02
-4.301783442497253418e-01 3.165938556194305420e-01 1.541892625391483307e-02
-4.270417094230651855e-01 3.119052052497863770e-01 1.538985129445791245e-02
-4.239532947540283203e-01 3.072020113468170166e-01 1.536019705235958099e-02
-4.209132492542266846e-01 3.024845123291015625e-01 1.532994210720062256e-02
-4.179217517375946045e-01 2.977529466152191162e-01 1.529906596988439560e-02
-4.149789214134216309e-01 2.930075228214263916e-01 1.526754908263683319e-02
-4.120849072933197021e-01 2.882484495639801025e-01 1.523537095636129379e-02
-4.092398583889007568e-01 2.834759354591369629e-01 1.520251296460628510e-02
-4.064438939094543457e-01 2.786901593208312988e-01 1.516895927488803864e-02
-4.036971330642700195e-01 2.738912999629974365e-01 1.513469219207763672e-02
-4.009997248649597168e-01 2.690795361995697021e-01 1.509969681501388550e-02
-3.983517885208129883e-01 2.642550170421600342e-01 1.506395917385816574e-02
-3.957534432411193848e-01 2.594178915023803711e-01 1.502746529877185822e-02
-3.932048082351684570e-01 2.545683085918426514e-01 1.499020401388406754e-02
-3.907060027122497559e-01 2.497064173221588135e-01 1.495216507464647293e-02
-3.882571160793304443e-01 2.448323518037796021e-01 1.491333916783332825e-02
-3.858582675457000732e-01 2.399462163448333740e-01 1.487371884286403656e-02
-3.835095763206481934e-01 2.350481450557708740e-01 1.483329664915800095e-02
-3.812111318111419678e-01 2.301382273435592651e-01 1.479206979274749756e-02
-3.789630234241485596e-01 2.252165675163269043e-01 1.475003361701965332e-02
-3.767653703689575195e-01 2.202832549810409546e-01 1.470718719065189362e-02
-3.746182620525360107e-01 2.153383642435073853e-01 1.466353051364421844e-02
-3.725217878818511963e-01 2.103819847106933594e-01 1.461906544864177704e-02
-3.704760074615478516e-01 2.054141759872436523e-01 1.457379478961229324e-02
-3.684810400009155273e-01 2.004350125789642334e-01 1.452772412449121475e-02
-3.665369749069213867e-01 1.954445391893386841e-01 1.448085904121398926e-02
-3.646438717842102051e-01 1.904428005218505859e-01 1.443320978432893753e-02
-3.628018200397491455e-01 1.854298412799835205e-01 1.438478566706180573e-02
-3.610109090805053711e-01 1.804057061672210693e-01 1.433559972792863846e-02
-3.592711985111236572e-01 1.753704100847244263e-01 1.428566593676805496e-02
-3.575827479362487793e-01 1.703239828348159790e-01 1.423499826341867447e-02
-3.559456467628479004e-01 1.652664393186569214e-01 1.418361533433198929e-02
-3.543599843978881836e-01 1.601977795362472534e-01 1.413153577595949173e-02
-3.528258204460144043e-01 1.551180183887481689e-01 1.407878007739782333e-02
-3.513432145118713379e-01 1.500271409749984741e-01 1.402537152171134949e-02
-3.499122262001037598e-01 1.449251323938369751e-01 1.397133246064186096e-02
-3.485329151153564453e-01 1.398119926452636719e-01 1.391669083386659622e-02
-3.472053706645965576e-01 1.346876770257949829e-01 1.386147364974021912e-02
-3.459296524524688721e-01 1.295521706342697144e-01 1.380570977926254272e-02
-3.447057902812957764e-01 1.244054287672042847e-01 1.374942995607852936e-02
-3.435338735580444336e-01 1.192474067211151123e-01 1.369266491383314133e-02
-3.424139618873596191e-01 1.140780597925186157e-01 1.363544911146163940e-02
-3.413461148738861084e-01 1.088973283767700195e-01 1.357781700789928436e-02
-3.403303921222686768e-01 1.037051528692245483e-01 1.351980399340391159e-02
-3.393668532371520996e-01 9.850145876407623291e-02 1.346144825220108032e-02
-3.384555876255035400e-01 9.328617155551910400e-02 1.340278796851634979e-02
-3.375966250896453857e-01 8.805920928716659546e-02 1.334386225789785385e-02
-3.367900252342224121e-01 8.282047510147094727e-02 1.328471116721630096e-02
-3.360358774662017822e-01 7.756987959146499634e-02 1.322537660598754883e-02
-3.353342413902282715e-01 7.230731844902038574e-02 1.316590048372745514e-02
-3.346851468086242676e-01 6.703267991542816162e-02 1.310632470995187759e-02
-3.340887129306793213e-01 6.174585223197937012e-02 1.304669305682182312e-02
-3.335449695587158203e-01 5.644670873880386353e-02 1.298704929649829865e-02
-3.330540060997009277e-01 5.113511532545089722e-02 1.292743720114231110e-02
-3.326158821582794189e-01 4.581093788146972656e-02 1.286790054291486740e-02
-3.322306871414184570e-01 4.047403112053871155e-02 1.280848495662212372e-02
-3.318984806537628174e-01 3.512424230575561523e-02 1.274923235177993774e-02
-3.316193521022796631e-01 2.976141124963760376e-02 1.269018929451704025e-02
-3.313933908939361572e-01 2.438537403941154480e-02 1.263139769434928894e-02
-3.312206566333770752e-01 1.899595558643341064e-02 1.257290225476026535e-02
-3.311012685298919678e-01 1.359297521412372589e-02 1.251474581658840179e-02
-3.310353159904479980e-01 8.176246657967567444e-03 1.245697122067213058e-02
-3.310228586196899414e-01 2.745575737208127975e-03 1.239962037652730942e-02
-3.310640454292297363e-01 -2.699239179491996765e-03 1.234273333102464676e-02
-3.311589360237121582e-01 -8.158406242728233337e-03 1.228634919971227646e-02
-3.313076794147491455e-01 -1.363213919103145599e-02 1.223050802946090698e-02
-3.315103650093078613e-01 -1.912066154181957245e-02 1.217524707317352295e-02
-3.317671120166778564e-01 -2.462419867515563965e-02 1.212060172110795975e-02
-3.320780396461486816e-01 -3.014298714697360992e-02 1.206660736352205276e-02
-3.324432671070098877e-01 -3.567726537585258484e-02 1.201329659670591354e-02
-3.328629434108734131e-01 -4.122728481888771057e-02 1.196070108562707901e-02
-3.333371877670288086e-01 -4.679329693317413330e-02 1.190884970128536224e-02
-3.338661789894104004e-01 -5.237555503845214844e-02 1.185777038335800171e-02
-3.344500362873077393e-01 -5.797432735562324524e-02 1.180748827755451202e-02
-3.350889086723327637e-01 -6.358987838029861450e-02 1.175802759826183319e-02
-3.357829749584197998e-01 -6.922248005867004395e-02 1.170940883457660675e-02
-3.365323841571807861e-01 -7.487241178750991821e-02 1.166165247559547424e-02
-3.373373150825500488e-01 -8.053995668888092041e-02 1.161477435380220413e-02
-3.381979465484619141e-01 -8.622539043426513672e-02 1.156878937035799026e-02
-3.391144871711730957e-01 -9.192900359630584717e-02 1.152370870113372803e-02
-3.400870859622955322e-01 -9.765108674764633179e-02 1.147954165935516357e-02
-3.411159813404083252e-01 -1.033919304609298706e-01 1.143629569560289383e-02
-3.422013521194458008e-01 -1.091518253087997437e-01 1.139397546648979187e-02
-3.433434069156646729e-01 -1.149310544133186340e-01 1.135258097201585770e-02
-3.445423841476440430e-01 -1.207299157977104187e-01 1.131211221218109131e-02
-3.457984924316406250e-01 -1.265487074851989746e-01 1.127256639301776886e-02
-3.471119403839111328e-01 -1.323876976966857910e-01 1.123393513262271881e-02
-3.484829962253570557e-01 -1.382471919059753418e-01 1.119621284306049347e-02
-3.499118983745574951e-01 -1.441274583339691162e-01 1.115938555449247360e-02
-3.513988852500915527e-01 -1.500287801027297974e-01 1.112344022840261459e-02
-3.529442250728607178e-01 -1.559514254331588745e-01 1.108836010098457336e-02
-3.545481562614440918e-01 -1.618956625461578369e-01 1.105412654578685760e-02
-3.562109768390655518e-01 -1.678617447614669800e-01 1.102071814239025116e-02
-3.579329252243041992e-01 -1.738499104976654053e-01 1.098810974508523941e-02
-3.597142994403839111e-01 -1.798604130744934082e-01 1.095627713948488235e-02
-3.615553677082061768e-01 -1.858934760093688965e-01 1.092519145458936691e-02
-3.634564280509948730e-01 -1.919493228197097778e-01 1.089482102543115616e-02
-3.654177784919738770e-01 -1.980281472206115723e-01 1.086513418704271317e-02
-3.674397170543670654e-01 -2.041301429271697998e-01 1.083609648048877716e-02
-3.695225417613983154e-01 -2.102554887533187866e-01 1.080767251551151276e-02
-3.716665506362915039e-01 -2.164043337106704712e-01 1.077982317656278610e-02
-3.738720417022705078e-01 -2.225768119096755981e-01 1.075251027941703796e-02
-3.761393427848815918e-01 -2.287730425596237183e-01 1.072569191455841064e-02
-3.784687817096710205e-01 -2.349931299686431885e-01 1.069932803511619568e-02
-3.808606564998626709e-01 -2.412371486425399780e-01 1.067337393760681152e-02
-3.833152949810028076e-01 -2.475051581859588623e-01 1.064778678119182587e-02
-3.858330249786376953e-01 -2.537971735000610352e-01 1.062252186238765717e-02
-3.884141445159912109e-01 -2.601132094860076904e-01 1.059753261506557465e-02
-3.910590112209320068e-01 -2.664532363414764404e-01 1.057277340441942215e-02
-3.937679231166839600e-01 -2.728171944618225098e-01 1.054819859564304352e-02
-3.965412080287933350e-01 -2.792050242424011230e-01 1.052376162260770798e-02
-3.993791937828063965e-01 -2.856165766716003418e-01 1.049941685050725937e-02
-4.022821784019470215e-01 -2.920517325401306152e-01 1.047511864453554153e-02
-4.052504897117614746e-01 -2.985103130340576172e-01 1.045082043856382370e-02
-4.082844555377960205e-01 -3.049921095371246338e-01 1.042647846043109894e-02
-4.113844037055969238e-01 -3.114968538284301758e-01 1.040204893797636032e-02
-4.145506024360656738e-01 -3.180242776870727539e-01 1.037748903036117554e-02
-4.177833795547485352e-01 -3.245740234851837158e-01 1.035275589674711227e-02
-4.210830330848693848e-01 -3.311457633972167969e-01 1.032780855894088745e-02
-4.244498610496520996e-01 -3.377390801906585693e-01 1.030260790139436722e-02
-4.278841614723205566e-01 -3.443535566329956055e-01 1.027711667120456696e-02
-4.313862025737762451e-01 -3.509886860847473145e-01 1.025129947811365128e-02
-4.349562525749206543e-01 -3.576439321041107178e-01 1.022512186318635941e-02
-4.385946094989776611e-01 -3.643187582492828369e-01 1.019855123013257980e-02
-4.423015117645263672e-01 -3.710125386714935303e-01 1.017155870795249939e-02
-4.460771977901458740e-01 -3.777246177196502686e-01 1.014411728829145432e-02
-4.499219059944152832e-01 -3.844543099403381348e-01 1.011620089411735535e-02
-4.538358747959136963e-01 -3.912008404731750488e-01 1.008778717368841171e-02
-4.578193128108978271e-01 -3.979634642601013184e-01 1.005885750055313110e-02
-4.618724286556243896e-01 -4.047413170337677002e-01 1.002939417958259583e-02
-4.659954309463500977e-01 -4.115335345268249512e-01 9.999382309615612030e-03
-4.701884984970092773e-01 -4.183391928672790527e-01 9.968810714781284332e-03
-4.744517803192138672e-01 -4.251573085784912109e-01 9.937671944499015808e-03
-4.787854254245758057e-01 -4.319868981838226318e-01 9.905959479510784149e-03
-4.831895828247070312e-01 -4.388268887996673584e-01 9.873670525848865509e-03
-4.876643717288970947e-01 -4.456761479377746582e-01 9.840806946158409119e-03
-4.922098815441131592e-01 -4.525335729122161865e-01 9.807370603084564209e-03
-4.968262314796447754e-01 -4.593979418277740479e-01 9.773368947207927704e-03
-5.015134811401367188e-01 -4.662680327892303467e-01 9.738812223076820374e-03
-5.062716603279113770e-01 -4.731425642967224121e-01 9.703711606562137604e-03
-5.111008286476135254e-01 -4.800202250480651855e-01 9.668083861470222473e-03
-5.160009860992431641e-01 -4.868996143341064453e-01 9.631946682929992676e-03
-5.209721326828002930e-01 -4.937793612480163574e-01 9.595321491360664368e-03
-5.260142087936401367e-01 -5.006580352783203125e-01 9.558232501149177551e-03
-5.311272144317626953e-01 -5.075340867042541504e-01 9.520706720650196075e-03
-5.363110899925231934e-01 -5.144060850143432617e-01 9.482773020863533020e-03
-5.415657162666320801e-01 -5.212724208831787109e-01 9.444463066756725311e-03
-5.468909740447998047e-01 -5.281314849853515625e-01 9.405811317265033722e-03
-5.522867441177368164e-01 -5.349816679954528809e-01 9.366853162646293640e-03
-5.577529072761535645e-01 -5.418212413787841797e-01 9.327627718448638916e-03
-5.632892847061157227e-01 -5.486485958099365234e-01 9.288175031542778015e-03
-5.688956379890441895e-01 -5.554619431495666504e-01 9.248537011444568634e-03
-5.745717883110046387e-01 -5.622594952583312988e-01 9.208758361637592316e-03
-5.803174376487731934e-01 -5.690395236015319824e-01 9.168881922960281372e-03
-5.861323475837707520e-01 -5.758001804351806641e-01 9.128956124186515808e-03
-5.920162200927734375e-01 -5.825395584106445312e-01 9.089025668799877167e-03
-5.979687571525573730e-01 -5.892558693885803223e-01 9.049139916896820068e-03
-6.039896011352539062e-01 -5.959471464157104492e-01 9.009346365928649902e-03
-6.100783944129943848e-01 -6.026114821434020996e-01 8.969695307314395905e-03
-6.162347197532653809e-01 -6.092469096183776855e-01 8.930233307182788849e-03
-6.224581599235534668e-01 -6.158514618873596191e-01 8.891011588275432587e-03
-6.287482976913452148e-01 -6.224231123924255371e-01 8.852076716721057892e-03
-6.351046562194824219e-01 -6.289598941802978516e-01 8.813478052616119385e-03
-6.415267586708068848e-01 -6.354597210884094238e-01 8.775261230766773224e-03
-6.480140686035156250e-01 -6.419205665588378906e-01 8.737473748624324799e-03
-6.545660495758056641e-01 -6.483403444290161133e-01 8.700160309672355652e-03
-6.611821651458740234e-01 -6.547170281410217285e-01 8.663364686071872711e-03
-6.678618192672729492e-01 -6.610484719276428223e-01 8.627126924693584442e-03
-6.746043562889099121e-01 -6.673325300216674805e-01 8.591488003730773926e-03
-6.814091801643371582e-01 -6.735671162605285645e-01 8.556485176086425781e-03
-6.882756352424621582e-01 -6.797501444816589355e-01 8.522153832018375397e-03
-6.952030062675476074e-01 -6.858794093132019043e-01 8.488526567816734314e-03
-7.021906375885009766e-01 -6.919527649879455566e-01 8.455632254481315613e-03
-7.092377543449401855e-01 -6.979680061340332031e-01 8.423499763011932373e-03
-7.163435816764831543e-01 -7.039229869842529297e-01 8.392151445150375366e-03
-7.235074043273925781e-01 -7.098155617713928223e-01 8.361606858670711517e-03
-7.307283878326416016e-01 -7.156434655189514160e-01 8.331883698701858521e-03
-7.380057573318481445e-01 -7.214045524597167969e-01 8.302995003759860992e-03
-7.453386187553405762e-01 -7.270966172218322754e-01 8.274949155747890472e-03
-7.527260780334472656e-01 -7.327174544334411621e-01 8.247751742601394653e-03
-7.601673007011413574e-01 -7.382648587226867676e-01 8.221403695642948151e-03
-7.676613926887512207e-01 -7.437366247177124023e-01 8.195902220904827118e-03
-7.752074003219604492e-01 -7.491304874420166016e-01 8.171238005161285400e-03
-7.828043699264526367e-01 -7.544443011283874512e-01 8.147399872541427612e-03
-7.904513478279113770e-01 -7.596758008003234863e-01 8.124371990561485291e-03
-7.981473803520202637e-01 -7.648227214813232422e-01 8.102132007479667664e-03
-8.058913946151733398e-01 -7.698829174041748047e-01 8.080653846263885498e-03
-8.136823773384094238e-01 -7.748541235923767090e-01 8.059906773269176483e-03
-8.215193152427673340e-01 -7.797341346740722656e-01 8.039854466915130615e-03
-8.294011354446411133e-01 -7.845206856727600098e-01 8.020457811653614044e-03
-8.373267650604248047e-01 -7.892115712165832520e-01 8.001671172678470612e-03
-8.452950716018676758e-01 -7.938045859336853027e-01 7.983445189893245697e-03
-8.533049821853637695e-01 -7.982974648475646973e-01 7.965723052620887756e-03
-8.613553047180175781e-01 -8.026880025863647461e-01 7.948446087539196014e-03
-8.694449067115783691e-01 -8.069739937782287598e-01 7.931550964713096619e-03
-8.775726556777954102e-01 -8.111532330513000488e-01 7.914967834949493408e-03
-8.857373595237731934e-01 -8.152235150337219238e-01 7.898623123764991760e-03
-8.939377665519714355e-01 -8.191825747489929199e-01 7.882438600063323975e-03
-9.021727442741394043e-01 -8.230282664299011230e-01 7.866331376135349274e-03
-9.104409813880920410e-01 -8.267583250999450684e-01 7.850213907659053802e-03
-9.187412858009338379e-01 -8.303706049919128418e-01 7.833994925022125244e-03
-9.270723462104797363e-01 -8.338629007339477539e-01 7.817578501999378204e-03
-9.354329109191894531e-01 -8.372330069541931152e-01 7.800865452736616135e-03
-9.438217282295227051e-01 -8.404787778854370117e-01 7.783751469105482101e-03
-9.522374272346496582e-01 -8.435980677604675293e-01 7.766128983348608017e-03
-9.606786966323852539e-01 -8.465886712074279785e-01 7.747885771095752716e-03
-9.691442251205444336e-01 -8.494484424591064453e-01 7.728907279670238495e-03
-9.776326417922973633e-01 -8.521752357482910156e-01 7.709074299782514572e-03
-9.861425757408142090e-01 -8.547669053077697754e-01 7.688264828175306320e-03
-9.946726560592651367e-01 -8.572213649749755859e-01 7.666353136301040649e-03
-1.003221511840820312e+00 -8.595364689826965332e-01 7.643210235983133316e-03
-1.011787652969360352e+00 -8.617101907730102539e-01 7.618703879415988922e-03
-1.020369768142700195e+00 -8.637404441833496094e-01 7.592700887471437454e-03
-1.028966307640075684e+00 -8.656251430511474609e-01 7.565062958747148514e-03
-1.037575960159301758e+00 -8.673622608184814453e-01 7.535649463534355164e-03
-1.046197175979614258e+00 -8.689497709274291992e-01 7.504318375140428543e-03
-1.054828405380249023e+00 -8.703857064247131348e-01 7.470923941582441330e-03
-1.063468217849731445e+00 -8.716680407524108887e-01 7.435318548232316971e-03
-1.072115182876586914e+00 -8.727948665618896484e-01 7.397354114800691605e-03
-1.080767750740051270e+00 -8.737642765045166016e-01 7.356877904385328293e-03
-1.089424252510070801e+00 -8.745743632316589355e-01 7.313737180083990097e-03
-1.098083257675170898e+00 -8.752232193946838379e-01 7.267776876688003540e-03
-1.106743216514587402e+00 -8.757090568542480469e-01 7.218840532004833221e-03
-1.115402460098266602e+00 -8.760300874710083008e-01 7.166769355535507202e-03
-1.124059557914733887e+00 -8.761845231056213379e-01 7.111404556781053543e-03
-1.132712721824645996e+00 -8.761706352233886719e-01 7.052585948258638382e-03
-1.141360521316528320e+00 -8.759867548942565918e-01 6.990151945501565933e-03
-1.150001168251037598e+00 -8.756312131881713867e-01 6.923940032720565796e-03
-1.158633112907409668e+00 -8.751024603843688965e-01 6.853789091110229492e-03
-1.167254686355590820e+00 -8.743988871574401855e-01 6.779535207897424698e-03
-1.175864219665527344e+00 -8.735190033912658691e-01 6.701017264276742935e-03
