tstp,temperature
01/11/2011 00:00,13.49
01/11/2011 01:00,12.73
01/11/2011 02:00,13.65
01/11/2011 03:00,14.13
01/11/2011 04:00,14.17
01/11/2011 05:00,14.21
01/11/2011 06:00,13.89
01/11/2011 07:00,13.02
01/11/2011 08:00,12.48
01/11/2011 09:00,12.16
01/11/2011 10:00,13.09
01/11/2011 11:00,13.32
01/11/2011 12:00,13.83
01/11/2011 13:00,15.18
01/11/2011 14:00,14.91
01/11/2011 15:00,15.57
01/11/2011 16:00,13.99
01/11/2011 17:00,12.82
01/11/2011 18:00,11.8
01/11/2011 19:00,11.24
01/11/2011 20:00,10.31
01/11/2011 21:00,10.11
01/11/2011 22:00,9.68
01/11/2011 23:00,9.99
02/11/2011 00:00,9.43
02/11/2011 01:00,9.03
02/11/2011 02:00,8.93
02/11/2011 03:00,8.88
02/11/2011 04:00,9.23
02/11/2011 05:00,9.36
02/11/2011 06:00,9.33
02/11/2011 07:00,10.06
02/11/2011 08:00,10.65
02/11/2011 09:00,12.03
02/11/2011 10:00,12.98
02/11/2011 11:00,13.61
02/11/2011 12:00,14.87
02/11/2011 13:00,15.06
02/11/2011 14:00,14.63
02/11/2011 15:00,14.15
02/11/2011 16:00,14.07
02/11/2011 17:00,13.67
02/11/2011 18:00,14.03
02/11/2011 19:00,13.99
02/11/2011 20:00,14.03
02/11/2011 21:00,14.25
02/11/2011 22:00,14.78
02/11/2011 23:00,15.19
03/11/2011 00:00,14.83
03/11/2011 01:00,15.67
03/11/2011 02:00,15.34
03/11/2011 03:00,15.39
03/11/2011 04:00,15.85
03/11/2011 05:00,15.74
03/11/2011 06:00,15.37
03/11/2011 07:00,15.27
03/11/2011 08:00,15.25
03/11/2011 09:00,15.38
03/11/2011 10:00,16.22
03/11/2011 11:00,16.73
03/11/2011 12:00,16.58
03/11/2011 13:00,17.34
03/11/2011 14:00,17.41
03/11/2011 15:00,17.29
03/11/2011 16:00,16.63
03/11/2011 17:00,15.11
03/11/2011 18:00,14.08
03/11/2011 19:00,13.56
03/11/2011 20:00,13.18
03/11/2011 21:00,12.79
03/11/2011 22:00,13.12
03/11/2011 23:00,13.24
04/11/2011 00:00,13.65
04/11/2011 01:00,13.68
04/11/2011 02:00,13.64
04/11/2011 03:00,13.18
04/11/2011 04:00,12.98
04/11/2011 05:00,12.56
04/11/2011 06:00,12.56
04/11/2011 07:00,12.52
04/11/2011 08:00,12.57
04/11/2011 09:00,12.81
04/11/2011 10:00,14.2
04/11/2011 11:00,15.54
04/11/2011 12:00,15.52
04/11/2011 13:00,15.09
04/11/2011 14:00,14.68
04/11/2011 15:00,14.57
04/11/2011 16:00,14.14
04/11/2011 17:00,13.54
04/11/2011 18:00,13.48
04/11/2011 19:00,12.73
04/11/2011 20:00,12.98
04/11/2011 21:00,12.98
04/11/2011 22:00,12.09
04/11/2011 23:00,11.53
05/11/2011 00:00,11.22
05/11/2011 01:00,10.57
05/11/2011 02:00,10.17
05/11/2011 03:00,10.21
05/11/2011 04:00,10.64
05/11/2011 05:00,11.18
05/11/2011 06:00,10.86
05/11/2011 07:00,11.67
05/11/2011 08:00,11.76
05/11/2011 09:00,12.67
05/11/2011 10:00,12.84
05/11/2011 11:00,13.29
05/11/2011 12:00,13.49
05/11/2011 13:00,13.5
05/11/2011 14:00,13.57
05/11/2011 15:00,13.94
05/11/2011 16:00,13.81
05/11/2011 17:00,13.75
05/11/2011 18:00,13.3
05/11/2011 19:00,12.87
05/11/2011 20:00,12.45
05/11/2011 21:00,11.98
05/11/2011 22:00,11.82
05/11/2011 23:00,11.35
06/11/2011 00:00,11.28
06/11/2011 01:00,11.19
06/11/2011 02:00,11.08
06/11/2011 03:00,10.14
06/11/2011 04:00,9.57
06/11/2011 05:00,9.46
06/11/2011 06:00,9.51
06/11/2011 07:00,9.53
06/11/2011 08:00,9.51
06/11/2011 09:00,9.59
06/11/2011 10:00,10.12
06/11/2011 11:00,10.77
06/11/2011 12:00,11.27
06/11/2011 13:00,11.82
06/11/2011 14:00,11.85
06/11/2011 15:00,11.85
06/11/2011 16:00,11.74
06/11/2011 17:00,11.38
06/11/2011 18:00,11.19
06/11/2011 19:00,11.21
06/11/2011 20:00,10.89
06/11/2011 21:00,10.87
06/11/2011 22:00,10.81
06/11/2011 23:00,10.3
07/11/2011 00:00,10.17
07/11/2011 01:00,10.19
07/11/2011 02:00,10.17
07/11/2011 03:00,10.29
07/11/2011 04:00,10.21
07/11/2011 05:00,10.22
07/11/2011 06:00,10.26
07/11/2011 07:00,10.34
07/11/2011 08:00,10.79
07/11/2011 09:00,11.03
07/11/2011 10:00,11.94
07/11/2011 11:00,12.39
07/11/2011 12:00,12.49
07/11/2011 13:00,12.78
07/11/2011 14:00,12.77
07/11/2011 15:00,12.47
07/11/2011 16:00,12.44
07/11/2011 17:00,12.36
07/11/2011 18:00,12.27
07/11/2011 19:00,11.83
07/11/2011 20:00,11.78
07/11/2011 21:00,11.44
07/11/2011 22:00,11.33
07/11/2011 23:00,11.34
08/11/2011 00:00,11.31
08/11/2011 01:00,11.27
08/11/2011 02:00,10.89
08/11/2011 03:00,10.83
08/11/2011 04:00,10.81
08/11/2011 05:00,10.41
08/11/2011 06:00,10.37
08/11/2011 07:00,10.12
08/11/2011 08:00,9.67
08/11/2011 09:00,9.37
08/11/2011 10:00,9.71
08/11/2011 11:00,9.79
08/11/2011 12:00,10.31
08/11/2011 13:00,10.35
08/11/2011 14:00,10.31
08/11/2011 15:00,10.33
08/11/2011 16:00,10.57
08/11/2011 17:00,10.27
08/11/2011 18:00,10.26
08/11/2011 19:00,10.12
08/11/2011 20:00,10.16
08/11/2011 21:00,9.73
08/11/2011 22:00,10.1
08/11/2011 23:00,10.08
09/11/2011 00:00,10.1
09/11/2011 01:00,10.12
09/11/2011 02:00,10.21
09/11/2011 03:00,10.23
09/11/2011 04:00,10.31
09/11/2011 05:00,10.41
09/11/2011 06:00,10.46
09/11/2011 07:00,10.52
09/11/2011 08:00,11.01
09/11/2011 09:00,11.56
09/11/2011 10:00,12.84
09/11/2011 11:00,13.16
09/11/2011 12:00,14.47
09/11/2011 13:00,15
09/11/2011 14:00,14.63
09/11/2011 15:00,14.55
09/11/2011 16:00,13.04
09/11/2011 17:00,12.33
09/11/2011 18:00,11.84
09/11/2011 19:00,11.34
09/11/2011 20:00,11.28
09/11/2011 21:00,11.14
09/11/2011 22:00,11.56
09/11/2011 23:00,11.42
10/11/2011 00:00,10.63
10/11/2011 01:00,10.42
10/11/2011 02:00,10.36
10/11/2011 03:00,10.31
10/11/2011 04:00,10.26
10/11/2011 05:00,10.31
10/11/2011 06:00,10.88
10/11/2011 07:00,11.26
10/11/2011 08:00,11.33
10/11/2011 09:00,11.7
10/11/2011 10:00,12.39
10/11/2011 11:00,13.31
10/11/2011 12:00,13.19
10/11/2011 13:00,13.31
10/11/2011 14:00,13.64
10/11/2011 15:00,13.71
10/11/2011 16:00,13.01
10/11/2011 17:00,12.32
10/11/2011 18:00,12.13
10/11/2011 19:00,11.34
10/11/2011 20:00,11.61
10/11/2011 21:00,11.11
10/11/2011 22:00,10.75
10/11/2011 23:00,10.56
11/11/2011 00:00,10.24
11/11/2011 01:00,9.76
11/11/2011 02:00,9.46
11/11/2011 03:00,9.23
11/11/2011 04:00,9.26
11/11/2011 05:00,9.33
11/11/2011 06:00,9.31
11/11/2011 07:00,8.85
11/11/2011 08:00,9.13
11/11/2011 09:00,9.23
11/11/2011 10:00,9.21
11/11/2011 11:00,9.78
11/11/2011 12:00,9.91
11/11/2011 13:00,10.22
11/11/2011 14:00,10.63
11/11/2011 15:00,10.34
11/11/2011 16:00,10.31
11/11/2011 17:00,10.39
11/11/2011 18:00,10.79
11/11/2011 19:00,10.87
11/11/2011 20:00,11.28
11/11/2011 21:00,11.52
11/11/2011 22:00,11.93
11/11/2011 23:00,11.96
12/11/2011 00:00,12.42
12/11/2011 01:00,12.48
12/11/2011 02:00,12.49
12/11/2011 03:00,12.51
12/11/2011 04:00,12.57
12/11/2011 05:00,12.95
12/11/2011 06:00,12.95
12/11/2011 07:00,13.01
12/11/2011 08:00,12.98
12/11/2011 09:00,13.4
12/11/2011 10:00,13.99
12/11/2011 11:00,14.49
12/11/2011 12:00,15.11
12/11/2011 13:00,15.26
12/11/2011 14:00,15.11
12/11/2011 15:00,14.99
12/11/2011 16:00,14.39
12/11/2011 17:00,13.93
12/11/2011 18:00,13.47
12/11/2011 19:00,13.31
12/11/2011 20:00,12.93
12/11/2011 21:00,12.46
12/11/2011 22:00,11.99
12/11/2011 23:00,11.56
13/11/2011 00:00,11.53
13/11/2011 01:00,11.51
13/11/2011 02:00,11.83
13/11/2011 03:00,11.89
13/11/2011 04:00,11.75
13/11/2011 05:00,11.29
13/11/2011 06:00,11.29
13/11/2011 07:00,10.76
13/11/2011 08:00,10.85
13/11/2011 09:00,11.74
13/11/2011 10:00,13.17
13/11/2011 11:00,14.33
13/11/2011 12:00,15.32
13/11/2011 13:00,15.06
13/11/2011 14:00,14.7
13/11/2011 15:00,14.22
13/11/2011 16:00,13.34
13/11/2011 17:00,12.21
13/11/2011 18:00,11.07
13/11/2011 19:00,10.77
13/11/2011 20:00,10.78
13/11/2011 21:00,10.8
13/11/2011 22:00,10.31
13/11/2011 23:00,10.23
14/11/2011 00:00,10.18
14/11/2011 01:00,9.7
14/11/2011 02:00,9.64
14/11/2011 03:00,9.13
14/11/2011 04:00,8.72
14/11/2011 05:00,8.27
14/11/2011 06:00,8.2
14/11/2011 07:00,8.18
14/11/2011 08:00,8.16
14/11/2011 09:00,8.25
14/11/2011 10:00,8.37
14/11/2011 11:00,8.8
14/11/2011 12:00,9.15
14/11/2011 13:00,9.26
14/11/2011 14:00,9.62
14/11/2011 15:00,9.67
14/11/2011 16:00,9.62
14/11/2011 17:00,9.63
14/11/2011 18:00,9.63
14/11/2011 19:00,9.68
14/11/2011 20:00,9.6
14/11/2011 21:00,9.63
14/11/2011 22:00,9.61
14/11/2011 23:00,9.39
15/11/2011 00:00,8.94
15/11/2011 01:00,8.79
15/11/2011 02:00,8.41
15/11/2011 03:00,8.84
15/11/2011 04:00,8.79
15/11/2011 05:00,8.85
15/11/2011 06:00,9.22
15/11/2011 07:00,9.17
15/11/2011 08:00,9.17
15/11/2011 09:00,9.43
15/11/2011 10:00,10.22
15/11/2011 11:00,11.14
15/11/2011 12:00,11.34
15/11/2011 13:00,11.36
15/11/2011 14:00,10.77
15/11/2011 15:00,10.02
15/11/2011 16:00,8.9
15/11/2011 17:00,8.26
15/11/2011 18:00,7.62
15/11/2011 19:00,6.78
15/11/2011 20:00,6.26
15/11/2011 21:00,6.37
15/11/2011 22:00,6.01
15/11/2011 23:00,5.88
16/11/2011 00:00,5.88
16/11/2011 01:00,5.41
16/11/2011 02:00,5.41
16/11/2011 03:00,5.51
16/11/2011 04:00,5.48
16/11/2011 05:00,5.8
16/11/2011 06:00,5.28
16/11/2011 07:00,5.19
16/11/2011 08:00,5.47
16/11/2011 09:00,5.73
16/11/2011 10:00,6.64
16/11/2011 11:00,7.03
16/11/2011 12:00,7.58
16/11/2011 13:00,8.07
16/11/2011 14:00,8.18
16/11/2011 15:00,8.05
16/11/2011 16:00,7.5
16/11/2011 17:00,7.35
16/11/2011 18:00,6.91
16/11/2011 19:00,6.93
16/11/2011 20:00,7.12
16/11/2011 21:00,7.61
16/11/2011 22:00,7.72
16/11/2011 23:00,8.32
17/11/2011 00:00,8.82
17/11/2011 01:00,9.29
17/11/2011 02:00,9.32
17/11/2011 03:00,8.54
17/11/2011 04:00,9.49
17/11/2011 05:00,9.89
17/11/2011 06:00,9.67
17/11/2011 07:00,10.42
17/11/2011 08:00,10.57
17/11/2011 09:00,11.52
17/11/2011 10:00,12.88
17/11/2011 11:00,13.9
17/11/2011 12:00,14.04
17/11/2011 13:00,14.44
17/11/2011 14:00,13.77
17/11/2011 15:00,13.23
17/11/2011 16:00,11.91
17/11/2011 17:00,10.75
17/11/2011 18:00,10.42
17/11/2011 19:00,9.62
17/11/2011 20:00,9.53
17/11/2011 21:00,9.31
17/11/2011 22:00,9.41
17/11/2011 23:00,9.93
18/11/2011 00:00,10.69
18/11/2011 01:00,9.79
18/11/2011 02:00,9.34
18/11/2011 03:00,9.31
18/11/2011 04:00,9.33
18/11/2011 05:00,9.06
18/11/2011 06:00,9.23
18/11/2011 07:00,9.66
18/11/2011 08:00,9.48
18/11/2011 09:00,10.72
18/11/2011 10:00,12.98
18/11/2011 11:00,14.64
18/11/2011 12:00,14.54
18/11/2011 13:00,14.57
18/11/2011 14:00,14.53
18/11/2011 15:00,13.58
18/11/2011 16:00,12.89
18/11/2011 17:00,12.28
18/11/2011 18:00,11.82
18/11/2011 19:00,10.86
18/11/2011 20:00,10.28
18/11/2011 21:00,10.07
18/11/2011 22:00,9.27
18/11/2011 23:00,8.64
19/11/2011 00:00,8.04
19/11/2011 01:00,7.98
19/11/2011 02:00,8.34
19/11/2011 03:00,8.41
19/11/2011 04:00,8.48
19/11/2011 05:00,8.77
19/11/2011 06:00,8.42
19/11/2011 07:00,7.78
19/11/2011 08:00,7.83
19/11/2011 09:00,8.54
19/11/2011 10:00,9.42
19/11/2011 11:00,11
19/11/2011 12:00,12.83
19/11/2011 13:00,12.79
19/11/2011 14:00,13.19
19/11/2011 15:00,12.68
19/11/2011 16:00,11.34
19/11/2011 17:00,10.61
19/11/2011 18:00,9.54
19/11/2011 19:00,8.88
19/11/2011 20:00,8.32
19/11/2011 21:00,8.13
19/11/2011 22:00,7.61
19/11/2011 23:00,7.48
20/11/2011 00:00,6.94
20/11/2011 01:00,6.57
20/11/2011 02:00,5.92
20/11/2011 03:00,5.88
20/11/2011 04:00,5.84
20/11/2011 05:00,5.49
20/11/2011 06:00,5.07
20/11/2011 07:00,5.18
20/11/2011 08:00,4.76
20/11/2011 09:00,5.63
20/11/2011 10:00,6.94
20/11/2011 11:00,8.26
20/11/2011 12:00,8.63
20/11/2011 13:00,9.27
20/11/2011 14:00,9.71
20/11/2011 15:00,9.54
20/11/2011 16:00,8.57
20/11/2011 17:00,7.91
20/11/2011 18:00,7.82
20/11/2011 19:00,7.78
20/11/2011 20:00,7.64
20/11/2011 21:00,7.59
20/11/2011 22:00,7.55
20/11/2011 23:00,7.63
21/11/2011 00:00,7.67
21/11/2011 01:00,7.13
21/11/2011 02:00,7.1
21/11/2011 03:00,7.64
21/11/2011 04:00,7.82
21/11/2011 05:00,8
21/11/2011 06:00,8.02
21/11/2011 07:00,7.82
21/11/2011 08:00,7.83
21/11/2011 09:00,8.48
21/11/2011 10:00,9.06
21/11/2011 11:00,10.08
21/11/2011 12:00,10.44
21/11/2011 13:00,10.69
21/11/2011 14:00,10.44
21/11/2011 15:00,9.47
21/11/2011 16:00,9.71
21/11/2011 17:00,9.76
21/11/2011 18:00,9.74
21/11/2011 19:00,9.73
21/11/2011 20:00,9.73
21/11/2011 21:00,9.4
21/11/2011 22:00,9.4
21/11/2011 23:00,9.39
22/11/2011 00:00,9.75
22/11/2011 01:00,9.68
22/11/2011 02:00,9.63
22/11/2011 03:00,9.68
22/11/2011 04:00,9.68
22/11/2011 05:00,9.7
22/11/2011 06:00,9.76
22/11/2011 07:00,10.21
22/11/2011 08:00,10.29
22/11/2011 09:00,10.49
22/11/2011 10:00,11.06
22/11/2011 11:00,11.62
22/11/2011 12:00,12.07
22/11/2011 13:00,12.9
22/11/2011 14:00,12.93
22/11/2011 15:00,12.89
22/11/2011 16:00,12.83
22/11/2011 17:00,12.66
22/11/2011 18:00,11.83
22/11/2011 19:00,11.65
22/11/2011 20:00,11.17
22/11/2011 21:00,10.95
22/11/2011 22:00,9.92
22/11/2011 23:00,9.19
23/11/2011 00:00,8.18
23/11/2011 01:00,6.72
23/11/2011 02:00,7.02
23/11/2011 03:00,6.86
23/11/2011 04:00,5.08
23/11/2011 05:00,4.01
23/11/2011 06:00,3.93
23/11/2011 07:00,3.81
23/11/2011 08:00,4.18
23/11/2011 09:00,4.84
23/11/2011 10:00,5.74
23/11/2011 11:00,7.67
23/11/2011 12:00,8.84
23/11/2011 13:00,9.87
23/11/2011 14:00,10.36
23/11/2011 15:00,10.09
23/11/2011 16:00,9.84
23/11/2011 17:00,9.14
23/11/2011 18:00,9.12
23/11/2011 19:00,9.07
23/11/2011 20:00,8.69
23/11/2011 21:00,8.34
23/11/2011 22:00,8.24
23/11/2011 23:00,8.97
24/11/2011 00:00,9.01
24/11/2011 01:00,8.99
24/11/2011 02:00,8.56
24/11/2011 03:00,9.03
24/11/2011 04:00,8.78
24/11/2011 05:00,9.59
24/11/2011 06:00,9.08
24/11/2011 07:00,8.76
24/11/2011 08:00,9.36
24/11/2011 09:00,10.12
24/11/2011 10:00,10.99
24/11/2011 11:00,12.29
24/11/2011 12:00,12.93
24/11/2011 13:00,12.92
24/11/2011 14:00,12.87
24/11/2011 15:00,11.88
24/11/2011 16:00,11.06
24/11/2011 17:00,10.18
24/11/2011 18:00,9.64
24/11/2011 19:00,9.71
24/11/2011 20:00,10.19
24/11/2011 21:00,10.41
24/11/2011 22:00,11.22
24/11/2011 23:00,11.48
25/11/2011 00:00,11.91
25/11/2011 01:00,11.99
25/11/2011 02:00,12.52
25/11/2011 03:00,12.61
25/11/2011 04:00,13.01
25/11/2011 05:00,13.03
25/11/2011 06:00,12.51
25/11/2011 07:00,11.45
25/11/2011 08:00,10.39
25/11/2011 09:00,10.61
25/11/2011 10:00,11.42
25/11/2011 11:00,12.22
25/11/2011 12:00,12.27
25/11/2011 13:00,11.97
25/11/2011 14:00,11.41
25/11/2011 15:00,11.17
25/11/2011 16:00,10.54
25/11/2011 17:00,9.97
25/11/2011 18:00,9.47
25/11/2011 19:00,8.73
25/11/2011 20:00,8.16
25/11/2011 21:00,8.03
25/11/2011 22:00,7.59
25/11/2011 23:00,7.46
26/11/2011 00:00,7.41
26/11/2011 01:00,7.01
26/11/2011 02:00,7.16
26/11/2011 03:00,7.08
26/11/2011 04:00,7.18
26/11/2011 05:00,7.32
26/11/2011 06:00,7.64
26/11/2011 07:00,7.77
26/11/2011 08:00,8.31
26/11/2011 09:00,9.29
26/11/2011 10:00,10.52
26/11/2011 11:00,11.92
26/11/2011 12:00,12.48
26/11/2011 13:00,12.61
26/11/2011 14:00,12.96
26/11/2011 15:00,12.54
26/11/2011 16:00,12.42
26/11/2011 17:00,12.39
26/11/2011 18:00,12.01
26/11/2011 19:00,11.96
26/11/2011 20:00,12.01
26/11/2011 21:00,11.94
26/11/2011 22:00,11.93
26/11/2011 23:00,11.59
27/11/2011 00:00,11.98
27/11/2011 01:00,12.08
27/11/2011 02:00,12.1
27/11/2011 03:00,12.53
27/11/2011 04:00,12.61
27/11/2011 05:00,13.07
27/11/2011 06:00,13.21
27/11/2011 07:00,13.52
27/11/2011 08:00,13.2
27/11/2011 09:00,13.48
27/11/2011 10:00,13.54
27/11/2011 11:00,12.73
27/11/2011 12:00,13.28
27/11/2011 13:00,12.44
27/11/2011 14:00,12.02
27/11/2011 15:00,11.27
27/11/2011 16:00,10.41
27/11/2011 17:00,9.13
27/11/2011 18:00,7.74
27/11/2011 19:00,7.12
27/11/2011 20:00,6.25
27/11/2011 21:00,6.37
27/11/2011 22:00,5.42
27/11/2011 23:00,4.47
28/11/2011 00:00,3.41
28/11/2011 01:00,2.46
28/11/2011 02:00,2.23
28/11/2011 03:00,1.63
28/11/2011 04:00,1.32
28/11/2011 05:00,1.31
28/11/2011 06:00,1.82
28/11/2011 07:00,1.83
28/11/2011 08:00,2.84
28/11/2011 09:00,4.43
28/11/2011 10:00,6.13
28/11/2011 11:00,7.31
28/11/2011 12:00,8.14
28/11/2011 13:00,9.62
28/11/2011 14:00,9.96
28/11/2011 15:00,9.67
28/11/2011 16:00,9.61
28/11/2011 17:00,9.06
28/11/2011 18:00,9.3
28/11/2011 19:00,10.27
28/11/2011 20:00,11.34
28/11/2011 21:00,11.89
28/11/2011 22:00,12.51
28/11/2011 23:00,12.58
29/11/2011 00:00,12.59
29/11/2011 01:00,13.01
29/11/2011 02:00,12.66
29/11/2011 03:00,12.95
29/11/2011 04:00,12.62
29/11/2011 05:00,12.52
29/11/2011 06:00,12.12
29/11/2011 07:00,12.03
29/11/2011 08:00,12.41
29/11/2011 09:00,12.43
29/11/2011 10:00,12.55
29/11/2011 11:00,12.92
29/11/2011 12:00,13.02
29/11/2011 13:00,13.1
29/11/2011 14:00,13.47
29/11/2011 15:00,13
29/11/2011 16:00,12.99
29/11/2011 17:00,12.39
29/11/2011 18:00,11.21
29/11/2011 19:00,9.57
29/11/2011 20:00,8.5
29/11/2011 21:00,7.81
29/11/2011 22:00,7.32
29/11/2011 23:00,6.37
30/11/2011 00:00,6.34
30/11/2011 01:00,6.38
30/11/2011 02:00,6.45
30/11/2011 03:00,6.48
30/11/2011 04:00,6.92
30/11/2011 05:00,6.54
30/11/2011 06:00,6.76
30/11/2011 07:00,6.48
30/11/2011 08:00,6.57
30/11/2011 09:00,7.66
30/11/2011 10:00,9.73
30/11/2011 11:00,11.29
30/11/2011 12:00,11.87
30/11/2011 13:00,11.67
30/11/2011 14:00,11.81
30/11/2011 15:00,11.33
30/11/2011 16:00,10.47
30/11/2011 17:00,10.52
30/11/2011 18:00,9.72
30/11/2011 19:00,9.73
30/11/2011 20:00,9.8
30/11/2011 21:00,10.31
30/11/2011 22:00,10.34
30/11/2011 23:00,10.65
01/12/2011 00:00,9.44
01/12/2011 01:00,10.38
01/12/2011 02:00,11.43
01/12/2011 03:00,11.54
01/12/2011 04:00,11.48
01/12/2011 05:00,11.51
01/12/2011 06:00,11.54
01/12/2011 07:00,12.15
01/12/2011 08:00,11.45
01/12/2011 09:00,11.16
01/12/2011 10:00,10.82
01/12/2011 11:00,11.28
01/12/2011 12:00,11.23
01/12/2011 13:00,10.79
01/12/2011 14:00,10.68
01/12/2011 15:00,10.27
01/12/2011 16:00,9.56
01/12/2011 17:00,8.88
01/12/2011 18:00,7.67
01/12/2011 19:00,7.53
01/12/2011 20:00,7.08
01/12/2011 21:00,6.66
01/12/2011 22:00,6.57
01/12/2011 23:00,6.08
02/12/2011 00:00,6.61
02/12/2011 01:00,5.75
02/12/2011 02:00,5.05
02/12/2011 03:00,4.55
02/12/2011 04:00,3.99
02/12/2011 05:00,3.9
02/12/2011 06:00,2.71
02/12/2011 07:00,2.56
02/12/2011 08:00,2.82
02/12/2011 09:00,3.2
02/12/2011 10:00,4.58
02/12/2011 11:00,6.82
02/12/2011 12:00,7.36
02/12/2011 13:00,7.07
02/12/2011 14:00,7.22
02/12/2011 15:00,6.94
02/12/2011 16:00,6.36
02/12/2011 17:00,6.26
02/12/2011 18:00,6.34
02/12/2011 19:00,6.33
02/12/2011 20:00,7.33
02/12/2011 21:00,7.78
02/12/2011 22:00,7.61
02/12/2011 23:00,8.07
03/12/2011 00:00,8.35
03/12/2011 01:00,9.38
03/12/2011 02:00,10.41
03/12/2011 03:00,10.97
03/12/2011 04:00,11.04
03/12/2011 05:00,11.41
03/12/2011 06:00,11
03/12/2011 07:00,10.96
03/12/2011 08:00,11.01
03/12/2011 09:00,11
03/12/2011 10:00,11.42
03/12/2011 11:00,11.41
03/12/2011 12:00,11.33
03/12/2011 13:00,11.41
03/12/2011 14:00,11.28
03/12/2011 15:00,10.42
03/12/2011 16:00,10.09
03/12/2011 17:00,9.79
03/12/2011 18:00,9.06
03/12/2011 19:00,8.16
03/12/2011 20:00,8.27
03/12/2011 21:00,8.59
03/12/2011 22:00,8.12
03/12/2011 23:00,8.14
04/12/2011 00:00,8.6
04/12/2011 01:00,8.64
04/12/2011 02:00,8.63
04/12/2011 03:00,8.56
04/12/2011 04:00,8.03
04/12/2011 05:00,7.57
04/12/2011 06:00,7.53
04/12/2011 07:00,7.6
04/12/2011 08:00,7.87
04/12/2011 09:00,8.03
04/12/2011 10:00,8.11
04/12/2011 11:00,8.56
04/12/2011 12:00,9.04
04/12/2011 13:00,9.11
04/12/2011 14:00,9.08
04/12/2011 15:00,8.34
04/12/2011 16:00,8.18
04/12/2011 17:00,8.08
04/12/2011 18:00,7.97
04/12/2011 19:00,7.53
04/12/2011 20:00,5.49
04/12/2011 21:00,5.32
04/12/2011 22:00,5.11
04/12/2011 23:00,4.69
05/12/2011 00:00,4.21
05/12/2011 01:00,4.14
05/12/2011 02:00,4.09
05/12/2011 03:00,3.56
05/12/2011 04:00,3.46
05/12/2011 05:00,3.1
05/12/2011 06:00,3.12
05/12/2011 07:00,3.11
05/12/2011 08:00,2.81
05/12/2011 09:00,3.34
05/12/2011 10:00,4.96
05/12/2011 11:00,5.85
05/12/2011 12:00,6.84
05/12/2011 13:00,6.87
05/12/2011 14:00,6.85
05/12/2011 15:00,6.74
05/12/2011 16:00,6.13
05/12/2011 17:00,5.27
05/12/2011 18:00,4.74
05/12/2011 19:00,4.16
05/12/2011 20:00,4.08
05/12/2011 21:00,3.94
05/12/2011 22:00,3.48
05/12/2011 23:00,3.08
06/12/2011 00:00,3.04
06/12/2011 01:00,2.68
06/12/2011 02:00,2.73
06/12/2011 03:00,2.69
06/12/2011 04:00,3.13
06/12/2011 05:00,2.78
06/12/2011 06:00,3.11
06/12/2011 07:00,3.22
06/12/2011 08:00,3.59
06/12/2011 09:00,3.83
06/12/2011 10:00,4.83
06/12/2011 11:00,5.51
06/12/2011 12:00,6.19
06/12/2011 13:00,6.87
06/12/2011 14:00,6.91
06/12/2011 15:00,6.41
06/12/2011 16:00,6.38
06/12/2011 17:00,6.34
06/12/2011 18:00,6.44
06/12/2011 19:00,6.52
06/12/2011 20:00,6.05
06/12/2011 21:00,5.93
06/12/2011 22:00,5.16
06/12/2011 23:00,6.01
07/12/2011 00:00,6.63
07/12/2011 01:00,7.67
07/12/2011 02:00,7.76
07/12/2011 03:00,8.26
07/12/2011 04:00,8.61
07/12/2011 05:00,8.66
07/12/2011 06:00,8.57
07/12/2011 07:00,8.05
07/12/2011 08:00,7.57
07/12/2011 09:00,7.46
07/12/2011 10:00,7.73
07/12/2011 11:00,8.57
07/12/2011 12:00,9.02
07/12/2011 13:00,8.99
07/12/2011 14:00,8.93
07/12/2011 15:00,8.48
07/12/2011 16:00,7.49
07/12/2011 17:00,7.33
07/12/2011 18:00,6.83
07/12/2011 19:00,6.32
07/12/2011 20:00,5.84
07/12/2011 21:00,5.76
07/12/2011 22:00,4.97
07/12/2011 23:00,4.91
08/12/2011 00:00,4.39
08/12/2011 01:00,4.39
08/12/2011 02:00,4.27
08/12/2011 03:00,4.31
08/12/2011 04:00,4.88
08/12/2011 05:00,5.92
08/12/2011 06:00,6.54
08/12/2011 07:00,7.99
08/12/2011 08:00,8.7
08/12/2011 09:00,9.36
08/12/2011 10:00,10.85
08/12/2011 11:00,11.3
08/12/2011 12:00,11.47
08/12/2011 13:00,11.82
08/12/2011 14:00,11.52
08/12/2011 15:00,12.36
08/12/2011 16:00,12.5
08/12/2011 17:00,12.85
08/12/2011 18:00,12.89
08/12/2011 19:00,12.57
08/12/2011 20:00,10.27
08/12/2011 21:00,9.59
08/12/2011 22:00,8.54
08/12/2011 23:00,8.23
09/12/2011 00:00,7.27
09/12/2011 01:00,6.43
09/12/2011 02:00,6.29
09/12/2011 03:00,5.76
09/12/2011 04:00,5.24
09/12/2011 05:00,4.19
09/12/2011 06:00,4.64
09/12/2011 07:00,4.49
09/12/2011 08:00,3.76
09/12/2011 09:00,4.28
09/12/2011 10:00,5.48
09/12/2011 11:00,6.93
09/12/2011 12:00,7.56
09/12/2011 13:00,7.68
09/12/2011 14:00,7.63
09/12/2011 15:00,7.04
09/12/2011 16:00,6.33
09/12/2011 17:00,5.59
09/12/2011 18:00,5.08
09/12/2011 19:00,4.14
09/12/2011 20:00,3.99
09/12/2011 21:00,3.37
09/12/2011 22:00,2.17
09/12/2011 23:00,2.03
10/12/2011 00:00,1.51
10/12/2011 01:00,1.47
10/12/2011 02:00,1.38
10/12/2011 03:00,0.99
10/12/2011 04:00,0.89
10/12/2011 05:00,0.44
10/12/2011 06:00,0.1
10/12/2011 07:00,-0.13
10/12/2011 08:00,0.41
10/12/2011 09:00,0.84
10/12/2011 10:00,2.43
10/12/2011 11:00,4.67
10/12/2011 12:00,6.08
10/12/2011 13:00,5.59
10/12/2011 14:00,5.9
10/12/2011 15:00,5.36
10/12/2011 16:00,4.83
10/12/2011 17:00,3.99
10/12/2011 18:00,3.18
10/12/2011 19:00,3
10/12/2011 20:00,3.31
10/12/2011 21:00,2.58
10/12/2011 22:00,2.84
10/12/2011 23:00,2.87
11/12/2011 00:00,2.83
11/12/2011 01:00,2.48
11/12/2011 02:00,2.7
11/12/2011 03:00,3.47
11/12/2011 04:00,3.74
11/12/2011 05:00,4.23
11/12/2011 06:00,5.16
11/12/2011 07:00,4.98
11/12/2011 08:00,5.79
11/12/2011 09:00,6.43
11/12/2011 10:00,7.05
11/12/2011 11:00,7.97
11/12/2011 12:00,8.06
11/12/2011 13:00,8.56
11/12/2011 14:00,8.59
11/12/2011 15:00,8.49
11/12/2011 16:00,8.04
11/12/2011 17:00,7.92
11/12/2011 18:00,8.11
11/12/2011 19:00,8.46
11/12/2011 20:00,8.09
11/12/2011 21:00,7.23
11/12/2011 22:00,7.1
11/12/2011 23:00,7.09
12/12/2011 00:00,6.56
12/12/2011 01:00,6.52
12/12/2011 02:00,6.26
12/12/2011 03:00,4.91
12/12/2011 04:00,4.27
12/12/2011 05:00,3.7
12/12/2011 06:00,3.18
12/12/2011 07:00,3.09
12/12/2011 08:00,3.18
12/12/2011 09:00,3.83
12/12/2011 10:00,5.12
12/12/2011 11:00,6.91
12/12/2011 12:00,7.93
12/12/2011 13:00,8.19
12/12/2011 14:00,8.23
12/12/2011 15:00,8.03
12/12/2011 16:00,7.83
12/12/2011 17:00,7.47
12/12/2011 18:00,8.06
12/12/2011 19:00,8.53
12/12/2011 20:00,8.96
12/12/2011 21:00,8.62
12/12/2011 22:00,9.07
12/12/2011 23:00,9.82
13/12/2011 00:00,10.44
13/12/2011 01:00,11.17
13/12/2011 02:00,12.08
13/12/2011 03:00,12.06
13/12/2011 04:00,11.57
13/12/2011 05:00,10.43
13/12/2011 06:00,10.1
13/12/2011 07:00,8.48
13/12/2011 08:00,6.88
13/12/2011 09:00,6.53
13/12/2011 10:00,7.01
13/12/2011 11:00,7.82
13/12/2011 12:00,8.02
13/12/2011 13:00,7.97
13/12/2011 14:00,7.58
13/12/2011 15:00,6.06
13/12/2011 16:00,6.8
13/12/2011 17:00,6.28
13/12/2011 18:00,6.57
13/12/2011 19:00,6.19
13/12/2011 20:00,5.51
13/12/2011 21:00,4.54
13/12/2011 22:00,4.68
13/12/2011 23:00,5.13
14/12/2011 00:00,5.69
14/12/2011 01:00,5.86
14/12/2011 02:00,5.92
14/12/2011 03:00,5.9
14/12/2011 04:00,5.75
14/12/2011 05:00,5.04
14/12/2011 06:00,4.16
14/12/2011 07:00,4.29
14/12/2011 08:00,4.29
14/12/2011 09:00,4.66
14/12/2011 10:00,4.91
14/12/2011 11:00,5.79
14/12/2011 12:00,5.81
14/12/2011 13:00,5.51
14/12/2011 14:00,5.75
14/12/2011 15:00,5.32
14/12/2011 16:00,5.57
14/12/2011 17:00,4.6
14/12/2011 18:00,4.14
14/12/2011 19:00,4.72
14/12/2011 20:00,4.71
14/12/2011 21:00,4.39
14/12/2011 22:00,4.64
14/12/2011 23:00,4.53
15/12/2011 00:00,4.08
15/12/2011 01:00,4.11
15/12/2011 02:00,4.52
15/12/2011 03:00,4.82
15/12/2011 04:00,5.77
15/12/2011 05:00,6.79
15/12/2011 06:00,6.52
15/12/2011 07:00,6.43
15/12/2011 08:00,6.25
15/12/2011 09:00,5.96
15/12/2011 10:00,6.49
15/12/2011 11:00,7.39
15/12/2011 12:00,7.52
15/12/2011 13:00,7.92
15/12/2011 14:00,7.97
15/12/2011 15:00,7.52
15/12/2011 16:00,6.51
15/12/2011 17:00,6.27
15/12/2011 18:00,5.71
15/12/2011 19:00,5.77
15/12/2011 20:00,5.88
15/12/2011 21:00,6.25
15/12/2011 22:00,5.92
15/12/2011 23:00,4.72
16/12/2011 00:00,4.68
16/12/2011 01:00,4.66
16/12/2011 02:00,4.62
16/12/2011 03:00,4.11
16/12/2011 04:00,3.52
16/12/2011 05:00,3.08
16/12/2011 06:00,2.92
16/12/2011 07:00,1.92
16/12/2011 08:00,1.8
16/12/2011 09:00,2.17
16/12/2011 10:00,2.14
16/12/2011 11:00,2.44
16/12/2011 12:00,3.12
16/12/2011 13:00,3.94
16/12/2011 14:00,4.12
16/12/2011 15:00,4.53
16/12/2011 16:00,3.72
16/12/2011 17:00,4.16
16/12/2011 18:00,4.12
16/12/2011 19:00,3.73
16/12/2011 20:00,3.92
16/12/2011 21:00,3.56
16/12/2011 22:00,3.46
16/12/2011 23:00,3.07
17/12/2011 00:00,2.88
17/12/2011 01:00,2.81
17/12/2011 02:00,2.34
17/12/2011 03:00,1.79
17/12/2011 04:00,1.45
17/12/2011 05:00,0.95
17/12/2011 06:00,0.53
17/12/2011 07:00,0.53
17/12/2011 08:00,0.24
17/12/2011 09:00,0.93
17/12/2011 10:00,2.69
17/12/2011 11:00,2.89
17/12/2011 12:00,3.96
17/12/2011 13:00,5.02
17/12/2011 14:00,5.35
17/12/2011 15:00,5.28
17/12/2011 16:00,5.18
17/12/2011 17:00,4.97
17/12/2011 18:00,4.16
17/12/2011 19:00,4.42
17/12/2011 20:00,4.04
17/12/2011 21:00,4.06
17/12/2011 22:00,3.62
17/12/2011 23:00,2.99
18/12/2011 00:00,2.44
18/12/2011 01:00,2.27
18/12/2011 02:00,1.87
18/12/2011 03:00,1.71
18/12/2011 04:00,0.57
18/12/2011 05:00,0.5
18/12/2011 06:00,-0.01
18/12/2011 07:00,-0.01
18/12/2011 08:00,0.02
18/12/2011 09:00,0.78
18/12/2011 10:00,2.13
18/12/2011 11:00,3.06
18/12/2011 12:00,4.12
18/12/2011 13:00,4.75
18/12/2011 14:00,5.49
18/12/2011 15:00,4.96
18/12/2011 16:00,3.93
18/12/2011 17:00,3.7
18/12/2011 18:00,3.06
18/12/2011 19:00,2.56
18/12/2011 20:00,2.05
18/12/2011 21:00,1.27
18/12/2011 22:00,0.3
18/12/2011 23:00,-0.56
19/12/2011 00:00,-0.39
19/12/2011 01:00,-0.84
19/12/2011 02:00,-0.73
19/12/2011 03:00,-0.57
19/12/2011 04:00,-0.11
19/12/2011 05:00,0.13
19/12/2011 06:00,0.66
19/12/2011 07:00,0.99
19/12/2011 08:00,1.46
19/12/2011 09:00,1.93
19/12/2011 10:00,3.02
19/12/2011 11:00,3.66
19/12/2011 12:00,4.56
19/12/2011 13:00,5.06
19/12/2011 14:00,5.16
19/12/2011 15:00,5.37
19/12/2011 16:00,5.42
19/12/2011 17:00,5.88
19/12/2011 18:00,6.06
19/12/2011 19:00,6.64
19/12/2011 20:00,6.54
19/12/2011 21:00,6.21
19/12/2011 22:00,6.25
19/12/2011 23:00,6.33
20/12/2011 00:00,6.77
20/12/2011 01:00,6.72
20/12/2011 02:00,6.33
20/12/2011 03:00,5.89
20/12/2011 04:00,5.83
20/12/2011 05:00,6.51
20/12/2011 06:00,6.07
20/12/2011 07:00,6.05
20/12/2011 08:00,5.96
20/12/2011 09:00,5.66
20/12/2011 10:00,6.89
20/12/2011 11:00,7.86
20/12/2011 12:00,8.26
20/12/2011 13:00,7.86
20/12/2011 14:00,7.83
20/12/2011 15:00,7.39
20/12/2011 16:00,6.82
20/12/2011 17:00,6.61
20/12/2011 18:00,6.74
20/12/2011 19:00,6.75
20/12/2011 20:00,6.33
20/12/2011 21:00,6.45
20/12/2011 22:00,6.49
20/12/2011 23:00,6.04
21/12/2011 00:00,5.93
21/12/2011 01:00,6.03
21/12/2011 02:00,6.06
21/12/2011 03:00,6.07
21/12/2011 04:00,6.56
21/12/2011 05:00,7.07
21/12/2011 06:00,7.56
21/12/2011 07:00,8.08
21/12/2011 08:00,8.29
21/12/2011 09:00,8.8
21/12/2011 10:00,9.57
21/12/2011 11:00,10.55
21/12/2011 12:00,11
21/12/2011 13:00,11.62
21/12/2011 14:00,11.66
21/12/2011 15:00,12.14
21/12/2011 16:00,12.07
21/12/2011 17:00,12.02
21/12/2011 18:00,11.97
21/12/2011 19:00,11.93
21/12/2011 20:00,11.86
21/12/2011 21:00,11.49
21/12/2011 22:00,11.33
21/12/2011 23:00,10.82
22/12/2011 00:00,10.4
22/12/2011 01:00,9.94
22/12/2011 02:00,9.86
22/12/2011 03:00,9.39
22/12/2011 04:00,8.87
22/12/2011 05:00,8.78
22/12/2011 06:00,8.34
22/12/2011 07:00,8.08
22/12/2011 08:00,8.36
22/12/2011 09:00,8.62
22/12/2011 10:00,9.74
22/12/2011 11:00,10.92
22/12/2011 12:00,11.89
22/12/2011 13:00,12.1
22/12/2011 14:00,12.14
22/12/2011 15:00,11.86
22/12/2011 16:00,10.87
22/12/2011 17:00,10.61
22/12/2011 18:00,9.93
22/12/2011 19:00,10.35
22/12/2011 20:00,10.81
22/12/2011 21:00,10.78
22/12/2011 22:00,10.42
22/12/2011 23:00,10.42
23/12/2011 00:00,10.84
23/12/2011 01:00,10.95
23/12/2011 02:00,11.02
23/12/2011 03:00,11.41
23/12/2011 04:00,11.44
23/12/2011 05:00,11.42
23/12/2011 06:00,11.41
23/12/2011 07:00,10.8
23/12/2011 08:00,10.74
23/12/2011 09:00,10.74
23/12/2011 10:00,10.85
23/12/2011 11:00,11.21
23/12/2011 12:00,11.2
23/12/2011 13:00,10.87
23/12/2011 14:00,10.82
23/12/2011 15:00,10.74
23/12/2011 16:00,10.03
23/12/2011 17:00,6.39
23/12/2011 18:00,6.19
23/12/2011 19:00,6.32
23/12/2011 20:00,6.32
23/12/2011 21:00,6.34
23/12/2011 22:00,5.69
23/12/2011 23:00,5.28
24/12/2011 00:00,5.23
24/12/2011 01:00,5.09
24/12/2011 02:00,4.66
24/12/2011 03:00,4.59
24/12/2011 04:00,4.22
24/12/2011 05:00,3.73
24/12/2011 06:00,3.64
24/12/2011 07:00,3.17
24/12/2011 08:00,3.52
24/12/2011 09:00,3.71
24/12/2011 10:00,4.54
24/12/2011 11:00,6.06
24/12/2011 12:00,6.7
24/12/2011 13:00,7.16
24/12/2011 14:00,7.59
24/12/2011 15:00,7.93
24/12/2011 16:00,7.51
24/12/2011 17:00,7.11
24/12/2011 18:00,7.09
24/12/2011 19:00,7.45
24/12/2011 20:00,7.54
24/12/2011 21:00,8.09
24/12/2011 22:00,8.19
24/12/2011 23:00,8.22
25/12/2011 00:00,8.67
25/12/2011 01:00,8.83
25/12/2011 02:00,9.29
25/12/2011 03:00,9.79
25/12/2011 04:00,9.8
25/12/2011 05:00,9.84
25/12/2011 06:00,10.26
25/12/2011 07:00,9.87
25/12/2011 08:00,9.82
25/12/2011 09:00,10.25
25/12/2011 10:00,10.49
25/12/2011 11:00,10.92
25/12/2011 12:00,11.36
25/12/2011 13:00,11.53
25/12/2011 14:00,11.54
25/12/2011 15:00,11.51
25/12/2011 16:00,11.36
25/12/2011 17:00,11.49
25/12/2011 18:00,11.5
25/12/2011 19:00,11.52
25/12/2011 20:00,11.54
25/12/2011 21:00,11.59
25/12/2011 22:00,11.98
25/12/2011 23:00,11.98
26/12/2011 00:00,11.99
26/12/2011 01:00,12.01
26/12/2011 02:00,12.06
26/12/2011 03:00,12.02
26/12/2011 04:00,12.01
26/12/2011 05:00,12.01
26/12/2011 06:00,11.99
26/12/2011 07:00,11.96
26/12/2011 08:00,11.58
26/12/2011 09:00,11.6
26/12/2011 10:00,12.1
26/12/2011 11:00,12.51
26/12/2011 12:00,12.54
26/12/2011 13:00,12.91
26/12/2011 14:00,12.44
26/12/2011 15:00,12.02
26/12/2011 16:00,11.9
26/12/2011 17:00,10.98
26/12/2011 18:00,10.42
26/12/2011 19:00,10.27
26/12/2011 20:00,10.19
26/12/2011 21:00,9.82
26/12/2011 22:00,9.82
26/12/2011 23:00,10.19
27/12/2011 00:00,10.21
27/12/2011 01:00,10.21
27/12/2011 02:00,10.33
27/12/2011 03:00,10.24
27/12/2011 04:00,10.22
27/12/2011 05:00,10.22
27/12/2011 06:00,10.22
27/12/2011 07:00,9.81
27/12/2011 08:00,9.79
27/12/2011 09:00,10.15
27/12/2011 10:00,10.26
27/12/2011 11:00,10.23
27/12/2011 12:00,10.33
27/12/2011 13:00,10.33
27/12/2011 14:00,10.33
27/12/2011 15:00,10.26
27/12/2011 16:00,10.13
27/12/2011 17:00,10.06
27/12/2011 18:00,9.61
27/12/2011 19:00,9.49
27/12/2011 20:00,9.07
27/12/2011 21:00,8.54
27/12/2011 22:00,8.07
27/12/2011 23:00,8.03
28/12/2011 00:00,8.04
28/12/2011 01:00,8.55
28/12/2011 02:00,8.69
28/12/2011 03:00,9.21
28/12/2011 04:00,9.71
28/12/2011 05:00,9.82
28/12/2011 06:00,10.24
28/12/2011 07:00,10.18
28/12/2011 08:00,10.22
28/12/2011 09:00,10.67
28/12/2011 10:00,10.82
28/12/2011 11:00,11.19
28/12/2011 12:00,10.82
28/12/2011 13:00,10.26
28/12/2011 14:00,9.59
28/12/2011 15:00,8.96
28/12/2011 16:00,7.88
28/12/2011 17:00,7.39
28/12/2011 18:00,6.88
28/12/2011 19:00,6.42
28/12/2011 20:00,6.4
28/12/2011 21:00,5.98
28/12/2011 22:00,6.34
28/12/2011 23:00,5.95
29/12/2011 00:00,5.85
29/12/2011 01:00,5.75
29/12/2011 02:00,5.32
29/12/2011 03:00,5.31
29/12/2011 04:00,5.38
29/12/2011 05:00,5.46
29/12/2011 06:00,5.45
29/12/2011 07:00,5.87
29/12/2011 08:00,6.16
29/12/2011 09:00,6.63
29/12/2011 10:00,7.12
29/12/2011 11:00,8.04
29/12/2011 12:00,8.29
29/12/2011 13:00,8.76
29/12/2011 14:00,9.44
29/12/2011 15:00,9.57
29/12/2011 16:00,9.58
29/12/2011 17:00,9.55
29/12/2011 18:00,7.55
29/12/2011 19:00,8.19
29/12/2011 20:00,8.07
29/12/2011 21:00,8
29/12/2011 22:00,7.53
29/12/2011 23:00,7.33
30/12/2011 00:00,6.94
30/12/2011 01:00,6.46
30/12/2011 02:00,6.01
30/12/2011 03:00,6.05
30/12/2011 04:00,6.42
30/12/2011 05:00,6.04
30/12/2011 06:00,5.58
30/12/2011 07:00,5.33
30/12/2011 08:00,5.37
30/12/2011 09:00,5.88
30/12/2011 10:00,6.37
30/12/2011 11:00,6.89
30/12/2011 12:00,6.54
30/12/2011 13:00,6.99
30/12/2011 14:00,6.77
30/12/2011 15:00,6.42
30/12/2011 16:00,6.07
30/12/2011 17:00,6.07
30/12/2011 18:00,6.41
30/12/2011 19:00,6.77
30/12/2011 20:00,7.05
30/12/2011 21:00,8.31
30/12/2011 22:00,9.44
30/12/2011 23:00,10.27
31/12/2011 00:00,10.66
31/12/2011 01:00,11.08
31/12/2011 02:00,10.84
31/12/2011 03:00,11.16
31/12/2011 04:00,11.13
31/12/2011 05:00,11.16
31/12/2011 06:00,11.22
31/12/2011 07:00,11.3
31/12/2011 08:00,11.13
31/12/2011 09:00,11.22
31/12/2011 10:00,11.38
31/12/2011 11:00,11.63
31/12/2011 12:00,11.88
31/12/2011 13:00,12.16
31/12/2011 14:00,12.17
31/12/2011 15:00,12.16
31/12/2011 16:00,12.05
31/12/2011 17:00,11.84
31/12/2011 18:00,12
31/12/2011 19:00,11.96
31/12/2011 20:00,12.12
31/12/2011 21:00,12.57
31/12/2011 22:00,12.1
31/12/2011 23:00,12.1
01/01/2012 00:00,12.12
01/01/2012 01:00,12.59
01/01/2012 02:00,12.45
01/01/2012 03:00,12.03
01/01/2012 04:00,12.04
01/01/2012 05:00,11.99
01/01/2012 06:00,11.97
01/01/2012 07:00,11.96
01/01/2012 08:00,11.9
01/01/2012 09:00,11.53
01/01/2012 10:00,12.02
01/01/2012 11:00,12.49
01/01/2012 12:00,12.56
01/01/2012 13:00,12.44
01/01/2012 14:00,11.24
01/01/2012 15:00,10.7
01/01/2012 16:00,9.97
01/01/2012 17:00,9.89
01/01/2012 18:00,9.86
01/01/2012 19:00,9.64
01/01/2012 20:00,9.36
01/01/2012 21:00,9.08
01/01/2012 22:00,8.67
01/01/2012 23:00,7.71
02/01/2012 00:00,6.94
02/01/2012 01:00,7.39
02/01/2012 02:00,6.83
02/01/2012 03:00,6.32
02/01/2012 04:00,5.77
02/01/2012 05:00,5.71
02/01/2012 06:00,5.27
02/01/2012 07:00,5.26
02/01/2012 08:00,5.18
02/01/2012 09:00,4.87
02/01/2012 10:00,5.41
02/01/2012 11:00,6.79
02/01/2012 12:00,7.33
02/01/2012 13:00,7.49
02/01/2012 14:00,7.57
02/01/2012 15:00,7.47
02/01/2012 16:00,5.89
02/01/2012 17:00,4.91
02/01/2012 18:00,4.91
02/01/2012 19:00,4.99
02/01/2012 20:00,4.91
02/01/2012 21:00,4.69
02/01/2012 22:00,4.93
02/01/2012 23:00,5.79
03/01/2012 00:00,6.11
03/01/2012 01:00,7.44
03/01/2012 02:00,7.89
03/01/2012 03:00,8.62
03/01/2012 04:00,8.73
03/01/2012 05:00,9.44
03/01/2012 06:00,10.97
03/01/2012 07:00,11.78
03/01/2012 08:00,11.49
03/01/2012 09:00,11.93
03/01/2012 10:00,12.07
03/01/2012 11:00,12.41
03/01/2012 12:00,11.23
03/01/2012 13:00,8.14
03/01/2012 14:00,8.68
03/01/2012 15:00,9.06
03/01/2012 16:00,8.39
03/01/2012 17:00,7.15
03/01/2012 18:00,6.93
03/01/2012 19:00,6.77
03/01/2012 20:00,6.37
03/01/2012 21:00,6.26
03/01/2012 22:00,5.96
03/01/2012 23:00,6.41
04/01/2012 00:00,6.07
04/01/2012 01:00,6.43
04/01/2012 02:00,5.91
04/01/2012 03:00,5.38
04/01/2012 04:00,5.39
04/01/2012 05:00,5.35
04/01/2012 06:00,5.28
04/01/2012 07:00,5.27
04/01/2012 08:00,5.44
04/01/2012 09:00,6.04
04/01/2012 10:00,6.88
04/01/2012 11:00,7.49
04/01/2012 12:00,7.99
04/01/2012 13:00,8.07
04/01/2012 14:00,8.06
04/01/2012 15:00,8.08
04/01/2012 16:00,7.95
04/01/2012 17:00,7.66
04/01/2012 18:00,8.21
04/01/2012 19:00,8.16
04/01/2012 20:00,8.3
04/01/2012 21:00,8.33
04/01/2012 22:00,8.41
04/01/2012 23:00,9.33
05/01/2012 00:00,9.82
05/01/2012 01:00,10.37
05/01/2012 02:00,10.83
05/01/2012 03:00,11.33
05/01/2012 04:00,11.41
05/01/2012 05:00,11.46
05/01/2012 06:00,11.45
05/01/2012 07:00,11.02
05/01/2012 08:00,11.04
05/01/2012 09:00,9.71
05/01/2012 10:00,9.98
05/01/2012 11:00,9.98
05/01/2012 12:00,10.11
05/01/2012 13:00,9.62
05/01/2012 14:00,9.55
05/01/2012 15:00,9.12
05/01/2012 16:00,8.98
05/01/2012 17:00,8.38
05/01/2012 18:00,7.94
05/01/2012 19:00,7.81
05/01/2012 20:00,7.78
05/01/2012 21:00,7.44
05/01/2012 22:00,7.37
05/01/2012 23:00,7.34
06/01/2012 00:00,7.32
06/01/2012 01:00,7.21
06/01/2012 02:00,6.76
06/01/2012 03:00,6.27
06/01/2012 04:00,5.73
06/01/2012 05:00,5.67
06/01/2012 06:00,5.11
06/01/2012 07:00,4.86
06/01/2012 08:00,4.4
06/01/2012 09:00,4.86
06/01/2012 10:00,5.28
06/01/2012 11:00,6.76
06/01/2012 12:00,7.78
06/01/2012 13:00,8.02
06/01/2012 14:00,8.03
06/01/2012 15:00,8.04
06/01/2012 16:00,7.49
06/01/2012 17:00,7.83
06/01/2012 18:00,8
06/01/2012 19:00,8.08
06/01/2012 20:00,8.14
06/01/2012 21:00,8.23
06/01/2012 22:00,9.03
06/01/2012 23:00,9.18
07/01/2012 00:00,9.33
07/01/2012 01:00,9.44
07/01/2012 02:00,10.25
07/01/2012 03:00,10.34
07/01/2012 04:00,10.27
07/01/2012 05:00,10.33
07/01/2012 06:00,9.46
07/01/2012 07:00,10.16
07/01/2012 08:00,10.01
07/01/2012 09:00,9.13
07/01/2012 10:00,9.52
07/01/2012 11:00,9.72
07/01/2012 12:00,9.8
07/01/2012 13:00,10.17
07/01/2012 14:00,10.2
07/01/2012 15:00,10.07
07/01/2012 16:00,9.41
07/01/2012 17:00,8.52
07/01/2012 18:00,8.07
07/01/2012 19:00,8.06
07/01/2012 20:00,7.6
07/01/2012 21:00,8.11
07/01/2012 22:00,8.12
07/01/2012 23:00,8.02
08/01/2012 00:00,8.14
08/01/2012 01:00,8.12
08/01/2012 02:00,8.13
08/01/2012 03:00,8.16
08/01/2012 04:00,8.18
08/01/2012 05:00,8.17
08/01/2012 06:00,8.19
08/01/2012 07:00,8.51
08/01/2012 08:00,8.55
08/01/2012 09:00,8.17
08/01/2012 10:00,8.61
08/01/2012 11:00,8.73
08/01/2012 12:00,9.08
08/01/2012 13:00,9.11
08/01/2012 14:00,9.18
08/01/2012 15:00,9.62
08/01/2012 16:00,9.22
08/01/2012 17:00,9.56
08/01/2012 18:00,9.14
08/01/2012 19:00,9.21
08/01/2012 20:00,9.3
08/01/2012 21:00,9.17
08/01/2012 22:00,8.32
08/01/2012 23:00,8.51
09/01/2012 00:00,7.74
09/01/2012 01:00,8.18
09/01/2012 02:00,8.17
09/01/2012 03:00,8.26
09/01/2012 04:00,8.68
09/01/2012 05:00,8.83
09/01/2012 06:00,9.21
09/01/2012 07:00,9.26
09/01/2012 08:00,9.74
09/01/2012 09:00,9.98
09/01/2012 10:00,10.46
09/01/2012 11:00,11.01
09/01/2012 12:00,11.59
09/01/2012 13:00,11.98
09/01/2012 14:00,12.33
09/01/2012 15:00,11.92
09/01/2012 16:00,11.45
09/01/2012 17:00,11.41
09/01/2012 18:00,11.29
09/01/2012 19:00,11.19
09/01/2012 20:00,10.69
09/01/2012 21:00,10.33
09/01/2012 22:00,10.14
09/01/2012 23:00,10.11
10/01/2012 00:00,10.03
10/01/2012 01:00,9.58
10/01/2012 02:00,9.57
10/01/2012 03:00,9.22
10/01/2012 04:00,9.16
10/01/2012 05:00,9.61
10/01/2012 06:00,9.21
10/01/2012 07:00,9.16
10/01/2012 08:00,9.22
10/01/2012 09:00,9.33
10/01/2012 10:00,9.77
10/01/2012 11:00,10.37
10/01/2012 12:00,11.09
10/01/2012 13:00,10.87
10/01/2012 14:00,11.29
10/01/2012 15:00,11.2
10/01/2012 16:00,10.73
10/01/2012 17:00,10.75
10/01/2012 18:00,10.67
10/01/2012 19:00,10.58
10/01/2012 20:00,10.19
10/01/2012 21:00,10.09
10/01/2012 22:00,10.06
10/01/2012 23:00,9.62
11/01/2012 00:00,8.99
11/01/2012 01:00,8.93
11/01/2012 02:00,8.04
11/01/2012 03:00,8.05
11/01/2012 04:00,7.66
11/01/2012 05:00,7.64
11/01/2012 06:00,7.58
11/01/2012 07:00,7.47
11/01/2012 08:00,7.1
11/01/2012 09:00,7.5
11/01/2012 10:00,8.32
11/01/2012 11:00,9.84
11/01/2012 12:00,11.19
11/01/2012 13:00,10.92
11/01/2012 14:00,10.34
11/01/2012 15:00,10.31
11/01/2012 16:00,10.27
11/01/2012 17:00,10.32
11/01/2012 18:00,10.66
11/01/2012 19:00,10.24
11/01/2012 20:00,10.12
11/01/2012 21:00,9.62
11/01/2012 22:00,9.18
11/01/2012 23:00,8.51
12/01/2012 00:00,8
12/01/2012 01:00,7.48
12/01/2012 02:00,7.48
12/01/2012 03:00,7.52
12/01/2012 04:00,7.49
12/01/2012 05:00,7.62
12/01/2012 06:00,8.48
12/01/2012 07:00,8.55
12/01/2012 08:00,8.63
12/01/2012 09:00,9.24
12/01/2012 10:00,9.44
12/01/2012 11:00,10.49
12/01/2012 12:00,11.53
12/01/2012 13:00,12.4
12/01/2012 14:00,12.16
12/01/2012 15:00,11.26
12/01/2012 16:00,10.44
12/01/2012 17:00,9.27
12/01/2012 18:00,8.66
12/01/2012 19:00,7.91
12/01/2012 20:00,7.48
12/01/2012 21:00,6.83
12/01/2012 22:00,6.39
12/01/2012 23:00,5.08
13/01/2012 00:00,4.82
13/01/2012 01:00,4.61
13/01/2012 02:00,3.92
13/01/2012 03:00,3.21
13/01/2012 04:00,2.75
13/01/2012 05:00,2.34
13/01/2012 06:00,2.39
13/01/2012 07:00,3.36
13/01/2012 08:00,3.24
13/01/2012 09:00,3.61
13/01/2012 10:00,4.72
13/01/2012 11:00,5.09
13/01/2012 12:00,5.45
13/01/2012 13:00,6.33
13/01/2012 14:00,6.41
13/01/2012 15:00,6.33
13/01/2012 16:00,5.36
13/01/2012 17:00,4.61
13/01/2012 18:00,3.91
13/01/2012 19:00,3.6
13/01/2012 20:00,3.04
13/01/2012 21:00,2.62
13/01/2012 22:00,2.44
13/01/2012 23:00,1.2
14/01/2012 00:00,1.62
14/01/2012 01:00,1.64
14/01/2012 02:00,1.45
14/01/2012 03:00,-0.02
14/01/2012 04:00,-0.77
14/01/2012 05:00,-1.23
14/01/2012 06:00,-1.22
14/01/2012 07:00,-1.73
14/01/2012 08:00,-1.79
14/01/2012 09:00,-0.94
14/01/2012 10:00,1.17
14/01/2012 11:00,4.1
14/01/2012 12:00,5.77
14/01/2012 13:00,5.86
14/01/2012 14:00,6.01
14/01/2012 15:00,5.56
14/01/2012 16:00,4.48
14/01/2012 17:00,3.69
14/01/2012 18:00,2.94
14/01/2012 19:00,2.46
14/01/2012 20:00,2.28
14/01/2012 21:00,1.87
14/01/2012 22:00,1.59
14/01/2012 23:00,2.36
15/01/2012 00:00,2.19
15/01/2012 01:00,2.14
15/01/2012 02:00,2.48
15/01/2012 03:00,2.09
15/01/2012 04:00,2.06
15/01/2012 05:00,1.58
15/01/2012 06:00,1.67
15/01/2012 07:00,1.32
15/01/2012 08:00,1.16
15/01/2012 09:00,2.34
15/01/2012 10:00,3.62
15/01/2012 11:00,5.17
15/01/2012 12:00,5.83
15/01/2012 13:00,5.97
15/01/2012 14:00,6.27
15/01/2012 15:00,5.81
15/01/2012 16:00,4.66
15/01/2012 17:00,3.79
15/01/2012 18:00,3.27
15/01/2012 19:00,3.18
15/01/2012 20:00,2.84
15/01/2012 21:00,2.78
15/01/2012 22:00,2.62
15/01/2012 23:00,2.57
16/01/2012 00:00,2.08
16/01/2012 01:00,1.94
16/01/2012 02:00,1.56
16/01/2012 03:00,1.02
16/01/2012 04:00,1.21
16/01/2012 05:00,0.83
16/01/2012 06:00,0.97
16/01/2012 07:00,0.91
16/01/2012 08:00,0.87
16/01/2012 09:00,1.66
16/01/2012 10:00,2.71
16/01/2012 11:00,4.74
16/01/2012 12:00,6.27
16/01/2012 13:00,6.52
16/01/2012 14:00,6.56
16/01/2012 15:00,6.33
16/01/2012 16:00,5.39
16/01/2012 17:00,4.21
16/01/2012 18:00,3.21
16/01/2012 19:00,2.13
16/01/2012 20:00,1.97
16/01/2012 21:00,1.78
16/01/2012 22:00,1.68
16/01/2012 23:00,1.72
17/01/2012 00:00,1.28
17/01/2012 01:00,0.39
17/01/2012 02:00,-0.24
17/01/2012 03:00,-0.34
17/01/2012 04:00,-0.24
17/01/2012 05:00,-0.73
17/01/2012 06:00,-1.39
17/01/2012 07:00,-1.45
17/01/2012 08:00,-1.32
17/01/2012 09:00,0.1
17/01/2012 10:00,1.24
17/01/2012 11:00,4.27
17/01/2012 12:00,5.21
17/01/2012 13:00,5.66
17/01/2012 14:00,5.79
17/01/2012 15:00,5.76
17/01/2012 16:00,5.17
17/01/2012 17:00,4.61
17/01/2012 18:00,3.71
17/01/2012 19:00,3.58
17/01/2012 20:00,4.67
17/01/2012 21:00,5.3
17/01/2012 22:00,4.39
17/01/2012 23:00,4.78
18/01/2012 00:00,4.51
18/01/2012 01:00,5.07
18/01/2012 02:00,5.58
18/01/2012 03:00,5.89
18/01/2012 04:00,6.38
18/01/2012 05:00,6.99
18/01/2012 06:00,7.49
18/01/2012 07:00,7.6
18/01/2012 08:00,8.11
18/01/2012 09:00,8.2
18/01/2012 10:00,8.72
18/01/2012 11:00,9.61
18/01/2012 12:00,10.16
18/01/2012 13:00,10.79
18/01/2012 14:00,10.92
18/01/2012 15:00,11.04
18/01/2012 16:00,11.47
18/01/2012 17:00,11.84
18/01/2012 18:00,11.92
18/01/2012 19:00,11.79
18/01/2012 20:00,11.73
18/01/2012 21:00,11.84
18/01/2012 22:00,11.49
18/01/2012 23:00,11.86
19/01/2012 00:00,11.37
19/01/2012 01:00,11.37
19/01/2012 02:00,11.33
19/01/2012 03:00,10.9
19/01/2012 04:00,10.48
19/01/2012 05:00,10.9
19/01/2012 06:00,11.51
19/01/2012 07:00,11.5
19/01/2012 08:00,11.23
19/01/2012 09:00,8.93
19/01/2012 10:00,8.66
19/01/2012 11:00,8.85
19/01/2012 12:00,10.54
19/01/2012 13:00,9.76
19/01/2012 14:00,10.49
19/01/2012 15:00,10.02
19/01/2012 16:00,9.15
19/01/2012 17:00,8.47
19/01/2012 18:00,7.98
19/01/2012 19:00,7.53
19/01/2012 20:00,7.46
19/01/2012 21:00,7.47
19/01/2012 22:00,7.41
19/01/2012 23:00,6.91
20/01/2012 00:00,6.31
20/01/2012 01:00,5.79
20/01/2012 02:00,5.37
20/01/2012 03:00,5.3
20/01/2012 04:00,4.91
20/01/2012 05:00,5.34
20/01/2012 06:00,5.51
20/01/2012 07:00,5.92
20/01/2012 08:00,6.21
20/01/2012 09:00,7.18
20/01/2012 10:00,8.21
20/01/2012 11:00,8.7
20/01/2012 12:00,9.19
20/01/2012 13:00,9.23
20/01/2012 14:00,9.72
20/01/2012 15:00,10.05
20/01/2012 16:00,10
20/01/2012 17:00,9.96
20/01/2012 18:00,9.16
20/01/2012 19:00,9.17
20/01/2012 20:00,9.02
20/01/2012 21:00,8.94
20/01/2012 22:00,8.68
20/01/2012 23:00,8.72
21/01/2012 00:00,9.14
21/01/2012 01:00,9.36
21/01/2012 02:00,9.93
21/01/2012 03:00,10.55
21/01/2012 04:00,11.44
21/01/2012 05:00,10.99
21/01/2012 06:00,10.99
21/01/2012 07:00,10.82
21/01/2012 08:00,10.87
21/01/2012 09:00,10.97
21/01/2012 10:00,11.54
21/01/2012 11:00,12.35
21/01/2012 12:00,12.1
21/01/2012 13:00,11.13
21/01/2012 14:00,11.36
21/01/2012 15:00,11.21
21/01/2012 16:00,10.21
21/01/2012 17:00,10.01
21/01/2012 18:00,9.17
21/01/2012 19:00,8.99
21/01/2012 20:00,8.62
21/01/2012 21:00,8.44
21/01/2012 22:00,7.61
21/01/2012 23:00,7.84
22/01/2012 00:00,7.07
22/01/2012 01:00,6.52
22/01/2012 02:00,6.43
22/01/2012 03:00,6
22/01/2012 04:00,6.04
22/01/2012 05:00,6.41
22/01/2012 06:00,6.62
22/01/2012 07:00,7.03
22/01/2012 08:00,7.25
22/01/2012 09:00,8.23
22/01/2012 10:00,9.33
22/01/2012 11:00,10.78
22/01/2012 12:00,11.36
22/01/2012 13:00,11.46
22/01/2012 14:00,11.8
22/01/2012 15:00,11.26
22/01/2012 16:00,10.56
22/01/2012 17:00,9.97
22/01/2012 18:00,9.02
22/01/2012 19:00,8.46
22/01/2012 20:00,7.88
22/01/2012 21:00,7.69
22/01/2012 22:00,7.28
22/01/2012 23:00,6.84
23/01/2012 00:00,6.79
23/01/2012 01:00,6.79
23/01/2012 02:00,6.34
23/01/2012 03:00,6.29
23/01/2012 04:00,6.29
23/01/2012 05:00,5.85
23/01/2012 06:00,4.91
23/01/2012 07:00,4.86
23/01/2012 08:00,5.21
23/01/2012 09:00,5.44
23/01/2012 10:00,6.44
23/01/2012 11:00,6.64
23/01/2012 12:00,7.29
23/01/2012 13:00,8
23/01/2012 14:00,8.1
23/01/2012 15:00,8.4
23/01/2012 16:00,7.91
23/01/2012 17:00,7.39
23/01/2012 18:00,6.86
23/01/2012 19:00,6.12
23/01/2012 20:00,5.18
23/01/2012 21:00,4.57
23/01/2012 22:00,3.99
23/01/2012 23:00,3.46
24/01/2012 00:00,2.88
24/01/2012 01:00,2
24/01/2012 02:00,1.94
24/01/2012 03:00,2.09
24/01/2012 04:00,2.18
24/01/2012 05:00,2.41
24/01/2012 06:00,2.99
24/01/2012 07:00,3.13
24/01/2012 08:00,3.71
24/01/2012 09:00,4.12
24/01/2012 10:00,4.58
24/01/2012 11:00,4.91
24/01/2012 12:00,5.94
24/01/2012 13:00,6.94
24/01/2012 14:00,7.58
24/01/2012 15:00,8.18
24/01/2012 16:00,8.64
24/01/2012 17:00,8.78
24/01/2012 18:00,8.92
24/01/2012 19:00,9.31
24/01/2012 20:00,9.77
24/01/2012 21:00,9.77
24/01/2012 22:00,9.76
24/01/2012 23:00,9.76
25/01/2012 00:00,9.76
25/01/2012 01:00,9.4
25/01/2012 02:00,9.74
25/01/2012 03:00,9.76
25/01/2012 04:00,9.75
25/01/2012 05:00,9.65
25/01/2012 06:00,9.14
25/01/2012 07:00,8.7
25/01/2012 08:00,8.63
25/01/2012 09:00,8.63
25/01/2012 10:00,9
25/01/2012 11:00,9.08
25/01/2012 12:00,9.14
25/01/2012 13:00,9.21
25/01/2012 14:00,9.6
25/01/2012 15:00,9.72
25/01/2012 16:00,9.66
25/01/2012 17:00,9.66
25/01/2012 18:00,9.59
25/01/2012 19:00,9.17
25/01/2012 20:00,8.98
25/01/2012 21:00,8.64
25/01/2012 22:00,8.59
25/01/2012 23:00,8.66
26/01/2012 00:00,8.72
26/01/2012 01:00,9.07
26/01/2012 02:00,9.18
26/01/2012 03:00,9.24
26/01/2012 04:00,9.54
26/01/2012 05:00,9.29
26/01/2012 06:00,6.72
26/01/2012 07:00,6.55
26/01/2012 08:00,6.76
26/01/2012 09:00,6.79
26/01/2012 10:00,6.92
26/01/2012 11:00,7.48
26/01/2012 12:00,8.75
26/01/2012 13:00,8.52
26/01/2012 14:00,8.77
26/01/2012 15:00,8.59
26/01/2012 16:00,6.64
26/01/2012 17:00,5.89
26/01/2012 18:00,6.04
26/01/2012 19:00,6.11
26/01/2012 20:00,6.24
26/01/2012 21:00,5.64
26/01/2012 22:00,4.18
26/01/2012 23:00,3.15
27/01/2012 00:00,3.03
27/01/2012 01:00,2.95
27/01/2012 02:00,3.33
27/01/2012 03:00,2.93
27/01/2012 04:00,3.7
27/01/2012 05:00,3.46
27/01/2012 06:00,3.51
27/01/2012 07:00,3.16
27/01/2012 08:00,3.06
27/01/2012 09:00,3.77
27/01/2012 10:00,5.06
27/01/2012 11:00,6.9
27/01/2012 12:00,8.32
27/01/2012 13:00,8.26
27/01/2012 14:00,8.68
27/01/2012 15:00,8.21
27/01/2012 16:00,7.48
27/01/2012 17:00,6.61
27/01/2012 18:00,5.92
27/01/2012 19:00,5.52
27/01/2012 20:00,5.28
27/01/2012 21:00,4.5
27/01/2012 22:00,3.51
27/01/2012 23:00,3.79
28/01/2012 00:00,3.77
28/01/2012 01:00,3.79
28/01/2012 02:00,3.67
28/01/2012 03:00,3.64
28/01/2012 04:00,3.76
28/01/2012 05:00,3.85
28/01/2012 06:00,3.9
28/01/2012 07:00,3.9
28/01/2012 08:00,3.87
28/01/2012 09:00,3.91
28/01/2012 10:00,4.11
28/01/2012 11:00,5.09
28/01/2012 12:00,5.31
28/01/2012 13:00,5.78
28/01/2012 14:00,5.84
28/01/2012 15:00,6.26
28/01/2012 16:00,6.46
28/01/2012 17:00,5.53
28/01/2012 18:00,5.04
28/01/2012 19:00,4.94
28/01/2012 20:00,4.45
28/01/2012 21:00,3.87
28/01/2012 22:00,3.77
28/01/2012 23:00,3.27
29/01/2012 00:00,2.83
29/01/2012 01:00,2.82
29/01/2012 02:00,2.83
29/01/2012 03:00,2.79
29/01/2012 04:00,2.39
29/01/2012 05:00,2.72
29/01/2012 06:00,2.31
29/01/2012 07:00,2.29
29/01/2012 08:00,1.87
29/01/2012 09:00,1.91
29/01/2012 10:00,2.77
29/01/2012 11:00,2.96
29/01/2012 12:00,3.54
29/01/2012 13:00,4.06
29/01/2012 14:00,4.5
29/01/2012 15:00,4.49
29/01/2012 16:00,4.4
29/01/2012 17:00,3.78
29/01/2012 18:00,3.39
29/01/2012 19:00,2.66
29/01/2012 20:00,2.93
29/01/2012 21:00,2.86
29/01/2012 22:00,2.81
29/01/2012 23:00,2.68
30/01/2012 00:00,2.32
30/01/2012 01:00,2.13
30/01/2012 02:00,1.8
30/01/2012 03:00,1.72
30/01/2012 04:00,1.26
30/01/2012 05:00,1.24
30/01/2012 06:00,1.61
30/01/2012 07:00,1.94
30/01/2012 08:00,1.89
30/01/2012 09:00,2.14
30/01/2012 10:00,2.74
30/01/2012 11:00,2.98
30/01/2012 12:00,3.53
30/01/2012 13:00,3.67
30/01/2012 14:00,3.98
30/01/2012 15:00,3.61
30/01/2012 16:00,3.42
30/01/2012 17:00,2.75
30/01/2012 18:00,2.49
30/01/2012 19:00,2.47
30/01/2012 20:00,2.42
30/01/2012 21:00,2.13
30/01/2012 22:00,2.17
30/01/2012 23:00,2.18
31/01/2012 00:00,2.13
31/01/2012 01:00,1.67
31/01/2012 02:00,1.49
31/01/2012 03:00,1.33
31/01/2012 04:00,0.37
31/01/2012 05:00,0.36
31/01/2012 06:00,-0.08
31/01/2012 07:00,-0.54
31/01/2012 08:00,-0.04
31/01/2012 09:00,0.54
31/01/2012 10:00,1.13
31/01/2012 11:00,1.6
31/01/2012 12:00,1.78
31/01/2012 13:00,1.85
31/01/2012 14:00,1.93
31/01/2012 15:00,1.93
31/01/2012 16:00,2.12
31/01/2012 17:00,1.95
31/01/2012 18:00,1.11
31/01/2012 19:00,0.98
31/01/2012 20:00,0.98
31/01/2012 21:00,1.2
31/01/2012 22:00,1.64
31/01/2012 23:00,1.76
01/02/2012 00:00,1.72
01/02/2012 01:00,1.49
01/02/2012 02:00,0.67
01/02/2012 03:00,0.65
01/02/2012 04:00,0.64
01/02/2012 05:00,0.61
01/02/2012 06:00,0.19
01/02/2012 07:00,-0.01
01/02/2012 08:00,-0.51
01/02/2012 09:00,-0.26
01/02/2012 10:00,0.81
01/02/2012 11:00,1.56
01/02/2012 12:00,2.04
01/02/2012 13:00,2.92
01/02/2012 14:00,3.36
01/02/2012 15:00,2.88
01/02/2012 16:00,2.22
01/02/2012 17:00,1.47
01/02/2012 18:00,0.96
01/02/2012 19:00,0.04
01/02/2012 20:00,-0.06
01/02/2012 21:00,-0.49
01/02/2012 22:00,-0.57
01/02/2012 23:00,-0.92
02/02/2012 00:00,-0.92
02/02/2012 01:00,-0.99
02/02/2012 02:00,-1.13
02/02/2012 03:00,-1.53
02/02/2012 04:00,-1.21
02/02/2012 05:00,-1.52
02/02/2012 06:00,-1.53
02/02/2012 07:00,-1.66
02/02/2012 08:00,-1.6
02/02/2012 09:00,-0.86
02/02/2012 10:00,-0.13
02/02/2012 11:00,0.82
02/02/2012 12:00,1.31
02/02/2012 13:00,1.41
02/02/2012 14:00,1.35
02/02/2012 15:00,1.18
02/02/2012 16:00,0.52
02/02/2012 17:00,-0.05
02/02/2012 18:00,-0.59
02/02/2012 19:00,-1.09
02/02/2012 20:00,-1.21
02/02/2012 21:00,-1.56
02/02/2012 22:00,-1.73
02/02/2012 23:00,-1.76
03/02/2012 00:00,-1.79
03/02/2012 01:00,-1.83
03/02/2012 02:00,-1.89
03/02/2012 03:00,-1.91
03/02/2012 04:00,-1.92
03/02/2012 05:00,-1.89
03/02/2012 06:00,-2.19
03/02/2012 07:00,-2.18
03/02/2012 08:00,-2.13
03/02/2012 09:00,-1.84
03/02/2012 10:00,-0.64
03/02/2012 11:00,0.29
03/02/2012 12:00,0.87
03/02/2012 13:00,1.36
03/02/2012 14:00,1.54
03/02/2012 15:00,1.51
03/02/2012 16:00,1.36
03/02/2012 17:00,0.88
03/02/2012 18:00,0.28
03/02/2012 19:00,0.09
03/02/2012 20:00,-0.38
03/02/2012 21:00,-0.48
03/02/2012 22:00,-1.82
03/02/2012 23:00,-1.91
04/02/2012 00:00,-2.04
04/02/2012 01:00,-2.93
04/02/2012 02:00,-2.58
04/02/2012 03:00,-2.34
04/02/2012 04:00,-2.18
04/02/2012 05:00,-2.32
04/02/2012 06:00,-2.86
04/02/2012 07:00,-2.96
04/02/2012 08:00,-3.27
04/02/2012 09:00,-2.71
04/02/2012 10:00,-1.75
04/02/2012 11:00,-0.3
04/02/2012 12:00,0.29
04/02/2012 13:00,0.76
04/02/2012 14:00,0.51
04/02/2012 15:00,0.79
04/02/2012 16:00,0.21
04/02/2012 17:00,0.07
04/02/2012 18:00,-0.32
04/02/2012 19:00,-0.79
04/02/2012 20:00,-0.81
04/02/2012 21:00,-0.68
04/02/2012 22:00,-0.65
04/02/2012 23:00,-0.17
05/02/2012 00:00,-0.12
05/02/2012 01:00,0.22
05/02/2012 02:00,0.26
05/02/2012 03:00,0.28
05/02/2012 04:00,0.39
05/02/2012 05:00,0.38
05/02/2012 06:00,0.38
05/02/2012 07:00,0.36
05/02/2012 08:00,0.38
05/02/2012 09:00,0.31
05/02/2012 10:00,0.35
05/02/2012 11:00,0.76
05/02/2012 12:00,1.17
05/02/2012 13:00,1.69
05/02/2012 14:00,1.77
05/02/2012 15:00,1.81
05/02/2012 16:00,1.45
05/02/2012 17:00,1.49
05/02/2012 18:00,1.38
05/02/2012 19:00,1.46
05/02/2012 20:00,1.44
05/02/2012 21:00,1.41
05/02/2012 22:00,1.43
05/02/2012 23:00,1.44
06/02/2012 00:00,1.41
06/02/2012 01:00,1.41
06/02/2012 02:00,1.39
06/02/2012 03:00,1.76
06/02/2012 04:00,1.4
06/02/2012 05:00,1.72
06/02/2012 06:00,1.46
06/02/2012 07:00,1.64
06/02/2012 08:00,1.63
06/02/2012 09:00,1.74
06/02/2012 10:00,2.43
06/02/2012 11:00,3.43
06/02/2012 12:00,3.94
06/02/2012 13:00,3.85
06/02/2012 14:00,4.08
06/02/2012 15:00,3.84
06/02/2012 16:00,3.14
06/02/2012 17:00,2.38
06/02/2012 18:00,2.49
06/02/2012 19:00,2.16
06/02/2012 20:00,1.97
06/02/2012 21:00,1.77
06/02/2012 22:00,1.73
06/02/2012 23:00,1.66
07/02/2012 00:00,1.6
07/02/2012 01:00,1.57
07/02/2012 02:00,1.52
07/02/2012 03:00,1.92
07/02/2012 04:00,1.64
07/02/2012 05:00,1.26
07/02/2012 06:00,1.22
07/02/2012 07:00,1.06
07/02/2012 08:00,1.16
07/02/2012 09:00,1.22
07/02/2012 10:00,1.66
07/02/2012 11:00,1.86
07/02/2012 12:00,2.34
07/02/2012 13:00,2.63
07/02/2012 14:00,2.09
07/02/2012 15:00,1.17
07/02/2012 16:00,0.37
07/02/2012 17:00,-0.76
07/02/2012 18:00,-2.13
07/02/2012 19:00,-2.72
07/02/2012 20:00,-2.83
07/02/2012 21:00,-2.8
07/02/2012 22:00,-2.74
07/02/2012 23:00,-2.56
08/02/2012 00:00,-2.1
08/02/2012 01:00,-2.03
08/02/2012 02:00,-1.81
08/02/2012 03:00,-1.36
08/02/2012 04:00,-1.16
08/02/2012 05:00,-0.78
08/02/2012 06:00,-0.69
08/02/2012 07:00,-0.34
08/02/2012 08:00,0.04
08/02/2012 09:00,0.03
08/02/2012 10:00,0.11
08/02/2012 11:00,0.16
08/02/2012 12:00,0.24
08/02/2012 13:00,0.24
08/02/2012 14:00,0.37
08/02/2012 15:00,0.73
08/02/2012 16:00,0.69
08/02/2012 17:00,0.68
08/02/2012 18:00,0.63
08/02/2012 19:00,0.59
08/02/2012 20:00,0.18
08/02/2012 21:00,-0.21
08/02/2012 22:00,-0.21
08/02/2012 23:00,-0.19
09/02/2012 00:00,0.27
09/02/2012 01:00,0.27
09/02/2012 02:00,0.19
09/02/2012 03:00,0.13
09/02/2012 04:00,-0.32
09/02/2012 05:00,-0.4
09/02/2012 06:00,-0.88
09/02/2012 07:00,-0.91
09/02/2012 08:00,-0.94
09/02/2012 09:00,-0.96
09/02/2012 10:00,-0.49
09/02/2012 11:00,0.04
09/02/2012 12:00,0.21
09/02/2012 13:00,1.22
09/02/2012 14:00,1.79
09/02/2012 15:00,1.77
09/02/2012 16:00,1.61
09/02/2012 17:00,1.55
09/02/2012 18:00,1.13
09/02/2012 19:00,1.06
09/02/2012 20:00,0.98
09/02/2012 21:00,0.27
09/02/2012 22:00,0.25
09/02/2012 23:00,0.22
10/02/2012 00:00,-0.2
10/02/2012 01:00,-0.29
10/02/2012 02:00,-0.27
10/02/2012 03:00,-0.33
10/02/2012 04:00,-0.75
10/02/2012 05:00,-0.54
10/02/2012 06:00,-0.63
10/02/2012 07:00,-0.53
10/02/2012 08:00,-0.03
10/02/2012 09:00,0.46
10/02/2012 10:00,0.57
10/02/2012 11:00,0.7
10/02/2012 12:00,0.79
10/02/2012 13:00,0.84
10/02/2012 14:00,1.21
10/02/2012 15:00,0.76
10/02/2012 16:00,0.47
10/02/2012 17:00,-0.17
10/02/2012 18:00,-1.31
10/02/2012 19:00,-1.54
10/02/2012 20:00,-2.12
10/02/2012 21:00,-1.92
10/02/2012 22:00,-2.79
10/02/2012 23:00,-2.96
11/02/2012 00:00,-3.15
11/02/2012 01:00,-3.66
11/02/2012 02:00,-3.83
11/02/2012 03:00,-4.43
11/02/2012 04:00,-4.89
11/02/2012 05:00,-5.04
11/02/2012 06:00,-5.16
11/02/2012 07:00,-5.64
11/02/2012 08:00,-5.33
11/02/2012 09:00,-4.17
11/02/2012 10:00,-2.5
11/02/2012 11:00,-0.52
11/02/2012 12:00,0.16
11/02/2012 13:00,1.12
11/02/2012 14:00,1.93
11/02/2012 15:00,1.28
11/02/2012 16:00,1.06
11/02/2012 17:00,0.25
11/02/2012 18:00,-0.71
11/02/2012 19:00,-1.39
11/02/2012 20:00,-1.85
11/02/2012 21:00,-1.97
11/02/2012 22:00,-2.44
11/02/2012 23:00,-3.29
12/02/2012 00:00,-3.56
12/02/2012 01:00,-3.99
12/02/2012 02:00,-4.11
12/02/2012 03:00,-4.46
12/02/2012 04:00,-3.87
12/02/2012 05:00,-3.53
12/02/2012 06:00,-2.92
12/02/2012 07:00,-2.57
12/02/2012 08:00,-2.01
12/02/2012 09:00,-1.65
12/02/2012 10:00,-0.79
12/02/2012 11:00,0.99
12/02/2012 12:00,2.14
12/02/2012 13:00,3.49
12/02/2012 14:00,4.31
12/02/2012 15:00,4.81
12/02/2012 16:00,4.84
12/02/2012 17:00,4.35
12/02/2012 18:00,4.29
12/02/2012 19:00,3.91
12/02/2012 20:00,4.36
12/02/2012 21:00,3.87
12/02/2012 22:00,4.19
12/02/2012 23:00,3.72
13/02/2012 00:00,3.3
13/02/2012 01:00,2.82
13/02/2012 02:00,2.34
13/02/2012 03:00,1.09
13/02/2012 04:00,1.12
13/02/2012 05:00,1.62
13/02/2012 06:00,2.39
13/02/2012 07:00,2.12
13/02/2012 08:00,2.13
13/02/2012 09:00,2.77
13/02/2012 10:00,3.77
13/02/2012 11:00,4.84
13/02/2012 12:00,5.77
13/02/2012 13:00,6.58
13/02/2012 14:00,6.16
13/02/2012 15:00,6.14
13/02/2012 16:00,6.13
13/02/2012 17:00,6.13
13/02/2012 18:00,6.09
13/02/2012 19:00,6.14
13/02/2012 20:00,5.99
13/02/2012 21:00,6.05
13/02/2012 22:00,5.7
13/02/2012 23:00,6.08
14/02/2012 00:00,5.63
14/02/2012 01:00,5.57
14/02/2012 02:00,5.16
14/02/2012 03:00,5.2
14/02/2012 04:00,5.15
14/02/2012 05:00,5.08
14/02/2012 06:00,4.67
14/02/2012 07:00,4.54
14/02/2012 08:00,4.94
14/02/2012 09:00,4.96
14/02/2012 10:00,5.17
14/02/2012 11:00,6.39
14/02/2012 12:00,6.93
14/02/2012 13:00,7.42
14/02/2012 14:00,7.96
14/02/2012 15:00,8.07
14/02/2012 16:00,8.42
14/02/2012 17:00,8.32
14/02/2012 18:00,7.93
14/02/2012 19:00,7.83
14/02/2012 20:00,7.33
14/02/2012 21:00,6.9
14/02/2012 22:00,6.88
14/02/2012 23:00,6.9
15/02/2012 00:00,6.98
15/02/2012 01:00,6.98
15/02/2012 02:00,7.43
15/02/2012 03:00,7.54
15/02/2012 04:00,7.89
15/02/2012 05:00,7.42
15/02/2012 06:00,7.33
15/02/2012 07:00,7.34
15/02/2012 08:00,6.93
15/02/2012 09:00,7.92
15/02/2012 10:00,8.68
15/02/2012 11:00,10.07
15/02/2012 12:00,10.25
15/02/2012 13:00,10.61
15/02/2012 14:00,10.56
15/02/2012 15:00,10.58
15/02/2012 16:00,10.59
15/02/2012 17:00,10.47
15/02/2012 18:00,9.82
15/02/2012 19:00,9.4
15/02/2012 20:00,8.99
15/02/2012 21:00,8.95
15/02/2012 22:00,8.87
15/02/2012 23:00,8.37
16/02/2012 00:00,7.84
16/02/2012 01:00,7.26
16/02/2012 02:00,6.73
16/02/2012 03:00,5.78
16/02/2012 04:00,5.87
16/02/2012 05:00,5.47
16/02/2012 06:00,5.77
16/02/2012 07:00,5.72
16/02/2012 08:00,6.19
16/02/2012 09:00,7.08
16/02/2012 10:00,8.52
16/02/2012 11:00,8.74
16/02/2012 12:00,9.29
16/02/2012 13:00,10.25
16/02/2012 14:00,10.61
16/02/2012 15:00,10.55
16/02/2012 16:00,10.18
16/02/2012 17:00,9.11
16/02/2012 18:00,8.99
16/02/2012 19:00,8.91
16/02/2012 20:00,8.44
16/02/2012 21:00,7.96
16/02/2012 22:00,7.82
16/02/2012 23:00,7.46
17/02/2012 00:00,7.46
17/02/2012 01:00,7.42
17/02/2012 02:00,7.38
17/02/2012 03:00,7.36
17/02/2012 04:00,7.47
17/02/2012 05:00,7.17
17/02/2012 06:00,7.13
17/02/2012 07:00,7.17
17/02/2012 08:00,7.62
17/02/2012 09:00,8.27
17/02/2012 10:00,9.75
17/02/2012 11:00,10.29
17/02/2012 12:00,11.19
17/02/2012 13:00,11.36
17/02/2012 14:00,11.3
17/02/2012 15:00,11.63
17/02/2012 16:00,11.83
17/02/2012 17:00,11.29
17/02/2012 18:00,11.19
17/02/2012 19:00,10.68
17/02/2012 20:00,10.21
17/02/2012 21:00,10.08
17/02/2012 22:00,9.98
17/02/2012 23:00,9.19
18/02/2012 00:00,8.64
18/02/2012 01:00,8.61
18/02/2012 02:00,8.17
18/02/2012 03:00,8.61
18/02/2012 04:00,8.6
18/02/2012 05:00,8.63
18/02/2012 06:00,8.57
18/02/2012 07:00,8.52
18/02/2012 08:00,8.56
18/02/2012 09:00,8.76
18/02/2012 10:00,9.38
18/02/2012 11:00,10.24
18/02/2012 12:00,10.76
18/02/2012 13:00,10.76
18/02/2012 14:00,10.12
18/02/2012 15:00,9.01
18/02/2012 16:00,8.19
18/02/2012 17:00,5.88
18/02/2012 18:00,5.34
18/02/2012 19:00,4.79
18/02/2012 20:00,4.7
18/02/2012 21:00,4.17
18/02/2012 22:00,4.02
18/02/2012 23:00,3.2
19/02/2012 00:00,3.07
19/02/2012 01:00,3.01
19/02/2012 02:00,2.99
19/02/2012 03:00,2.97
19/02/2012 04:00,2.52
19/02/2012 05:00,2.47
19/02/2012 06:00,2.36
19/02/2012 07:00,2.19
19/02/2012 08:00,2.04
19/02/2012 09:00,3.17
19/02/2012 10:00,4.54
19/02/2012 11:00,5.17
19/02/2012 12:00,5.75
19/02/2012 13:00,5.79
19/02/2012 14:00,6.35
19/02/2012 15:00,6.27
19/02/2012 16:00,5.81
19/02/2012 17:00,5.43
19/02/2012 18:00,4.58
19/02/2012 19:00,3.63
19/02/2012 20:00,2.98
19/02/2012 21:00,1.33
19/02/2012 22:00,0.78
19/02/2012 23:00,0.62
20/02/2012 00:00,-0.26
20/02/2012 01:00,-1.07
20/02/2012 02:00,-1.47
20/02/2012 03:00,-1.43
20/02/2012 04:00,-1.51
20/02/2012 05:00,-1.49
20/02/2012 06:00,-1.9
20/02/2012 07:00,-1.42
20/02/2012 08:00,-0.62
20/02/2012 09:00,2.15
20/02/2012 10:00,4.76
20/02/2012 11:00,6.84
20/02/2012 12:00,7.84
20/02/2012 13:00,7.98
20/02/2012 14:00,8.12
20/02/2012 15:00,8.44
20/02/2012 16:00,7.98
20/02/2012 17:00,7.33
20/02/2012 18:00,6.65
20/02/2012 19:00,6.1
20/02/2012 20:00,5.69
20/02/2012 21:00,6.08
20/02/2012 22:00,5.79
20/02/2012 23:00,5.74
21/02/2012 00:00,5.72
21/02/2012 01:00,5.74
21/02/2012 02:00,5.94
21/02/2012 03:00,6.01
21/02/2012 04:00,6.31
21/02/2012 05:00,6.17
21/02/2012 06:00,6.21
21/02/2012 07:00,6.22
21/02/2012 08:00,6.87
21/02/2012 09:00,7.71
21/02/2012 10:00,9.21
21/02/2012 11:00,10.32
21/02/2012 12:00,11.17
21/02/2012 13:00,11.44
21/02/2012 14:00,11.5
21/02/2012 15:00,11.65
21/02/2012 16:00,10.81
21/02/2012 17:00,10.29
21/02/2012 18:00,9.97
21/02/2012 19:00,9.54
21/02/2012 20:00,9.02
21/02/2012 21:00,9.03
21/02/2012 22:00,8.64
21/02/2012 23:00,8.6
22/02/2012 00:00,8.56
22/02/2012 01:00,8.51
22/02/2012 02:00,8.41
22/02/2012 03:00,8.03
22/02/2012 04:00,7.99
22/02/2012 05:00,7.99
22/02/2012 06:00,7.89
22/02/2012 07:00,7.73
22/02/2012 08:00,7.48
22/02/2012 09:00,8.01
22/02/2012 10:00,8.58
22/02/2012 11:00,9.27
22/02/2012 12:00,9.68
22/02/2012 13:00,9.42
22/02/2012 14:00,8.08
22/02/2012 15:00,8.57
22/02/2012 16:00,8.54
22/02/2012 17:00,8.54
22/02/2012 18:00,9.01
22/02/2012 19:00,9.13
22/02/2012 20:00,9.27
22/02/2012 21:00,9.82
22/02/2012 22:00,9.89
22/02/2012 23:00,10.47
23/02/2012 00:00,10.87
23/02/2012 01:00,11.3
23/02/2012 02:00,11.45
23/02/2012 03:00,11.5
23/02/2012 04:00,11.51
23/02/2012 05:00,11.84
23/02/2012 06:00,11.87
23/02/2012 07:00,11.54
23/02/2012 08:00,11.63
23/02/2012 09:00,12.93
23/02/2012 10:00,13.57
23/02/2012 11:00,13.74
23/02/2012 12:00,14.68
23/02/2012 13:00,15.77
23/02/2012 14:00,15.73
23/02/2012 15:00,16.98
23/02/2012 16:00,16.86
23/02/2012 17:00,15.66
23/02/2012 18:00,14.38
23/02/2012 19:00,13.43
23/02/2012 20:00,12.33
23/02/2012 21:00,11.54
23/02/2012 22:00,11.24
23/02/2012 23:00,10.34
24/02/2012 00:00,9.8
24/02/2012 01:00,9.71
24/02/2012 02:00,10.05
24/02/2012 03:00,10.05
24/02/2012 04:00,9.69
24/02/2012 05:00,9.67
24/02/2012 06:00,9.67
24/02/2012 07:00,9.55
24/02/2012 08:00,9.73
24/02/2012 09:00,10.32
24/02/2012 10:00,10.9
24/02/2012 11:00,11.65
24/02/2012 12:00,12.69
24/02/2012 13:00,13.58
24/02/2012 14:00,14.43
24/02/2012 15:00,14.42
24/02/2012 16:00,13.58
24/02/2012 17:00,12.95
24/02/2012 18:00,12.42
24/02/2012 19:00,12.27
24/02/2012 20:00,11.74
24/02/2012 21:00,11.16
24/02/2012 22:00,11.01
24/02/2012 23:00,10.9
25/02/2012 00:00,10.69
25/02/2012 01:00,9.82
25/02/2012 02:00,9.26
25/02/2012 03:00,8.36
25/02/2012 04:00,7.83
25/02/2012 05:00,7.72
25/02/2012 06:00,7.77
25/02/2012 07:00,7.78
25/02/2012 08:00,7.79
25/02/2012 09:00,7.94
25/02/2012 10:00,8.91
25/02/2012 11:00,9.16
25/02/2012 12:00,10.51
25/02/2012 13:00,11.02
25/02/2012 14:00,11.9
25/02/2012 15:00,12.11
25/02/2012 16:00,11.59
25/02/2012 17:00,10.19
25/02/2012 18:00,9.65
25/02/2012 19:00,8.83
25/02/2012 20:00,8.61
25/02/2012 21:00,8.13
25/02/2012 22:00,7.42
25/02/2012 23:00,6.97
26/02/2012 00:00,6.82
26/02/2012 01:00,6.31
26/02/2012 02:00,5.59
26/02/2012 03:00,5.4
26/02/2012 04:00,4.55
26/02/2012 05:00,4.49
26/02/2012 06:00,3.96
26/02/2012 07:00,3.26
26/02/2012 08:00,3.57
26/02/2012 09:00,5.99
26/02/2012 10:00,7.56
26/02/2012 11:00,9.73
26/02/2012 12:00,11.16
26/02/2012 13:00,11.87
26/02/2012 14:00,11.98
26/02/2012 15:00,12.67
26/02/2012 16:00,12.59
26/02/2012 17:00,11.23
26/02/2012 18:00,10.47
26/02/2012 19:00,8.62
26/02/2012 20:00,8.63
26/02/2012 21:00,7.79
26/02/2012 22:00,7.69
26/02/2012 23:00,7.26
27/02/2012 00:00,7.16
27/02/2012 01:00,6.71
27/02/2012 02:00,6.27
27/02/2012 03:00,6.34
27/02/2012 04:00,6.44
27/02/2012 05:00,6.51
27/02/2012 06:00,6.88
27/02/2012 07:00,7.06
27/02/2012 08:00,7.54
27/02/2012 09:00,8.15
27/02/2012 10:00,9.06
27/02/2012 11:00,9.32
27/02/2012 12:00,9.81
27/02/2012 13:00,10.24
27/02/2012 14:00,10.46
27/02/2012 15:00,10.87
27/02/2012 16:00,10.87
27/02/2012 17:00,10.78
27/02/2012 18:00,11.15
27/02/2012 19:00,10.69
27/02/2012 20:00,10.69
27/02/2012 21:00,10.67
27/02/2012 22:00,10.29
27/02/2012 23:00,10.21
28/02/2012 00:00,10.17
28/02/2012 01:00,10.15
28/02/2012 02:00,10.14
28/02/2012 03:00,10.13
28/02/2012 04:00,9.73
28/02/2012 05:00,9.77
28/02/2012 06:00,9.78
28/02/2012 07:00,9.76
28/02/2012 08:00,10.28
28/02/2012 09:00,10.46
28/02/2012 10:00,11.46
28/02/2012 11:00,12.03
28/02/2012 12:00,12.59
28/02/2012 13:00,13.12
28/02/2012 14:00,13.85
28/02/2012 15:00,13.86
28/02/2012 16:00,13.75
28/02/2012 17:00,12.54
28/02/2012 18:00,12.23
28/02/2012 19:00,12.02
28/02/2012 20:00,11.24
28/02/2012 21:00,10.68
28/02/2012 22:00,10.32
28/02/2012 23:00,9.77
29/02/2012 00:00,9.74
29/02/2012 01:00,9.69
29/02/2012 02:00,9.65
29/02/2012 03:00,9.68
29/02/2012 04:00,9.62
29/02/2012 05:00,9.61
29/02/2012 06:00,9.61
29/02/2012 07:00,9.62
29/02/2012 08:00,9.77
29/02/2012 09:00,10.26
29/02/2012 10:00,10.51
29/02/2012 11:00,10.97
29/02/2012 12:00,11.13
29/02/2012 13:00,11.66
29/02/2012 14:00,12.22
29/02/2012 15:00,12.74
29/02/2012 16:00,12.66
29/02/2012 17:00,12.45
29/02/2012 18:00,11.95
29/02/2012 19:00,11.8
29/02/2012 20:00,11.25
29/02/2012 21:00,11.04
29/02/2012 22:00,10.08
29/02/2012 23:00,9.85
01/03/2012 00:00,9.7
01/03/2012 01:00,9.53
01/03/2012 02:00,8.93
01/03/2012 03:00,8.33
01/03/2012 04:00,7.85
01/03/2012 05:00,7.66
01/03/2012 06:00,7.28
01/03/2012 07:00,6.49
01/03/2012 08:00,6.82
01/03/2012 09:00,7.99
01/03/2012 10:00,9.52
01/03/2012 11:00,11.13
01/03/2012 12:00,12.41
01/03/2012 13:00,13.38
01/03/2012 14:00,14.18
01/03/2012 15:00,15.11
01/03/2012 16:00,14.65
01/03/2012 17:00,13.4
01/03/2012 18:00,12.32
01/03/2012 19:00,11.07
01/03/2012 20:00,10.33
01/03/2012 21:00,9.42
01/03/2012 22:00,8.74
01/03/2012 23:00,8.44
02/03/2012 00:00,8.23
02/03/2012 01:00,7.72
02/03/2012 02:00,6.86
02/03/2012 03:00,6.91
02/03/2012 04:00,6.36
02/03/2012 05:00,5.69
02/03/2012 06:00,5.86
02/03/2012 07:00,5.96
02/03/2012 08:00,6.44
02/03/2012 09:00,6.94
02/03/2012 10:00,7.93
02/03/2012 11:00,7.9
02/03/2012 12:00,8.26
02/03/2012 13:00,8.34
02/03/2012 14:00,8.12
02/03/2012 15:00,8.39
02/03/2012 16:00,8.11
02/03/2012 17:00,7.62
02/03/2012 18:00,7.84
02/03/2012 19:00,7.38
02/03/2012 20:00,7.4
02/03/2012 21:00,7.08
02/03/2012 22:00,7.09
02/03/2012 23:00,7.06
03/03/2012 00:00,7.06
03/03/2012 01:00,7.06
03/03/2012 02:00,7.09
03/03/2012 03:00,7.53
03/03/2012 04:00,8.02
03/03/2012 05:00,8.43
03/03/2012 06:00,8.6
03/03/2012 07:00,9.02
03/03/2012 08:00,9.06
03/03/2012 09:00,9.29
03/03/2012 10:00,10.07
03/03/2012 11:00,9.81
03/03/2012 12:00,10.92
03/03/2012 13:00,12.41
03/03/2012 14:00,13.54
03/03/2012 15:00,14.29
03/03/2012 16:00,13.19
03/03/2012 17:00,11.76
03/03/2012 18:00,10.86
03/03/2012 19:00,9.5
03/03/2012 20:00,8.92
03/03/2012 21:00,8.38
03/03/2012 22:00,7.75
03/03/2012 23:00,7.33
04/03/2012 00:00,7.26
04/03/2012 01:00,6.92
04/03/2012 02:00,7.03
04/03/2012 03:00,7.43
04/03/2012 04:00,7.45
04/03/2012 05:00,7.9
04/03/2012 06:00,7.88
04/03/2012 07:00,7.57
04/03/2012 08:00,7.67
04/03/2012 09:00,7.81
04/03/2012 10:00,8.58
04/03/2012 11:00,9.13
04/03/2012 12:00,9.32
04/03/2012 13:00,8.2
04/03/2012 14:00,5.47
04/03/2012 15:00,4.05
04/03/2012 16:00,3.92
04/03/2012 17:00,4.07
04/03/2012 18:00,4.61
04/03/2012 19:00,4.62
04/03/2012 20:00,4.63
04/03/2012 21:00,4.68
04/03/2012 22:00,5.03
04/03/2012 23:00,4.63
05/03/2012 00:00,4.59
05/03/2012 01:00,4.18
05/03/2012 02:00,4.14
05/03/2012 03:00,4.04
05/03/2012 04:00,4.05
05/03/2012 05:00,4.18
05/03/2012 06:00,4.58
05/03/2012 07:00,4.52
05/03/2012 08:00,4.66
05/03/2012 09:00,5.7
05/03/2012 10:00,6.8
05/03/2012 11:00,7.43
05/03/2012 12:00,8.37
05/03/2012 13:00,9.19
05/03/2012 14:00,8.98
05/03/2012 15:00,9.37
05/03/2012 16:00,8.82
05/03/2012 17:00,8.36
05/03/2012 18:00,7.86
05/03/2012 19:00,7.33
05/03/2012 20:00,6.76
05/03/2012 21:00,6.2
05/03/2012 22:00,5.68
05/03/2012 23:00,5.06
06/03/2012 00:00,4.52
06/03/2012 01:00,4.04
06/03/2012 02:00,3.99
06/03/2012 03:00,3.94
06/03/2012 04:00,3.89
06/03/2012 05:00,3.79
06/03/2012 06:00,3.74
06/03/2012 07:00,3.76
06/03/2012 08:00,3.84
06/03/2012 09:00,4
06/03/2012 10:00,4.64
06/03/2012 11:00,5.26
06/03/2012 12:00,6.35
06/03/2012 13:00,6.64
06/03/2012 14:00,7.12
06/03/2012 15:00,7.16
06/03/2012 16:00,7.22
06/03/2012 17:00,6.98
06/03/2012 18:00,6.18
06/03/2012 19:00,5.07
06/03/2012 20:00,5.06
06/03/2012 21:00,4.68
06/03/2012 22:00,5.06
06/03/2012 23:00,5.18
07/03/2012 00:00,5.53
07/03/2012 01:00,5.72
07/03/2012 02:00,5.84
07/03/2012 03:00,5.96
07/03/2012 04:00,6.53
07/03/2012 05:00,6.6
07/03/2012 06:00,7.03
07/03/2012 07:00,7.46
07/03/2012 08:00,7.47
07/03/2012 09:00,7.52
07/03/2012 10:00,7.62
07/03/2012 11:00,8.24
07/03/2012 12:00,8.97
07/03/2012 13:00,10.75
07/03/2012 14:00,9.56
07/03/2012 15:00,9.63
07/03/2012 16:00,10.72
07/03/2012 17:00,9.44
07/03/2012 18:00,8.78
07/03/2012 19:00,7.41
07/03/2012 20:00,7.08
07/03/2012 21:00,6.46
07/03/2012 22:00,5.63
07/03/2012 23:00,5.14
08/03/2012 00:00,4.38
08/03/2012 01:00,4.63
08/03/2012 02:00,4.17
08/03/2012 03:00,3.94
08/03/2012 04:00,3.61
08/03/2012 05:00,3.92
08/03/2012 06:00,3.62
08/03/2012 07:00,3.26
08/03/2012 08:00,3.88
08/03/2012 09:00,5.61
08/03/2012 10:00,7.18
08/03/2012 11:00,9.12
08/03/2012 12:00,10.24
08/03/2012 13:00,11.52
08/03/2012 14:00,12.03
08/03/2012 15:00,11.35
08/03/2012 16:00,11.29
08/03/2012 17:00,10.75
08/03/2012 18:00,10.42
08/03/2012 19:00,9.89
08/03/2012 20:00,8.94
08/03/2012 21:00,8.72
08/03/2012 22:00,7.73
08/03/2012 23:00,7.39
09/03/2012 00:00,7.18
09/03/2012 01:00,7.22
09/03/2012 02:00,6.77
09/03/2012 03:00,6.83
09/03/2012 04:00,6.74
09/03/2012 05:00,6.91
09/03/2012 06:00,7.42
09/03/2012 07:00,7.99
09/03/2012 08:00,8.52
09/03/2012 09:00,9.09
09/03/2012 10:00,9.29
09/03/2012 11:00,9.87
09/03/2012 12:00,10.76
09/03/2012 13:00,10.77
09/03/2012 14:00,10.82
09/03/2012 15:00,10.77
09/03/2012 16:00,10.83
09/03/2012 17:00,10.86
09/03/2012 18:00,10.84
09/03/2012 19:00,10.74
09/03/2012 20:00,10.72
09/03/2012 21:00,10.31
09/03/2012 22:00,10.58
09/03/2012 23:00,10.11
10/03/2012 00:00,10.05
10/03/2012 01:00,10.07
10/03/2012 02:00,9.68
10/03/2012 03:00,9.64
10/03/2012 04:00,9.62
10/03/2012 05:00,9.11
10/03/2012 06:00,9.06
10/03/2012 07:00,8.74
10/03/2012 08:00,9.28
10/03/2012 09:00,9.87
10/03/2012 10:00,10.51
10/03/2012 11:00,11.23
10/03/2012 12:00,12.27
10/03/2012 13:00,13.33
10/03/2012 14:00,14.66
10/03/2012 15:00,15.39
10/03/2012 16:00,15.1
10/03/2012 17:00,14.93
10/03/2012 18:00,14.26
10/03/2012 19:00,14.44
10/03/2012 20:00,13.57
10/03/2012 21:00,12.59
10/03/2012 22:00,11.67
10/03/2012 23:00,10.97
11/03/2012 00:00,10.23
11/03/2012 01:00,9.83
11/03/2012 02:00,9.06
11/03/2012 03:00,8.83
11/03/2012 04:00,8.77
11/03/2012 05:00,7.6
11/03/2012 06:00,7.33
11/03/2012 07:00,6.82
11/03/2012 08:00,8.11
11/03/2012 09:00,9.42
11/03/2012 10:00,10.76
11/03/2012 11:00,11.82
11/03/2012 12:00,12.57
11/03/2012 13:00,13.27
11/03/2012 14:00,14.23
11/03/2012 15:00,15.18
11/03/2012 16:00,15.55
11/03/2012 17:00,15.01
11/03/2012 18:00,12.98
11/03/2012 19:00,11.29
11/03/2012 20:00,10.21
11/03/2012 21:00,9.12
11/03/2012 22:00,9.57
11/03/2012 23:00,9.93
12/03/2012 00:00,8.24
12/03/2012 01:00,7.12
12/03/2012 02:00,6.52
12/03/2012 03:00,6.03
12/03/2012 04:00,5.53
12/03/2012 05:00,5.48
12/03/2012 06:00,5.43
12/03/2012 07:00,5.87
12/03/2012 08:00,6.6
12/03/2012 09:00,7.38
12/03/2012 10:00,7.99
12/03/2012 11:00,9.05
12/03/2012 12:00,9.94
12/03/2012 13:00,11.38
12/03/2012 14:00,12.83
12/03/2012 15:00,13.86
12/03/2012 16:00,13.16
12/03/2012 17:00,12.49
12/03/2012 18:00,10.8
12/03/2012 19:00,9.37
12/03/2012 20:00,8.37
12/03/2012 21:00,8.18
12/03/2012 22:00,8.16
12/03/2012 23:00,8.18
13/03/2012 00:00,7.81
13/03/2012 01:00,7.45
13/03/2012 02:00,7.38
13/03/2012 03:00,6.99
13/03/2012 04:00,6.96
13/03/2012 05:00,6.8
13/03/2012 06:00,6.71
13/03/2012 07:00,6.4
13/03/2012 08:00,6.41
13/03/2012 09:00,6.51
13/03/2012 10:00,6.68
13/03/2012 11:00,7.49
13/03/2012 12:00,8.29
13/03/2012 13:00,8.97
13/03/2012 14:00,9.89
13/03/2012 15:00,10.89
13/03/2012 16:00,9.92
13/03/2012 17:00,9.71
13/03/2012 18:00,8.54
13/03/2012 19:00,7.6
13/03/2012 20:00,6.96
13/03/2012 21:00,6.69
13/03/2012 22:00,6.4
13/03/2012 23:00,6.36
14/03/2012 00:00,6.32
14/03/2012 01:00,5.91
14/03/2012 02:00,5.87
14/03/2012 03:00,5.77
14/03/2012 04:00,5.73
14/03/2012 05:00,5.37
14/03/2012 06:00,5.68
14/03/2012 07:00,5.6
14/03/2012 08:00,5.68
14/03/2012 09:00,5.93
14/03/2012 10:00,6.53
14/03/2012 11:00,7.36
14/03/2012 12:00,8.54
14/03/2012 13:00,10.19
14/03/2012 14:00,10.47
14/03/2012 15:00,11.39
14/03/2012 16:00,12.41
14/03/2012 17:00,11.74
14/03/2012 18:00,9.82
14/03/2012 19:00,7.8
14/03/2012 20:00,6.71
14/03/2012 21:00,6.07
14/03/2012 22:00,5.35
14/03/2012 23:00,5.03
15/03/2012 00:00,4.74
15/03/2012 01:00,4.2
15/03/2012 02:00,3.63
15/03/2012 03:00,3.54
15/03/2012 04:00,3.12
15/03/2012 05:00,2.82
15/03/2012 06:00,3.19
15/03/2012 07:00,3.31
15/03/2012 08:00,3.98
15/03/2012 09:00,4.95
15/03/2012 10:00,7.61
15/03/2012 11:00,10.53
15/03/2012 12:00,13.29
15/03/2012 13:00,14.97
15/03/2012 14:00,15.73
15/03/2012 15:00,16.79
15/03/2012 16:00,16.66
15/03/2012 17:00,15.39
15/03/2012 18:00,13.8
15/03/2012 19:00,11.88
15/03/2012 20:00,10.45
15/03/2012 21:00,9.67
15/03/2012 22:00,10.03
15/03/2012 23:00,9.97
16/03/2012 00:00,9.19
16/03/2012 01:00,8.71
16/03/2012 02:00,8.64
16/03/2012 03:00,8.59
16/03/2012 04:00,8.53
16/03/2012 05:00,8.51
16/03/2012 06:00,8.5
16/03/2012 07:00,8.53
16/03/2012 08:00,8.52
16/03/2012 09:00,8.63
16/03/2012 10:00,8.7
16/03/2012 11:00,9.09
16/03/2012 12:00,9.27
16/03/2012 13:00,9.67
16/03/2012 14:00,9.7
16/03/2012 15:00,9.75
16/03/2012 16:00,9.67
16/03/2012 17:00,9.58
16/03/2012 18:00,9.21
16/03/2012 19:00,9.17
16/03/2012 20:00,9.08
16/03/2012 21:00,9.05
16/03/2012 22:00,9.09
16/03/2012 23:00,9.05
17/03/2012 00:00,8.58
17/03/2012 01:00,8.23
17/03/2012 02:00,7.86
17/03/2012 03:00,7.49
17/03/2012 04:00,7.94
17/03/2012 05:00,8.09
17/03/2012 06:00,8.15
17/03/2012 07:00,8.62
17/03/2012 08:00,9.11
17/03/2012 09:00,9.7
17/03/2012 10:00,10.28
17/03/2012 11:00,9.89
17/03/2012 12:00,9.81
17/03/2012 13:00,10.21
17/03/2012 14:00,10.34
17/03/2012 15:00,10.75
17/03/2012 16:00,10.58
17/03/2012 17:00,10
17/03/2012 18:00,9.5
17/03/2012 19:00,9
17/03/2012 20:00,8.59
17/03/2012 21:00,8.42
17/03/2012 22:00,7.59
17/03/2012 23:00,7.37
18/03/2012 00:00,6.91
18/03/2012 01:00,6.78
18/03/2012 02:00,6.68
18/03/2012 03:00,6.13
18/03/2012 04:00,5.58
18/03/2012 05:00,4.87
18/03/2012 06:00,3.98
18/03/2012 07:00,4.04
18/03/2012 08:00,5.06
18/03/2012 09:00,6.97
18/03/2012 10:00,8.48
18/03/2012 11:00,9.29
18/03/2012 12:00,9.76
18/03/2012 13:00,9.48
18/03/2012 14:00,8.9
18/03/2012 15:00,8.51
18/03/2012 16:00,8.41
18/03/2012 17:00,7.87
18/03/2012 18:00,7.42
18/03/2012 19:00,7.06
18/03/2012 20:00,6.41
18/03/2012 21:00,5.76
18/03/2012 22:00,5.59
18/03/2012 23:00,5.48
19/03/2012 00:00,4.82
19/03/2012 01:00,3.98
19/03/2012 02:00,3.51
19/03/2012 03:00,2.99
19/03/2012 04:00,2.5
19/03/2012 05:00,2.07
19/03/2012 06:00,1.69
19/03/2012 07:00,1.73
19/03/2012 08:00,3.94
19/03/2012 09:00,6.04
19/03/2012 10:00,9.19
19/03/2012 11:00,10.89
19/03/2012 12:00,12.31
19/03/2012 13:00,11.71
19/03/2012 14:00,11.78
19/03/2012 15:00,12.57
19/03/2012 16:00,13.27
19/03/2012 17:00,12.41
19/03/2012 18:00,11.21
19/03/2012 19:00,9.85
19/03/2012 20:00,9.21
19/03/2012 21:00,8.66
19/03/2012 22:00,7.64
19/03/2012 23:00,7.09
20/03/2012 00:00,6.12
20/03/2012 01:00,5.15
20/03/2012 02:00,4.71
20/03/2012 03:00,4.67
20/03/2012 04:00,4.33
20/03/2012 05:00,4.52
20/03/2012 06:00,4.44
20/03/2012 07:00,5.71
20/03/2012 08:00,7.28
20/03/2012 09:00,9.31
20/03/2012 10:00,11.02
20/03/2012 11:00,12.07
20/03/2012 12:00,13.04
20/03/2012 13:00,13.63
20/03/2012 14:00,14.01
20/03/2012 15:00,14.46
20/03/2012 16:00,14.48
20/03/2012 17:00,14.01
20/03/2012 18:00,12.84
20/03/2012 19:00,10.72
20/03/2012 20:00,10.06
20/03/2012 21:00,10.18
20/03/2012 22:00,10.56
20/03/2012 23:00,10.46
21/03/2012 00:00,9.89
21/03/2012 01:00,9.59
21/03/2012 02:00,9.59
21/03/2012 03:00,9.26
21/03/2012 04:00,8.86
21/03/2012 05:00,8.83
21/03/2012 06:00,8.79
21/03/2012 07:00,8.79
21/03/2012 08:00,9.46
21/03/2012 09:00,10.32
21/03/2012 10:00,12.32
21/03/2012 11:00,13.44
21/03/2012 12:00,14.87
21/03/2012 13:00,15.39
21/03/2012 14:00,15.55
21/03/2012 15:00,15.62
21/03/2012 16:00,14.97
21/03/2012 17:00,13.83
21/03/2012 18:00,12.07
21/03/2012 19:00,10.63
21/03/2012 20:00,9.52
21/03/2012 21:00,8.77
21/03/2012 22:00,7.98
21/03/2012 23:00,7.44
22/03/2012 00:00,6.91
22/03/2012 01:00,6.46
22/03/2012 02:00,6.14
22/03/2012 03:00,6.14
22/03/2012 04:00,6.43
22/03/2012 05:00,6.51
22/03/2012 06:00,6.51
22/03/2012 07:00,7.19
22/03/2012 08:00,8.15
22/03/2012 09:00,10.48
22/03/2012 10:00,12.23
22/03/2012 11:00,13.88
22/03/2012 12:00,15.41
22/03/2012 13:00,15.81
22/03/2012 14:00,15.51
22/03/2012 15:00,15.79
22/03/2012 16:00,15.59
22/03/2012 17:00,14.39
22/03/2012 18:00,13.29
22/03/2012 19:00,11.96
22/03/2012 20:00,10.77
22/03/2012 21:00,10.31
22/03/2012 22:00,9.72
22/03/2012 23:00,9.35
23/03/2012 00:00,8.76
23/03/2012 01:00,8.54
23/03/2012 02:00,8.09
23/03/2012 03:00,7.34
23/03/2012 04:00,7.35
23/03/2012 05:00,6.78
23/03/2012 06:00,6.74
23/03/2012 07:00,7.42
23/03/2012 08:00,8.77
23/03/2012 09:00,10.68
23/03/2012 10:00,13.39
23/03/2012 11:00,14.8
23/03/2012 12:00,16.92
23/03/2012 13:00,18.03
23/03/2012 14:00,19.31
23/03/2012 15:00,19.45
23/03/2012 16:00,19.48
23/03/2012 17:00,18.11
23/03/2012 18:00,16.18
23/03/2012 19:00,14.31
23/03/2012 20:00,12.88
23/03/2012 21:00,11.77
23/03/2012 22:00,11.34
23/03/2012 23:00,9.77
24/03/2012 00:00,9.18
24/03/2012 01:00,8.12
24/03/2012 02:00,7.59
24/03/2012 03:00,7.51
24/03/2012 04:00,7.29
24/03/2012 05:00,6.87
24/03/2012 06:00,6.42
24/03/2012 07:00,7.44
24/03/2012 08:00,9.17
24/03/2012 09:00,10.96
24/03/2012 10:00,13.99
24/03/2012 11:00,15.47
24/03/2012 12:00,16.97
24/03/2012 13:00,18.83
24/03/2012 14:00,18.79
24/03/2012 15:00,18.64
24/03/2012 16:00,18.03
24/03/2012 17:00,16.4
24/03/2012 18:00,14.14
24/03/2012 19:00,11.98
24/03/2012 20:00,10.94
24/03/2012 21:00,10.24
24/03/2012 22:00,9.13
24/03/2012 23:00,8.21
25/03/2012 00:00,7.56
25/03/2012 01:00,7.35
25/03/2012 02:00,7.22
25/03/2012 03:00,6.71
25/03/2012 04:00,6.12
25/03/2012 05:00,5.23
25/03/2012 06:00,4.4
25/03/2012 07:00,4.52
25/03/2012 08:00,5.26
25/03/2012 09:00,7.19
25/03/2012 10:00,8.21
25/03/2012 11:00,9.68
25/03/2012 12:00,10.44
25/03/2012 13:00,11.97
25/03/2012 14:00,13.04
25/03/2012 15:00,13.79
25/03/2012 16:00,13.36
25/03/2012 17:00,11.91
25/03/2012 18:00,10.33
25/03/2012 19:00,8.94
25/03/2012 20:00,7.46
25/03/2012 21:00,6.78
25/03/2012 22:00,6.26
25/03/2012 23:00,6
26/03/2012 00:00,5.08
26/03/2012 01:00,5.02
26/03/2012 02:00,4.63
26/03/2012 03:00,4.39
26/03/2012 04:00,4.01
26/03/2012 05:00,3.84
26/03/2012 06:00,4.34
26/03/2012 07:00,5.27
26/03/2012 08:00,7.17
26/03/2012 09:00,10.03
26/03/2012 10:00,12.43
26/03/2012 11:00,14.94
26/03/2012 12:00,16.37
26/03/2012 13:00,17.09
26/03/2012 14:00,18.18
26/03/2012 15:00,17.29
26/03/2012 16:00,16.98
26/03/2012 17:00,15.45
26/03/2012 18:00,13.67
26/03/2012 19:00,11.76
26/03/2012 20:00,10.59
26/03/2012 21:00,9.64
26/03/2012 22:00,9.48
26/03/2012 23:00,8.45
27/03/2012 00:00,8.23
27/03/2012 01:00,7.21
27/03/2012 02:00,6.67
27/03/2012 03:00,6.03
27/03/2012 04:00,6.4
27/03/2012 05:00,5.32
27/03/2012 06:00,5.67
27/03/2012 07:00,6.56
27/03/2012 08:00,8.37
27/03/2012 09:00,11.5
27/03/2012 10:00,13.68
27/03/2012 11:00,15.44
27/03/2012 12:00,16.79
27/03/2012 13:00,17.73
27/03/2012 14:00,18.26
27/03/2012 15:00,17.82
27/03/2012 16:00,17.27
27/03/2012 17:00,16.42
27/03/2012 18:00,14.6
27/03/2012 19:00,12.09
27/03/2012 20:00,10.82
27/03/2012 21:00,10.23
27/03/2012 22:00,9.63
27/03/2012 23:00,8.62
28/03/2012 00:00,7.95
28/03/2012 01:00,7.09
28/03/2012 02:00,6.48
28/03/2012 03:00,5.79
28/03/2012 04:00,4.92
28/03/2012 05:00,4.88
28/03/2012 06:00,5.3
28/03/2012 07:00,6.36
28/03/2012 08:00,9.38
28/03/2012 09:00,13.34
28/03/2012 10:00,15.33
28/03/2012 11:00,17.46
28/03/2012 12:00,19.3
28/03/2012 13:00,20.73
28/03/2012 14:00,21.04
28/03/2012 15:00,21.14
28/03/2012 16:00,21.01
28/03/2012 17:00,20.31
28/03/2012 18:00,18.69
28/03/2012 19:00,17.09
28/03/2012 20:00,14.91
28/03/2012 21:00,12.91
28/03/2012 22:00,11.49
28/03/2012 23:00,10.73
29/03/2012 00:00,9.29
29/03/2012 01:00,8.24
29/03/2012 02:00,7.8
29/03/2012 03:00,7.54
29/03/2012 04:00,6.97
29/03/2012 05:00,6.89
29/03/2012 06:00,6.99
29/03/2012 07:00,8.78
29/03/2012 08:00,10.87
29/03/2012 09:00,12.89
29/03/2012 10:00,15.03
29/03/2012 11:00,16
29/03/2012 12:00,17.44
29/03/2012 13:00,18.08
29/03/2012 14:00,18.89
29/03/2012 15:00,19.16
29/03/2012 16:00,18.44
29/03/2012 17:00,18.21
29/03/2012 18:00,17.08
29/03/2012 19:00,16.36
29/03/2012 20:00,14.86
29/03/2012 21:00,12.58
29/03/2012 22:00,13.73
29/03/2012 23:00,12.11
30/03/2012 00:00,11.47
30/03/2012 01:00,10.51
30/03/2012 02:00,9.29
30/03/2012 03:00,8.82
30/03/2012 04:00,8.56
30/03/2012 05:00,8.49
30/03/2012 06:00,7.81
30/03/2012 07:00,7.87
30/03/2012 08:00,9.13
30/03/2012 09:00,10.42
30/03/2012 10:00,12.05
30/03/2012 11:00,13.83
30/03/2012 12:00,15.33
30/03/2012 13:00,16.39
30/03/2012 14:00,17.01
30/03/2012 15:00,17.12
30/03/2012 16:00,16.94
30/03/2012 17:00,15.68
30/03/2012 18:00,13.67
30/03/2012 19:00,12.11
30/03/2012 20:00,11.39
30/03/2012 21:00,10.38
30/03/2012 22:00,10.55
30/03/2012 23:00,9.91
31/03/2012 00:00,9.08
31/03/2012 01:00,8.17
31/03/2012 02:00,7.69
31/03/2012 03:00,7.37
31/03/2012 04:00,7.39
31/03/2012 05:00,7.74
31/03/2012 06:00,7.83
31/03/2012 07:00,8.13
31/03/2012 08:00,9.02
31/03/2012 09:00,9.51
31/03/2012 10:00,9.74
31/03/2012 11:00,10.21
31/03/2012 12:00,10.68
31/03/2012 13:00,11.09
31/03/2012 14:00,10.83
31/03/2012 15:00,10.73
31/03/2012 16:00,10.08
31/03/2012 17:00,9.52
31/03/2012 18:00,8.94
31/03/2012 19:00,8.33
31/03/2012 20:00,7.46
31/03/2012 21:00,6.85
31/03/2012 22:00,6.58
31/03/2012 23:00,5.64
01/04/2012 00:00,5
01/04/2012 01:00,4.79
01/04/2012 02:00,4.01
01/04/2012 03:00,3.48
01/04/2012 04:00,3.27
01/04/2012 05:00,2.8
01/04/2012 06:00,2.43
01/04/2012 07:00,3.12
01/04/2012 08:00,4.79
01/04/2012 09:00,7.01
01/04/2012 10:00,8.7
01/04/2012 11:00,9.43
01/04/2012 12:00,10.19
01/04/2012 13:00,11.29
01/04/2012 14:00,12.25
01/04/2012 15:00,12.5
01/04/2012 16:00,12.88
01/04/2012 17:00,12.76
01/04/2012 18:00,11.74
01/04/2012 19:00,10.42
01/04/2012 20:00,9.84
01/04/2012 21:00,8.83
01/04/2012 22:00,7.32
01/04/2012 23:00,6.31
02/04/2012 00:00,5.13
02/04/2012 01:00,4.53
02/04/2012 02:00,4.68
02/04/2012 03:00,4.31
02/04/2012 04:00,4.63
02/04/2012 05:00,3.98
02/04/2012 06:00,4.26
02/04/2012 07:00,5.16
02/04/2012 08:00,7.5
02/04/2012 09:00,9.76
02/04/2012 10:00,11.56
02/04/2012 11:00,12.95
02/04/2012 12:00,13.66
02/04/2012 13:00,14.45
02/04/2012 14:00,15.04
02/04/2012 15:00,14.58
02/04/2012 16:00,14.12
02/04/2012 17:00,13.58
02/04/2012 18:00,12.71
02/04/2012 19:00,11.83
02/04/2012 20:00,11.24
02/04/2012 21:00,10.7
02/04/2012 22:00,10.16
02/04/2012 23:00,9.51
03/04/2012 00:00,8.63
03/04/2012 01:00,8.06
03/04/2012 02:00,7.44
03/04/2012 03:00,6.81
03/04/2012 04:00,5.5
03/04/2012 05:00,5.04
03/04/2012 06:00,5.07
03/04/2012 07:00,6.79
03/04/2012 08:00,8.38
03/04/2012 09:00,10.02
03/04/2012 10:00,11.47
03/04/2012 11:00,12.59
03/04/2012 12:00,12.58
03/04/2012 13:00,12.71
03/04/2012 14:00,12.33
03/04/2012 15:00,12.92
03/04/2012 16:00,12.72
03/04/2012 17:00,11.5
03/04/2012 18:00,9.93
03/04/2012 19:00,8.18
03/04/2012 20:00,8.08
03/04/2012 21:00,7.73
03/04/2012 22:00,7.87
03/04/2012 23:00,7.79
04/04/2012 00:00,6.51
04/04/2012 01:00,6.08
04/04/2012 02:00,5.96
04/04/2012 03:00,5.73
04/04/2012 04:00,5.19
04/04/2012 05:00,4.17
04/04/2012 06:00,3.57
04/04/2012 07:00,4.28
04/04/2012 08:00,5.7
04/04/2012 09:00,7.62
04/04/2012 10:00,8.18
04/04/2012 11:00,9.81
04/04/2012 12:00,9.25
04/04/2012 13:00,9.78
04/04/2012 14:00,10.18
04/04/2012 15:00,9.77
04/04/2012 16:00,9.62
04/04/2012 17:00,9.49
04/04/2012 18:00,9.11
04/04/2012 19:00,8.17
04/04/2012 20:00,7.66
04/04/2012 21:00,7.24
04/04/2012 22:00,7.33
04/04/2012 23:00,7.38
05/04/2012 00:00,7.34
05/04/2012 01:00,7.32
05/04/2012 02:00,7.34
05/04/2012 03:00,6.91
05/04/2012 04:00,6.51
05/04/2012 05:00,6.84
05/04/2012 06:00,6.79
05/04/2012 07:00,6.78
05/04/2012 08:00,6.53
05/04/2012 09:00,6.92
05/04/2012 10:00,7.34
05/04/2012 11:00,7.43
05/04/2012 12:00,7.48
05/04/2012 13:00,7.52
05/04/2012 14:00,8.03
05/04/2012 15:00,8.59
05/04/2012 16:00,8.92
05/04/2012 17:00,8.49
05/04/2012 18:00,8.03
05/04/2012 19:00,6.87
05/04/2012 20:00,5.94
05/04/2012 21:00,5.24
05/04/2012 22:00,4.61
05/04/2012 23:00,3.64
06/04/2012 00:00,3.38
06/04/2012 01:00,2.46
06/04/2012 02:00,2.24
06/04/2012 03:00,1.66
06/04/2012 04:00,1.16
06/04/2012 05:00,0.69
06/04/2012 06:00,0.34
06/04/2012 07:00,2.26
06/04/2012 08:00,4.4
06/04/2012 09:00,6.43
06/04/2012 10:00,8.57
06/04/2012 11:00,10.14
06/04/2012 12:00,11.16
06/04/2012 13:00,11.89
06/04/2012 14:00,12.28
06/04/2012 15:00,11.74
06/04/2012 16:00,10.84
06/04/2012 17:00,10.66
06/04/2012 18:00,10.12
06/04/2012 19:00,9.64
06/04/2012 20:00,9.61
06/04/2012 21:00,9.58
06/04/2012 22:00,9.14
06/04/2012 23:00,9.12
07/04/2012 00:00,9.01
07/04/2012 01:00,8.18
07/04/2012 02:00,8.01
07/04/2012 03:00,7.93
07/04/2012 04:00,7.92
07/04/2012 05:00,8.38
07/04/2012 06:00,8.47
07/04/2012 07:00,8.58
07/04/2012 08:00,9.05
07/04/2012 09:00,8.83
07/04/2012 10:00,9.22
07/04/2012 11:00,9.23
07/04/2012 12:00,10.39
07/04/2012 13:00,10.48
07/04/2012 14:00,9.67
07/04/2012 15:00,9.08
07/04/2012 16:00,8.96
07/04/2012 17:00,8.92
07/04/2012 18:00,8.78
07/04/2012 19:00,7.84
07/04/2012 20:00,7.15
07/04/2012 21:00,6.87
07/04/2012 22:00,6.86
07/04/2012 23:00,7.06
08/04/2012 00:00,7.04
08/04/2012 01:00,7.09
08/04/2012 02:00,6.86
08/04/2012 03:00,6.87
08/04/2012 04:00,6.84
08/04/2012 05:00,6.52
08/04/2012 06:00,6.61
08/04/2012 07:00,7.06
08/04/2012 08:00,7.66
08/04/2012 09:00,8.77
08/04/2012 10:00,9.85
08/04/2012 11:00,10.87
08/04/2012 12:00,11.41
08/04/2012 13:00,11.99
08/04/2012 14:00,12.46
08/04/2012 15:00,12.93
08/04/2012 16:00,13.08
08/04/2012 17:00,12.68
08/04/2012 18:00,12.92
08/04/2012 19:00,12.8
08/04/2012 20:00,11.79
08/04/2012 21:00,10.87
08/04/2012 22:00,10.27
08/04/2012 23:00,9.71
09/04/2012 00:00,9.15
09/04/2012 01:00,8.73
09/04/2012 02:00,8.65
09/04/2012 03:00,8.58
09/04/2012 04:00,8.62
09/04/2012 05:00,8.68
09/04/2012 06:00,8.31
09/04/2012 07:00,8.64
09/04/2012 08:00,8.76
09/04/2012 09:00,9.24
09/04/2012 10:00,9.39
09/04/2012 11:00,10.28
09/04/2012 12:00,10.42
09/04/2012 13:00,10.81
09/04/2012 14:00,10.81
09/04/2012 15:00,10.72
09/04/2012 16:00,10.72
09/04/2012 17:00,10.36
09/04/2012 18:00,10.69
09/04/2012 19:00,10.23
09/04/2012 20:00,10.36
09/04/2012 21:00,9.87
09/04/2012 22:00,9.87
09/04/2012 23:00,10.33
10/04/2012 00:00,10.33
10/04/2012 01:00,9.73
10/04/2012 02:00,8.98
10/04/2012 03:00,7.92
10/04/2012 04:00,6.88
10/04/2012 05:00,6.32
10/04/2012 06:00,5.94
10/04/2012 07:00,6.65
10/04/2012 08:00,8.21
10/04/2012 09:00,9.39
10/04/2012 10:00,10.73
10/04/2012 11:00,11.32
10/04/2012 12:00,12.77
10/04/2012 13:00,12.12
10/04/2012 14:00,12.9
10/04/2012 15:00,11.33
10/04/2012 16:00,11.62
10/04/2012 17:00,8.43
10/04/2012 18:00,9.56
10/04/2012 19:00,8.72
10/04/2012 20:00,8.18
10/04/2012 21:00,7.57
10/04/2012 22:00,6.66
10/04/2012 23:00,6.06
11/04/2012 00:00,5.57
11/04/2012 01:00,4.93
11/04/2012 02:00,4.39
11/04/2012 03:00,3.98
11/04/2012 04:00,3.82
11/04/2012 05:00,3.57
11/04/2012 06:00,3.76
11/04/2012 07:00,5.8
11/04/2012 08:00,7.76
11/04/2012 09:00,9.41
11/04/2012 10:00,10.88
11/04/2012 11:00,10.98
11/04/2012 12:00,11.55
11/04/2012 13:00,12.33
11/04/2012 14:00,12.62
11/04/2012 15:00,12.76
11/04/2012 16:00,12.91
11/04/2012 17:00,12.14
11/04/2012 18:00,10.6
11/04/2012 19:00,9.67
11/04/2012 20:00,8.98
11/04/2012 21:00,8.43
11/04/2012 22:00,7.85
11/04/2012 23:00,7.37
12/04/2012 00:00,6.74
12/04/2012 01:00,5.77
12/04/2012 02:00,4.51
12/04/2012 03:00,4.42
12/04/2012 04:00,3.68
12/04/2012 05:00,4.41
12/04/2012 06:00,4.94
12/04/2012 07:00,5.77
12/04/2012 08:00,7.05
12/04/2012 09:00,9.05
12/04/2012 10:00,10.28
12/04/2012 11:00,10.17
12/04/2012 12:00,11.25
12/04/2012 13:00,9.36
12/04/2012 14:00,10.39
12/04/2012 15:00,12.13
12/04/2012 16:00,11.99
12/04/2012 17:00,10.89
12/04/2012 18:00,9.65
12/04/2012 19:00,8.67
12/04/2012 20:00,8.17
12/04/2012 21:00,7.66
12/04/2012 22:00,7.32
12/04/2012 23:00,6.74
13/04/2012 00:00,6.73
13/04/2012 01:00,6.45
13/04/2012 02:00,5.59
13/04/2012 03:00,5.39
13/04/2012 04:00,4.94
13/04/2012 05:00,4.18
13/04/2012 06:00,3.97
13/04/2012 07:00,4.55
13/04/2012 08:00,5.32
13/04/2012 09:00,6.53
13/04/2012 10:00,8.36
13/04/2012 11:00,10.08
13/04/2012 12:00,11.54
13/04/2012 13:00,11.78
13/04/2012 14:00,12.02
13/04/2012 15:00,12
13/04/2012 16:00,11.33
13/04/2012 17:00,10.93
13/04/2012 18:00,10.42
13/04/2012 19:00,9.16
13/04/2012 20:00,8.11
13/04/2012 21:00,7.91
13/04/2012 22:00,7.38
13/04/2012 23:00,6.93
14/04/2012 00:00,7.14
14/04/2012 01:00,6.75
14/04/2012 02:00,6.66
14/04/2012 03:00,6.53
14/04/2012 04:00,5.77
14/04/2012 05:00,6.06
14/04/2012 06:00,5.67
14/04/2012 07:00,6.3
14/04/2012 08:00,6.99
14/04/2012 09:00,7.97
14/04/2012 10:00,9.04
14/04/2012 11:00,9.83
14/04/2012 12:00,11.12
14/04/2012 13:00,11.26
14/04/2012 14:00,11.27
14/04/2012 15:00,11.62
14/04/2012 16:00,11.15
14/04/2012 17:00,10.93
14/04/2012 18:00,9.89
14/04/2012 19:00,8.51
14/04/2012 20:00,7.88
14/04/2012 21:00,7.31
14/04/2012 22:00,6.59
14/04/2012 23:00,6.03
15/04/2012 00:00,5.38
15/04/2012 01:00,4.89
15/04/2012 02:00,4
15/04/2012 03:00,3.89
15/04/2012 04:00,3.82
15/04/2012 05:00,3.3
15/04/2012 06:00,3.47
15/04/2012 07:00,4.38
15/04/2012 08:00,5.61
15/04/2012 09:00,7.44
15/04/2012 10:00,8.07
15/04/2012 11:00,8.21
15/04/2012 12:00,8.25
15/04/2012 13:00,9.08
15/04/2012 14:00,9.12
15/04/2012 15:00,8.32
15/04/2012 16:00,8.01
15/04/2012 17:00,8.59
15/04/2012 18:00,7.76
15/04/2012 19:00,7.21
15/04/2012 20:00,6.48
15/04/2012 21:00,5.51
15/04/2012 22:00,4.83
15/04/2012 23:00,4.16
16/04/2012 00:00,3.26
16/04/2012 01:00,2.93
16/04/2012 02:00,2.77
16/04/2012 03:00,2.22
16/04/2012 04:00,2.12
16/04/2012 05:00,2.11
16/04/2012 06:00,1.96
16/04/2012 07:00,3.81
16/04/2012 08:00,6.17
16/04/2012 09:00,7.48
16/04/2012 10:00,8.83
16/04/2012 11:00,9.02
16/04/2012 12:00,8.77
16/04/2012 13:00,9.6
16/04/2012 14:00,9.34
16/04/2012 15:00,10.94
16/04/2012 16:00,10.52
16/04/2012 17:00,10.04
16/04/2012 18:00,9.22
16/04/2012 19:00,7.69
16/04/2012 20:00,6.71
16/04/2012 21:00,6.11
16/04/2012 22:00,5.62
16/04/2012 23:00,5.21
17/04/2012 00:00,5.17
17/04/2012 01:00,5.16
17/04/2012 02:00,5.31
17/04/2012 03:00,5.83
17/04/2012 04:00,6.36
17/04/2012 05:00,6.93
17/04/2012 06:00,7.34
17/04/2012 07:00,6.53
17/04/2012 08:00,6.99
17/04/2012 09:00,7.62
17/04/2012 10:00,8.52
17/04/2012 11:00,10.96
17/04/2012 12:00,12.44
17/04/2012 13:00,12.91
17/04/2012 14:00,13.77
17/04/2012 15:00,13.58
17/04/2012 16:00,9.16
17/04/2012 17:00,9.3
17/04/2012 18:00,8.82
17/04/2012 19:00,6.93
17/04/2012 20:00,6.41
17/04/2012 21:00,6.38
17/04/2012 22:00,6.27
17/04/2012 23:00,6.27
18/04/2012 00:00,6.31
18/04/2012 01:00,6.35
18/04/2012 02:00,6.38
18/04/2012 03:00,6.44
18/04/2012 04:00,6.44
18/04/2012 05:00,6.5
18/04/2012 06:00,6.74
18/04/2012 07:00,7.42
18/04/2012 08:00,7.16
18/04/2012 09:00,7.59
18/04/2012 10:00,8.18
18/04/2012 11:00,8.69
18/04/2012 12:00,9.52
18/04/2012 13:00,10.01
18/04/2012 14:00,9.58
18/04/2012 15:00,9.46
18/04/2012 16:00,9.79
18/04/2012 17:00,9.53
18/04/2012 18:00,8.62
18/04/2012 19:00,8.09
18/04/2012 20:00,8.06
18/04/2012 21:00,7.66
18/04/2012 22:00,7.65
18/04/2012 23:00,7.57
19/04/2012 00:00,7.55
19/04/2012 01:00,7.51
19/04/2012 02:00,7.03
19/04/2012 03:00,6.98
19/04/2012 04:00,6.98
19/04/2012 05:00,6.64
19/04/2012 06:00,6.47
19/04/2012 07:00,6.63
19/04/2012 08:00,6.74
19/04/2012 09:00,7.23
19/04/2012 10:00,7.83
19/04/2012 11:00,8.78
19/04/2012 12:00,9.24
19/04/2012 13:00,7.58
19/04/2012 14:00,8.83
19/04/2012 15:00,9.93
19/04/2012 16:00,9.09
19/04/2012 17:00,7.28
19/04/2012 18:00,8.23
19/04/2012 19:00,8.02
19/04/2012 20:00,7.37
19/04/2012 21:00,7.7
19/04/2012 22:00,7.64
19/04/2012 23:00,7.61
20/04/2012 00:00,7.42
20/04/2012 01:00,7.02
20/04/2012 02:00,6.6
20/04/2012 03:00,6.41
20/04/2012 04:00,5.57
20/04/2012 05:00,5.34
20/04/2012 06:00,5.46
20/04/2012 07:00,6.77
20/04/2012 08:00,8.3
20/04/2012 09:00,10.37
20/04/2012 10:00,11.53
20/04/2012 11:00,12.46
20/04/2012 12:00,11.21
20/04/2012 13:00,8.96
20/04/2012 14:00,8.32
20/04/2012 15:00,9.62
20/04/2012 16:00,10.61
20/04/2012 17:00,7.83
20/04/2012 18:00,7.61
20/04/2012 19:00,7.03
20/04/2012 20:00,7.03
20/04/2012 21:00,6.92
20/04/2012 22:00,6.89
20/04/2012 23:00,6.85
21/04/2012 00:00,6.42
21/04/2012 01:00,6.2
21/04/2012 02:00,5.68
21/04/2012 03:00,5.16
21/04/2012 04:00,4.24
21/04/2012 05:00,3.78
21/04/2012 06:00,4.21
21/04/2012 07:00,5.08
21/04/2012 08:00,6.86
21/04/2012 09:00,8.41
21/04/2012 10:00,9.36
21/04/2012 11:00,10.33
21/04/2012 12:00,10.98
21/04/2012 13:00,11.96
21/04/2012 14:00,11.96
21/04/2012 15:00,12.45
21/04/2012 16:00,12.21
21/04/2012 17:00,10.79
21/04/2012 18:00,10.07
21/04/2012 19:00,9.12
21/04/2012 20:00,8.83
21/04/2012 21:00,7.6
21/04/2012 22:00,7.82
21/04/2012 23:00,6.91
22/04/2012 00:00,6.42
22/04/2012 01:00,5.99
22/04/2012 02:00,5.42
22/04/2012 03:00,5.36
22/04/2012 04:00,4.87
22/04/2012 05:00,4.76
22/04/2012 06:00,5.03
22/04/2012 07:00,6.72
22/04/2012 08:00,8.84
22/04/2012 09:00,10.41
22/04/2012 10:00,12.28
22/04/2012 11:00,12.94
22/04/2012 12:00,13.87
22/04/2012 13:00,14.03
22/04/2012 14:00,13.86
22/04/2012 15:00,10.14
22/04/2012 16:00,9.08
22/04/2012 17:00,9.45
22/04/2012 18:00,10.08
22/04/2012 19:00,9.04
22/04/2012 20:00,8.44
22/04/2012 21:00,7.95
22/04/2012 22:00,7.54
22/04/2012 23:00,7.81
23/04/2012 00:00,7.33
23/04/2012 01:00,6.98
23/04/2012 02:00,6.96
23/04/2012 03:00,6.99
23/04/2012 04:00,7.29
23/04/2012 05:00,6.89
23/04/2012 06:00,7.01
23/04/2012 07:00,8.57
23/04/2012 08:00,9.26
23/04/2012 09:00,9.67
23/04/2012 10:00,8.78
23/04/2012 11:00,8.26
23/04/2012 12:00,8.12
23/04/2012 13:00,8.01
23/04/2012 14:00,7.98
23/04/2012 15:00,8.01
23/04/2012 16:00,7.99
23/04/2012 17:00,7.61
23/04/2012 18:00,7.92
23/04/2012 19:00,7.87
23/04/2012 20:00,7.89
23/04/2012 21:00,7.91
23/04/2012 22:00,7.94
23/04/2012 23:00,7.56
24/04/2012 00:00,7.56
24/04/2012 01:00,7.09
24/04/2012 02:00,7.04
24/04/2012 03:00,7
24/04/2012 04:00,7.01
24/04/2012 05:00,6.99
24/04/2012 06:00,7.36
24/04/2012 07:00,7.44
24/04/2012 08:00,7.48
24/04/2012 09:00,7.93
24/04/2012 10:00,8.55
24/04/2012 11:00,9.28
24/04/2012 12:00,10.66
24/04/2012 13:00,11.16
24/04/2012 14:00,11.69
24/04/2012 15:00,12.07
24/04/2012 16:00,12.06
24/04/2012 17:00,12.48
24/04/2012 18:00,12.1
24/04/2012 19:00,10.61
24/04/2012 20:00,10.26
24/04/2012 21:00,8.47
24/04/2012 22:00,7.09
24/04/2012 23:00,6.89
25/04/2012 00:00,7.06
25/04/2012 01:00,7.09
25/04/2012 02:00,7.34
25/04/2012 03:00,7.48
25/04/2012 04:00,7.94
25/04/2012 05:00,7.98
25/04/2012 06:00,7.41
25/04/2012 07:00,6.55
25/04/2012 08:00,6.61
25/04/2012 09:00,7.54
25/04/2012 10:00,7.84
25/04/2012 11:00,9.41
25/04/2012 12:00,10.59
25/04/2012 13:00,8.77
25/04/2012 14:00,10.88
25/04/2012 15:00,10.93
25/04/2012 16:00,11.88
25/04/2012 17:00,11.94
25/04/2012 18:00,10.96
25/04/2012 19:00,9.5
25/04/2012 20:00,9.37
25/04/2012 21:00,9.77
25/04/2012 22:00,9.84
25/04/2012 23:00,9.81
26/04/2012 00:00,9.82
26/04/2012 01:00,9.34
26/04/2012 02:00,9.68
26/04/2012 03:00,9.32
26/04/2012 04:00,9.69
26/04/2012 05:00,9.29
26/04/2012 06:00,9.23
26/04/2012 07:00,9.33
26/04/2012 08:00,9.29
26/04/2012 09:00,10.03
26/04/2012 10:00,11.61
26/04/2012 11:00,10.66
26/04/2012 12:00,12.19
26/04/2012 13:00,12.35
26/04/2012 14:00,13.89
26/04/2012 15:00,13.48
26/04/2012 16:00,13.53
26/04/2012 17:00,13.08
26/04/2012 18:00,12.82
26/04/2012 19:00,11.71
26/04/2012 20:00,11.1
26/04/2012 21:00,10.42
26/04/2012 22:00,10.23
26/04/2012 23:00,9.85
27/04/2012 00:00,9.8
27/04/2012 01:00,9.76
27/04/2012 02:00,9.78
27/04/2012 03:00,9.79
27/04/2012 04:00,9.68
27/04/2012 05:00,9.28
27/04/2012 06:00,9.42
27/04/2012 07:00,10.24
27/04/2012 08:00,10.62
27/04/2012 09:00,11.34
27/04/2012 10:00,11.25
27/04/2012 11:00,11.53
27/04/2012 12:00,11.87
27/04/2012 13:00,12.73
27/04/2012 14:00,13.77
27/04/2012 15:00,12.78
27/04/2012 16:00,14.84
27/04/2012 17:00,14.34
27/04/2012 18:00,13.39
27/04/2012 19:00,12.59
27/04/2012 20:00,11.72
27/04/2012 21:00,10.78
27/04/2012 22:00,9.97
27/04/2012 23:00,10.03
28/04/2012 00:00,9.59
28/04/2012 01:00,9.46
28/04/2012 02:00,9.12
28/04/2012 03:00,8.71
28/04/2012 04:00,8.67
28/04/2012 05:00,8.52
28/04/2012 06:00,8.31
28/04/2012 07:00,8.69
28/04/2012 08:00,9.06
28/04/2012 09:00,9.22
28/04/2012 10:00,9.27
28/04/2012 11:00,9.59
28/04/2012 12:00,9.16
28/04/2012 13:00,9.03
28/04/2012 14:00,9.38
28/04/2012 15:00,8.94
28/04/2012 16:00,8.54
28/04/2012 17:00,7.96
28/04/2012 18:00,7.47
28/04/2012 19:00,7.02
28/04/2012 20:00,6.91
28/04/2012 21:00,6.48
28/04/2012 22:00,6.46
28/04/2012 23:00,6.05
29/04/2012 00:00,5.99
29/04/2012 01:00,6.1
29/04/2012 02:00,6.16
29/04/2012 03:00,6.54
29/04/2012 04:00,6.58
29/04/2012 05:00,6.56
29/04/2012 06:00,6.63
29/04/2012 07:00,7.01
29/04/2012 08:00,7.18
29/04/2012 09:00,7.79
29/04/2012 10:00,8.21
29/04/2012 11:00,8.74
29/04/2012 12:00,9.01
29/04/2012 13:00,10.48
29/04/2012 14:00,12.51
29/04/2012 15:00,14.27
29/04/2012 16:00,14.89
29/04/2012 17:00,13.81
29/04/2012 18:00,12.78
29/04/2012 19:00,11.92
29/04/2012 20:00,11.77
29/04/2012 21:00,11.38
29/04/2012 22:00,10.81
29/04/2012 23:00,10.41
30/04/2012 00:00,10.02
30/04/2012 01:00,10.18
30/04/2012 02:00,10.21
30/04/2012 03:00,9.71
30/04/2012 04:00,9.1
30/04/2012 05:00,8.68
30/04/2012 06:00,9.06
30/04/2012 07:00,10.75
30/04/2012 08:00,12.58
30/04/2012 09:00,14.09
30/04/2012 10:00,14.88
30/04/2012 11:00,16.32
30/04/2012 12:00,16.45
30/04/2012 13:00,16.44
30/04/2012 14:00,17.07
30/04/2012 15:00,16.91
30/04/2012 16:00,17.15
30/04/2012 17:00,16.17
30/04/2012 18:00,15.37
30/04/2012 19:00,14.27
30/04/2012 20:00,13.44
30/04/2012 21:00,12.55
30/04/2012 22:00,12.49
30/04/2012 23:00,12.54
01/05/2012 00:00,12.57
01/05/2012 01:00,12.54
01/05/2012 02:00,12.47
01/05/2012 03:00,11.98
01/05/2012 04:00,11.57
01/05/2012 05:00,11.43
01/05/2012 06:00,11.28
01/05/2012 07:00,11.3
01/05/2012 08:00,11.36
01/05/2012 09:00,11.69
01/05/2012 10:00,12.32
01/05/2012 11:00,13.31
01/05/2012 12:00,14.99
01/05/2012 13:00,15.98
01/05/2012 14:00,15.84
01/05/2012 15:00,17.24
01/05/2012 16:00,17.22
01/05/2012 17:00,16.78
01/05/2012 18:00,16.19
01/05/2012 19:00,14.65
01/05/2012 20:00,14.18
01/05/2012 21:00,13.07
01/05/2012 22:00,12.52
01/05/2012 23:00,11.87
02/05/2012 00:00,11.81
02/05/2012 01:00,11.12
02/05/2012 02:00,11.2
02/05/2012 03:00,11.18
02/05/2012 04:00,10.72
02/05/2012 05:00,10.33
02/05/2012 06:00,9.98
02/05/2012 07:00,10.09
02/05/2012 08:00,9.73
02/05/2012 09:00,9.83
02/05/2012 10:00,10.22
02/05/2012 11:00,10.27
02/05/2012 12:00,10.9
02/05/2012 13:00,11.07
02/05/2012 14:00,11.98
02/05/2012 15:00,12.95
02/05/2012 16:00,13.48
02/05/2012 17:00,13.81
02/05/2012 18:00,12.82
02/05/2012 19:00,11.26
02/05/2012 20:00,10.27
02/05/2012 21:00,9.76
02/05/2012 22:00,9.74
02/05/2012 23:00,9.19
03/05/2012 00:00,9.17
03/05/2012 01:00,9.13
03/05/2012 02:00,9.11
03/05/2012 03:00,9.04
03/05/2012 04:00,9.02
03/05/2012 05:00,8.63
03/05/2012 06:00,8.52
03/05/2012 07:00,8.16
03/05/2012 08:00,8.16
03/05/2012 09:00,8.21
03/05/2012 10:00,8.62
03/05/2012 11:00,8.66
03/05/2012 12:00,8.68
03/05/2012 13:00,8.74
03/05/2012 14:00,8.75
03/05/2012 15:00,8.7
03/05/2012 16:00,8.59
03/05/2012 17:00,8.6
03/05/2012 18:00,8.53
03/05/2012 19:00,8.46
03/05/2012 20:00,8.07
03/05/2012 21:00,8.03
03/05/2012 22:00,7.99
03/05/2012 23:00,7.97
04/05/2012 00:00,7.94
04/05/2012 01:00,7.56
04/05/2012 02:00,7.54
04/05/2012 03:00,7.43
04/05/2012 04:00,7.48
04/05/2012 05:00,7.38
04/05/2012 06:00,7.42
04/05/2012 07:00,7.47
04/05/2012 08:00,7.54
04/05/2012 09:00,7.73
04/05/2012 10:00,8.16
04/05/2012 11:00,8.56
04/05/2012 12:00,8.62
04/05/2012 13:00,8.71
04/05/2012 14:00,8.71
04/05/2012 15:00,8.66
04/05/2012 16:00,9.02
04/05/2012 17:00,8.64
04/05/2012 18:00,8.64
04/05/2012 19:00,8.61
04/05/2012 20:00,8.61
04/05/2012 21:00,8.42
04/05/2012 22:00,7.95
04/05/2012 23:00,7.9
05/05/2012 00:00,7.83
05/05/2012 01:00,7.38
05/05/2012 02:00,7.35
05/05/2012 03:00,7.21
05/05/2012 04:00,6.72
05/05/2012 05:00,6.26
05/05/2012 06:00,6.21
05/05/2012 07:00,6.29
05/05/2012 08:00,6.31
05/05/2012 09:00,6.59
05/05/2012 10:00,7.47
05/05/2012 11:00,7.71
05/05/2012 12:00,7.75
05/05/2012 13:00,7.82
05/05/2012 14:00,8.68
05/05/2012 15:00,8.95
05/05/2012 16:00,9.41
05/05/2012 17:00,9.71
05/05/2012 18:00,8.83
05/05/2012 19:00,8.27
05/05/2012 20:00,7.86
05/05/2012 21:00,7.29
05/05/2012 22:00,6.54
05/05/2012 23:00,6.44
06/05/2012 00:00,6.32
06/05/2012 01:00,6.24
06/05/2012 02:00,5.88
06/05/2012 03:00,5.81
06/05/2012 04:00,5.74
06/05/2012 05:00,5.72
06/05/2012 06:00,5.77
06/05/2012 07:00,5.82
06/05/2012 08:00,6.79
06/05/2012 09:00,7.69
06/05/2012 10:00,7.87
06/05/2012 11:00,7.91
06/05/2012 12:00,7.94
06/05/2012 13:00,8.03
06/05/2012 14:00,8.36
06/05/2012 15:00,8.37
06/05/2012 16:00,8.29
06/05/2012 17:00,7.99
06/05/2012 18:00,7.82
06/05/2012 19:00,7.39
06/05/2012 20:00,7.13
06/05/2012 21:00,6.64
06/05/2012 22:00,5.77
06/05/2012 23:00,6.37
07/05/2012 00:00,5.57
07/05/2012 01:00,5.2
07/05/2012 02:00,5.2
07/05/2012 03:00,5.21
07/05/2012 04:00,5.48
07/05/2012 05:00,5.51
07/05/2012 06:00,6.43
07/05/2012 07:00,7.97
07/05/2012 08:00,9.74
07/05/2012 09:00,10.37
07/05/2012 10:00,10.64
07/05/2012 11:00,11.38
07/05/2012 12:00,10.73
07/05/2012 13:00,10.76
07/05/2012 14:00,10.71
07/05/2012 15:00,12.47
07/05/2012 16:00,13.29
07/05/2012 17:00,14.48
07/05/2012 18:00,12.99
07/05/2012 19:00,12.98
07/05/2012 20:00,12.42
07/05/2012 21:00,11.83
07/05/2012 22:00,10.94
07/05/2012 23:00,11.02
08/05/2012 00:00,10.92
08/05/2012 01:00,10.5
08/05/2012 02:00,10.51
08/05/2012 03:00,10.43
08/05/2012 04:00,10.43
08/05/2012 05:00,10.43
08/05/2012 06:00,10.51
08/05/2012 07:00,11.49
08/05/2012 08:00,12.46
08/05/2012 09:00,13.15
08/05/2012 10:00,13.27
08/05/2012 11:00,14.11
08/05/2012 12:00,14.33
08/05/2012 13:00,15.28
08/05/2012 14:00,16.67
08/05/2012 15:00,17.2
08/05/2012 16:00,17.24
08/05/2012 17:00,16.89
08/05/2012 18:00,16.31
08/05/2012 19:00,15.08
08/05/2012 20:00,14.06
08/05/2012 21:00,13.5
08/05/2012 22:00,12.91
08/05/2012 23:00,12.74
09/05/2012 00:00,11.46
09/05/2012 01:00,11.38
09/05/2012 02:00,11.38
09/05/2012 03:00,10.86
09/05/2012 04:00,10.78
09/05/2012 05:00,10.8
09/05/2012 06:00,10.78
09/05/2012 07:00,10.96
09/05/2012 08:00,11.61
09/05/2012 09:00,12.23
09/05/2012 10:00,13.78
09/05/2012 11:00,14.67
09/05/2012 12:00,15.18
09/05/2012 13:00,15.11
09/05/2012 14:00,15.18
09/05/2012 15:00,14.43
09/05/2012 16:00,14.88
09/05/2012 17:00,14.93
09/05/2012 18:00,14.89
09/05/2012 19:00,14.63
09/05/2012 20:00,14.27
09/05/2012 21:00,14.34
09/05/2012 22:00,14.32
09/05/2012 23:00,14.44
10/05/2012 00:00,14.92
10/05/2012 01:00,15.01
10/05/2012 02:00,15.36
10/05/2012 03:00,15.35
10/05/2012 04:00,14.91
10/05/2012 05:00,14.89
10/05/2012 06:00,14.78
10/05/2012 07:00,14.92
10/05/2012 08:00,15.81
10/05/2012 09:00,16.38
10/05/2012 10:00,16.87
10/05/2012 11:00,16.58
10/05/2012 12:00,17.12
10/05/2012 13:00,16.89
10/05/2012 14:00,16.28
10/05/2012 15:00,15.53
10/05/2012 16:00,15.98
10/05/2012 17:00,15.92
10/05/2012 18:00,15.82
10/05/2012 19:00,15.27
10/05/2012 20:00,15.19
10/05/2012 21:00,14.81
10/05/2012 22:00,14.62
10/05/2012 23:00,14.22
11/05/2012 00:00,13.83
11/05/2012 01:00,13.53
11/05/2012 02:00,12.99
11/05/2012 03:00,12.53
11/05/2012 04:00,12.37
11/05/2012 05:00,11.47
11/05/2012 06:00,11.52
11/05/2012 07:00,12.07
11/05/2012 08:00,12.23
11/05/2012 09:00,13.14
11/05/2012 10:00,13.71
11/05/2012 11:00,14.16
11/05/2012 12:00,15.51
11/05/2012 13:00,15.49
11/05/2012 14:00,15.88
11/05/2012 15:00,15.31
11/05/2012 16:00,15.09
11/05/2012 17:00,14.23
11/05/2012 18:00,13.36
11/05/2012 19:00,12.29
11/05/2012 20:00,11.05
11/05/2012 21:00,10.01
11/05/2012 22:00,9.37
11/05/2012 23:00,8.42
12/05/2012 00:00,7.92
12/05/2012 01:00,7.29
12/05/2012 02:00,6.77
12/05/2012 03:00,6.53
12/05/2012 04:00,5.69
12/05/2012 05:00,5.78
12/05/2012 06:00,6.54
12/05/2012 07:00,8.12
12/05/2012 08:00,9.23
12/05/2012 09:00,10.41
12/05/2012 10:00,11.45
12/05/2012 11:00,12.23
12/05/2012 12:00,13.57
12/05/2012 13:00,13.97
12/05/2012 14:00,14.04
12/05/2012 15:00,13.78
12/05/2012 16:00,14.44
12/05/2012 17:00,13.95
12/05/2012 18:00,13.38
12/05/2012 19:00,12.41
12/05/2012 20:00,11.06
12/05/2012 21:00,10.21
12/05/2012 22:00,9.62
12/05/2012 23:00,8.26
13/05/2012 00:00,7.71
13/05/2012 01:00,6.69
13/05/2012 02:00,5.84
13/05/2012 03:00,5.62
13/05/2012 04:00,5.49
13/05/2012 05:00,5.73
13/05/2012 06:00,7.16
13/05/2012 07:00,9.54
13/05/2012 08:00,11.74
13/05/2012 09:00,13.66
13/05/2012 10:00,14.83
13/05/2012 11:00,15.1
13/05/2012 12:00,15.75
13/05/2012 13:00,16.26
13/05/2012 14:00,16.1
13/05/2012 15:00,16.18
13/05/2012 16:00,15.76
13/05/2012 17:00,15.47
13/05/2012 18:00,14.47
13/05/2012 19:00,13.49
13/05/2012 20:00,12.17
13/05/2012 21:00,11.06
13/05/2012 22:00,10.01
13/05/2012 23:00,9.07
14/05/2012 00:00,8.52
14/05/2012 01:00,8.03
14/05/2012 02:00,7.9
14/05/2012 03:00,7.36
14/05/2012 04:00,6.94
14/05/2012 05:00,7
14/05/2012 06:00,7.74
14/05/2012 07:00,8.83
14/05/2012 08:00,9.89
14/05/2012 09:00,9.72
14/05/2012 10:00,10.49
14/05/2012 11:00,10.49
14/05/2012 12:00,10.39
14/05/2012 13:00,10.44
14/05/2012 14:00,10.74
14/05/2012 15:00,10.91
14/05/2012 16:00,11.41
14/05/2012 17:00,11.37
14/05/2012 18:00,11.24
14/05/2012 19:00,11.11
14/05/2012 20:00,10.11
14/05/2012 21:00,9.91
14/05/2012 22:00,9.29
14/05/2012 23:00,7.98
15/05/2012 00:00,7.36
15/05/2012 01:00,6.93
15/05/2012 02:00,7.24
15/05/2012 03:00,6.27
15/05/2012 04:00,5.94
15/05/2012 05:00,5.99
15/05/2012 06:00,6.47
15/05/2012 07:00,5.92
15/05/2012 08:00,6.02
15/05/2012 09:00,7.11
15/05/2012 10:00,8.04
15/05/2012 11:00,9.81
15/05/2012 12:00,11.09
15/05/2012 13:00,11.27
15/05/2012 14:00,11.21
15/05/2012 15:00,9.67
15/05/2012 16:00,8.16
15/05/2012 17:00,9.12
15/05/2012 18:00,7.68
15/05/2012 19:00,7.18
15/05/2012 20:00,6.62
15/05/2012 21:00,7.06
15/05/2012 22:00,6.61
15/05/2012 23:00,6.57
16/05/2012 00:00,6.33
16/05/2012 01:00,5.19
16/05/2012 02:00,4.7
16/05/2012 03:00,3.89
16/05/2012 04:00,4.07
16/05/2012 05:00,4.31
16/05/2012 06:00,5.58
16/05/2012 07:00,7.53
16/05/2012 08:00,9.47
16/05/2012 09:00,10.15
16/05/2012 10:00,11.32
16/05/2012 11:00,11.08
16/05/2012 12:00,12.74
16/05/2012 13:00,12.89
16/05/2012 14:00,13.24
16/05/2012 15:00,13.34
16/05/2012 16:00,13.46
16/05/2012 17:00,13.43
16/05/2012 18:00,12.93
16/05/2012 19:00,12.29
16/05/2012 20:00,11.32
16/05/2012 21:00,11.14
16/05/2012 22:00,10.54
16/05/2012 23:00,10.3
17/05/2012 00:00,9.68
17/05/2012 01:00,8.77
17/05/2012 02:00,7.92
17/05/2012 03:00,7.55
17/05/2012 04:00,7.16
17/05/2012 05:00,7.11
17/05/2012 06:00,9.04
17/05/2012 07:00,10.18
17/05/2012 08:00,10.46
17/05/2012 09:00,11.45
17/05/2012 10:00,12.02
17/05/2012 11:00,12.57
17/05/2012 12:00,12.66
17/05/2012 13:00,13.48
17/05/2012 14:00,13.21
17/05/2012 15:00,14.06
17/05/2012 16:00,14.04
17/05/2012 17:00,13.72
17/05/2012 18:00,12.81
17/05/2012 19:00,12.21
17/05/2012 20:00,11.75
17/05/2012 21:00,11.25
17/05/2012 22:00,11.15
17/05/2012 23:00,10.67
18/05/2012 00:00,10.59
18/05/2012 01:00,10.13
18/05/2012 02:00,9.97
18/05/2012 03:00,9.89
18/05/2012 04:00,9.11
18/05/2012 05:00,9.65
18/05/2012 06:00,10.47
18/05/2012 07:00,12
18/05/2012 08:00,13.11
18/05/2012 09:00,13.69
18/05/2012 10:00,14.28
18/05/2012 11:00,15.38
18/05/2012 12:00,15.77
18/05/2012 13:00,15.28
18/05/2012 14:00,15.06
18/05/2012 15:00,14.51
18/05/2012 16:00,14.21
18/05/2012 17:00,14.02
18/05/2012 18:00,13.47
18/05/2012 19:00,13.43
18/05/2012 20:00,12.9
18/05/2012 21:00,12.56
18/05/2012 22:00,12.48
18/05/2012 23:00,12.44
19/05/2012 00:00,12.06
19/05/2012 01:00,11.96
19/05/2012 02:00,11.99
19/05/2012 03:00,11.94
19/05/2012 04:00,11.9
19/05/2012 05:00,11.84
19/05/2012 06:00,11.9
19/05/2012 07:00,12.13
19/05/2012 08:00,12.81
19/05/2012 09:00,14.17
19/05/2012 10:00,14.63
19/05/2012 11:00,15.08
19/05/2012 12:00,15.46
19/05/2012 13:00,15.91
19/05/2012 14:00,16.42
19/05/2012 15:00,15.98
19/05/2012 16:00,16.16
19/05/2012 17:00,15.19
19/05/2012 18:00,14.47
19/05/2012 19:00,13.33
19/05/2012 20:00,11.92
19/05/2012 21:00,10.91
19/05/2012 22:00,10.59
19/05/2012 23:00,9.81
20/05/2012 00:00,9.23
20/05/2012 01:00,9.11
20/05/2012 02:00,9.13
20/05/2012 03:00,9.06
20/05/2012 04:00,9.09
20/05/2012 05:00,9.11
20/05/2012 06:00,9.14
20/05/2012 07:00,9.57
20/05/2012 08:00,9.69
20/05/2012 09:00,9.84
20/05/2012 10:00,10.43
20/05/2012 11:00,10.96
20/05/2012 12:00,11.53
20/05/2012 13:00,12.06
20/05/2012 14:00,12.17
20/05/2012 15:00,12.18
20/05/2012 16:00,12.05
20/05/2012 17:00,12.04
20/05/2012 18:00,11.92
20/05/2012 19:00,11.45
20/05/2012 20:00,11.28
20/05/2012 21:00,10.84
20/05/2012 22:00,10.78
20/05/2012 23:00,10.24
21/05/2012 00:00,10.2
21/05/2012 01:00,9.75
21/05/2012 02:00,9.72
21/05/2012 03:00,9.68
21/05/2012 04:00,9.32
21/05/2012 05:00,9.64
21/05/2012 06:00,9.65
21/05/2012 07:00,9.76
21/05/2012 08:00,10.33
21/05/2012 09:00,11.27
21/05/2012 10:00,12.04
21/05/2012 11:00,12.91
21/05/2012 12:00,13.15
21/05/2012 13:00,13.79
21/05/2012 14:00,14.68
21/05/2012 15:00,15.46
21/05/2012 16:00,16.22
21/05/2012 17:00,15.79
21/05/2012 18:00,15.67
21/05/2012 19:00,15.51
21/05/2012 20:00,14.61
21/05/2012 21:00,14.38
21/05/2012 22:00,13.79
21/05/2012 23:00,13.74
22/05/2012 00:00,13.21
22/05/2012 01:00,13.19
22/05/2012 02:00,12.81
22/05/2012 03:00,12.27
22/05/2012 04:00,11.82
22/05/2012 05:00,11.44
22/05/2012 06:00,11.48
22/05/2012 07:00,12
22/05/2012 08:00,12.33
22/05/2012 09:00,13.72
22/05/2012 10:00,17.22
22/05/2012 11:00,19.47
22/05/2012 12:00,21.49
22/05/2012 13:00,23.02
22/05/2012 14:00,23.57
22/05/2012 15:00,24.4
22/05/2012 16:00,24.43
22/05/2012 17:00,23.98
22/05/2012 18:00,23.37
22/05/2012 19:00,22.28
22/05/2012 20:00,21.38
22/05/2012 21:00,20.11
22/05/2012 22:00,18.57
22/05/2012 23:00,17.24
23/05/2012 00:00,16.41
23/05/2012 01:00,15.76
23/05/2012 02:00,14.76
23/05/2012 03:00,14.31
23/05/2012 04:00,13.76
23/05/2012 05:00,13.47
23/05/2012 06:00,14.07
23/05/2012 07:00,14.79
23/05/2012 08:00,15.98
23/05/2012 09:00,17.12
23/05/2012 10:00,19.51
23/05/2012 11:00,21.63
23/05/2012 12:00,22.85
23/05/2012 13:00,23.54
23/05/2012 14:00,24.51
23/05/2012 15:00,25.37
23/05/2012 16:00,25.02
23/05/2012 17:00,24.5
23/05/2012 18:00,23.21
23/05/2012 19:00,22.28
23/05/2012 20:00,20.98
23/05/2012 21:00,20.02
23/05/2012 22:00,18.97
23/05/2012 23:00,18.23
24/05/2012 00:00,18.03
24/05/2012 01:00,17.33
24/05/2012 02:00,17.22
24/05/2012 03:00,17.23
24/05/2012 04:00,15.89
24/05/2012 05:00,15.54
24/05/2012 06:00,15.36
24/05/2012 07:00,15.48
24/05/2012 08:00,16.48
24/05/2012 09:00,18
24/05/2012 10:00,20.03
24/05/2012 11:00,21.72
24/05/2012 12:00,23.02
24/05/2012 13:00,24.06
24/05/2012 14:00,25.07
24/05/2012 15:00,25.45
24/05/2012 16:00,25.04
24/05/2012 17:00,24.82
24/05/2012 18:00,24.07
24/05/2012 19:00,22.88
24/05/2012 20:00,21.74
24/05/2012 21:00,20.29
24/05/2012 22:00,19.54
24/05/2012 23:00,18.41
25/05/2012 00:00,17.54
25/05/2012 01:00,17.44
25/05/2012 02:00,16.9
25/05/2012 03:00,16.37
25/05/2012 04:00,15.81
25/05/2012 05:00,15.84
25/05/2012 06:00,16.39
25/05/2012 07:00,18.01
25/05/2012 08:00,19.61
25/05/2012 09:00,21.16
25/05/2012 10:00,22.24
25/05/2012 11:00,22.44
25/05/2012 12:00,23.08
25/05/2012 13:00,24.14
25/05/2012 14:00,24.1
25/05/2012 15:00,23.31
25/05/2012 16:00,23.55
25/05/2012 17:00,22.59
25/05/2012 18:00,21.52
25/05/2012 19:00,20.7
25/05/2012 20:00,19.97
25/05/2012 21:00,18.86
25/05/2012 22:00,17.94
25/05/2012 23:00,16.88
26/05/2012 00:00,16.43
26/05/2012 01:00,15.95
26/05/2012 02:00,15.76
26/05/2012 03:00,15.31
26/05/2012 04:00,15.22
26/05/2012 05:00,15.06
26/05/2012 06:00,15.98
26/05/2012 07:00,18.08
26/05/2012 08:00,20.14
26/05/2012 09:00,21.41
26/05/2012 10:00,22.83
26/05/2012 11:00,23.43
26/05/2012 12:00,24.28
26/05/2012 13:00,24.64
26/05/2012 14:00,24.01
26/05/2012 15:00,23.91
26/05/2012 16:00,23.61
26/05/2012 17:00,22.69
26/05/2012 18:00,21.62
26/05/2012 19:00,20.86
26/05/2012 20:00,19.55
26/05/2012 21:00,18.38
26/05/2012 22:00,17.33
26/05/2012 23:00,16.31
27/05/2012 00:00,15.66
27/05/2012 01:00,14.84
27/05/2012 02:00,14.59
27/05/2012 03:00,13.79
27/05/2012 04:00,13.64
27/05/2012 05:00,13.55
27/05/2012 06:00,15.03
27/05/2012 07:00,17.19
27/05/2012 08:00,19.27
27/05/2012 09:00,21.12
27/05/2012 10:00,23.4
27/05/2012 11:00,24.99
27/05/2012 12:00,25.43
27/05/2012 13:00,25.24
27/05/2012 14:00,25.98
27/05/2012 15:00,25.59
27/05/2012 16:00,24.52
27/05/2012 17:00,23.97
27/05/2012 18:00,22.84
27/05/2012 19:00,21.72
27/05/2012 20:00,19.96
27/05/2012 21:00,18.52
27/05/2012 22:00,17.87
27/05/2012 23:00,16.47
28/05/2012 00:00,16.12
28/05/2012 01:00,15.05
28/05/2012 02:00,14.47
28/05/2012 03:00,13.89
28/05/2012 04:00,13.92
28/05/2012 05:00,14.17
28/05/2012 06:00,15.72
28/05/2012 07:00,17.24
28/05/2012 08:00,19.53
28/05/2012 09:00,21.49
28/05/2012 10:00,22.9
28/05/2012 11:00,24.07
28/05/2012 12:00,25.39
28/05/2012 13:00,25.58
28/05/2012 14:00,25.37
28/05/2012 15:00,24.66
28/05/2012 16:00,24.86
28/05/2012 17:00,24.51
28/05/2012 18:00,23.55
28/05/2012 19:00,22.86
28/05/2012 20:00,21.56
28/05/2012 21:00,20.01
28/05/2012 22:00,19.5
28/05/2012 23:00,18.58
29/05/2012 00:00,17.66
29/05/2012 01:00,16.59
29/05/2012 02:00,15.87
29/05/2012 03:00,15.44
29/05/2012 04:00,14.25
29/05/2012 05:00,15.33
29/05/2012 06:00,15.77
29/05/2012 07:00,17.15
29/05/2012 08:00,17.36
29/05/2012 09:00,17.28
29/05/2012 10:00,18.91
29/05/2012 11:00,20.08
29/05/2012 12:00,20.71
29/05/2012 13:00,22.37
29/05/2012 14:00,21.71
29/05/2012 15:00,21.29
29/05/2012 16:00,20.84
29/05/2012 17:00,19.84
29/05/2012 18:00,18.97
29/05/2012 19:00,17.78
29/05/2012 20:00,16.92
29/05/2012 21:00,15.72
29/05/2012 22:00,15.17
29/05/2012 23:00,15.23
30/05/2012 00:00,14.78
30/05/2012 01:00,14.33
30/05/2012 02:00,13.46
30/05/2012 03:00,13.34
30/05/2012 04:00,12.5
30/05/2012 05:00,12.87
30/05/2012 06:00,13.55
30/05/2012 07:00,14.52
30/05/2012 08:00,16.29
30/05/2012 09:00,18.89
30/05/2012 10:00,21.47
30/05/2012 11:00,22.97
30/05/2012 12:00,23.55
30/05/2012 13:00,24.11
30/05/2012 14:00,23.57
30/05/2012 15:00,22.86
30/05/2012 16:00,22.35
30/05/2012 17:00,21.38
30/05/2012 18:00,21.62
30/05/2012 19:00,20.46
30/05/2012 20:00,19.17
30/05/2012 21:00,18.16
30/05/2012 22:00,17.09
30/05/2012 23:00,16.17
31/05/2012 00:00,15.78
31/05/2012 01:00,14.99
31/05/2012 02:00,14.52
31/05/2012 03:00,14.01
31/05/2012 04:00,13.93
31/05/2012 05:00,13.7
31/05/2012 06:00,14.15
31/05/2012 07:00,14.68
31/05/2012 08:00,15.55
31/05/2012 09:00,16.62
31/05/2012 10:00,17.53
31/05/2012 11:00,18.22
31/05/2012 12:00,19.18
31/05/2012 13:00,19.54
31/05/2012 14:00,18.93
31/05/2012 15:00,17.96
31/05/2012 16:00,17.92
31/05/2012 17:00,17.5
31/05/2012 18:00,17.37
31/05/2012 19:00,16.93
31/05/2012 20:00,16.83
31/05/2012 21:00,16.31
31/05/2012 22:00,16.17
31/05/2012 23:00,16.04
01/06/2012 00:00,15.43
01/06/2012 01:00,14.53
01/06/2012 02:00,13.98
01/06/2012 03:00,14.02
01/06/2012 04:00,14.01
01/06/2012 05:00,14.31
01/06/2012 06:00,14.79
01/06/2012 07:00,15.59
01/06/2012 08:00,17.45
01/06/2012 09:00,18.17
01/06/2012 10:00,19.06
01/06/2012 11:00,19.65
01/06/2012 12:00,20.08
01/06/2012 13:00,19.76
01/06/2012 14:00,19.77
01/06/2012 15:00,19.63
01/06/2012 16:00,19.4
01/06/2012 17:00,18.01
01/06/2012 18:00,17.26
01/06/2012 19:00,16.17
01/06/2012 20:00,15.13
01/06/2012 21:00,14.24
01/06/2012 22:00,14.12
01/06/2012 23:00,13.6
02/06/2012 00:00,13.16
02/06/2012 01:00,12.68
02/06/2012 02:00,12.61
02/06/2012 03:00,12.17
02/06/2012 04:00,12.45
02/06/2012 05:00,12.43
02/06/2012 06:00,12.44
02/06/2012 07:00,12.48
02/06/2012 08:00,12.58
02/06/2012 09:00,13.06
02/06/2012 10:00,14.01
02/06/2012 11:00,14.62
02/06/2012 12:00,15.17
02/06/2012 13:00,15.63
02/06/2012 14:00,16.21
02/06/2012 15:00,17.54
02/06/2012 16:00,17.16
02/06/2012 17:00,16.84
02/06/2012 18:00,15.34
02/06/2012 19:00,14.69
02/06/2012 20:00,14.01
02/06/2012 21:00,12.47
02/06/2012 22:00,11.83
02/06/2012 23:00,11.82
03/06/2012 00:00,11.86
03/06/2012 01:00,11.9
03/06/2012 02:00,11.97
03/06/2012 03:00,11.98
03/06/2012 04:00,11.41
03/06/2012 05:00,11.03
03/06/2012 06:00,11.42
03/06/2012 07:00,11.3
03/06/2012 08:00,11.32
03/06/2012 09:00,11.43
03/06/2012 10:00,11.53
03/06/2012 11:00,11.66
03/06/2012 12:00,11.62
03/06/2012 13:00,11.72
03/06/2012 14:00,12.19
03/06/2012 15:00,12.03
03/06/2012 16:00,11.53
03/06/2012 17:00,11.23
03/06/2012 18:00,11.13
03/06/2012 19:00,11.1
03/06/2012 20:00,11.42
03/06/2012 21:00,11.02
03/06/2012 22:00,10.97
03/06/2012 23:00,10.63
04/06/2012 00:00,10.54
04/06/2012 01:00,10.36
04/06/2012 02:00,9.35
04/06/2012 03:00,8.78
04/06/2012 04:00,8.18
04/06/2012 05:00,7.64
04/06/2012 06:00,7.64
04/06/2012 07:00,7.68
04/06/2012 08:00,8.65
04/06/2012 09:00,9.88
04/06/2012 10:00,11.3
04/06/2012 11:00,11.93
04/06/2012 12:00,11.57
04/06/2012 13:00,12.71
04/06/2012 14:00,13.04
04/06/2012 15:00,13.44
04/06/2012 16:00,13.89
04/06/2012 17:00,13.12
04/06/2012 18:00,12.94
04/06/2012 19:00,12.5
04/06/2012 20:00,10.94
04/06/2012 21:00,10.01
04/06/2012 22:00,8.96
04/06/2012 23:00,8.49
05/06/2012 00:00,7.62
05/06/2012 01:00,7.54
05/06/2012 02:00,7.72
05/06/2012 03:00,8.29
05/06/2012 04:00,7.99
05/06/2012 05:00,8.99
05/06/2012 06:00,10.19
05/06/2012 07:00,11.86
05/06/2012 08:00,12.96
05/06/2012 09:00,14.02
05/06/2012 10:00,14.19
05/06/2012 11:00,14.66
05/06/2012 12:00,15
05/06/2012 13:00,14.97
05/06/2012 14:00,13.87
05/06/2012 15:00,12.51
05/06/2012 16:00,11.62
05/06/2012 17:00,11.62
05/06/2012 18:00,11.54
05/06/2012 19:00,11.64
05/06/2012 20:00,12.02
05/06/2012 21:00,12.07
05/06/2012 22:00,12.18
05/06/2012 23:00,12.63
06/06/2012 00:00,13.03
06/06/2012 01:00,13.13
06/06/2012 02:00,13.14
06/06/2012 03:00,13.09
06/06/2012 04:00,12.52
06/06/2012 05:00,12.54
06/06/2012 06:00,12.77
06/06/2012 07:00,13.71
06/06/2012 08:00,14.94
06/06/2012 09:00,16.31
06/06/2012 10:00,16.58
06/06/2012 11:00,17.22
06/06/2012 12:00,17.12
06/06/2012 13:00,18.13
06/06/2012 14:00,17.29
06/06/2012 15:00,17.31
06/06/2012 16:00,17.29
06/06/2012 17:00,16.66
06/06/2012 18:00,15.56
06/06/2012 19:00,15.69
06/06/2012 20:00,15.08
06/06/2012 21:00,14.08
06/06/2012 22:00,13.13
06/06/2012 23:00,12.62
07/06/2012 00:00,12.61
07/06/2012 01:00,12.6
07/06/2012 02:00,12.98
07/06/2012 03:00,12.99
07/06/2012 04:00,13.14
07/06/2012 05:00,13.55
07/06/2012 06:00,13.6
07/06/2012 07:00,14.24
07/06/2012 08:00,14.91
07/06/2012 09:00,16.42
07/06/2012 10:00,17.29
07/06/2012 11:00,16.9
07/06/2012 12:00,16.17
07/06/2012 13:00,15.1
07/06/2012 14:00,14.77
07/06/2012 15:00,15.06
07/06/2012 16:00,14.79
07/06/2012 17:00,15.88
07/06/2012 18:00,15.28
07/06/2012 19:00,14.86
07/06/2012 20:00,14.68
07/06/2012 21:00,14.22
07/06/2012 22:00,14.21
07/06/2012 23:00,14.02
08/06/2012 00:00,13.66
08/06/2012 01:00,13.54
08/06/2012 02:00,13.15
08/06/2012 03:00,13.08
08/06/2012 04:00,12.95
08/06/2012 05:00,12.63
08/06/2012 06:00,12.28
08/06/2012 07:00,12.69
08/06/2012 08:00,13.11
08/06/2012 09:00,13.33
08/06/2012 10:00,13.41
08/06/2012 11:00,15.02
08/06/2012 12:00,14.75
08/06/2012 13:00,15.17
08/06/2012 14:00,15.03
08/06/2012 15:00,14.26
08/06/2012 16:00,14.65
08/06/2012 17:00,14.53
08/06/2012 18:00,13.99
08/06/2012 19:00,13.49
08/06/2012 20:00,13.02
08/06/2012 21:00,12.84
08/06/2012 22:00,12.36
08/06/2012 23:00,12.33
09/06/2012 00:00,11.88
09/06/2012 01:00,11.84
09/06/2012 02:00,11.5
09/06/2012 03:00,11.42
09/06/2012 04:00,11.37
09/06/2012 05:00,11.02
09/06/2012 06:00,11.51
09/06/2012 07:00,12.11
09/06/2012 08:00,12.87
09/06/2012 09:00,13.81
09/06/2012 10:00,14.33
09/06/2012 11:00,15.27
09/06/2012 12:00,15.56
09/06/2012 13:00,17.12
09/06/2012 14:00,17.37
09/06/2012 15:00,17.92
09/06/2012 16:00,17.9
09/06/2012 17:00,17.07
09/06/2012 18:00,16.83
09/06/2012 19:00,16.26
09/06/2012 20:00,14.97
09/06/2012 21:00,13.83
09/06/2012 22:00,12.75
09/06/2012 23:00,12.11
10/06/2012 00:00,11.57
10/06/2012 01:00,10.57
10/06/2012 02:00,9.98
10/06/2012 03:00,9.43
10/06/2012 04:00,8.91
10/06/2012 05:00,9.33
10/06/2012 06:00,10.71
10/06/2012 07:00,13.19
10/06/2012 08:00,15.02
10/06/2012 09:00,15.51
10/06/2012 10:00,17.22
10/06/2012 11:00,16.82
10/06/2012 12:00,16.89
10/06/2012 13:00,16.78
10/06/2012 14:00,16.61
10/06/2012 15:00,16.13
10/06/2012 16:00,15.63
10/06/2012 17:00,14.98
10/06/2012 18:00,14.39
10/06/2012 19:00,13.58
10/06/2012 20:00,13.02
10/06/2012 21:00,12.53
10/06/2012 22:00,12.47
10/06/2012 23:00,12.44
11/06/2012 00:00,12.43
11/06/2012 01:00,12.42
11/06/2012 02:00,12.45
11/06/2012 03:00,12.09
11/06/2012 04:00,12.15
11/06/2012 05:00,12.52
11/06/2012 06:00,12.13
11/06/2012 07:00,12.17
11/06/2012 08:00,12.22
11/06/2012 09:00,12.36
11/06/2012 10:00,12.74
11/06/2012 11:00,13.13
11/06/2012 12:00,13.28
11/06/2012 13:00,13.19
11/06/2012 14:00,13.21
11/06/2012 15:00,13.03
11/06/2012 16:00,12.54
11/06/2012 17:00,12.41
11/06/2012 18:00,11.93
11/06/2012 19:00,11.49
11/06/2012 20:00,11.4
11/06/2012 21:00,10.99
11/06/2012 22:00,10.97
11/06/2012 23:00,10.93
12/06/2012 00:00,10.91
12/06/2012 01:00,10.89
12/06/2012 02:00,10.92
12/06/2012 03:00,10.92
12/06/2012 04:00,10.92
12/06/2012 05:00,10.89
12/06/2012 06:00,10.83
12/06/2012 07:00,10.78
12/06/2012 08:00,10.46
12/06/2012 09:00,10.86
12/06/2012 10:00,11.09
12/06/2012 11:00,11.52
12/06/2012 12:00,12.26
12/06/2012 13:00,12.76
12/06/2012 14:00,12.41
12/06/2012 15:00,12.87
12/06/2012 16:00,12.83
12/06/2012 17:00,12.86
12/06/2012 18:00,12.82
12/06/2012 19:00,12.71
12/06/2012 20:00,12.27
12/06/2012 21:00,11.76
12/06/2012 22:00,11.24
12/06/2012 23:00,11.03
13/06/2012 00:00,10.07
13/06/2012 01:00,9.13
13/06/2012 02:00,8.4
13/06/2012 03:00,7.75
13/06/2012 04:00,7.54
13/06/2012 05:00,8.01
13/06/2012 06:00,9.77
13/06/2012 07:00,11.79
13/06/2012 08:00,13.27
13/06/2012 09:00,14.75
13/06/2012 10:00,15.83
13/06/2012 11:00,16.66
13/06/2012 12:00,16.75
13/06/2012 13:00,16.08
13/06/2012 14:00,16
13/06/2012 15:00,16.49
13/06/2012 16:00,17.51
13/06/2012 17:00,17.11
13/06/2012 18:00,15.68
13/06/2012 19:00,14.91
13/06/2012 20:00,14.21
13/06/2012 21:00,12.59
13/06/2012 22:00,11.92
13/06/2012 23:00,10.91
14/06/2012 00:00,10.42
14/06/2012 01:00,9.79
14/06/2012 02:00,9.31
14/06/2012 03:00,8.7
14/06/2012 04:00,8.85
14/06/2012 05:00,9.61
14/06/2012 06:00,10.87
14/06/2012 07:00,12.94
14/06/2012 08:00,14.81
14/06/2012 09:00,15.64
14/06/2012 10:00,16.6
14/06/2012 11:00,17.49
14/06/2012 12:00,18.08
14/06/2012 13:00,17.66
14/06/2012 14:00,17.05
14/06/2012 15:00,16.49
14/06/2012 16:00,16.24
14/06/2012 17:00,15.1
14/06/2012 18:00,14.48
14/06/2012 19:00,13.97
14/06/2012 20:00,13.87
14/06/2012 21:00,13.02
14/06/2012 22:00,12.97
14/06/2012 23:00,13.02
15/06/2012 00:00,13.06
15/06/2012 01:00,13.1
15/06/2012 02:00,13.16
15/06/2012 03:00,12.91
15/06/2012 04:00,13.2
15/06/2012 05:00,13.24
15/06/2012 06:00,13.85
15/06/2012 07:00,14.73
15/06/2012 08:00,15.76
15/06/2012 09:00,16.44
15/06/2012 10:00,16.29
15/06/2012 11:00,16.32
15/06/2012 12:00,17.22
15/06/2012 13:00,17.52
15/06/2012 14:00,17.01
15/06/2012 15:00,17.41
15/06/2012 16:00,17.41
15/06/2012 17:00,17.59
15/06/2012 18:00,16.28
15/06/2012 19:00,15.63
15/06/2012 20:00,14.68
15/06/2012 21:00,14.16
15/06/2012 22:00,13.68
15/06/2012 23:00,13.18
16/06/2012 00:00,12.72
16/06/2012 01:00,13.01
16/06/2012 02:00,12.57
16/06/2012 03:00,12.61
16/06/2012 04:00,13.12
16/06/2012 05:00,13.55
16/06/2012 06:00,14.13
16/06/2012 07:00,14.27
16/06/2012 08:00,15.69
16/06/2012 09:00,16.13
16/06/2012 10:00,16.24
16/06/2012 11:00,16.08
16/06/2012 12:00,17.34
16/06/2012 13:00,17.47
16/06/2012 14:00,17.34
16/06/2012 15:00,17.27
16/06/2012 16:00,17.08
16/06/2012 17:00,15.61
16/06/2012 18:00,14.2
16/06/2012 19:00,14.63
16/06/2012 20:00,14.64
16/06/2012 21:00,14.26
16/06/2012 22:00,13.69
16/06/2012 23:00,14
17/06/2012 00:00,13.58
17/06/2012 01:00,13.5
17/06/2012 02:00,12.94
17/06/2012 03:00,12.51
17/06/2012 04:00,12.46
17/06/2012 05:00,12.47
17/06/2012 06:00,12.81
17/06/2012 07:00,13.92
17/06/2012 08:00,15.35
17/06/2012 09:00,16.49
17/06/2012 10:00,17.47
17/06/2012 11:00,18.51
17/06/2012 12:00,18.99
17/06/2012 13:00,18.97
17/06/2012 14:00,19.08
17/06/2012 15:00,19.44
17/06/2012 16:00,18.24
17/06/2012 17:00,17.92
17/06/2012 18:00,17.6
17/06/2012 19:00,16.58
17/06/2012 20:00,15.63
17/06/2012 21:00,15.04
17/06/2012 22:00,14.39
17/06/2012 23:00,13.46
18/06/2012 00:00,13.04
18/06/2012 01:00,12.94
18/06/2012 02:00,12.44
18/06/2012 03:00,12.07
18/06/2012 04:00,11.52
18/06/2012 05:00,11.49
18/06/2012 06:00,11.17
18/06/2012 07:00,12.06
18/06/2012 08:00,12.62
18/06/2012 09:00,14.02
18/06/2012 10:00,15.42
18/06/2012 11:00,15.33
18/06/2012 12:00,16.36
18/06/2012 13:00,17.43
18/06/2012 14:00,17.94
18/06/2012 15:00,18.87
18/06/2012 16:00,18.42
18/06/2012 17:00,18.03
18/06/2012 18:00,17.74
18/06/2012 19:00,17.04
18/06/2012 20:00,15.61
18/06/2012 21:00,14.04
18/06/2012 22:00,13.22
18/06/2012 23:00,12.55
19/06/2012 00:00,11.63
19/06/2012 01:00,11.11
19/06/2012 02:00,10.59
19/06/2012 03:00,10.19
19/06/2012 04:00,10.1
19/06/2012 05:00,10.55
19/06/2012 06:00,11.83
19/06/2012 07:00,13.49
19/06/2012 08:00,14.88
19/06/2012 09:00,16.15
19/06/2012 10:00,17.96
19/06/2012 11:00,18.49
19/06/2012 12:00,19.09
19/06/2012 13:00,19.93
19/06/2012 14:00,19.64
19/06/2012 15:00,20.03
19/06/2012 16:00,20.35
19/06/2012 17:00,19.51
19/06/2012 18:00,19.07
19/06/2012 19:00,18.35
19/06/2012 20:00,17.71
19/06/2012 21:00,16.72
19/06/2012 22:00,15.88
19/06/2012 23:00,14.09
20/06/2012 00:00,14.2
20/06/2012 01:00,13.33
20/06/2012 02:00,13.12
20/06/2012 03:00,11.73
20/06/2012 04:00,11.47
20/06/2012 05:00,11.58
20/06/2012 06:00,13.69
20/06/2012 07:00,16.28
20/06/2012 08:00,17.93
20/06/2012 09:00,20.2
20/06/2012 10:00,20.64
20/06/2012 11:00,20.97
20/06/2012 12:00,20.34
20/06/2012 13:00,20.48
20/06/2012 14:00,21.16
20/06/2012 15:00,21.03
20/06/2012 16:00,20.54
20/06/2012 17:00,19.43
20/06/2012 18:00,18.13
20/06/2012 19:00,17.26
20/06/2012 20:00,16.17
20/06/2012 21:00,15.41
20/06/2012 22:00,14.82
20/06/2012 23:00,14.35
21/06/2012 00:00,13.92
21/06/2012 01:00,13.94
21/06/2012 02:00,14.06
21/06/2012 03:00,14.11
21/06/2012 04:00,14.32
21/06/2012 05:00,14.71
21/06/2012 06:00,15.28
21/06/2012 07:00,15.93
21/06/2012 08:00,16.51
21/06/2012 09:00,17.17
21/06/2012 10:00,17.44
21/06/2012 11:00,18.79
21/06/2012 12:00,19.08
21/06/2012 13:00,18.13
21/06/2012 14:00,17.62
21/06/2012 15:00,16.67
21/06/2012 16:00,16.57
21/06/2012 17:00,17.31
21/06/2012 18:00,16.56
21/06/2012 19:00,14.03
21/06/2012 20:00,12.94
21/06/2012 21:00,12.82
21/06/2012 22:00,11.52
21/06/2012 23:00,11.44
22/06/2012 00:00,11.44
22/06/2012 01:00,11.57
22/06/2012 02:00,12.05
22/06/2012 03:00,12.47
22/06/2012 04:00,12.52
22/06/2012 05:00,12.92
22/06/2012 06:00,13.04
22/06/2012 07:00,13.26
22/06/2012 08:00,13.8
22/06/2012 09:00,14.84
22/06/2012 10:00,15.33
22/06/2012 11:00,15.92
22/06/2012 12:00,16.82
22/06/2012 13:00,17.53
22/06/2012 14:00,16.74
22/06/2012 15:00,17.19
22/06/2012 16:00,16.82
22/06/2012 17:00,16.43
22/06/2012 18:00,16.72
22/06/2012 19:00,16.16
22/06/2012 20:00,15.53
22/06/2012 21:00,14.57
22/06/2012 22:00,13.61
22/06/2012 23:00,13.11
23/06/2012 00:00,12.57
23/06/2012 01:00,12.42
23/06/2012 02:00,11.82
23/06/2012 03:00,11.4
23/06/2012 04:00,11.01
23/06/2012 05:00,11.48
23/06/2012 06:00,11.77
23/06/2012 07:00,13.42
23/06/2012 08:00,14.94
23/06/2012 09:00,16.44
23/06/2012 10:00,17.09
23/06/2012 11:00,17.26
23/06/2012 12:00,17.96
23/06/2012 13:00,18.12
23/06/2012 14:00,17.06
23/06/2012 15:00,16.41
23/06/2012 16:00,16.5
23/06/2012 17:00,16.9
23/06/2012 18:00,16.22
23/06/2012 19:00,15.61
23/06/2012 20:00,14.58
23/06/2012 21:00,13.96
23/06/2012 22:00,13.07
23/06/2012 23:00,12.09
24/06/2012 00:00,12
24/06/2012 01:00,11.99
24/06/2012 02:00,11.65
24/06/2012 03:00,12.03
24/06/2012 04:00,12.11
24/06/2012 05:00,12.62
24/06/2012 06:00,13.27
24/06/2012 07:00,13.89
24/06/2012 08:00,14.87
24/06/2012 09:00,15.5
24/06/2012 10:00,16.41
24/06/2012 11:00,16.87
24/06/2012 12:00,15.61
24/06/2012 13:00,17.58
24/06/2012 14:00,18.85
24/06/2012 15:00,19.06
24/06/2012 16:00,19.16
24/06/2012 17:00,19.88
24/06/2012 18:00,19.02
24/06/2012 19:00,18.82
24/06/2012 20:00,17.34
24/06/2012 21:00,16.13
24/06/2012 22:00,15.43
24/06/2012 23:00,14.51
25/06/2012 00:00,13.93
25/06/2012 01:00,13.36
25/06/2012 02:00,12.89
25/06/2012 03:00,12.72
25/06/2012 04:00,12.32
25/06/2012 05:00,12.11
25/06/2012 06:00,13.4
25/06/2012 07:00,14.99
25/06/2012 08:00,16.5
25/06/2012 09:00,17.58
25/06/2012 10:00,18.52
25/06/2012 11:00,19.52
25/06/2012 12:00,19.84
25/06/2012 13:00,20.25
25/06/2012 14:00,20.72
25/06/2012 15:00,21.15
25/06/2012 16:00,20.73
25/06/2012 17:00,20.35
25/06/2012 18:00,20.21
25/06/2012 19:00,19.28
25/06/2012 20:00,18.62
25/06/2012 21:00,17.58
25/06/2012 22:00,16.67
25/06/2012 23:00,15.31
26/06/2012 00:00,15.07
26/06/2012 01:00,14.93
26/06/2012 02:00,14.39
26/06/2012 03:00,14.04
26/06/2012 04:00,14.32
26/06/2012 05:00,14.39
26/06/2012 06:00,15.16
26/06/2012 07:00,16.01
26/06/2012 08:00,17.62
26/06/2012 09:00,19.08
26/06/2012 10:00,20.29
26/06/2012 11:00,21.61
26/06/2012 12:00,22.26
26/06/2012 13:00,22.92
26/06/2012 14:00,22.11
26/06/2012 15:00,20.99
26/06/2012 16:00,20.66
26/06/2012 17:00,19.82
26/06/2012 18:00,19.58
26/06/2012 19:00,19.11
26/06/2012 20:00,18.59
26/06/2012 21:00,18.11
26/06/2012 22:00,18.03
26/06/2012 23:00,17.93
27/06/2012 00:00,17.6
27/06/2012 01:00,17.57
27/06/2012 02:00,17.57
27/06/2012 03:00,17.56
27/06/2012 04:00,17.63
27/06/2012 05:00,17.62
27/06/2012 06:00,18.04
27/06/2012 07:00,18.71
27/06/2012 08:00,19.2
27/06/2012 09:00,20
27/06/2012 10:00,20.37
27/06/2012 11:00,20.64
27/06/2012 12:00,22.66
27/06/2012 13:00,21.77
27/06/2012 14:00,20.96
27/06/2012 15:00,20.68
27/06/2012 16:00,21.17
27/06/2012 17:00,20.93
27/06/2012 18:00,20.71
27/06/2012 19:00,19.99
27/06/2012 20:00,19.23
27/06/2012 21:00,18.54
27/06/2012 22:00,18.07
27/06/2012 23:00,17.17
28/06/2012 00:00,17.11
28/06/2012 01:00,17.34
28/06/2012 02:00,17.43
28/06/2012 03:00,17.53
28/06/2012 04:00,17.54
28/06/2012 05:00,18.11
28/06/2012 06:00,19.19
28/06/2012 07:00,20.46
28/06/2012 08:00,21.52
28/06/2012 09:00,22.73
28/06/2012 10:00,24.24
28/06/2012 11:00,26.09
28/06/2012 12:00,26.96
28/06/2012 13:00,26.77
28/06/2012 14:00,26.79
28/06/2012 15:00,27.16
28/06/2012 16:00,26.79
28/06/2012 17:00,25.89
28/06/2012 18:00,23.41
28/06/2012 19:00,21.61
28/06/2012 20:00,19.33
28/06/2012 21:00,17.69
28/06/2012 22:00,16.23
28/06/2012 23:00,15.44
29/06/2012 00:00,14.51
29/06/2012 01:00,13.97
29/06/2012 02:00,13.96
29/06/2012 03:00,13.99
29/06/2012 04:00,14.09
29/06/2012 05:00,14.64
29/06/2012 06:00,15.33
29/06/2012 07:00,15.99
29/06/2012 08:00,16.94
29/06/2012 09:00,17.66
29/06/2012 10:00,17.47
29/06/2012 11:00,17.41
29/06/2012 12:00,17.87
29/06/2012 13:00,20.16
29/06/2012 14:00,20.41
29/06/2012 15:00,20.96
29/06/2012 16:00,19.03
29/06/2012 17:00,18.55
29/06/2012 18:00,18.13
29/06/2012 19:00,17.9
29/06/2012 20:00,17.41
29/06/2012 21:00,16.89
29/06/2012 22:00,16.79
29/06/2012 23:00,16.3
30/06/2012 00:00,16.19
30/06/2012 01:00,16.13
30/06/2012 02:00,15.68
30/06/2012 03:00,15.29
30/06/2012 04:00,15.31
30/06/2012 05:00,15.7
30/06/2012 06:00,15.82
30/06/2012 07:00,16.25
30/06/2012 08:00,16.11
30/06/2012 09:00,17.38
30/06/2012 10:00,18.93
30/06/2012 11:00,19.47
30/06/2012 12:00,20.05
30/06/2012 13:00,19.73
30/06/2012 14:00,20.13
30/06/2012 15:00,19.75
30/06/2012 16:00,19.81
30/06/2012 17:00,18.97
30/06/2012 18:00,17.86
30/06/2012 19:00,16.93
30/06/2012 20:00,15.68
30/06/2012 21:00,14.56
30/06/2012 22:00,13.61
30/06/2012 23:00,13.48
01/07/2012 00:00,13.44
01/07/2012 01:00,13.25
01/07/2012 02:00,12.28
01/07/2012 03:00,11.77
01/07/2012 04:00,11.26
01/07/2012 05:00,11.01
01/07/2012 06:00,12.16
01/07/2012 07:00,13.3
01/07/2012 08:00,14.42
01/07/2012 09:00,15.78
01/07/2012 10:00,15.49
01/07/2012 11:00,16.16
01/07/2012 12:00,16.84
01/07/2012 13:00,16.46
01/07/2012 14:00,17.12
01/07/2012 15:00,17.62
01/07/2012 16:00,17.78
01/07/2012 17:00,17.88
01/07/2012 18:00,17.37
01/07/2012 19:00,16.51
01/07/2012 20:00,15.72
01/07/2012 21:00,14.95
01/07/2012 22:00,14.14
01/07/2012 23:00,13.99
02/07/2012 00:00,13.58
02/07/2012 01:00,13.48
02/07/2012 02:00,13.39
02/07/2012 03:00,12.97
02/07/2012 04:00,12.47
02/07/2012 05:00,13.32
02/07/2012 06:00,14.23
02/07/2012 07:00,14.77
02/07/2012 08:00,15.74
02/07/2012 09:00,15.49
02/07/2012 10:00,15.3
02/07/2012 11:00,16.52
02/07/2012 12:00,17.47
02/07/2012 13:00,17.58
02/07/2012 14:00,16.27
02/07/2012 15:00,15.82
02/07/2012 16:00,16.32
02/07/2012 17:00,15.93
02/07/2012 18:00,16.16
02/07/2012 19:00,15.95
02/07/2012 20:00,15.88
02/07/2012 21:00,15.86
02/07/2012 22:00,15.52
02/07/2012 23:00,15.49
03/07/2012 00:00,15.49
03/07/2012 01:00,15.45
03/07/2012 02:00,15.47
03/07/2012 03:00,15.43
03/07/2012 04:00,15.47
03/07/2012 05:00,15.87
03/07/2012 06:00,15.88
03/07/2012 07:00,16.03
03/07/2012 08:00,16.55
03/07/2012 09:00,17.06
03/07/2012 10:00,17.54
03/07/2012 11:00,17.96
03/07/2012 12:00,18.05
03/07/2012 13:00,18.53
03/07/2012 14:00,18.81
03/07/2012 15:00,17.94
03/07/2012 16:00,17.63
03/07/2012 17:00,17.93
03/07/2012 18:00,17.51
03/07/2012 19:00,17.41
03/07/2012 20:00,17.04
03/07/2012 21:00,17.41
03/07/2012 22:00,16.92
03/07/2012 23:00,16.89
04/07/2012 00:00,16.47
04/07/2012 01:00,16.41
04/07/2012 02:00,16.03
04/07/2012 03:00,15.95
04/07/2012 04:00,16.02
04/07/2012 05:00,16.08
04/07/2012 06:00,16.16
04/07/2012 07:00,16.53
04/07/2012 08:00,17.13
04/07/2012 09:00,17.76
04/07/2012 10:00,18.7
04/07/2012 11:00,19.11
04/07/2012 12:00,19.51
04/07/2012 13:00,20.46
04/07/2012 14:00,20.87
04/07/2012 15:00,21.03
04/07/2012 16:00,21.44
04/07/2012 17:00,21.34
04/07/2012 18:00,20.66
04/07/2012 19:00,20.09
04/07/2012 20:00,19.52
04/07/2012 21:00,18.86
04/07/2012 22:00,18.32
04/07/2012 23:00,17.78
05/07/2012 00:00,17.28
05/07/2012 01:00,16.79
05/07/2012 02:00,16.27
05/07/2012 03:00,15.86
05/07/2012 04:00,15.74
05/07/2012 05:00,15.2
05/07/2012 06:00,15.35
05/07/2012 07:00,16
05/07/2012 08:00,17.46
05/07/2012 09:00,18.59
05/07/2012 10:00,19.34
05/07/2012 11:00,20.38
05/07/2012 12:00,20.88
05/07/2012 13:00,21.37
05/07/2012 14:00,22.33
05/07/2012 15:00,21.88
05/07/2012 16:00,22.15
05/07/2012 17:00,21.51
05/07/2012 18:00,20.2
05/07/2012 19:00,19.01
05/07/2012 20:00,18.43
05/07/2012 21:00,17.76
05/07/2012 22:00,17.29
05/07/2012 23:00,16.85
06/07/2012 00:00,16.79
06/07/2012 01:00,16.58
06/07/2012 02:00,16.16
06/07/2012 03:00,15.69
06/07/2012 04:00,15.16
06/07/2012 05:00,14.78
06/07/2012 06:00,15.24
06/07/2012 07:00,15.36
06/07/2012 08:00,15.41
06/07/2012 09:00,15.21
06/07/2012 10:00,16.01
06/07/2012 11:00,16.31
06/07/2012 12:00,15.44
06/07/2012 13:00,16.06
06/07/2012 14:00,17.61
06/07/2012 15:00,18.7
06/07/2012 16:00,18.54
06/07/2012 17:00,18.52
06/07/2012 18:00,17.89
06/07/2012 19:00,16.93
06/07/2012 20:00,16.3
06/07/2012 21:00,15.17
06/07/2012 22:00,14.96
06/07/2012 23:00,14.42
07/07/2012 00:00,13.96
07/07/2012 01:00,13.94
07/07/2012 02:00,13.42
07/07/2012 03:00,13.52
07/07/2012 04:00,13.5
07/07/2012 05:00,13.68
07/07/2012 06:00,14.36
07/07/2012 07:00,15.91
07/07/2012 08:00,16.49
07/07/2012 09:00,16.89
07/07/2012 10:00,17.51
07/07/2012 11:00,17.77
07/07/2012 12:00,17.91
07/07/2012 13:00,17.51
07/07/2012 14:00,17.51
07/07/2012 15:00,18.65
07/07/2012 16:00,17.92
07/07/2012 17:00,17.78
07/07/2012 18:00,17.22
07/07/2012 19:00,16.28
07/07/2012 20:00,16.06
07/07/2012 21:00,15.18
07/07/2012 22:00,14.78
07/07/2012 23:00,14.7
08/07/2012 00:00,14.71
08/07/2012 01:00,14.69
08/07/2012 02:00,14.66
08/07/2012 03:00,14.28
08/07/2012 04:00,14.28
08/07/2012 05:00,14.39
08/07/2012 06:00,14.73
08/07/2012 07:00,15.13
08/07/2012 08:00,14.8
08/07/2012 09:00,15.36
08/07/2012 10:00,15.36
08/07/2012 11:00,16.37
08/07/2012 12:00,17.18
08/07/2012 13:00,18.49
08/07/2012 14:00,18.77
08/07/2012 15:00,17.99
08/07/2012 16:00,17.77
08/07/2012 17:00,18.53
08/07/2012 18:00,17.14
08/07/2012 19:00,16.46
08/07/2012 20:00,16.09
08/07/2012 21:00,15.17
08/07/2012 22:00,15.09
08/07/2012 23:00,14.98
09/07/2012 00:00,14.82
09/07/2012 01:00,14.38
09/07/2012 02:00,14.76
09/07/2012 03:00,14.82
09/07/2012 04:00,14.78
09/07/2012 05:00,14.77
09/07/2012 06:00,14.88
09/07/2012 07:00,15.44
09/07/2012 08:00,15.97
09/07/2012 09:00,16.17
09/07/2012 10:00,16.48
09/07/2012 11:00,16.97
09/07/2012 12:00,17.55
09/07/2012 13:00,17.54
09/07/2012 14:00,17.83
09/07/2012 15:00,18
09/07/2012 16:00,17.92
09/07/2012 17:00,16.69
09/07/2012 18:00,16.97
09/07/2012 19:00,16.46
09/07/2012 20:00,15.92
09/07/2012 21:00,15.74
09/07/2012 22:00,15.05
09/07/2012 23:00,14.57
10/07/2012 00:00,14.09
10/07/2012 01:00,14.05
10/07/2012 02:00,13.96
10/07/2012 03:00,14.03
10/07/2012 04:00,14.06
10/07/2012 05:00,14.12
10/07/2012 06:00,14.28
10/07/2012 07:00,15.17
10/07/2012 08:00,14.81
10/07/2012 09:00,15.28
10/07/2012 10:00,15.77
10/07/2012 11:00,16.03
10/07/2012 12:00,16.06
10/07/2012 13:00,17.32
10/07/2012 14:00,17.2
10/07/2012 15:00,17.29
10/07/2012 16:00,16.37
10/07/2012 17:00,17.46
10/07/2012 18:00,16.46
10/07/2012 19:00,14.94
10/07/2012 20:00,14.47
10/07/2012 21:00,14.22
10/07/2012 22:00,13.28
10/07/2012 23:00,12.41
11/07/2012 00:00,12.19
11/07/2012 01:00,12.07
11/07/2012 02:00,12.46
11/07/2012 03:00,12.43
11/07/2012 04:00,12.43
11/07/2012 05:00,12.58
11/07/2012 06:00,12.74
11/07/2012 07:00,13.96
11/07/2012 08:00,15.57
11/07/2012 09:00,16.55
11/07/2012 10:00,16.54
11/07/2012 11:00,17.28
11/07/2012 12:00,17.82
11/07/2012 13:00,18.16
11/07/2012 14:00,18.75
11/07/2012 15:00,16.12
11/07/2012 16:00,17.16
11/07/2012 17:00,16.17
11/07/2012 18:00,14.79
11/07/2012 19:00,13.94
11/07/2012 20:00,13.34
11/07/2012 21:00,13.13
11/07/2012 22:00,13.47
11/07/2012 23:00,13.37
12/07/2012 00:00,12.44
12/07/2012 01:00,11.96
12/07/2012 02:00,11.41
12/07/2012 03:00,10.87
12/07/2012 04:00,10.32
12/07/2012 05:00,10.04
12/07/2012 06:00,11.21
12/07/2012 07:00,12.76
12/07/2012 08:00,14.59
12/07/2012 09:00,15.76
12/07/2012 10:00,17.27
12/07/2012 11:00,17.56
12/07/2012 12:00,18.51
12/07/2012 13:00,18.56
12/07/2012 14:00,18.67
12/07/2012 15:00,17.01
12/07/2012 16:00,14.13
12/07/2012 17:00,13.51
12/07/2012 18:00,13.15
12/07/2012 19:00,13.22
12/07/2012 20:00,13.71
12/07/2012 21:00,13.72
12/07/2012 22:00,13.76
12/07/2012 23:00,14.21
13/07/2012 00:00,14.31
13/07/2012 01:00,14.31
13/07/2012 02:00,14.37
13/07/2012 03:00,14.34
13/07/2012 04:00,14.32
13/07/2012 05:00,14.37
13/07/2012 06:00,14.84
13/07/2012 07:00,15.29
13/07/2012 08:00,16.39
13/07/2012 09:00,16.92
13/07/2012 10:00,18.21
13/07/2012 11:00,17.71
13/07/2012 12:00,18.56
13/07/2012 13:00,19.26
13/07/2012 14:00,18.06
13/07/2012 15:00,16.85
13/07/2012 16:00,17.24
13/07/2012 17:00,16.27
13/07/2012 18:00,16.53
13/07/2012 19:00,16.37
13/07/2012 20:00,16.16
13/07/2012 21:00,14.53
13/07/2012 22:00,14.4
13/07/2012 23:00,14.32
14/07/2012 00:00,14.29
14/07/2012 01:00,14.22
14/07/2012 02:00,14.19
14/07/2012 03:00,13.7
14/07/2012 04:00,13.68
14/07/2012 05:00,13.66
14/07/2012 06:00,13.76
14/07/2012 07:00,14.37
14/07/2012 08:00,15.21
14/07/2012 09:00,15.14
14/07/2012 10:00,14.52
14/07/2012 11:00,14.44
14/07/2012 12:00,13.91
14/07/2012 13:00,15.11
14/07/2012 14:00,15.6
14/07/2012 15:00,15.18
14/07/2012 16:00,15.25
14/07/2012 17:00,15.74
14/07/2012 18:00,16.44
14/07/2012 19:00,15.95
14/07/2012 20:00,14.89
14/07/2012 21:00,13.53
14/07/2012 22:00,13.13
14/07/2012 23:00,12.74
15/07/2012 00:00,12.72
15/07/2012 01:00,12.72
15/07/2012 02:00,12.98
15/07/2012 03:00,12.63
15/07/2012 04:00,12.44
15/07/2012 05:00,12.47
15/07/2012 06:00,12.6
15/07/2012 07:00,13.66
15/07/2012 08:00,15.03
15/07/2012 09:00,16.21
15/07/2012 10:00,16.67
15/07/2012 11:00,16.49
15/07/2012 12:00,17.64
15/07/2012 13:00,16.64
15/07/2012 14:00,17.53
15/07/2012 15:00,17.97
15/07/2012 16:00,18.26
15/07/2012 17:00,17.48
15/07/2012 18:00,17.29
15/07/2012 19:00,16.84
15/07/2012 20:00,16.03
15/07/2012 21:00,14.6
15/07/2012 22:00,13.59
15/07/2012 23:00,13.52
16/07/2012 00:00,13.45
16/07/2012 01:00,13.45
16/07/2012 02:00,13.05
16/07/2012 03:00,13.49
16/07/2012 04:00,13.19
16/07/2012 05:00,14.08
16/07/2012 06:00,14.36
16/07/2012 07:00,15.22
16/07/2012 08:00,15.83
16/07/2012 09:00,15.82
16/07/2012 10:00,15.9
16/07/2012 11:00,15.76
16/07/2012 12:00,15.11
16/07/2012 13:00,15.9
16/07/2012 14:00,15.82
16/07/2012 15:00,15.61
16/07/2012 16:00,16.42
16/07/2012 17:00,16.94
16/07/2012 18:00,16.59
16/07/2012 19:00,17.06
16/07/2012 20:00,17.01
16/07/2012 21:00,16.88
16/07/2012 22:00,16.39
16/07/2012 23:00,15.93
17/07/2012 00:00,15.81
17/07/2012 01:00,15.34
17/07/2012 02:00,15.14
17/07/2012 03:00,14.73
17/07/2012 04:00,13.92
17/07/2012 05:00,13.98
17/07/2012 06:00,14.71
17/07/2012 07:00,16.3
17/07/2012 08:00,17.9
17/07/2012 09:00,18.09
17/07/2012 10:00,18.87
17/07/2012 11:00,20.63
17/07/2012 12:00,20.13
17/07/2012 13:00,20.97
17/07/2012 14:00,21.91
17/07/2012 15:00,22.44
17/07/2012 16:00,22.04
17/07/2012 17:00,22.28
17/07/2012 18:00,21.81
17/07/2012 19:00,21.16
17/07/2012 20:00,20.57
17/07/2012 21:00,19.12
17/07/2012 22:00,18.51
17/07/2012 23:00,17.97
18/07/2012 00:00,17.79
18/07/2012 01:00,17.18
18/07/2012 02:00,15.82
18/07/2012 03:00,15.32
18/07/2012 04:00,14.92
18/07/2012 05:00,14.91
18/07/2012 06:00,15.35
18/07/2012 07:00,15.57
18/07/2012 08:00,16.63
18/07/2012 09:00,17.83
18/07/2012 10:00,17.83
18/07/2012 11:00,17.2
18/07/2012 12:00,17.24
18/07/2012 13:00,18.22
18/07/2012 14:00,18.52
18/07/2012 15:00,18.13
18/07/2012 16:00,17.18
18/07/2012 17:00,17.21
18/07/2012 18:00,17.07
18/07/2012 19:00,17.06
18/07/2012 20:00,16.53
18/07/2012 21:00,16.31
18/07/2012 22:00,15.4
18/07/2012 23:00,15.34
19/07/2012 00:00,15.21
19/07/2012 01:00,15.11
19/07/2012 02:00,14.67
19/07/2012 03:00,14.59
19/07/2012 04:00,14.22
19/07/2012 05:00,13.77
19/07/2012 06:00,14.46
19/07/2012 07:00,15.85
19/07/2012 08:00,16.62
19/07/2012 09:00,17.79
19/07/2012 10:00,17.5
19/07/2012 11:00,17.18
19/07/2012 12:00,17.18
19/07/2012 13:00,18.96
19/07/2012 14:00,19.47
19/07/2012 15:00,19.93
19/07/2012 16:00,20.18
19/07/2012 17:00,18.93
19/07/2012 18:00,18.46
19/07/2012 19:00,17.86
19/07/2012 20:00,17.19
19/07/2012 21:00,16.56
19/07/2012 22:00,16.3
19/07/2012 23:00,15.39
20/07/2012 00:00,14.79
20/07/2012 01:00,14.21
20/07/2012 02:00,13.74
20/07/2012 03:00,13.31
20/07/2012 04:00,13.39
20/07/2012 05:00,13.12
20/07/2012 06:00,13.87
20/07/2012 07:00,14.17
20/07/2012 08:00,14.44
20/07/2012 09:00,15.06
20/07/2012 10:00,15.98
20/07/2012 11:00,16.67
20/07/2012 12:00,16.86
20/07/2012 13:00,16.22
20/07/2012 14:00,17.32
20/07/2012 15:00,17.77
20/07/2012 16:00,16.22
20/07/2012 17:00,17.21
20/07/2012 18:00,16.33
20/07/2012 19:00,15.63
20/07/2012 20:00,15
20/07/2012 21:00,14.07
20/07/2012 22:00,13.94
20/07/2012 23:00,13.35
21/07/2012 00:00,12.96
21/07/2012 01:00,12.87
21/07/2012 02:00,12.41
21/07/2012 03:00,12.31
21/07/2012 04:00,12.52
21/07/2012 05:00,11.83
21/07/2012 06:00,12.55
21/07/2012 07:00,13.4
21/07/2012 08:00,14.93
21/07/2012 09:00,15.99
21/07/2012 10:00,17.02
21/07/2012 11:00,18.32
21/07/2012 12:00,18.1
21/07/2012 13:00,18.35
21/07/2012 14:00,18.83
21/07/2012 15:00,19.89
21/07/2012 16:00,19.11
21/07/2012 17:00,19.17
21/07/2012 18:00,18.26
21/07/2012 19:00,17.95
21/07/2012 20:00,17.08
21/07/2012 21:00,16.39
21/07/2012 22:00,15.07
21/07/2012 23:00,14.03
22/07/2012 00:00,13.11
22/07/2012 01:00,12.53
22/07/2012 02:00,12.46
22/07/2012 03:00,12.33
22/07/2012 04:00,12.24
22/07/2012 05:00,12.43
22/07/2012 06:00,12.53
22/07/2012 07:00,14.32
22/07/2012 08:00,17.11
22/07/2012 09:00,18.59
22/07/2012 10:00,20.18
22/07/2012 11:00,21.15
22/07/2012 12:00,21.79
22/07/2012 13:00,22.3
22/07/2012 14:00,22.86
22/07/2012 15:00,22.84
22/07/2012 16:00,22.54
22/07/2012 17:00,22.25
22/07/2012 18:00,21.28
22/07/2012 19:00,20.18
22/07/2012 20:00,18.93
22/07/2012 21:00,17.71
22/07/2012 22:00,16.59
22/07/2012 23:00,15.58
23/07/2012 00:00,14.96
23/07/2012 01:00,14.41
23/07/2012 02:00,13.42
23/07/2012 03:00,13.07
23/07/2012 04:00,12.47
23/07/2012 05:00,12.72
23/07/2012 06:00,14.3
23/07/2012 07:00,16.49
23/07/2012 08:00,19.38
23/07/2012 09:00,21.38
23/07/2012 10:00,22.91
23/07/2012 11:00,24.53
23/07/2012 12:00,25.19
23/07/2012 13:00,26.22
23/07/2012 14:00,26.78
23/07/2012 15:00,27.07
23/07/2012 16:00,27.18
23/07/2012 17:00,26.14
23/07/2012 18:00,25.1
23/07/2012 19:00,23.87
23/07/2012 20:00,22.16
23/07/2012 21:00,20.89
23/07/2012 22:00,19.76
23/07/2012 23:00,17.93
24/07/2012 00:00,16.74
24/07/2012 01:00,16.16
24/07/2012 02:00,15.16
24/07/2012 03:00,14.66
24/07/2012 04:00,14.21
24/07/2012 05:00,14.36
24/07/2012 06:00,15.66
24/07/2012 07:00,18.78
24/07/2012 08:00,21.66
24/07/2012 09:00,23.53
24/07/2012 10:00,24.84
24/07/2012 11:00,25.9
24/07/2012 12:00,27.22
24/07/2012 13:00,27.78
24/07/2012 14:00,27.91
24/07/2012 15:00,28.24
24/07/2012 16:00,28.32
24/07/2012 17:00,27.97
24/07/2012 18:00,26.52
24/07/2012 19:00,25.28
24/07/2012 20:00,23.49
24/07/2012 21:00,21.84
24/07/2012 22:00,20.31
24/07/2012 23:00,19.15
25/07/2012 00:00,18.17
25/07/2012 01:00,17.32
25/07/2012 02:00,16.72
25/07/2012 03:00,16.56
25/07/2012 04:00,15.96
25/07/2012 05:00,15.74
25/07/2012 06:00,16.85
25/07/2012 07:00,19.63
25/07/2012 08:00,22.14
25/07/2012 09:00,24.32
25/07/2012 10:00,26.38
25/07/2012 11:00,27.43
25/07/2012 12:00,28.55
25/07/2012 13:00,28.19
25/07/2012 14:00,29.37
25/07/2012 15:00,29.15
25/07/2012 16:00,28.27
25/07/2012 17:00,28.36
25/07/2012 18:00,26.98
25/07/2012 19:00,24.26
25/07/2012 20:00,22.77
25/07/2012 21:00,21.29
25/07/2012 22:00,20.18
25/07/2012 23:00,19.57
26/07/2012 00:00,19.03
26/07/2012 01:00,18.01
26/07/2012 02:00,17.53
26/07/2012 03:00,16.94
26/07/2012 04:00,16.32
26/07/2012 05:00,15.93
26/07/2012 06:00,16.33
26/07/2012 07:00,17.58
26/07/2012 08:00,19.32
26/07/2012 09:00,21.1
26/07/2012 10:00,22.64
26/07/2012 11:00,23.77
26/07/2012 12:00,24.69
26/07/2012 13:00,26.06
26/07/2012 14:00,26.44
26/07/2012 15:00,26.02
26/07/2012 16:00,25.72
26/07/2012 17:00,24.59
26/07/2012 18:00,23.51
26/07/2012 19:00,21.75
26/07/2012 20:00,20.07
26/07/2012 21:00,18.91
26/07/2012 22:00,18.22
26/07/2012 23:00,17.28
27/07/2012 00:00,17.06
27/07/2012 01:00,16.5
27/07/2012 02:00,16.35
27/07/2012 03:00,15.93
27/07/2012 04:00,16.04
27/07/2012 05:00,16.64
27/07/2012 06:00,17.17
27/07/2012 07:00,18.29
27/07/2012 08:00,19.04
27/07/2012 09:00,20
27/07/2012 10:00,20.35
27/07/2012 11:00,21.84
27/07/2012 12:00,22.5
27/07/2012 13:00,23.08
27/07/2012 14:00,23.51
27/07/2012 15:00,23.56
27/07/2012 16:00,23.79
27/07/2012 17:00,23.56
27/07/2012 18:00,22.93
27/07/2012 19:00,22.33
27/07/2012 20:00,20.53
27/07/2012 21:00,20.44
27/07/2012 22:00,19.23
27/07/2012 23:00,17.84
28/07/2012 00:00,16.84
28/07/2012 01:00,16.15
28/07/2012 02:00,15.66
28/07/2012 03:00,15.64
28/07/2012 04:00,15.59
28/07/2012 05:00,15.05
28/07/2012 06:00,15.02
28/07/2012 07:00,15.17
28/07/2012 08:00,15.76
28/07/2012 09:00,18.28
28/07/2012 10:00,18.34
28/07/2012 11:00,19.73
28/07/2012 12:00,20.69
28/07/2012 13:00,20.55
28/07/2012 14:00,21.09
28/07/2012 15:00,20.32
28/07/2012 16:00,20.24
28/07/2012 17:00,19.31
28/07/2012 18:00,19.12
28/07/2012 19:00,18.04
28/07/2012 20:00,16.77
28/07/2012 21:00,16
28/07/2012 22:00,14.93
28/07/2012 23:00,13.92
29/07/2012 00:00,13.26
29/07/2012 01:00,12.42
29/07/2012 02:00,11.86
29/07/2012 03:00,11.35
29/07/2012 04:00,11.28
29/07/2012 05:00,10.97
29/07/2012 06:00,11.81
29/07/2012 07:00,13.21
29/07/2012 08:00,15.92
29/07/2012 09:00,17.68
29/07/2012 10:00,17.53
29/07/2012 11:00,15.88
29/07/2012 12:00,16.32
29/07/2012 13:00,16.08
29/07/2012 14:00,17.92
29/07/2012 15:00,14.48
29/07/2012 16:00,15.49
29/07/2012 17:00,14.39
29/07/2012 18:00,14.86
29/07/2012 19:00,14.4
29/07/2012 20:00,14.1
29/07/2012 21:00,13.1
29/07/2012 22:00,12.45
29/07/2012 23:00,11.81
30/07/2012 00:00,10.91
30/07/2012 01:00,10.81
30/07/2012 02:00,10.74
30/07/2012 03:00,10.64
30/07/2012 04:00,9.86
30/07/2012 05:00,9.92
30/07/2012 06:00,11.15
30/07/2012 07:00,12.53
30/07/2012 08:00,14.91
30/07/2012 09:00,15.95
30/07/2012 10:00,16.62
30/07/2012 11:00,18.01
30/07/2012 12:00,18.86
30/07/2012 13:00,19.43
30/07/2012 14:00,19.69
30/07/2012 15:00,19.54
30/07/2012 16:00,19.07
30/07/2012 17:00,19.22
30/07/2012 18:00,17.82
30/07/2012 19:00,17.07
30/07/2012 20:00,16.52
30/07/2012 21:00,15.57
30/07/2012 22:00,15.06
30/07/2012 23:00,14.99
31/07/2012 00:00,14.4
31/07/2012 01:00,13.45
31/07/2012 02:00,13.02
31/07/2012 03:00,12.38
31/07/2012 04:00,11.59
31/07/2012 05:00,11.52
31/07/2012 06:00,12.06
31/07/2012 07:00,12.64
31/07/2012 08:00,13.67
31/07/2012 09:00,15.02
31/07/2012 10:00,16.86
31/07/2012 11:00,18.06
31/07/2012 12:00,19.05
31/07/2012 13:00,19.02
31/07/2012 14:00,18.42
31/07/2012 15:00,18.68
31/07/2012 16:00,20.19
31/07/2012 17:00,19.99
31/07/2012 18:00,19.24
31/07/2012 19:00,18.52
31/07/2012 20:00,17.48
31/07/2012 21:00,16.85
31/07/2012 22:00,16.22
31/07/2012 23:00,15.37
01/08/2012 00:00,15.28
01/08/2012 01:00,14.76
01/08/2012 02:00,14.32
01/08/2012 03:00,14.07
01/08/2012 04:00,13.69
01/08/2012 05:00,14.26
01/08/2012 06:00,15.47
01/08/2012 07:00,16.94
01/08/2012 08:00,18.53
01/08/2012 09:00,19.69
01/08/2012 10:00,20.17
01/08/2012 11:00,19.7
01/08/2012 12:00,19.36
01/08/2012 13:00,20.19
01/08/2012 14:00,21.67
01/08/2012 15:00,22.57
01/08/2012 16:00,22.52
01/08/2012 17:00,21.66
01/08/2012 18:00,20.08
01/08/2012 19:00,18.96
01/08/2012 20:00,17.94
01/08/2012 21:00,17.37
01/08/2012 22:00,16.81
01/08/2012 23:00,16.82
02/08/2012 00:00,16.72
02/08/2012 01:00,16.31
02/08/2012 02:00,16.13
02/08/2012 03:00,15.76
02/08/2012 04:00,15.68
02/08/2012 05:00,15.61
02/08/2012 06:00,15.72
02/08/2012 07:00,16.07
02/08/2012 08:00,17.09
02/08/2012 09:00,19.23
02/08/2012 10:00,19.86
02/08/2012 11:00,20.28
02/08/2012 12:00,19.92
02/08/2012 13:00,20.86
02/08/2012 14:00,20.51
02/08/2012 15:00,21.29
02/08/2012 16:00,20.91
02/08/2012 17:00,20.42
02/08/2012 18:00,19.46
02/08/2012 19:00,18.44
02/08/2012 20:00,17.87
02/08/2012 21:00,16.84
02/08/2012 22:00,16.34
02/08/2012 23:00,15.74
03/08/2012 00:00,15.56
03/08/2012 01:00,14.96
03/08/2012 02:00,14.02
03/08/2012 03:00,13.55
03/08/2012 04:00,13.1
03/08/2012 05:00,13.09
03/08/2012 06:00,13.94
03/08/2012 07:00,15.59
03/08/2012 08:00,17.02
03/08/2012 09:00,18.92
03/08/2012 10:00,19.87
03/08/2012 11:00,19.5
03/08/2012 12:00,20.14
03/08/2012 13:00,21.15
03/08/2012 14:00,21.77
03/08/2012 15:00,21.46
03/08/2012 16:00,20.7
03/08/2012 17:00,20.89
03/08/2012 18:00,19.13
03/08/2012 19:00,18.03
03/08/2012 20:00,17.17
03/08/2012 21:00,16.09
03/08/2012 22:00,15.26
03/08/2012 23:00,15.52
04/08/2012 00:00,14.59
04/08/2012 01:00,14.64
04/08/2012 02:00,14.36
04/08/2012 03:00,15.09
04/08/2012 04:00,14.83
04/08/2012 05:00,14.83
04/08/2012 06:00,15.35
04/08/2012 07:00,15.76
04/08/2012 08:00,16.62
04/08/2012 09:00,17.22
04/08/2012 10:00,18.73
04/08/2012 11:00,19.02
04/08/2012 12:00,19.91
04/08/2012 13:00,21.04
04/08/2012 14:00,20.56
04/08/2012 15:00,20.49
04/08/2012 16:00,20.03
04/08/2012 17:00,19.53
04/08/2012 18:00,19.35
04/08/2012 19:00,17.89
04/08/2012 20:00,17.16
04/08/2012 21:00,16.13
04/08/2012 22:00,15.57
04/08/2012 23:00,15.04
05/08/2012 00:00,14.52
05/08/2012 01:00,14.06
05/08/2012 02:00,13.87
05/08/2012 03:00,13.41
05/08/2012 04:00,12.98
05/08/2012 05:00,13.07
05/08/2012 06:00,14.18
05/08/2012 07:00,15.77
05/08/2012 08:00,16.93
05/08/2012 09:00,18.36
05/08/2012 10:00,16.18
05/08/2012 11:00,16.46
05/08/2012 12:00,18.94
05/08/2012 13:00,17.34
05/08/2012 14:00,20.42
05/08/2012 15:00,20.69
05/08/2012 16:00,20.67
05/08/2012 17:00,20.37
05/08/2012 18:00,19.48
05/08/2012 19:00,18.03
05/08/2012 20:00,16.82
05/08/2012 21:00,16.21
05/08/2012 22:00,15.72
05/08/2012 23:00,15.66
06/08/2012 00:00,15.58
06/08/2012 01:00,15.17
06/08/2012 02:00,15.11
06/08/2012 03:00,15.09
06/08/2012 04:00,15.06
06/08/2012 05:00,14.77
06/08/2012 06:00,15.3
06/08/2012 07:00,15.93
06/08/2012 08:00,17.09
06/08/2012 09:00,18.34
06/08/2012 10:00,19.44
06/08/2012 11:00,19.04
06/08/2012 12:00,20.29
06/08/2012 13:00,20.03
06/08/2012 14:00,20.95
06/08/2012 15:00,20.46
06/08/2012 16:00,18.49
06/08/2012 17:00,17.88
06/08/2012 18:00,17.35
06/08/2012 19:00,16.76
06/08/2012 20:00,15.82
06/08/2012 21:00,15.44
06/08/2012 22:00,15.34
06/08/2012 23:00,15.21
07/08/2012 00:00,14.57
07/08/2012 01:00,13.94
07/08/2012 02:00,12.92
07/08/2012 03:00,12.34
07/08/2012 04:00,11.49
07/08/2012 05:00,11.52
07/08/2012 06:00,12.21
07/08/2012 07:00,13.34
07/08/2012 08:00,14.37
07/08/2012 09:00,15.08
07/08/2012 10:00,16.61
07/08/2012 11:00,18.01
07/08/2012 12:00,18.62
07/08/2012 13:00,19.32
07/08/2012 14:00,18.85
07/08/2012 15:00,17.79
07/08/2012 16:00,18.05
07/08/2012 17:00,17.53
07/08/2012 18:00,17.27
07/08/2012 19:00,16.62
07/08/2012 20:00,15.73
07/08/2012 21:00,14.88
07/08/2012 22:00,14.84
07/08/2012 23:00,15.03
08/08/2012 00:00,15.42
08/08/2012 01:00,15.52
08/08/2012 02:00,15.88
08/08/2012 03:00,15.92
08/08/2012 04:00,16.02
08/08/2012 05:00,15.94
08/08/2012 06:00,16.27
08/08/2012 07:00,17.16
08/08/2012 08:00,17.97
08/08/2012 09:00,18.65
08/08/2012 10:00,19.8
08/08/2012 11:00,20.97
08/08/2012 12:00,21.98
08/08/2012 13:00,21.84
08/08/2012 14:00,22.04
08/08/2012 15:00,21.97
08/08/2012 16:00,22.46
08/08/2012 17:00,22.8
08/08/2012 18:00,22.11
08/08/2012 19:00,21.27
08/08/2012 20:00,19.61
08/08/2012 21:00,18.88
08/08/2012 22:00,18.23
08/08/2012 23:00,16.43
09/08/2012 00:00,15.82
09/08/2012 01:00,15.21
09/08/2012 02:00,14.21
09/08/2012 03:00,13.74
09/08/2012 04:00,13.63
09/08/2012 05:00,13.33
09/08/2012 06:00,14.44
09/08/2012 07:00,15.9
09/08/2012 08:00,19.66
09/08/2012 09:00,22.15
09/08/2012 10:00,24.09
09/08/2012 11:00,23.22
09/08/2012 12:00,23.28
09/08/2012 13:00,23.67
09/08/2012 14:00,24.91
09/08/2012 15:00,25.92
09/08/2012 16:00,25.53
09/08/2012 17:00,25.19
09/08/2012 18:00,23.55
09/08/2012 19:00,22.41
09/08/2012 20:00,21.18
09/08/2012 21:00,19.73
09/08/2012 22:00,18.7
09/08/2012 23:00,17.36
10/08/2012 00:00,16.63
10/08/2012 01:00,15.73
10/08/2012 02:00,15.22
10/08/2012 03:00,14.67
10/08/2012 04:00,14.93
10/08/2012 05:00,14.5
10/08/2012 06:00,14.99
10/08/2012 07:00,17.16
10/08/2012 08:00,18.98
10/08/2012 09:00,21.82
10/08/2012 10:00,23.38
10/08/2012 11:00,23.99
10/08/2012 12:00,24.05
10/08/2012 13:00,24.36
10/08/2012 14:00,24.93
10/08/2012 15:00,24.66
10/08/2012 16:00,24.99
10/08/2012 17:00,24.83
10/08/2012 18:00,24.17
10/08/2012 19:00,22.52
10/08/2012 20:00,20.79
10/08/2012 21:00,19.27
10/08/2012 22:00,18.49
10/08/2012 23:00,18.33
11/08/2012 00:00,17.38
11/08/2012 01:00,16.91
11/08/2012 02:00,16.36
11/08/2012 03:00,15.84
11/08/2012 04:00,15.64
11/08/2012 05:00,15.21
11/08/2012 06:00,16.08
11/08/2012 07:00,17.13
11/08/2012 08:00,18.83
11/08/2012 09:00,20.77
11/08/2012 10:00,21.79
11/08/2012 11:00,22.22
11/08/2012 12:00,22.91
11/08/2012 13:00,22.83
11/08/2012 14:00,22.35
11/08/2012 15:00,22.17
11/08/2012 16:00,21.23
11/08/2012 17:00,20.63
11/08/2012 18:00,19.5
11/08/2012 19:00,18.48
11/08/2012 20:00,17.8
11/08/2012 21:00,17.32
11/08/2012 22:00,16.81
11/08/2012 23:00,16.79
12/08/2012 00:00,16.82
12/08/2012 01:00,16.68
12/08/2012 02:00,16.24
12/08/2012 03:00,16.23
12/08/2012 04:00,16.43
12/08/2012 05:00,16.03
12/08/2012 06:00,16.42
12/08/2012 07:00,17.58
12/08/2012 08:00,18.87
12/08/2012 09:00,21.53
12/08/2012 10:00,22.66
12/08/2012 11:00,24.32
12/08/2012 12:00,24.62
12/08/2012 13:00,25.07
12/08/2012 14:00,25.13
12/08/2012 15:00,25.05
12/08/2012 16:00,24.3
12/08/2012 17:00,23.21
12/08/2012 18:00,22.72
12/08/2012 19:00,21.23
12/08/2012 20:00,19.91
12/08/2012 21:00,18.74
12/08/2012 22:00,17.77
12/08/2012 23:00,16.81
13/08/2012 00:00,16.62
13/08/2012 01:00,16.17
13/08/2012 02:00,15.7
13/08/2012 03:00,15.62
13/08/2012 04:00,15.26
13/08/2012 05:00,15.73
13/08/2012 06:00,16.22
13/08/2012 07:00,17.07
13/08/2012 08:00,18.82
13/08/2012 09:00,20.66
13/08/2012 10:00,21.43
13/08/2012 11:00,22.32
13/08/2012 12:00,22.68
13/08/2012 13:00,22.47
13/08/2012 14:00,21.13
13/08/2012 15:00,20.27
13/08/2012 16:00,20.52
13/08/2012 17:00,20.41
13/08/2012 18:00,19.87
13/08/2012 19:00,18.84
13/08/2012 20:00,18.46
13/08/2012 21:00,18.07
13/08/2012 22:00,17.98
13/08/2012 23:00,17.9
14/08/2012 00:00,17.92
14/08/2012 01:00,17.92
14/08/2012 02:00,17.89
14/08/2012 03:00,17.93
14/08/2012 04:00,17.94
14/08/2012 05:00,17.88
14/08/2012 06:00,17.86
14/08/2012 07:00,17.62
14/08/2012 08:00,18.33
14/08/2012 09:00,19.82
14/08/2012 10:00,21.21
14/08/2012 11:00,22.01
14/08/2012 12:00,21.95
14/08/2012 13:00,23.27
14/08/2012 14:00,23.97
14/08/2012 15:00,23.9
14/08/2012 16:00,23.54
14/08/2012 17:00,23.4
14/08/2012 18:00,22.43
14/08/2012 19:00,21.64
14/08/2012 20:00,20.41
14/08/2012 21:00,19.88
14/08/2012 22:00,19.78
14/08/2012 23:00,19.27
15/08/2012 00:00,18.43
15/08/2012 01:00,18.33
15/08/2012 02:00,17.93
15/08/2012 03:00,17.87
15/08/2012 04:00,17.9
15/08/2012 05:00,17.92
15/08/2012 06:00,19.04
15/08/2012 07:00,19.83
15/08/2012 08:00,20.51
15/08/2012 09:00,21.42
15/08/2012 10:00,21.96
15/08/2012 11:00,21.58
15/08/2012 12:00,20.74
15/08/2012 13:00,21.72
15/08/2012 14:00,22.57
15/08/2012 15:00,20.93
15/08/2012 16:00,19.19
15/08/2012 17:00,19.61
15/08/2012 18:00,19.72
15/08/2012 19:00,19.03
15/08/2012 20:00,18.3
15/08/2012 21:00,17.73
15/08/2012 22:00,17.38
15/08/2012 23:00,17.34
16/08/2012 00:00,17
16/08/2012 01:00,17.33
16/08/2012 02:00,17.29
16/08/2012 03:00,16.78
16/08/2012 04:00,16.02
16/08/2012 05:00,16.72
16/08/2012 06:00,16.64
16/08/2012 07:00,17.9
16/08/2012 08:00,18.53
16/08/2012 09:00,19.62
16/08/2012 10:00,19.78
16/08/2012 11:00,20.36
16/08/2012 12:00,20.45
16/08/2012 13:00,20.28
16/08/2012 14:00,21.24
16/08/2012 15:00,21.32
16/08/2012 16:00,21.67
16/08/2012 17:00,20.46
16/08/2012 18:00,19.99
16/08/2012 19:00,19.09
16/08/2012 20:00,18.87
16/08/2012 21:00,18.33
16/08/2012 22:00,17.97
16/08/2012 23:00,18.43
17/08/2012 00:00,18.53
17/08/2012 01:00,18.14
17/08/2012 02:00,17.92
17/08/2012 03:00,18.69
17/08/2012 04:00,18.69
17/08/2012 05:00,19.07
17/08/2012 06:00,18.69
17/08/2012 07:00,19.19
17/08/2012 08:00,19.75
17/08/2012 09:00,20.41
17/08/2012 10:00,21.58
17/08/2012 11:00,23.28
17/08/2012 12:00,25.18
17/08/2012 13:00,26.16
17/08/2012 14:00,26.29
17/08/2012 15:00,26.87
17/08/2012 16:00,27.23
17/08/2012 17:00,26.98
17/08/2012 18:00,25.63
17/08/2012 19:00,24.32
17/08/2012 20:00,23.28
17/08/2012 21:00,22.59
17/08/2012 22:00,21.16
17/08/2012 23:00,21.06
18/08/2012 00:00,21
18/08/2012 01:00,21.57
18/08/2012 02:00,21.68
18/08/2012 03:00,22.39
18/08/2012 04:00,21.57
18/08/2012 05:00,21.21
18/08/2012 06:00,20.54
18/08/2012 07:00,21.53
18/08/2012 08:00,23.28
18/08/2012 09:00,25.33
18/08/2012 10:00,26.83
18/08/2012 11:00,27.93
18/08/2012 12:00,28.64
18/08/2012 13:00,29.71
18/08/2012 14:00,29.48
18/08/2012 15:00,29.57
18/08/2012 16:00,29.86
18/08/2012 17:00,29.34
18/08/2012 18:00,27.45
18/08/2012 19:00,26.12
18/08/2012 20:00,23.93
18/08/2012 21:00,22.32
18/08/2012 22:00,21.34
18/08/2012 23:00,21.01
19/08/2012 00:00,20.39
19/08/2012 01:00,19.59
19/08/2012 02:00,19.14
19/08/2012 03:00,18.61
19/08/2012 04:00,18.41
19/08/2012 05:00,17.97
19/08/2012 06:00,18.86
19/08/2012 07:00,20.57
19/08/2012 08:00,22.82
19/08/2012 09:00,25.23
19/08/2012 10:00,26.93
19/08/2012 11:00,27.46
19/08/2012 12:00,26.37
19/08/2012 13:00,26.77
19/08/2012 14:00,27.68
19/08/2012 15:00,28.57
19/08/2012 16:00,28.88
19/08/2012 17:00,28.18
19/08/2012 18:00,27.17
19/08/2012 19:00,25.92
19/08/2012 20:00,24.56
19/08/2012 21:00,22.74
19/08/2012 22:00,21.34
19/08/2012 23:00,20.18
20/08/2012 00:00,19.54
20/08/2012 01:00,18.09
20/08/2012 02:00,17.65
20/08/2012 03:00,17.42
20/08/2012 04:00,16.96
20/08/2012 05:00,17.42
20/08/2012 06:00,17.87
20/08/2012 07:00,18.52
20/08/2012 08:00,19.14
20/08/2012 09:00,20.62
20/08/2012 10:00,20.54
20/08/2012 11:00,21.04
20/08/2012 12:00,21.69
20/08/2012 13:00,22.91
20/08/2012 14:00,23.72
20/08/2012 15:00,24.19
20/08/2012 16:00,24.54
20/08/2012 17:00,23.95
20/08/2012 18:00,23.37
20/08/2012 19:00,21.63
20/08/2012 20:00,20.83
20/08/2012 21:00,19.77
20/08/2012 22:00,18.79
20/08/2012 23:00,17.77
21/08/2012 00:00,16.9
21/08/2012 01:00,16.37
21/08/2012 02:00,16.34
21/08/2012 03:00,16.27
21/08/2012 04:00,16.27
21/08/2012 05:00,16.63
21/08/2012 06:00,16.59
21/08/2012 07:00,17.31
21/08/2012 08:00,18.15
21/08/2012 09:00,19.69
21/08/2012 10:00,20.41
21/08/2012 11:00,21.18
21/08/2012 12:00,22.09
21/08/2012 13:00,21.82
21/08/2012 14:00,21.23
21/08/2012 15:00,20.85
21/08/2012 16:00,20.71
21/08/2012 17:00,21.07
21/08/2012 18:00,20.07
21/08/2012 19:00,19.14
21/08/2012 20:00,18.21
21/08/2012 21:00,17.64
21/08/2012 22:00,16.69
21/08/2012 23:00,16.23
22/08/2012 00:00,15.67
22/08/2012 01:00,15.16
22/08/2012 02:00,14.61
22/08/2012 03:00,14.14
22/08/2012 04:00,13.57
22/08/2012 05:00,13.16
22/08/2012 06:00,13.7
22/08/2012 07:00,14.34
22/08/2012 08:00,15.53
22/08/2012 09:00,16.72
22/08/2012 10:00,18.18
22/08/2012 11:00,19.15
22/08/2012 12:00,20.1
22/08/2012 13:00,20.81
22/08/2012 14:00,20.98
22/08/2012 15:00,21.48
22/08/2012 16:00,21.36
22/08/2012 17:00,21
22/08/2012 18:00,19.92
22/08/2012 19:00,19.12
22/08/2012 20:00,18.1
22/08/2012 21:00,17.07
22/08/2012 22:00,16.09
22/08/2012 23:00,15.12
23/08/2012 00:00,15.03
23/08/2012 01:00,14.47
23/08/2012 02:00,14.1
23/08/2012 03:00,13.93
23/08/2012 04:00,12.99
23/08/2012 05:00,12.96
23/08/2012 06:00,13.19
23/08/2012 07:00,14.43
23/08/2012 08:00,16.18
23/08/2012 09:00,18.01
23/08/2012 10:00,19.29
23/08/2012 11:00,20.83
23/08/2012 12:00,20.68
23/08/2012 13:00,22.04
23/08/2012 14:00,20.84
23/08/2012 15:00,21.52
23/08/2012 16:00,20.99
23/08/2012 17:00,20.41
23/08/2012 18:00,19.23
23/08/2012 19:00,17.78
23/08/2012 20:00,16.84
23/08/2012 21:00,16.56
23/08/2012 22:00,16.04
23/08/2012 23:00,16.04
24/08/2012 00:00,15.53
24/08/2012 01:00,15.17
24/08/2012 02:00,15.07
24/08/2012 03:00,14.55
24/08/2012 04:00,14.09
24/08/2012 05:00,14.07
24/08/2012 06:00,14.15
24/08/2012 07:00,15.29
24/08/2012 08:00,16.5
24/08/2012 09:00,17.54
24/08/2012 10:00,18.66
24/08/2012 11:00,19.25
24/08/2012 12:00,19.51
24/08/2012 13:00,20.2
24/08/2012 14:00,20.27
24/08/2012 15:00,19.82
24/08/2012 16:00,18.14
24/08/2012 17:00,16.89
24/08/2012 18:00,16.4
24/08/2012 19:00,16.31
24/08/2012 20:00,16.41
24/08/2012 21:00,15.98
24/08/2012 22:00,16.48
24/08/2012 23:00,16.53
25/08/2012 00:00,16.54
25/08/2012 01:00,16.13
25/08/2012 02:00,15.96
25/08/2012 03:00,15.58
25/08/2012 04:00,15.94
25/08/2012 05:00,15.9
25/08/2012 06:00,16.08
25/08/2012 07:00,16.08
25/08/2012 08:00,16.59
25/08/2012 09:00,17.71
25/08/2012 10:00,18.63
25/08/2012 11:00,19.66
25/08/2012 12:00,20.42
25/08/2012 13:00,20.93
25/08/2012 14:00,18.61
25/08/2012 15:00,16.11
25/08/2012 16:00,16.79
25/08/2012 17:00,17.02
25/08/2012 18:00,16.55
25/08/2012 19:00,16.54
25/08/2012 20:00,16.04
25/08/2012 21:00,15.51
25/08/2012 22:00,15.04
25/08/2012 23:00,14.93
26/08/2012 00:00,14.84
26/08/2012 01:00,14.86
26/08/2012 02:00,14.81
26/08/2012 03:00,14.72
26/08/2012 04:00,14.64
26/08/2012 05:00,14.26
26/08/2012 06:00,14.27
26/08/2012 07:00,14.47
26/08/2012 08:00,15.61
26/08/2012 09:00,17.37
26/08/2012 10:00,18.4
26/08/2012 11:00,18.78
26/08/2012 12:00,19.32
26/08/2012 13:00,20.47
26/08/2012 14:00,20.31
26/08/2012 15:00,21.01
26/08/2012 16:00,20.17
26/08/2012 17:00,19.19
26/08/2012 18:00,18.52
26/08/2012 19:00,17.78
26/08/2012 20:00,16.37
26/08/2012 21:00,16
26/08/2012 22:00,15.46
26/08/2012 23:00,14.56
27/08/2012 00:00,14.35
27/08/2012 01:00,13.85
27/08/2012 02:00,13.34
27/08/2012 03:00,12.83
27/08/2012 04:00,12.77
27/08/2012 05:00,12.62
27/08/2012 06:00,13.66
27/08/2012 07:00,14.96
27/08/2012 08:00,17.04
27/08/2012 09:00,18.24
27/08/2012 10:00,18.93
27/08/2012 11:00,18.72
27/08/2012 12:00,19.73
27/08/2012 13:00,19.82
27/08/2012 14:00,19.94
27/08/2012 15:00,20.46
27/08/2012 16:00,20.99
27/08/2012 17:00,20.22
27/08/2012 18:00,19.96
27/08/2012 19:00,19.53
27/08/2012 20:00,19.36
27/08/2012 21:00,18.86
27/08/2012 22:00,18.82
27/08/2012 23:00,17.55
28/08/2012 00:00,17.42
28/08/2012 01:00,16.57
28/08/2012 02:00,16.91
28/08/2012 03:00,16.79
28/08/2012 04:00,16.65
28/08/2012 05:00,15.22
28/08/2012 06:00,14.97
28/08/2012 07:00,15.68
28/08/2012 08:00,16.74
28/08/2012 09:00,18.57
28/08/2012 10:00,19.3
28/08/2012 11:00,20.31
28/08/2012 12:00,21.64
28/08/2012 13:00,22.06
28/08/2012 14:00,22.5
28/08/2012 15:00,21.32
28/08/2012 16:00,21.19
28/08/2012 17:00,19.75
28/08/2012 18:00,19.07
28/08/2012 19:00,17.86
28/08/2012 20:00,16.87
28/08/2012 21:00,16.32
28/08/2012 22:00,15.72
28/08/2012 23:00,15.25
29/08/2012 00:00,15.12
29/08/2012 01:00,15.1
29/08/2012 02:00,14.74
29/08/2012 03:00,15.11
29/08/2012 04:00,15.12
29/08/2012 05:00,15.08
29/08/2012 06:00,15.3
29/08/2012 07:00,16.43
29/08/2012 08:00,17.13
29/08/2012 09:00,18.63
29/08/2012 10:00,19.69
29/08/2012 11:00,19.23
29/08/2012 12:00,18.68
29/08/2012 13:00,14.56
29/08/2012 14:00,14.06
29/08/2012 15:00,13.66
29/08/2012 16:00,13.76
29/08/2012 17:00,14.71
29/08/2012 18:00,14.75
29/08/2012 19:00,14.56
29/08/2012 20:00,14.19
29/08/2012 21:00,14.11
29/08/2012 22:00,14.15
29/08/2012 23:00,14.19
30/08/2012 00:00,14.21
30/08/2012 01:00,14.23
30/08/2012 02:00,14.13
30/08/2012 03:00,14.09
30/08/2012 04:00,14.19
30/08/2012 05:00,14.13
30/08/2012 06:00,14.09
30/08/2012 07:00,14.45
30/08/2012 08:00,14.57
30/08/2012 09:00,15.47
30/08/2012 10:00,15.96
30/08/2012 11:00,16.92
30/08/2012 12:00,16.77
30/08/2012 13:00,16.47
30/08/2012 14:00,16.68
30/08/2012 15:00,16.49
30/08/2012 16:00,15.21
30/08/2012 17:00,15.95
30/08/2012 18:00,14.99
30/08/2012 19:00,13.89
30/08/2012 20:00,12.77
30/08/2012 21:00,12.16
30/08/2012 22:00,11.25
30/08/2012 23:00,10.24
31/08/2012 00:00,9.59
31/08/2012 01:00,9.42
31/08/2012 02:00,9.31
31/08/2012 03:00,8.38
31/08/2012 04:00,8.22
31/08/2012 05:00,7.78
31/08/2012 06:00,7.92
31/08/2012 07:00,9.25
31/08/2012 08:00,11.18
31/08/2012 09:00,13.39
31/08/2012 10:00,15.01
31/08/2012 11:00,16.07
31/08/2012 12:00,16.34
31/08/2012 13:00,17.36
31/08/2012 14:00,17.51
31/08/2012 15:00,17.48
31/08/2012 16:00,17.72
31/08/2012 17:00,17.29
31/08/2012 18:00,16.76
31/08/2012 19:00,16.03
31/08/2012 20:00,15.47
31/08/2012 21:00,14.78
31/08/2012 22:00,14.32
31/08/2012 23:00,14.89
01/09/2012 00:00,14.08
01/09/2012 01:00,13.93
01/09/2012 02:00,13.52
01/09/2012 03:00,13.44
01/09/2012 04:00,13.11
01/09/2012 05:00,13.11
01/09/2012 06:00,13.52
01/09/2012 07:00,14.03
01/09/2012 08:00,14.67
01/09/2012 09:00,15.04
01/09/2012 10:00,16.49
01/09/2012 11:00,17.54
01/09/2012 12:00,17.79
01/09/2012 13:00,18.86
01/09/2012 14:00,19.84
01/09/2012 15:00,20.27
01/09/2012 16:00,20.53
01/09/2012 17:00,20.09
01/09/2012 18:00,19.77
01/09/2012 19:00,18.44
01/09/2012 20:00,17.44
01/09/2012 21:00,16.71
01/09/2012 22:00,15.7
01/09/2012 23:00,15.17
02/09/2012 00:00,14.51
02/09/2012 01:00,13.51
02/09/2012 02:00,13.05
02/09/2012 03:00,12.94
02/09/2012 04:00,12.66
02/09/2012 05:00,12.57
02/09/2012 06:00,12.81
02/09/2012 07:00,13.69
02/09/2012 08:00,14.8
02/09/2012 09:00,15.54
02/09/2012 10:00,16.51
02/09/2012 11:00,17.68
02/09/2012 12:00,18.22
02/09/2012 13:00,18.28
02/09/2012 14:00,18.27
02/09/2012 15:00,18.35
02/09/2012 16:00,18.31
02/09/2012 17:00,17.77
02/09/2012 18:00,18.11
02/09/2012 19:00,17.52
02/09/2012 20:00,17.38
02/09/2012 21:00,16.99
02/09/2012 22:00,16.9
02/09/2012 23:00,16.53
03/09/2012 00:00,16.51
03/09/2012 01:00,16.03
03/09/2012 02:00,16.4
03/09/2012 03:00,16.64
03/09/2012 04:00,16.5
03/09/2012 05:00,16.39
03/09/2012 06:00,15.95
03/09/2012 07:00,15.69
03/09/2012 08:00,16.47
03/09/2012 09:00,18.31
03/09/2012 10:00,19.47
03/09/2012 11:00,21.63
03/09/2012 12:00,22.62
03/09/2012 13:00,23.29
03/09/2012 14:00,23.51
03/09/2012 15:00,24.34
03/09/2012 16:00,23.99
03/09/2012 17:00,23.48
03/09/2012 18:00,20.73
03/09/2012 19:00,18.97
03/09/2012 20:00,17.81
03/09/2012 21:00,16.71
03/09/2012 22:00,15.96
03/09/2012 23:00,16.45
04/09/2012 00:00,15.7
04/09/2012 01:00,14.86
04/09/2012 02:00,14.66
04/09/2012 03:00,14.56
04/09/2012 04:00,13.97
04/09/2012 05:00,13.71
04/09/2012 06:00,13.77
04/09/2012 07:00,15.03
04/09/2012 08:00,15.47
04/09/2012 09:00,17.36
04/09/2012 10:00,18.43
04/09/2012 11:00,21.35
04/09/2012 12:00,22.76
04/09/2012 13:00,24.04
04/09/2012 14:00,24.79
04/09/2012 15:00,24.44
04/09/2012 16:00,23.52
04/09/2012 17:00,22.83
04/09/2012 18:00,21.31
04/09/2012 19:00,20.67
04/09/2012 20:00,20.44
04/09/2012 21:00,19.88
04/09/2012 22:00,18.61
04/09/2012 23:00,16.67
05/09/2012 00:00,15.23
05/09/2012 01:00,14.48
05/09/2012 02:00,13.86
05/09/2012 03:00,13.18
05/09/2012 04:00,12.68
05/09/2012 05:00,12.46
05/09/2012 06:00,12.07
05/09/2012 07:00,12.54
05/09/2012 08:00,13.79
05/09/2012 09:00,15.38
05/09/2012 10:00,16.13
05/09/2012 11:00,17.51
05/09/2012 12:00,18.5
05/09/2012 13:00,19.44
05/09/2012 14:00,19.65
05/09/2012 15:00,19.97
05/09/2012 16:00,19.54
05/09/2012 17:00,19.27
05/09/2012 18:00,17.78
05/09/2012 19:00,16.34
05/09/2012 20:00,15.56
05/09/2012 21:00,14.5
05/09/2012 22:00,13.88
05/09/2012 23:00,12.82
06/09/2012 00:00,11.76
06/09/2012 01:00,10.44
06/09/2012 02:00,9.91
06/09/2012 03:00,9.32
06/09/2012 04:00,9.16
06/09/2012 05:00,8.67
06/09/2012 06:00,8.98
06/09/2012 07:00,10.76
06/09/2012 08:00,13.64
06/09/2012 09:00,16.49
06/09/2012 10:00,17.96
06/09/2012 11:00,19.12
06/09/2012 12:00,19.61
06/09/2012 13:00,20.28
06/09/2012 14:00,20.76
06/09/2012 15:00,20.07
06/09/2012 16:00,20.41
06/09/2012 17:00,20.09
06/09/2012 18:00,18.52
06/09/2012 19:00,17.51
06/09/2012 20:00,16.49
06/09/2012 21:00,15.49
06/09/2012 22:00,14.81
06/09/2012 23:00,13.98
07/09/2012 00:00,13.41
07/09/2012 01:00,12.97
07/09/2012 02:00,12.87
07/09/2012 03:00,12.34
07/09/2012 04:00,11.97
07/09/2012 05:00,11.46
07/09/2012 06:00,11.61
07/09/2012 07:00,13.01
07/09/2012 08:00,14.87
07/09/2012 09:00,17.67
07/09/2012 10:00,19.66
07/09/2012 11:00,22.1
07/09/2012 12:00,23.61
07/09/2012 13:00,24.77
07/09/2012 14:00,25.72
07/09/2012 15:00,25.76
07/09/2012 16:00,25.67
07/09/2012 17:00,24.97
07/09/2012 18:00,22.51
07/09/2012 19:00,20.13
07/09/2012 20:00,18.28
07/09/2012 21:00,16.68
07/09/2012 22:00,15.89
07/09/2012 23:00,14.86
08/09/2012 00:00,14.08
08/09/2012 01:00,13.01
08/09/2012 02:00,12.47
08/09/2012 03:00,11.88
08/09/2012 04:00,10.91
08/09/2012 05:00,10.42
08/09/2012 06:00,10.41
08/09/2012 07:00,12.16
08/09/2012 08:00,15.26
08/09/2012 09:00,18.52
08/09/2012 10:00,21.01
08/09/2012 11:00,22.7
08/09/2012 12:00,24.99
08/09/2012 13:00,26.18
08/09/2012 14:00,27.12
08/09/2012 15:00,27.09
08/09/2012 16:00,26.77
08/09/2012 17:00,25.46
08/09/2012 18:00,22.56
08/09/2012 19:00,20.22
08/09/2012 20:00,18.6
08/09/2012 21:00,15.76
08/09/2012 22:00,14
08/09/2012 23:00,12.94
09/09/2012 00:00,12.25
09/09/2012 01:00,11.58
09/09/2012 02:00,11.93
09/09/2012 03:00,11.42
09/09/2012 04:00,11.39
09/09/2012 05:00,11.32
09/09/2012 06:00,11.47
09/09/2012 07:00,13.32
09/09/2012 08:00,16.19
09/09/2012 09:00,20.4
09/09/2012 10:00,23.18
09/09/2012 11:00,25.62
09/09/2012 12:00,27.37
09/09/2012 13:00,27.78
09/09/2012 14:00,27.33
09/09/2012 15:00,26.08
09/09/2012 16:00,24.49
09/09/2012 17:00,21.92
09/09/2012 18:00,19.5
09/09/2012 19:00,18.14
09/09/2012 20:00,18.01
09/09/2012 21:00,17.48
09/09/2012 22:00,17.35
09/09/2012 23:00,16.95
10/09/2012 00:00,16.98
10/09/2012 01:00,17.42
10/09/2012 02:00,17.46
10/09/2012 03:00,17.44
10/09/2012 04:00,17.34
10/09/2012 05:00,17.27
10/09/2012 06:00,16.93
10/09/2012 07:00,17.46
10/09/2012 08:00,17.62
10/09/2012 09:00,19.01
10/09/2012 10:00,19
10/09/2012 11:00,19.23
10/09/2012 12:00,19.57
10/09/2012 13:00,20.08
10/09/2012 14:00,20.21
10/09/2012 15:00,20.02
10/09/2012 16:00,19.62
10/09/2012 17:00,18.72
10/09/2012 18:00,18.16
10/09/2012 19:00,17.55
10/09/2012 20:00,17.49
10/09/2012 21:00,17.02
10/09/2012 22:00,16.95
10/09/2012 23:00,17.28
11/09/2012 00:00,16.54
11/09/2012 01:00,16.37
11/09/2012 02:00,16.29
11/09/2012 03:00,16.19
11/09/2012 04:00,15.71
11/09/2012 05:00,15.08
11/09/2012 06:00,15.04
11/09/2012 07:00,14.77
11/09/2012 08:00,15.28
11/09/2012 09:00,16.17
11/09/2012 10:00,16.33
11/09/2012 11:00,17.82
11/09/2012 12:00,17.01
11/09/2012 13:00,17.78
11/09/2012 14:00,16.68
11/09/2012 15:00,16.67
11/09/2012 16:00,17.12
11/09/2012 17:00,16.24
11/09/2012 18:00,15.61
11/09/2012 19:00,14.34
11/09/2012 20:00,13.36
11/09/2012 21:00,12.72
11/09/2012 22:00,11.73
11/09/2012 23:00,11.11
12/09/2012 00:00,10.49
12/09/2012 01:00,10.01
12/09/2012 02:00,9.17
12/09/2012 03:00,9.02
12/09/2012 04:00,8.94
12/09/2012 05:00,8.38
12/09/2012 06:00,8.24
12/09/2012 07:00,9.62
12/09/2012 08:00,11.47
12/09/2012 09:00,13.45
12/09/2012 10:00,14.46
12/09/2012 11:00,15.2
12/09/2012 12:00,16.09
12/09/2012 13:00,16.74
12/09/2012 14:00,17.92
12/09/2012 15:00,17.34
12/09/2012 16:00,17.42
12/09/2012 17:00,16.78
12/09/2012 18:00,16.27
12/09/2012 19:00,15.67
12/09/2012 20:00,13.76
12/09/2012 21:00,13.07
12/09/2012 22:00,12.36
12/09/2012 23:00,11.34
13/09/2012 00:00,10.66
13/09/2012 01:00,10.16
13/09/2012 02:00,9.99
13/09/2012 03:00,9.38
13/09/2012 04:00,9.24
13/09/2012 05:00,8.7
13/09/2012 06:00,8.62
13/09/2012 07:00,9.6
13/09/2012 08:00,11.23
13/09/2012 09:00,12.94
13/09/2012 10:00,15.31
13/09/2012 11:00,16.07
13/09/2012 12:00,17.06
13/09/2012 13:00,16.99
13/09/2012 14:00,17.57
13/09/2012 15:00,17.57
13/09/2012 16:00,17.54
13/09/2012 17:00,17.64
13/09/2012 18:00,16.71
13/09/2012 19:00,15.93
13/09/2012 20:00,15.04
13/09/2012 21:00,14.16
13/09/2012 22:00,13.96
13/09/2012 23:00,13.61
14/09/2012 00:00,14.19
14/09/2012 01:00,14.28
14/09/2012 02:00,14.71
14/09/2012 03:00,14.82
14/09/2012 04:00,15.32
14/09/2012 05:00,15.34
14/09/2012 06:00,15.3
14/09/2012 07:00,15.42
14/09/2012 08:00,16.02
14/09/2012 09:00,16.72
14/09/2012 10:00,17.31
14/09/2012 11:00,19.21
14/09/2012 12:00,20.24
14/09/2012 13:00,20.69
14/09/2012 14:00,19.87
14/09/2012 15:00,19.87
14/09/2012 16:00,18.88
14/09/2012 17:00,18.28
14/09/2012 18:00,17.2
14/09/2012 19:00,16.11
14/09/2012 20:00,15.01
14/09/2012 21:00,14.44
14/09/2012 22:00,14.25
14/09/2012 23:00,13.66
15/09/2012 00:00,12.19
15/09/2012 01:00,11.26
15/09/2012 02:00,11.16
15/09/2012 03:00,10.75
15/09/2012 04:00,10.28
15/09/2012 05:00,10.04
15/09/2012 06:00,9.69
15/09/2012 07:00,10.48
15/09/2012 08:00,12.52
15/09/2012 09:00,14.77
15/09/2012 10:00,16.59
15/09/2012 11:00,18.19
15/09/2012 12:00,19.22
15/09/2012 13:00,20.31
15/09/2012 14:00,21.12
15/09/2012 15:00,21.01
15/09/2012 16:00,20.36
15/09/2012 17:00,20.12
15/09/2012 18:00,19.1
15/09/2012 19:00,17.54
15/09/2012 20:00,16.43
15/09/2012 21:00,14.97
15/09/2012 22:00,14.38
15/09/2012 23:00,13.06
16/09/2012 00:00,13.33
16/09/2012 01:00,12.98
16/09/2012 02:00,13.12
16/09/2012 03:00,13.52
16/09/2012 04:00,14.11
16/09/2012 05:00,14.2
16/09/2012 06:00,14.24
16/09/2012 07:00,14.23
16/09/2012 08:00,15.24
16/09/2012 09:00,15.43
16/09/2012 10:00,15.86
16/09/2012 11:00,16.03
16/09/2012 12:00,16.61
16/09/2012 13:00,17.36
16/09/2012 14:00,17.86
16/09/2012 15:00,18.03
16/09/2012 16:00,18.31
16/09/2012 17:00,17.41
16/09/2012 18:00,16.71
16/09/2012 19:00,15.84
16/09/2012 20:00,15.64
16/09/2012 21:00,15.08
16/09/2012 22:00,15.17
16/09/2012 23:00,15.22
17/09/2012 00:00,15.23
17/09/2012 01:00,15.16
17/09/2012 02:00,14.98
17/09/2012 03:00,14.05
17/09/2012 04:00,13.56
17/09/2012 05:00,13.29
17/09/2012 06:00,13.58
17/09/2012 07:00,14.16
17/09/2012 08:00,14.48
17/09/2012 09:00,15.56
17/09/2012 10:00,16.96
17/09/2012 11:00,17.46
17/09/2012 12:00,18.39
17/09/2012 13:00,18.72
17/09/2012 14:00,17.73
17/09/2012 15:00,17.58
17/09/2012 16:00,17.44
17/09/2012 17:00,17.33
17/09/2012 18:00,17.13
17/09/2012 19:00,16.13
17/09/2012 20:00,15.17
17/09/2012 21:00,15.06
17/09/2012 22:00,15.11
17/09/2012 23:00,14.62
18/09/2012 00:00,14.06
18/09/2012 01:00,13.12
18/09/2012 02:00,12.53
18/09/2012 03:00,12.07
18/09/2012 04:00,12.39
18/09/2012 05:00,11.9
18/09/2012 06:00,11.43
18/09/2012 07:00,11.67
18/09/2012 08:00,12.73
18/09/2012 09:00,14.33
18/09/2012 10:00,15.14
18/09/2012 11:00,16.14
18/09/2012 12:00,15.93
18/09/2012 13:00,17.19
18/09/2012 14:00,17.16
18/09/2012 15:00,16.77
18/09/2012 16:00,16.97
18/09/2012 17:00,16.07
18/09/2012 18:00,14.88
18/09/2012 19:00,13.79
18/09/2012 20:00,12.55
18/09/2012 21:00,11.55
18/09/2012 22:00,10.97
18/09/2012 23:00,9.95
19/09/2012 00:00,9.23
19/09/2012 01:00,8.74
19/09/2012 02:00,8.21
19/09/2012 03:00,7.72
19/09/2012 04:00,7.56
19/09/2012 05:00,7.41
19/09/2012 06:00,7.35
19/09/2012 07:00,8.13
19/09/2012 08:00,10.19
19/09/2012 09:00,11.85
19/09/2012 10:00,14.06
19/09/2012 11:00,15.05
19/09/2012 12:00,16.01
19/09/2012 13:00,15.43
19/09/2012 14:00,16.08
19/09/2012 15:00,16.01
19/09/2012 16:00,16.3
19/09/2012 17:00,15.55
19/09/2012 18:00,14.24
19/09/2012 19:00,12.85
19/09/2012 20:00,12.71
19/09/2012 21:00,12.56
19/09/2012 22:00,11.19
19/09/2012 23:00,10.49
20/09/2012 00:00,9.12
20/09/2012 01:00,9.07
20/09/2012 02:00,9.33
20/09/2012 03:00,9.08
20/09/2012 04:00,9.15
20/09/2012 05:00,9.21
20/09/2012 06:00,9.18
20/09/2012 07:00,10.33
20/09/2012 08:00,12.06
20/09/2012 09:00,13.71
20/09/2012 10:00,14.99
20/09/2012 11:00,16.48
20/09/2012 12:00,17.38
20/09/2012 13:00,16.95
20/09/2012 14:00,16.94
20/09/2012 15:00,16.51
20/09/2012 16:00,16.36
20/09/2012 17:00,15.67
20/09/2012 18:00,14.66
20/09/2012 19:00,13.99
20/09/2012 20:00,13.79
20/09/2012 21:00,13.34
20/09/2012 22:00,12.75
20/09/2012 23:00,12.19
21/09/2012 00:00,11.66
21/09/2012 01:00,11.26
21/09/2012 02:00,11.21
21/09/2012 03:00,10.83
21/09/2012 04:00,10.73
21/09/2012 05:00,10.65
21/09/2012 06:00,10.34
21/09/2012 07:00,10.92
21/09/2012 08:00,12.52
21/09/2012 09:00,13.75
21/09/2012 10:00,14.75
21/09/2012 11:00,15.25
21/09/2012 12:00,14.91
21/09/2012 13:00,15.46
21/09/2012 14:00,16.02
21/09/2012 15:00,16.32
21/09/2012 16:00,15.7
21/09/2012 17:00,15.28
21/09/2012 18:00,13.43
21/09/2012 19:00,12.54
21/09/2012 20:00,11.99
21/09/2012 21:00,11.52
21/09/2012 22:00,11.25
21/09/2012 23:00,11.16
22/09/2012 00:00,10.63
22/09/2012 01:00,10.02
22/09/2012 02:00,8.97
22/09/2012 03:00,8.31
22/09/2012 04:00,7.71
22/09/2012 05:00,7.09
22/09/2012 06:00,6.59
22/09/2012 07:00,7.38
22/09/2012 08:00,8.64
22/09/2012 09:00,10.49
22/09/2012 10:00,12.11
22/09/2012 11:00,13.48
22/09/2012 12:00,14.12
22/09/2012 13:00,15.4
22/09/2012 14:00,15.01
22/09/2012 15:00,15.62
22/09/2012 16:00,15.11
22/09/2012 17:00,13.81
22/09/2012 18:00,12.99
22/09/2012 19:00,12.5
22/09/2012 20:00,11.53
22/09/2012 21:00,11.01
22/09/2012 22:00,11.32
22/09/2012 23:00,10.63
23/09/2012 00:00,9.74
23/09/2012 01:00,9.35
23/09/2012 02:00,9.21
23/09/2012 03:00,8.85
23/09/2012 04:00,9.02
23/09/2012 05:00,9.57
23/09/2012 06:00,10.18
23/09/2012 07:00,10.73
23/09/2012 08:00,11.43
23/09/2012 09:00,12.31
23/09/2012 10:00,11.94
23/09/2012 11:00,11.85
23/09/2012 12:00,11.45
23/09/2012 13:00,10.84
23/09/2012 14:00,10.86
23/09/2012 15:00,10.83
23/09/2012 16:00,10.92
23/09/2012 17:00,10.83
23/09/2012 18:00,10.96
23/09/2012 19:00,11.39
23/09/2012 20:00,11.87
23/09/2012 21:00,11.95
23/09/2012 22:00,12.03
23/09/2012 23:00,12.11
24/09/2012 00:00,12.11
24/09/2012 01:00,12.12
24/09/2012 02:00,12.15
24/09/2012 03:00,12.19
24/09/2012 04:00,12.59
24/09/2012 05:00,12.74
24/09/2012 06:00,13.24
24/09/2012 07:00,13.83
24/09/2012 08:00,14.42
24/09/2012 09:00,14.88
24/09/2012 10:00,14.71
24/09/2012 11:00,12.72
24/09/2012 12:00,12.17
24/09/2012 13:00,12.24
24/09/2012 14:00,13.19
24/09/2012 15:00,13.91
24/09/2012 16:00,15.2
24/09/2012 17:00,15.01
24/09/2012 18:00,13.97
24/09/2012 19:00,13.35
24/09/2012 20:00,12.44
24/09/2012 21:00,11.88
24/09/2012 22:00,11.51
24/09/2012 23:00,11.41
25/09/2012 00:00,10.93
25/09/2012 01:00,10.81
25/09/2012 02:00,10.27
25/09/2012 03:00,10.2
25/09/2012 04:00,10.21
25/09/2012 05:00,9.81
25/09/2012 06:00,9.74
25/09/2012 07:00,10.46
25/09/2012 08:00,12.18
25/09/2012 09:00,13.36
25/09/2012 10:00,14.6
25/09/2012 11:00,14.61
25/09/2012 12:00,15.47
25/09/2012 13:00,14.92
25/09/2012 14:00,15.29
25/09/2012 15:00,15.19
25/09/2012 16:00,14.66
25/09/2012 17:00,13.9
25/09/2012 18:00,12.97
25/09/2012 19:00,12.38
25/09/2012 20:00,11.86
25/09/2012 21:00,11.73
25/09/2012 22:00,11.81
25/09/2012 23:00,11.27
26/09/2012 00:00,11.18
26/09/2012 01:00,11.32
26/09/2012 02:00,10.93
26/09/2012 03:00,10.07
26/09/2012 04:00,10.78
26/09/2012 05:00,10.46
26/09/2012 06:00,10.54
26/09/2012 07:00,10.93
26/09/2012 08:00,11.54
26/09/2012 09:00,12.59
26/09/2012 10:00,13.21
26/09/2012 11:00,13.44
26/09/2012 12:00,13.88
26/09/2012 13:00,13.62
26/09/2012 14:00,14.17
26/09/2012 15:00,15.14
26/09/2012 16:00,15.11
26/09/2012 17:00,14.31
26/09/2012 18:00,12.88
26/09/2012 19:00,11.63
26/09/2012 20:00,11
26/09/2012 21:00,10.83
26/09/2012 22:00,10.76
26/09/2012 23:00,10.66
27/09/2012 00:00,10.57
27/09/2012 01:00,11.15
27/09/2012 02:00,11.62
27/09/2012 03:00,11.78
27/09/2012 04:00,11.8
27/09/2012 05:00,11.84
27/09/2012 06:00,11.81
27/09/2012 07:00,11.81
27/09/2012 08:00,11.87
27/09/2012 09:00,12.68
27/09/2012 10:00,13.04
27/09/2012 11:00,14.16
27/09/2012 12:00,15.09
27/09/2012 13:00,15.47
27/09/2012 14:00,16.41
27/09/2012 15:00,15.96
27/09/2012 16:00,16.61
27/09/2012 17:00,15.06
27/09/2012 18:00,13.36
27/09/2012 19:00,11.78
27/09/2012 20:00,11.1
27/09/2012 21:00,10.86
27/09/2012 22:00,10.78
27/09/2012 23:00,10.82
28/09/2012 00:00,10.64
28/09/2012 01:00,9.77
28/09/2012 02:00,9.22
28/09/2012 03:00,9.11
28/09/2012 04:00,9.03
28/09/2012 05:00,9.09
28/09/2012 06:00,10.15
28/09/2012 07:00,10.93
28/09/2012 08:00,12.5
28/09/2012 09:00,13.72
28/09/2012 10:00,14.65
28/09/2012 11:00,15.93
28/09/2012 12:00,16.62
28/09/2012 13:00,17.07
28/09/2012 14:00,14.55
28/09/2012 15:00,13.43
28/09/2012 16:00,13.77
28/09/2012 17:00,13.32
28/09/2012 18:00,12.99
28/09/2012 19:00,12.52
28/09/2012 20:00,12.43
28/09/2012 21:00,11.94
28/09/2012 22:00,11.45
28/09/2012 23:00,11.01
29/09/2012 00:00,10.51
29/09/2012 01:00,10.59
29/09/2012 02:00,10.36
29/09/2012 03:00,9.86
29/09/2012 04:00,9.32
29/09/2012 05:00,8.78
29/09/2012 06:00,8.74
29/09/2012 07:00,8.97
29/09/2012 08:00,10.57
29/09/2012 09:00,12.1
29/09/2012 10:00,13.46
29/09/2012 11:00,14.44
29/09/2012 12:00,14.62
29/09/2012 13:00,15.83
29/09/2012 14:00,15.12
29/09/2012 15:00,15.59
29/09/2012 16:00,14.64
29/09/2012 17:00,13.63
29/09/2012 18:00,11.85
29/09/2012 19:00,10.13
29/09/2012 20:00,9.92
29/09/2012 21:00,9.26
29/09/2012 22:00,8.71
29/09/2012 23:00,8.17
30/09/2012 00:00,7.67
30/09/2012 01:00,7.49
30/09/2012 02:00,7.04
30/09/2012 03:00,6.55
30/09/2012 04:00,6.42
30/09/2012 05:00,6.9
30/09/2012 06:00,7.86
30/09/2012 07:00,9.14
30/09/2012 08:00,10.89
30/09/2012 09:00,13
30/09/2012 10:00,13.77
30/09/2012 11:00,14.82
30/09/2012 12:00,15.64
30/09/2012 13:00,16.46
30/09/2012 14:00,16.39
30/09/2012 15:00,16.24
30/09/2012 16:00,15.34
30/09/2012 17:00,14.73
30/09/2012 18:00,14.71
30/09/2012 19:00,14.35
30/09/2012 20:00,14.33
30/09/2012 21:00,14.32
30/09/2012 22:00,14.29
30/09/2012 23:00,14.27
01/10/2012 00:00,14.18
01/10/2012 01:00,14.24
01/10/2012 02:00,14.24
01/10/2012 03:00,14.13
01/10/2012 04:00,13.78
01/10/2012 05:00,13.66
01/10/2012 06:00,13.69
01/10/2012 07:00,13.88
01/10/2012 08:00,14.38
01/10/2012 09:00,14.62
01/10/2012 10:00,15.21
01/10/2012 11:00,14.58
01/10/2012 12:00,14.24
01/10/2012 13:00,14.63
01/10/2012 14:00,14.86
01/10/2012 15:00,16.03
01/10/2012 16:00,16.24
01/10/2012 17:00,14.88
01/10/2012 18:00,14.08
01/10/2012 19:00,13.61
01/10/2012 20:00,13.52
01/10/2012 21:00,12.94
01/10/2012 22:00,12.37
01/10/2012 23:00,11.88
02/10/2012 00:00,11.78
02/10/2012 01:00,11.37
02/10/2012 02:00,10.89
02/10/2012 03:00,10.87
02/10/2012 04:00,10.94
02/10/2012 05:00,11.48
02/10/2012 06:00,11.85
02/10/2012 07:00,11.97
02/10/2012 08:00,13.01
02/10/2012 09:00,13.63
02/10/2012 10:00,14.96
02/10/2012 11:00,15.99
02/10/2012 12:00,16.32
02/10/2012 13:00,16.44
02/10/2012 14:00,16.42
02/10/2012 15:00,16.11
02/10/2012 16:00,15.09
02/10/2012 17:00,14.6
02/10/2012 18:00,14.05
02/10/2012 19:00,13.23
02/10/2012 20:00,13.24
02/10/2012 21:00,13.29
02/10/2012 22:00,13.29
02/10/2012 23:00,13.68
03/10/2012 00:00,14.03
03/10/2012 01:00,13.1
03/10/2012 02:00,12.62
03/10/2012 03:00,12.57
03/10/2012 04:00,12.09
03/10/2012 05:00,11.91
03/10/2012 06:00,11.06
03/10/2012 07:00,11.13
03/10/2012 08:00,12.04
03/10/2012 09:00,12.75
03/10/2012 10:00,14.12
03/10/2012 11:00,12.97
03/10/2012 12:00,13.78
03/10/2012 13:00,14.06
03/10/2012 14:00,14.13
03/10/2012 15:00,14.34
03/10/2012 16:00,13.49
03/10/2012 17:00,12.94
03/10/2012 18:00,12.24
03/10/2012 19:00,11.92
03/10/2012 20:00,9.52
03/10/2012 21:00,9.35
03/10/2012 22:00,9.44
03/10/2012 23:00,9.42
04/10/2012 00:00,9.72
04/10/2012 01:00,9.13
04/10/2012 02:00,8.21
04/10/2012 03:00,7.86
04/10/2012 04:00,7.54
04/10/2012 05:00,7.49
04/10/2012 06:00,7.19
04/10/2012 07:00,7.43
04/10/2012 08:00,8.74
04/10/2012 09:00,10.79
04/10/2012 10:00,13.02
04/10/2012 11:00,14.53
04/10/2012 12:00,14.64
04/10/2012 13:00,14.46
04/10/2012 14:00,14.93
04/10/2012 15:00,14.84
04/10/2012 16:00,14.99
04/10/2012 17:00,13.99
04/10/2012 18:00,13.41
04/10/2012 19:00,12.82
04/10/2012 20:00,12.32
04/10/2012 21:00,12.43
04/10/2012 22:00,12.38
04/10/2012 23:00,11.51
05/10/2012 00:00,10.98
05/10/2012 01:00,11.02
05/10/2012 02:00,11.34
05/10/2012 03:00,13.4
05/10/2012 04:00,15.02
05/10/2012 05:00,15.6
05/10/2012 06:00,13.33
05/10/2012 07:00,11.47
05/10/2012 08:00,12.06
05/10/2012 09:00,12.74
05/10/2012 10:00,13.8
05/10/2012 11:00,15.49
05/10/2012 12:00,15.17
05/10/2012 13:00,15.09
05/10/2012 14:00,14.56
05/10/2012 15:00,14.02
05/10/2012 16:00,12.94
05/10/2012 17:00,11.56
05/10/2012 18:00,10.91
05/10/2012 19:00,9.94
05/10/2012 20:00,9.52
05/10/2012 21:00,9.33
05/10/2012 22:00,9.16
05/10/2012 23:00,8.76
06/10/2012 00:00,8.76
06/10/2012 01:00,8.66
06/10/2012 02:00,8.47
06/10/2012 03:00,8.08
06/10/2012 04:00,7.67
06/10/2012 05:00,7.66
06/10/2012 06:00,7.63
06/10/2012 07:00,7.61
06/10/2012 08:00,8.26
06/10/2012 09:00,9.38
06/10/2012 10:00,11.36
06/10/2012 11:00,12.59
06/10/2012 12:00,14.33
06/10/2012 13:00,14.48
06/10/2012 14:00,14.65
06/10/2012 15:00,14.89
06/10/2012 16:00,14.11
06/10/2012 17:00,13.32
06/10/2012 18:00,11.26
06/10/2012 19:00,10.27
06/10/2012 20:00,9.17
06/10/2012 21:00,8.81
06/10/2012 22:00,8.5
06/10/2012 23:00,7.61
07/10/2012 00:00,7.19
07/10/2012 01:00,6.71
07/10/2012 02:00,6.63
07/10/2012 03:00,6.15
07/10/2012 04:00,5.67
07/10/2012 05:00,5.41
07/10/2012 06:00,5.27
07/10/2012 07:00,5.54
07/10/2012 08:00,7.33
07/10/2012 09:00,9.16
07/10/2012 10:00,11.45
07/10/2012 11:00,13.19
07/10/2012 12:00,13.62
07/10/2012 13:00,13.43
07/10/2012 14:00,13.31
07/10/2012 15:00,13.64
07/10/2012 16:00,13.52
07/10/2012 17:00,12.44
07/10/2012 18:00,11.66
07/10/2012 19:00,11.07
07/10/2012 20:00,10.96
07/10/2012 21:00,10.39
07/10/2012 22:00,9.49
07/10/2012 23:00,9.51
08/10/2012 00:00,9.87
08/10/2012 01:00,10.56
08/10/2012 02:00,10.69
08/10/2012 03:00,10.85
08/10/2012 04:00,10.87
08/10/2012 05:00,11.28
08/10/2012 06:00,11.35
08/10/2012 07:00,11.36
08/10/2012 08:00,11.59
08/10/2012 09:00,11.63
08/10/2012 10:00,11.58
08/10/2012 11:00,11.78
08/10/2012 12:00,12.1
08/10/2012 13:00,12.13
08/10/2012 14:00,12.22
08/10/2012 15:00,12.13
08/10/2012 16:00,12.08
08/10/2012 17:00,12.04
08/10/2012 18:00,12.04
08/10/2012 19:00,12.06
08/10/2012 20:00,12.15
08/10/2012 21:00,12.02
08/10/2012 22:00,11.99
08/10/2012 23:00,11.61
09/10/2012 00:00,11.9
09/10/2012 01:00,11.86
09/10/2012 02:00,11.62
09/10/2012 03:00,10.62
09/10/2012 04:00,9.71
09/10/2012 05:00,9.29
09/10/2012 06:00,9.16
09/10/2012 07:00,9.07
09/10/2012 08:00,9.74
09/10/2012 09:00,10.59
09/10/2012 10:00,12.34
09/10/2012 11:00,12.51
09/10/2012 12:00,13.11
09/10/2012 13:00,14.23
09/10/2012 14:00,13.48
09/10/2012 15:00,13.34
09/10/2012 16:00,12.86
09/10/2012 17:00,12.34
09/10/2012 18:00,11.77
09/10/2012 19:00,11.19
09/10/2012 20:00,10.82
09/10/2012 21:00,10.95
09/10/2012 22:00,10.52
09/10/2012 23:00,10.02
10/10/2012 00:00,9.56
10/10/2012 01:00,9.42
10/10/2012 02:00,9.72
10/10/2012 03:00,9.22
10/10/2012 04:00,8.72
10/10/2012 05:00,7.88
10/10/2012 06:00,7.04
10/10/2012 07:00,7.67
10/10/2012 08:00,9.1
10/10/2012 09:00,10.35
10/10/2012 10:00,12.71
10/10/2012 11:00,13.81
10/10/2012 12:00,13.58
10/10/2012 13:00,14.13
10/10/2012 14:00,14.12
10/10/2012 15:00,13.63
10/10/2012 16:00,13.47
10/10/2012 17:00,12.76
10/10/2012 18:00,12.13
10/10/2012 19:00,11.02
10/10/2012 20:00,10.1
10/10/2012 21:00,10
10/10/2012 22:00,10.18
10/10/2012 23:00,10.05
11/10/2012 00:00,9.63
11/10/2012 01:00,9.99
11/10/2012 02:00,9.92
11/10/2012 03:00,9.61
11/10/2012 04:00,9.93
11/10/2012 05:00,9.15
11/10/2012 06:00,9.19
11/10/2012 07:00,9.83
11/10/2012 08:00,10.83
11/10/2012 09:00,11.72
11/10/2012 10:00,12.28
11/10/2012 11:00,12.74
11/10/2012 12:00,13.31
11/10/2012 13:00,13.76
11/10/2012 14:00,14.33
11/10/2012 15:00,14.68
11/10/2012 16:00,14.78
11/10/2012 17:00,14.84
11/10/2012 18:00,14.88
11/10/2012 19:00,14.87
11/10/2012 20:00,14.87
11/10/2012 21:00,14.88
11/10/2012 22:00,14.87
11/10/2012 23:00,14.72
12/10/2012 00:00,13.61
12/10/2012 01:00,13.09
12/10/2012 02:00,12.54
12/10/2012 03:00,11.94
12/10/2012 04:00,11.47
12/10/2012 05:00,10.87
12/10/2012 06:00,10.37
12/10/2012 07:00,10.39
12/10/2012 08:00,10.29
12/10/2012 09:00,10.94
12/10/2012 10:00,12.32
12/10/2012 11:00,12.59
12/10/2012 12:00,13.86
12/10/2012 13:00,13.99
12/10/2012 14:00,13.52
12/10/2012 15:00,12.69
12/10/2012 16:00,12.46
12/10/2012 17:00,11.31
12/10/2012 18:00,10.39
12/10/2012 19:00,9.38
12/10/2012 20:00,8.93
12/10/2012 21:00,8.93
12/10/2012 22:00,8.51
12/10/2012 23:00,8.97
13/10/2012 00:00,8.78
13/10/2012 01:00,8.27
13/10/2012 02:00,7.87
13/10/2012 03:00,7.89
13/10/2012 04:00,7.74
13/10/2012 05:00,7.33
13/10/2012 06:00,6.5
13/10/2012 07:00,6.47
13/10/2012 08:00,7.84
13/10/2012 09:00,9.12
13/10/2012 10:00,10.66
13/10/2012 11:00,10.58
13/10/2012 12:00,11.43
13/10/2012 13:00,11.38
13/10/2012 14:00,11.53
13/10/2012 15:00,10.11
13/10/2012 16:00,10.27
13/10/2012 17:00,9.91
13/10/2012 18:00,9.01
13/10/2012 19:00,7.63
13/10/2012 20:00,7.01
13/10/2012 21:00,6.53
13/10/2012 22:00,6.41
13/10/2012 23:00,5.92
14/10/2012 00:00,5.69
14/10/2012 01:00,5.17
14/10/2012 02:00,4.67
14/10/2012 03:00,4.11
14/10/2012 04:00,3.62
14/10/2012 05:00,3.43
14/10/2012 06:00,2.94
14/10/2012 07:00,2.81
14/10/2012 08:00,4.42
14/10/2012 09:00,6.68
14/10/2012 10:00,9.44
14/10/2012 11:00,11.07
14/10/2012 12:00,11.78
14/10/2012 13:00,11.88
14/10/2012 14:00,12.32
14/10/2012 15:00,11.98
14/10/2012 16:00,11.43
14/10/2012 17:00,10.72
14/10/2012 18:00,9.65
14/10/2012 19:00,9.06
14/10/2012 20:00,8.9
14/10/2012 21:00,8.99
14/10/2012 22:00,8.15
14/10/2012 23:00,6.76
15/10/2012 00:00,5.78
15/10/2012 01:00,4.78
15/10/2012 02:00,4.29
15/10/2012 03:00,4.09
15/10/2012 04:00,4.16
15/10/2012 05:00,4.73
15/10/2012 06:00,5.31
15/10/2012 07:00,5.24
15/10/2012 08:00,7.15
15/10/2012 09:00,9.21
15/10/2012 10:00,10.47
15/10/2012 11:00,11.67
15/10/2012 12:00,12.27
15/10/2012 13:00,12.66
15/10/2012 14:00,13.03
15/10/2012 15:00,12.62
15/10/2012 16:00,12.51
15/10/2012 17:00,11.57
15/10/2012 18:00,12.17
15/10/2012 19:00,11.78
15/10/2012 20:00,11.38
15/10/2012 21:00,11.77
15/10/2012 22:00,11.46
15/10/2012 23:00,11.56
16/10/2012 00:00,11.61
16/10/2012 01:00,11.67
16/10/2012 02:00,12.09
16/10/2012 03:00,10.95
16/10/2012 04:00,10.21
16/10/2012 05:00,9.81
16/10/2012 06:00,9.86
16/10/2012 07:00,10.32
16/10/2012 08:00,10.9
16/10/2012 09:00,11.96
16/10/2012 10:00,12.99
16/10/2012 11:00,13.59
16/10/2012 12:00,14.08
16/10/2012 13:00,14.34
16/10/2012 14:00,14.74
16/10/2012 15:00,14.64
16/10/2012 16:00,13.67
16/10/2012 17:00,12.39
16/10/2012 18:00,11.22
16/10/2012 19:00,10.53
16/10/2012 20:00,10.02
16/10/2012 21:00,9.06
16/10/2012 22:00,9.13
16/10/2012 23:00,8.8
17/10/2012 00:00,9.56
17/10/2012 01:00,10.33
17/10/2012 02:00,10.98
17/10/2012 03:00,10.95
17/10/2012 04:00,10.6
17/10/2012 05:00,11.57
17/10/2012 06:00,12.81
17/10/2012 07:00,12.8
17/10/2012 08:00,12.89
17/10/2012 09:00,14.34
17/10/2012 10:00,15.18
17/10/2012 11:00,15.92
17/10/2012 12:00,15.63
17/10/2012 13:00,16.6
17/10/2012 14:00,14.91
17/10/2012 15:00,15.39
17/10/2012 16:00,14.18
17/10/2012 17:00,14.08
17/10/2012 18:00,14.02
17/10/2012 19:00,12.9
17/10/2012 20:00,13.18
17/10/2012 21:00,13.11
17/10/2012 22:00,13.12
17/10/2012 23:00,12.71
18/10/2012 00:00,13.09
18/10/2012 01:00,13.08
18/10/2012 02:00,12.67
18/10/2012 03:00,12.69
18/10/2012 04:00,12.66
18/10/2012 05:00,12.99
18/10/2012 06:00,12.59
18/10/2012 07:00,12.15
18/10/2012 08:00,12.73
18/10/2012 09:00,13.67
18/10/2012 10:00,14.63
18/10/2012 11:00,14.79
18/10/2012 12:00,15.21
18/10/2012 13:00,15.43
18/10/2012 14:00,15.85
18/10/2012 15:00,16.04
18/10/2012 16:00,15.1
18/10/2012 17:00,14.11
18/10/2012 18:00,14.05
18/10/2012 19:00,14.03
18/10/2012 20:00,14.02
18/10/2012 21:00,13.69
18/10/2012 22:00,13.6
18/10/2012 23:00,13.21
19/10/2012 00:00,12.93
19/10/2012 01:00,12.48
19/10/2012 02:00,12.4
19/10/2012 03:00,11.98
19/10/2012 04:00,11.98
19/10/2012 05:00,12.03
19/10/2012 06:00,11.99
19/10/2012 07:00,12.01
19/10/2012 08:00,12.49
19/10/2012 09:00,12.92
19/10/2012 10:00,12.99
19/10/2012 11:00,13.01
19/10/2012 12:00,12.92
19/10/2012 13:00,12.5
19/10/2012 14:00,12.13
19/10/2012 15:00,12.51
19/10/2012 16:00,12.09
19/10/2012 17:00,12.06
19/10/2012 18:00,12.13
19/10/2012 19:00,12.19
19/10/2012 20:00,12.19
19/10/2012 21:00,12.16
19/10/2012 22:00,12.08
19/10/2012 23:00,11.97
20/10/2012 00:00,11.91
20/10/2012 01:00,11.45
20/10/2012 02:00,10.97
20/10/2012 03:00,10.78
20/10/2012 04:00,10.19
20/10/2012 05:00,10.2
20/10/2012 06:00,9.71
20/10/2012 07:00,9.57
20/10/2012 08:00,9.82
20/10/2012 09:00,10.32
20/10/2012 10:00,11.41
20/10/2012 11:00,12.45
20/10/2012 12:00,13.06
20/10/2012 13:00,13.97
20/10/2012 14:00,14.01
20/10/2012 15:00,13.6
20/10/2012 16:00,12.67
20/10/2012 17:00,12.56
20/10/2012 18:00,12.83
20/10/2012 19:00,12.35
20/10/2012 20:00,11.91
20/10/2012 21:00,11.47
20/10/2012 22:00,11.32
20/10/2012 23:00,11.28
21/10/2012 00:00,10.87
21/10/2012 01:00,10.66
21/10/2012 02:00,10.31
21/10/2012 03:00,10.21
21/10/2012 04:00,10.22
21/10/2012 05:00,10.21
21/10/2012 06:00,10.19
21/10/2012 07:00,10.24
21/10/2012 08:00,10.4
21/10/2012 09:00,10.88
21/10/2012 10:00,11.43
21/10/2012 11:00,11.91
21/10/2012 12:00,12.41
21/10/2012 13:00,12.4
21/10/2012 14:00,12.39
21/10/2012 15:00,12.37
21/10/2012 16:00,12.03
21/10/2012 17:00,11.94
21/10/2012 18:00,11.62
21/10/2012 19:00,11.6
21/10/2012 20:00,12.01
21/10/2012 21:00,12.01
21/10/2012 22:00,11.99
21/10/2012 23:00,12.02
22/10/2012 00:00,12.11
22/10/2012 01:00,12.51
22/10/2012 02:00,12.53
22/10/2012 03:00,12.59
22/10/2012 04:00,12.63
22/10/2012 05:00,12.68
22/10/2012 06:00,12.78
22/10/2012 07:00,13.14
22/10/2012 08:00,13.16
22/10/2012 09:00,13.67
22/10/2012 10:00,13.86
22/10/2012 11:00,14.22
22/10/2012 12:00,14.27
22/10/2012 13:00,14.32
22/10/2012 14:00,14.46
22/10/2012 15:00,14.73
22/10/2012 16:00,14.63
22/10/2012 17:00,14.61
22/10/2012 18:00,14.57
22/10/2012 19:00,14.56
22/10/2012 20:00,14.56
22/10/2012 21:00,14.12
22/10/2012 22:00,14.08
22/10/2012 23:00,14.05
23/10/2012 00:00,13.67
23/10/2012 01:00,13.57
23/10/2012 02:00,13.57
23/10/2012 03:00,13.14
23/10/2012 04:00,13.01
23/10/2012 05:00,12.98
23/10/2012 06:00,12.54
23/10/2012 07:00,12.51
23/10/2012 08:00,12.46
23/10/2012 09:00,12.49
23/10/2012 10:00,12.51
23/10/2012 11:00,12.7
23/10/2012 12:00,12.94
23/10/2012 13:00,13.08
23/10/2012 14:00,13.13
23/10/2012 15:00,13.41
23/10/2012 16:00,13.51
23/10/2012 17:00,13.51
23/10/2012 18:00,13.48
23/10/2012 19:00,13.52
23/10/2012 20:00,13.47
23/10/2012 21:00,13.5
23/10/2012 22:00,13.47
23/10/2012 23:00,13.53
24/10/2012 00:00,13.13
24/10/2012 01:00,13.57
24/10/2012 02:00,13.54
24/10/2012 03:00,13.45
24/10/2012 04:00,13.45
24/10/2012 05:00,13.09
24/10/2012 06:00,13.08
24/10/2012 07:00,13.13
24/10/2012 08:00,13.54
24/10/2012 09:00,14.08
24/10/2012 10:00,14.59
24/10/2012 11:00,14.91
24/10/2012 12:00,15.18
24/10/2012 13:00,15.7
24/10/2012 14:00,16.18
24/10/2012 15:00,16.1
24/10/2012 16:00,15.53
24/10/2012 17:00,14.81
24/10/2012 18:00,14.01
24/10/2012 19:00,14
24/10/2012 20:00,13.98
24/10/2012 21:00,13.99
24/10/2012 22:00,13.92
24/10/2012 23:00,13.6
25/10/2012 00:00,13.58
25/10/2012 01:00,13.61
25/10/2012 02:00,13.21
25/10/2012 03:00,13.13
25/10/2012 04:00,13.1
25/10/2012 05:00,13.06
25/10/2012 06:00,12.97
25/10/2012 07:00,12.94
25/10/2012 08:00,13.28
25/10/2012 09:00,12.89
25/10/2012 10:00,12.51
25/10/2012 11:00,12.51
25/10/2012 12:00,12.48
25/10/2012 13:00,12.91
25/10/2012 14:00,12.89
25/10/2012 15:00,12.78
25/10/2012 16:00,12.29
25/10/2012 17:00,12.23
25/10/2012 18:00,11.24
25/10/2012 19:00,10.6
25/10/2012 20:00,10.15
25/10/2012 21:00,10.16
25/10/2012 22:00,10.09
25/10/2012 23:00,10.11
26/10/2012 00:00,9.74
26/10/2012 01:00,9.71
26/10/2012 02:00,9.64
26/10/2012 03:00,9.14
26/10/2012 04:00,9.1
26/10/2012 05:00,8.62
26/10/2012 06:00,8.96
26/10/2012 07:00,8.5
26/10/2012 08:00,8.62
26/10/2012 09:00,8.51
26/10/2012 10:00,8.39
26/10/2012 11:00,8.54
26/10/2012 12:00,8.49
26/10/2012 13:00,8.47
26/10/2012 14:00,8.78
26/10/2012 15:00,7.29
26/10/2012 16:00,7.03
26/10/2012 17:00,7.23
26/10/2012 18:00,6.63
26/10/2012 19:00,6.46
26/10/2012 20:00,5.61
26/10/2012 21:00,5.16
26/10/2012 22:00,4.19
26/10/2012 23:00,4.01
27/10/2012 00:00,3.46
27/10/2012 01:00,3.38
27/10/2012 02:00,2.92
27/10/2012 03:00,2.49
27/10/2012 04:00,2.93
27/10/2012 05:00,2.84
27/10/2012 06:00,2.53
27/10/2012 07:00,2.54
27/10/2012 08:00,3.56
27/10/2012 09:00,5.18
27/10/2012 10:00,6.36
27/10/2012 11:00,7.28
27/10/2012 12:00,7.68
27/10/2012 13:00,7.41
27/10/2012 14:00,7.36
27/10/2012 15:00,7.02
27/10/2012 16:00,6.61
27/10/2012 17:00,5.32
27/10/2012 18:00,5.16
27/10/2012 19:00,4.41
27/10/2012 20:00,4.65
27/10/2012 21:00,4.96
27/10/2012 22:00,4.87
27/10/2012 23:00,4.32
28/10/2012 00:00,3.76
28/10/2012 01:00,2.85
28/10/2012 02:00,1.99
28/10/2012 03:00,1.79
28/10/2012 04:00,1.43
28/10/2012 05:00,1.87
28/10/2012 06:00,2.06
28/10/2012 07:00,2.64
28/10/2012 08:00,3
28/10/2012 09:00,5.03
28/10/2012 10:00,6.45
28/10/2012 11:00,7.01
28/10/2012 12:00,7.19
28/10/2012 13:00,8.22
28/10/2012 14:00,8.7
28/10/2012 15:00,9.17
28/10/2012 16:00,9.11
28/10/2012 17:00,9.06
28/10/2012 18:00,8.99
28/10/2012 19:00,8.54
28/10/2012 20:00,8.12
28/10/2012 21:00,8.05
28/10/2012 22:00,7.68
28/10/2012 23:00,7.68
29/10/2012 00:00,7.67
29/10/2012 01:00,7.66
29/10/2012 02:00,7.68
29/10/2012 03:00,7.66
29/10/2012 04:00,7.66
29/10/2012 05:00,7.71
29/10/2012 06:00,8.11
29/10/2012 07:00,8.18
29/10/2012 08:00,8.66
29/10/2012 09:00,9.37
29/10/2012 10:00,10.48
29/10/2012 11:00,11.83
29/10/2012 12:00,12.4
29/10/2012 13:00,12.36
29/10/2012 14:00,12.16
29/10/2012 15:00,11.81
29/10/2012 16:00,11.55
29/10/2012 17:00,10.7
29/10/2012 18:00,10.15
29/10/2012 19:00,9.73
29/10/2012 20:00,9.27
29/10/2012 21:00,9.21
29/10/2012 22:00,8.58
29/10/2012 23:00,8.03
30/10/2012 00:00,8.03
30/10/2012 01:00,7.57
30/10/2012 02:00,7.49
30/10/2012 03:00,7.46
30/10/2012 04:00,7.03
30/10/2012 05:00,6.51
30/10/2012 06:00,6.04
30/10/2012 07:00,5.57
30/10/2012 08:00,5.66
30/10/2012 09:00,6.78
30/10/2012 10:00,8.56
30/10/2012 11:00,9.52
30/10/2012 12:00,9.47
30/10/2012 13:00,10.92
30/10/2012 14:00,9.84
30/10/2012 15:00,9.66
30/10/2012 16:00,9.11
30/10/2012 17:00,7.54
30/10/2012 18:00,7.41
30/10/2012 19:00,7.02
30/10/2012 20:00,7.28
30/10/2012 21:00,7.04
30/10/2012 22:00,7.36
30/10/2012 23:00,7.67
31/10/2012 00:00,7.65
31/10/2012 01:00,6.93
31/10/2012 02:00,6.45
31/10/2012 03:00,6.63
31/10/2012 04:00,6.76
31/10/2012 05:00,7.24
31/10/2012 06:00,6.9
31/10/2012 07:00,6.97
31/10/2012 08:00,8.16
31/10/2012 09:00,8.97
31/10/2012 10:00,10.39
31/10/2012 11:00,11.26
31/10/2012 12:00,12.36
31/10/2012 13:00,12.31
31/10/2012 14:00,11.83
31/10/2012 15:00,11.44
31/10/2012 16:00,11.39
31/10/2012 17:00,11.34
31/10/2012 18:00,11.37
31/10/2012 19:00,11.26
31/10/2012 20:00,10.87
31/10/2012 21:00,10.93
31/10/2012 22:00,10.93
31/10/2012 23:00,11.39
01/11/2012 00:00,11.46
01/11/2012 01:00,10.72
01/11/2012 02:00,8.69
01/11/2012 03:00,8.16
01/11/2012 04:00,7.57
01/11/2012 05:00,7.15
01/11/2012 06:00,7.05
01/11/2012 07:00,6.97
01/11/2012 08:00,6.85
01/11/2012 09:00,7.56
01/11/2012 10:00,7.68
01/11/2012 11:00,8.61
01/11/2012 12:00,9.42
01/11/2012 13:00,8.93
01/11/2012 14:00,8.22
01/11/2012 15:00,8.28
01/11/2012 16:00,7.95
01/11/2012 17:00,6.98
01/11/2012 18:00,6.35
01/11/2012 19:00,6.19
01/11/2012 20:00,5.23
01/11/2012 21:00,4.64
01/11/2012 22:00,4.2
01/11/2012 23:00,4.34
02/11/2012 00:00,5.25
02/11/2012 01:00,5.43
02/11/2012 02:00,5.87
02/11/2012 03:00,6.08
02/11/2012 04:00,6.25
02/11/2012 05:00,5.39
02/11/2012 06:00,4.83
02/11/2012 07:00,5.09
02/11/2012 08:00,5.04
02/11/2012 09:00,6.93
02/11/2012 10:00,8.89
02/11/2012 11:00,9.52
02/11/2012 12:00,9.76
02/11/2012 13:00,9.78
02/11/2012 14:00,9.54
02/11/2012 15:00,9.14
02/11/2012 16:00,8.07
02/11/2012 17:00,7.33
02/11/2012 18:00,6.75
02/11/2012 19:00,6.25
02/11/2012 20:00,6.05
02/11/2012 21:00,5.53
02/11/2012 22:00,5.1
02/11/2012 23:00,4.61
03/11/2012 00:00,4.07
03/11/2012 01:00,4.31
03/11/2012 02:00,3.51
03/11/2012 03:00,3.22
03/11/2012 04:00,3.28
03/11/2012 05:00,4.13
03/11/2012 06:00,5.26
03/11/2012 07:00,5.95
03/11/2012 08:00,5.81
03/11/2012 09:00,6.94
03/11/2012 10:00,8.61
03/11/2012 11:00,8.99
03/11/2012 12:00,9.45
03/11/2012 13:00,9.25
03/11/2012 14:00,9.23
03/11/2012 15:00,8.67
03/11/2012 16:00,7.97
03/11/2012 17:00,7.77
03/11/2012 18:00,6.56
03/11/2012 19:00,6.67
03/11/2012 20:00,6.28
03/11/2012 21:00,5.56
03/11/2012 22:00,4.94
03/11/2012 23:00,3.63
04/11/2012 00:00,3.14
04/11/2012 01:00,2.98
04/11/2012 02:00,2.96
04/11/2012 03:00,3.53
04/11/2012 04:00,4.39
04/11/2012 05:00,5.47
04/11/2012 06:00,5.32
04/11/2012 07:00,5.74
04/11/2012 08:00,6.1
04/11/2012 09:00,6.53
04/11/2012 10:00,7.01
04/11/2012 11:00,7.96
04/11/2012 12:00,8.67
04/11/2012 13:00,7.19
04/11/2012 14:00,5.42
04/11/2012 15:00,5.42
04/11/2012 16:00,5.29
04/11/2012 17:00,5.27
04/11/2012 18:00,5.22
04/11/2012 19:00,4.77
04/11/2012 20:00,4.94
04/11/2012 21:00,4.41
04/11/2012 22:00,3.62
04/11/2012 23:00,3.06
05/11/2012 00:00,2.94
05/11/2012 01:00,3.29
05/11/2012 02:00,3.82
05/11/2012 03:00,4.31
05/11/2012 04:00,4.88
05/11/2012 05:00,4.99
05/11/2012 06:00,5.35
05/11/2012 07:00,5.02
05/11/2012 08:00,5.07
05/11/2012 09:00,6.26
05/11/2012 10:00,7.37
05/11/2012 11:00,8.8
05/11/2012 12:00,9.15
05/11/2012 13:00,9.19
05/11/2012 14:00,9.16
05/11/2012 15:00,9.03
05/11/2012 16:00,8.27
05/11/2012 17:00,7.49
05/11/2012 18:00,6.86
05/11/2012 19:00,6.01
05/11/2012 20:00,5.51
05/11/2012 21:00,5.77
05/11/2012 22:00,4.94
05/11/2012 23:00,4.31
06/11/2012 00:00,3.46
06/11/2012 01:00,2.67
06/11/2012 02:00,2.02
06/11/2012 03:00,1.56
06/11/2012 04:00,1.08
06/11/2012 05:00,0.99
06/11/2012 06:00,0.92
06/11/2012 07:00,1.42
06/11/2012 08:00,1.69
06/11/2012 09:00,3.27
06/11/2012 10:00,5.78
06/11/2012 11:00,7.69
06/11/2012 12:00,9.16
06/11/2012 13:00,9.37
06/11/2012 14:00,9.67
06/11/2012 15:00,9.53
06/11/2012 16:00,9.04
06/11/2012 17:00,8.65
06/11/2012 18:00,8.77
06/11/2012 19:00,9.29
06/11/2012 20:00,9.23
06/11/2012 21:00,9.12
06/11/2012 22:00,8.76
06/11/2012 23:00,8.78
07/11/2012 00:00,8.71
07/11/2012 01:00,8.17
07/11/2012 02:00,7.64
07/11/2012 03:00,7.02
07/11/2012 04:00,6.48
07/11/2012 05:00,5.58
07/11/2012 06:00,5.42
07/11/2012 07:00,4.97
07/11/2012 08:00,5.59
07/11/2012 09:00,6.76
07/11/2012 10:00,8.27
07/11/2012 11:00,9.93
07/11/2012 12:00,9.32
07/11/2012 13:00,9.41
07/11/2012 14:00,9.43
07/11/2012 15:00,9.74
07/11/2012 16:00,9.61
07/11/2012 17:00,9.28
07/11/2012 18:00,8.57
07/11/2012 19:00,8.24
07/11/2012 20:00,8.57
07/11/2012 21:00,9.06
07/11/2012 22:00,9.27
07/11/2012 23:00,9.23
08/11/2012 00:00,8.69
08/11/2012 01:00,8.96
08/11/2012 02:00,8.59
08/11/2012 03:00,7.82
08/11/2012 04:00,7.81
08/11/2012 05:00,8.3
08/11/2012 06:00,8.68
08/11/2012 07:00,8.66
08/11/2012 08:00,9.08
08/11/2012 09:00,9.36
08/11/2012 10:00,10.39
08/11/2012 11:00,12.18
08/11/2012 12:00,12.34
08/11/2012 13:00,11.98
08/11/2012 14:00,12.01
08/11/2012 15:00,11.54
08/11/2012 16:00,11.3
08/11/2012 17:00,11.16
08/11/2012 18:00,10.56
08/11/2012 19:00,9.72
08/11/2012 20:00,8.81
08/11/2012 21:00,9.61
08/11/2012 22:00,9.56
08/11/2012 23:00,9.48
09/11/2012 00:00,8.62
09/11/2012 01:00,8.58
09/11/2012 02:00,8.52
09/11/2012 03:00,8.13
09/11/2012 04:00,8.53
09/11/2012 05:00,8.47
09/11/2012 06:00,8.54
09/11/2012 07:00,8.23
09/11/2012 08:00,8.63
09/11/2012 09:00,9.31
09/11/2012 10:00,10.59
09/11/2012 11:00,11.24
09/11/2012 12:00,10.78
09/11/2012 13:00,11
09/11/2012 14:00,11.27
09/11/2012 15:00,11.18
09/11/2012 16:00,10.5
09/11/2012 17:00,9.58
09/11/2012 18:00,9.02
09/11/2012 19:00,9.01
09/11/2012 20:00,8.94
09/11/2012 21:00,9
09/11/2012 22:00,9.03
09/11/2012 23:00,9.12
10/11/2012 00:00,9.16
10/11/2012 01:00,9.29
10/11/2012 02:00,9.74
10/11/2012 03:00,9.78
10/11/2012 04:00,10.31
10/11/2012 05:00,10.26
10/11/2012 06:00,10.14
10/11/2012 07:00,9.26
10/11/2012 08:00,8.8
10/11/2012 09:00,8.67
10/11/2012 10:00,8.71
10/11/2012 11:00,9.19
10/11/2012 12:00,9.36
10/11/2012 13:00,9.39
10/11/2012 14:00,9.78
10/11/2012 15:00,9.71
10/11/2012 16:00,9.09
10/11/2012 17:00,8.91
10/11/2012 18:00,8.43
10/11/2012 19:00,7.89
10/11/2012 20:00,6.98
10/11/2012 21:00,6.78
10/11/2012 22:00,5.81
10/11/2012 23:00,5.2
11/11/2012 00:00,4.32
11/11/2012 01:00,4.05
11/11/2012 02:00,3.57
11/11/2012 03:00,3.18
11/11/2012 04:00,2.98
11/11/2012 05:00,2.85
11/11/2012 06:00,2.39
11/11/2012 07:00,2.1
11/11/2012 08:00,2.2
11/11/2012 09:00,3.6
11/11/2012 10:00,5.79
11/11/2012 11:00,8.01
11/11/2012 12:00,9.48
11/11/2012 13:00,9.47
11/11/2012 14:00,9.87
11/11/2012 15:00,9.77
11/11/2012 16:00,8.48
11/11/2012 17:00,6.52
11/11/2012 18:00,5.51
11/11/2012 19:00,5.77
11/11/2012 20:00,5.87
11/11/2012 21:00,5.22
11/11/2012 22:00,4.91
11/11/2012 23:00,5.19
12/11/2012 00:00,5.16
12/11/2012 01:00,5.38
12/11/2012 02:00,5.26
12/11/2012 03:00,4.52
12/11/2012 04:00,4.69
12/11/2012 05:00,5.27
12/11/2012 06:00,5.74
12/11/2012 07:00,5.89
12/11/2012 08:00,6.86
12/11/2012 09:00,7.94
12/11/2012 10:00,8.96
12/11/2012 11:00,9.62
12/11/2012 12:00,9.91
12/11/2012 13:00,10.15
12/11/2012 14:00,10.39
12/11/2012 15:00,10.49
12/11/2012 16:00,10.94
12/11/2012 17:00,10.99
12/11/2012 18:00,11.61
12/11/2012 19:00,12.06
12/11/2012 20:00,12.18
12/11/2012 21:00,12.05
12/11/2012 22:00,11.95
12/11/2012 23:00,11.97
13/11/2012 00:00,11.57
13/11/2012 01:00,11.49
13/11/2012 02:00,11.4
13/11/2012 03:00,11.3
13/11/2012 04:00,10.74
13/11/2012 05:00,10.61
13/11/2012 06:00,10.22
13/11/2012 07:00,10.06
13/11/2012 08:00,10.68
13/11/2012 09:00,12.01
13/11/2012 10:00,13.01
13/11/2012 11:00,13.98
13/11/2012 12:00,14.64
13/11/2012 13:00,14.66
13/11/2012 14:00,14.64
13/11/2012 15:00,14.03
13/11/2012 16:00,13.58
13/11/2012 17:00,13.02
13/11/2012 18:00,12.96
13/11/2012 19:00,12.54
13/11/2012 20:00,12.46
13/11/2012 21:00,12.43
13/11/2012 22:00,12.39
13/11/2012 23:00,12.33
14/11/2012 00:00,11.92
14/11/2012 01:00,11.89
14/11/2012 02:00,11.38
14/11/2012 03:00,11.35
14/11/2012 04:00,11.33
14/11/2012 05:00,11.26
14/11/2012 06:00,11.13
14/11/2012 07:00,10.71
14/11/2012 08:00,10.47
14/11/2012 09:00,10.06
14/11/2012 10:00,10.36
14/11/2012 11:00,11.45
14/11/2012 12:00,12.47
14/11/2012 13:00,12.61
14/11/2012 14:00,12.62
14/11/2012 15:00,12.01
14/11/2012 16:00,10.72
14/11/2012 17:00,9.77
14/11/2012 18:00,8.76
14/11/2012 19:00,8.04
14/11/2012 20:00,7.68
14/11/2012 21:00,8.35
14/11/2012 22:00,7.97
14/11/2012 23:00,7.33
15/11/2012 00:00,6.89
15/11/2012 01:00,6.73
15/11/2012 02:00,6.71
15/11/2012 03:00,7.49
15/11/2012 04:00,7.18
15/11/2012 05:00,7.08
15/11/2012 06:00,7.12
15/11/2012 07:00,6.93
15/11/2012 08:00,6.64
15/11/2012 09:00,6.82
15/11/2012 10:00,6.97
15/11/2012 11:00,7.46
15/11/2012 12:00,8.41
15/11/2012 13:00,8.97
15/11/2012 14:00,9.07
15/11/2012 15:00,8.66
15/11/2012 16:00,7.78
15/11/2012 17:00,6.98
15/11/2012 18:00,6.79
15/11/2012 19:00,6.75
15/11/2012 20:00,6.63
15/11/2012 21:00,6.74
15/11/2012 22:00,6.8
15/11/2012 23:00,6.45
16/11/2012 00:00,6.41
16/11/2012 01:00,6.38
16/11/2012 02:00,6.37
16/11/2012 03:00,6.34
16/11/2012 04:00,6.3
16/11/2012 05:00,6.32
16/11/2012 06:00,6.34
16/11/2012 07:00,5.91
16/11/2012 08:00,5.96
16/11/2012 09:00,6.41
16/11/2012 10:00,6.65
16/11/2012 11:00,7.1
16/11/2012 12:00,7.58
16/11/2012 13:00,8.05
16/11/2012 14:00,8.14
16/11/2012 15:00,8.73
16/11/2012 16:00,8.59
16/11/2012 17:00,8.63
16/11/2012 18:00,8.64
16/11/2012 19:00,9.11
16/11/2012 20:00,9.16
16/11/2012 21:00,9.08
16/11/2012 22:00,9.19
16/11/2012 23:00,8.94
17/11/2012 00:00,9.79
17/11/2012 01:00,10.23
17/11/2012 02:00,10.46
17/11/2012 03:00,10.96
17/11/2012 04:00,11.54
17/11/2012 05:00,11.96
17/11/2012 06:00,12.02
17/11/2012 07:00,12.07
17/11/2012 08:00,12.44
17/11/2012 09:00,12.02
17/11/2012 10:00,11.91
17/11/2012 11:00,10.93
17/11/2012 12:00,11.33
17/11/2012 13:00,10.87
17/11/2012 14:00,10.82
17/11/2012 15:00,10.23
17/11/2012 16:00,10.08
17/11/2012 17:00,9.59
17/11/2012 18:00,9.52
17/11/2012 19:00,9.38
17/11/2012 20:00,9.36
17/11/2012 21:00,8.95
17/11/2012 22:00,8.75
17/11/2012 23:00,8.18
18/11/2012 00:00,7.6
18/11/2012 01:00,6.93
18/11/2012 02:00,6.02
18/11/2012 03:00,4.99
18/11/2012 04:00,3.69
18/11/2012 05:00,3.39
18/11/2012 06:00,2.53
18/11/2012 07:00,2.08
18/11/2012 08:00,2.07
18/11/2012 09:00,3.46
18/11/2012 10:00,5.88
18/11/2012 11:00,7.95
18/11/2012 12:00,9.42
18/11/2012 13:00,8.47
18/11/2012 14:00,8.52
18/11/2012 15:00,8.03
18/11/2012 16:00,6.66
18/11/2012 17:00,5.47
18/11/2012 18:00,4.9
18/11/2012 19:00,5.5
18/11/2012 20:00,5.07
18/11/2012 21:00,5.27
18/11/2012 22:00,4.31
18/11/2012 23:00,3.42
19/11/2012 00:00,3.72
19/11/2012 01:00,4.06
19/11/2012 02:00,3.61
19/11/2012 03:00,3.49
19/11/2012 04:00,3.58
19/11/2012 05:00,4.53
19/11/2012 06:00,5.39
19/11/2012 07:00,6.2
19/11/2012 08:00,7.26
19/11/2012 09:00,8.51
19/11/2012 10:00,9.68
19/11/2012 11:00,11.09
19/11/2012 12:00,11.23
19/11/2012 13:00,10.72
19/11/2012 14:00,10.31
19/11/2012 15:00,10.23
19/11/2012 16:00,10.17
19/11/2012 17:00,10.17
19/11/2012 18:00,10.4
19/11/2012 19:00,10.79
19/11/2012 20:00,11.14
19/11/2012 21:00,10.86
19/11/2012 22:00,10.84
19/11/2012 23:00,10.88
20/11/2012 00:00,10.93
20/11/2012 01:00,10.88
20/11/2012 02:00,11.3
20/11/2012 03:00,11.02
20/11/2012 04:00,11.46
20/11/2012 05:00,11.43
20/11/2012 06:00,11.57
20/11/2012 07:00,11.99
20/11/2012 08:00,12.38
20/11/2012 09:00,12.53
20/11/2012 10:00,12.99
20/11/2012 11:00,13.11
20/11/2012 12:00,13.46
20/11/2012 13:00,13.28
20/11/2012 14:00,13.12
20/11/2012 15:00,12.91
20/11/2012 16:00,12.43
20/11/2012 17:00,12.14
20/11/2012 18:00,12.54
20/11/2012 19:00,12.42
20/11/2012 20:00,12.48
20/11/2012 21:00,12.36
20/11/2012 22:00,11.61
20/11/2012 23:00,11.58
21/11/2012 00:00,11.87
21/11/2012 01:00,11.43
21/11/2012 02:00,11.28
21/11/2012 03:00,11.26
21/11/2012 04:00,10.85
21/11/2012 05:00,10.75
21/11/2012 06:00,10.58
21/11/2012 07:00,10.09
21/11/2012 08:00,9.73
21/11/2012 09:00,9.67
21/11/2012 10:00,9.77
21/11/2012 11:00,10.22
21/11/2012 12:00,10.45
21/11/2012 13:00,10.8
21/11/2012 14:00,9.87
21/11/2012 15:00,8.13
21/11/2012 16:00,7.64
21/11/2012 17:00,7.53
21/11/2012 18:00,7.57
21/11/2012 19:00,7.13
21/11/2012 20:00,6.66
21/11/2012 21:00,6.77
21/11/2012 22:00,6.06
21/11/2012 23:00,6.45
22/11/2012 00:00,6.56
22/11/2012 01:00,6.8
22/11/2012 02:00,8.33
22/11/2012 03:00,9.24
22/11/2012 04:00,9.31
22/11/2012 05:00,10.31
22/11/2012 06:00,10.8
22/11/2012 07:00,11.01
22/11/2012 08:00,11.37
22/11/2012 09:00,11.61
22/11/2012 10:00,12.48
22/11/2012 11:00,12.96
22/11/2012 12:00,13.09
22/11/2012 13:00,12.98
22/11/2012 14:00,12.64
22/11/2012 15:00,12.41
22/11/2012 16:00,12.33
22/11/2012 17:00,11.94
22/11/2012 18:00,12
22/11/2012 19:00,12.35
22/11/2012 20:00,12.03
22/11/2012 21:00,12.32
22/11/2012 22:00,11.39
22/11/2012 23:00,10.74
23/11/2012 00:00,8.94
23/11/2012 01:00,8.11
23/11/2012 02:00,7.18
23/11/2012 03:00,7.07
23/11/2012 04:00,7.04
23/11/2012 05:00,7.04
23/11/2012 06:00,6.52
23/11/2012 07:00,6.38
23/11/2012 08:00,6.02
23/11/2012 09:00,6.64
23/11/2012 10:00,7.68
23/11/2012 11:00,8.72
23/11/2012 12:00,10.31
23/11/2012 13:00,10.49
23/11/2012 14:00,10.7
23/11/2012 15:00,10.08
23/11/2012 16:00,8.65
23/11/2012 17:00,7.91
23/11/2012 18:00,7.72
23/11/2012 19:00,7.46
23/11/2012 20:00,6.81
23/11/2012 21:00,6.26
23/11/2012 22:00,5.56
23/11/2012 23:00,5.12
24/11/2012 00:00,4.87
24/11/2012 01:00,4.41
24/11/2012 02:00,4.24
24/11/2012 03:00,3.79
24/11/2012 04:00,3.64
24/11/2012 05:00,4.03
24/11/2012 06:00,4.43
24/11/2012 07:00,4.68
24/11/2012 08:00,4.87
24/11/2012 09:00,6.16
24/11/2012 10:00,6.64
24/11/2012 11:00,7.56
24/11/2012 12:00,7.67
24/11/2012 13:00,8.15
24/11/2012 14:00,8.3
24/11/2012 15:00,8.78
24/11/2012 16:00,8.81
24/11/2012 17:00,9.14
24/11/2012 18:00,9.28
24/11/2012 19:00,9.36
24/11/2012 20:00,9.38
24/11/2012 21:00,9.39
24/11/2012 22:00,9.48
24/11/2012 23:00,9.91
25/11/2012 00:00,10.19
25/11/2012 01:00,11.67
25/11/2012 02:00,12.54
25/11/2012 03:00,11.39
25/11/2012 04:00,10.26
25/11/2012 05:00,9.21
25/11/2012 06:00,8.65
25/11/2012 07:00,8.11
25/11/2012 08:00,7.46
25/11/2012 09:00,7.93
25/11/2012 10:00,8.68
25/11/2012 11:00,9.76
25/11/2012 12:00,10.87
25/11/2012 13:00,10.92
25/11/2012 14:00,10.86
25/11/2012 15:00,10.71
25/11/2012 16:00,10.68
25/11/2012 17:00,10.16
25/11/2012 18:00,10.37
25/11/2012 19:00,10.27
25/11/2012 20:00,10.82
25/11/2012 21:00,10.78
25/11/2012 22:00,10.46
25/11/2012 23:00,10.39
26/11/2012 00:00,10.36
26/11/2012 01:00,10.69
26/11/2012 02:00,10.43
26/11/2012 03:00,8.78
26/11/2012 04:00,8.26
26/11/2012 05:00,8.17
26/11/2012 06:00,8.09
26/11/2012 07:00,7.68
26/11/2012 08:00,8.03
26/11/2012 09:00,8.04
26/11/2012 10:00,8.19
26/11/2012 11:00,8.73
26/11/2012 12:00,9.52
26/11/2012 13:00,9.16
26/11/2012 14:00,8.75
26/11/2012 15:00,8.12
26/11/2012 16:00,8.46
26/11/2012 17:00,8.35
26/11/2012 18:00,7.97
26/11/2012 19:00,7.88
26/11/2012 20:00,7.78
26/11/2012 21:00,7.52
26/11/2012 22:00,7.17
26/11/2012 23:00,7.54
27/11/2012 00:00,7.51
27/11/2012 01:00,7.52
27/11/2012 02:00,7.48
27/11/2012 03:00,7.52
27/11/2012 04:00,7.19
27/11/2012 05:00,7.48
27/11/2012 06:00,7.53
27/11/2012 07:00,7.55
27/11/2012 08:00,7.88
27/11/2012 09:00,7.94
27/11/2012 10:00,8.43
27/11/2012 11:00,8.07
27/11/2012 12:00,8.04
27/11/2012 13:00,8.47
27/11/2012 14:00,8.03
27/11/2012 15:00,7.92
27/11/2012 16:00,7.43
27/11/2012 17:00,7.03
27/11/2012 18:00,7.26
27/11/2012 19:00,7.2
27/11/2012 20:00,7.32
27/11/2012 21:00,6.97
27/11/2012 22:00,6.92
27/11/2012 23:00,6.42
28/11/2012 00:00,6.38
28/11/2012 01:00,6.31
28/11/2012 02:00,6.31
28/11/2012 03:00,6.29
28/11/2012 04:00,6.27
28/11/2012 05:00,5.86
28/11/2012 06:00,6.23
28/11/2012 07:00,5.84
28/11/2012 08:00,6.17
28/11/2012 09:00,6.21
28/11/2012 10:00,6.29
28/11/2012 11:00,6.69
28/11/2012 12:00,6.77
28/11/2012 13:00,6.89
28/11/2012 14:00,6.86
28/11/2012 15:00,6.78
28/11/2012 16:00,6.67
28/11/2012 17:00,6.63
28/11/2012 18:00,6.14
28/11/2012 19:00,5.16
28/11/2012 20:00,4.57
28/11/2012 21:00,4.09
28/11/2012 22:00,4
28/11/2012 23:00,3.45
29/11/2012 00:00,2.93
29/11/2012 01:00,2.84
29/11/2012 02:00,2.82
29/11/2012 03:00,2.85
29/11/2012 04:00,2.54
29/11/2012 05:00,2.86
29/11/2012 06:00,2.48
29/11/2012 07:00,2.23
29/11/2012 08:00,2.4
29/11/2012 09:00,2.49
29/11/2012 10:00,3.07
29/11/2012 11:00,4.07
29/11/2012 12:00,5.14
29/11/2012 13:00,5.39
29/11/2012 14:00,5.84
29/11/2012 15:00,5.65
29/11/2012 16:00,4.87
29/11/2012 17:00,4.21
29/11/2012 18:00,3.76
29/11/2012 19:00,3.47
29/11/2012 20:00,2.94
29/11/2012 21:00,2.81
29/11/2012 22:00,2.33
29/11/2012 23:00,1.63
30/11/2012 00:00,0.73
30/11/2012 01:00,0.58
30/11/2012 02:00,-0.29
30/11/2012 03:00,-0.04
30/11/2012 04:00,-0.36
30/11/2012 05:00,-0.04
30/11/2012 06:00,-0.36
30/11/2012 07:00,-0.86
30/11/2012 08:00,-0.89
30/11/2012 09:00,-0.49
30/11/2012 10:00,1.65
30/11/2012 11:00,3.43
30/11/2012 12:00,4.2
30/11/2012 13:00,4.37
30/11/2012 14:00,4.31
30/11/2012 15:00,4.08
30/11/2012 16:00,3.81
30/11/2012 17:00,3.57
30/11/2012 18:00,2.98
30/11/2012 19:00,2.54
30/11/2012 20:00,2.41
30/11/2012 21:00,1.98
30/11/2012 22:00,1.46
30/11/2012 23:00,0.86
01/12/2012 00:00,0.45
01/12/2012 01:00,0
01/12/2012 02:00,0.06
01/12/2012 03:00,-0.44
01/12/2012 04:00,-0.77
01/12/2012 05:00,-1.32
01/12/2012 06:00,-1.35
01/12/2012 07:00,-1.26
01/12/2012 08:00,-0.32
01/12/2012 09:00,0.11
01/12/2012 10:00,1.29
01/12/2012 11:00,2.82
01/12/2012 12:00,3.92
01/12/2012 13:00,4.63
01/12/2012 14:00,5.4
01/12/2012 15:00,5.73
01/12/2012 16:00,5.41
01/12/2012 17:00,4.79
01/12/2012 18:00,3.54
01/12/2012 19:00,2.49
01/12/2012 20:00,2.36
01/12/2012 21:00,1.5
01/12/2012 22:00,0.62
01/12/2012 23:00,0.94
02/12/2012 00:00,0.07
02/12/2012 01:00,0.37
02/12/2012 02:00,-0.16
02/12/2012 03:00,-0.56
02/12/2012 04:00,-0.59
02/12/2012 05:00,-0.73
02/12/2012 06:00,-0.87
02/12/2012 07:00,-1.16
02/12/2012 08:00,-1.55
02/12/2012 09:00,-0.34
02/12/2012 10:00,1.29
02/12/2012 11:00,3.01
02/12/2012 12:00,4.45
02/12/2012 13:00,4.37
02/12/2012 14:00,4.76
02/12/2012 15:00,4.46
02/12/2012 16:00,2.66
02/12/2012 17:00,1.76
02/12/2012 18:00,1.75
02/12/2012 19:00,1.77
02/12/2012 20:00,1.81
02/12/2012 21:00,1.92
02/12/2012 22:00,2.41
02/12/2012 23:00,3.35
03/12/2012 00:00,2.94
03/12/2012 01:00,3.35
03/12/2012 02:00,3.52
03/12/2012 03:00,4.16
03/12/2012 04:00,5.93
03/12/2012 05:00,6.61
03/12/2012 06:00,8.11
03/12/2012 07:00,8.88
03/12/2012 08:00,8.89
03/12/2012 09:00,9.51
03/12/2012 10:00,10.22
03/12/2012 11:00,9.79
03/12/2012 12:00,10.04
03/12/2012 13:00,9.47
03/12/2012 14:00,8.92
03/12/2012 15:00,7.91
03/12/2012 16:00,7.26
03/12/2012 17:00,6.32
03/12/2012 18:00,6.24
03/12/2012 19:00,5.84
03/12/2012 20:00,6.04
03/12/2012 21:00,5.2
03/12/2012 22:00,4.37
03/12/2012 23:00,4.16
04/12/2012 00:00,3.31
04/12/2012 01:00,3.62
04/12/2012 02:00,3.23
04/12/2012 03:00,3.08
04/12/2012 04:00,2.71
04/12/2012 05:00,2.64
04/12/2012 06:00,2.33
04/12/2012 07:00,3.14
04/12/2012 08:00,3.17
04/12/2012 09:00,3.93
04/12/2012 10:00,5.04
04/12/2012 11:00,6.88
04/12/2012 12:00,7.71
04/12/2012 13:00,7.52
04/12/2012 14:00,7.73
04/12/2012 15:00,7.27
04/12/2012 16:00,6.31
04/12/2012 17:00,5.22
04/12/2012 18:00,4.58
04/12/2012 19:00,3.97
04/12/2012 20:00,3.37
04/12/2012 21:00,2.83
04/12/2012 22:00,2.15
04/12/2012 23:00,1.21
05/12/2012 00:00,0.41
05/12/2012 01:00,0.55
05/12/2012 02:00,-0.22
05/12/2012 03:00,-0.66
05/12/2012 04:00,-0.77
05/12/2012 05:00,0.45
05/12/2012 06:00,1.13
05/12/2012 07:00,1.68
05/12/2012 08:00,1.64
05/12/2012 09:00,2.17
05/12/2012 10:00,2.3
05/12/2012 11:00,2.76
05/12/2012 12:00,3.22
05/12/2012 13:00,3.77
05/12/2012 14:00,3.89
05/12/2012 15:00,3.37
05/12/2012 16:00,2.88
05/12/2012 17:00,3.03
05/12/2012 18:00,2.82
05/12/2012 19:00,2.2
05/12/2012 20:00,2.07
05/12/2012 21:00,1.71
05/12/2012 22:00,1.22
05/12/2012 23:00,0.96
06/12/2012 00:00,0.49
06/12/2012 01:00,0.14
06/12/2012 02:00,-0.23
06/12/2012 03:00,-1.41
06/12/2012 04:00,-1.57
06/12/2012 05:00,-2.43
06/12/2012 06:00,-2.61
06/12/2012 07:00,-2.82
06/12/2012 08:00,-2.03
06/12/2012 09:00,-1.44
06/12/2012 10:00,-0.29
06/12/2012 11:00,0.44
06/12/2012 12:00,1.49
06/12/2012 13:00,2.44
06/12/2012 14:00,2.83
06/12/2012 15:00,3
06/12/2012 16:00,3.39
06/12/2012 17:00,3.54
06/12/2012 18:00,3.62
06/12/2012 19:00,4.13
06/12/2012 20:00,4.53
06/12/2012 21:00,4.14
06/12/2012 22:00,4.26
06/12/2012 23:00,4.84
07/12/2012 00:00,5.42
07/12/2012 01:00,5.31
07/12/2012 02:00,4.72
07/12/2012 03:00,3.81
07/12/2012 04:00,3.66
07/12/2012 05:00,3.07
07/12/2012 06:00,3.05
07/12/2012 07:00,2.99
07/12/2012 08:00,3.01
07/12/2012 09:00,2.97
07/12/2012 10:00,3.21
07/12/2012 11:00,5.16
07/12/2012 12:00,5.77
07/12/2012 13:00,6.28
07/12/2012 14:00,6.33
07/12/2012 15:00,6.28
07/12/2012 16:00,6.12
07/12/2012 17:00,5.68
07/12/2012 18:00,5.56
07/12/2012 19:00,5.52
07/12/2012 20:00,5.53
07/12/2012 21:00,5.6
07/12/2012 22:00,5.22
07/12/2012 23:00,5.14
08/12/2012 00:00,5.17
08/12/2012 01:00,5.09
08/12/2012 02:00,4.7
08/12/2012 03:00,4.58
08/12/2012 04:00,4.56
08/12/2012 05:00,4.56
08/12/2012 06:00,4.54
08/12/2012 07:00,4.51
08/12/2012 08:00,3.9
08/12/2012 09:00,3.51
08/12/2012 10:00,4.19
08/12/2012 11:00,5.53
08/12/2012 12:00,6.46
08/12/2012 13:00,6.22
08/12/2012 14:00,6.14
08/12/2012 15:00,5.74
08/12/2012 16:00,4.11
08/12/2012 17:00,3.89
08/12/2012 18:00,3.48
08/12/2012 19:00,3.17
08/12/2012 20:00,3.19
08/12/2012 21:00,3.28
08/12/2012 22:00,3.67
08/12/2012 23:00,3.82
09/12/2012 00:00,3.86
09/12/2012 01:00,3.99
09/12/2012 02:00,4.48
09/12/2012 03:00,4.89
09/12/2012 04:00,5.02
09/12/2012 05:00,5.68
09/12/2012 06:00,6.16
09/12/2012 07:00,6.68
09/12/2012 08:00,7.11
09/12/2012 09:00,7.14
09/12/2012 10:00,7.57
09/12/2012 11:00,7.63
09/12/2012 12:00,8.44
09/12/2012 13:00,8.66
09/12/2012 14:00,8.58
09/12/2012 15:00,8.65
09/12/2012 16:00,8.58
09/12/2012 17:00,8.33
09/12/2012 18:00,7.85
09/12/2012 19:00,6.94
09/12/2012 20:00,6.36
09/12/2012 21:00,6.23
09/12/2012 22:00,5.72
09/12/2012 23:00,5.29
10/12/2012 00:00,5.01
10/12/2012 01:00,4.51
10/12/2012 02:00,4.11
10/12/2012 03:00,3.94
10/12/2012 04:00,3.51
10/12/2012 05:00,3.45
10/12/2012 06:00,3.33
10/12/2012 07:00,3.27
10/12/2012 08:00,3.21
10/12/2012 09:00,3.44
10/12/2012 10:00,3.99
10/12/2012 11:00,4.67
10/12/2012 12:00,5.21
10/12/2012 13:00,5.29
10/12/2012 14:00,5.59
10/12/2012 15:00,5.12
10/12/2012 16:00,4.91
10/12/2012 17:00,4.85
10/12/2012 18:00,3.89
10/12/2012 19:00,3.37
10/12/2012 20:00,2.75
10/12/2012 21:00,2.17
10/12/2012 22:00,2.44
10/12/2012 23:00,1.55
11/12/2012 00:00,1.77
11/12/2012 01:00,1.34
11/12/2012 02:00,0.93
11/12/2012 03:00,0.85
11/12/2012 04:00,0.74
11/12/2012 05:00,0.34
11/12/2012 06:00,0.3
11/12/2012 07:00,0.19
11/12/2012 08:00,-0.23
11/12/2012 09:00,0.32
11/12/2012 10:00,0.96
11/12/2012 11:00,1.88
11/12/2012 12:00,2.46
11/12/2012 13:00,2.62
11/12/2012 14:00,2.7
11/12/2012 15:00,2.53
11/12/2012 16:00,1.26
11/12/2012 17:00,0.52
11/12/2012 18:00,-0.33
11/12/2012 19:00,-1.59
11/12/2012 20:00,-2.01
11/12/2012 21:00,-2.49
11/12/2012 22:00,-2.26
11/12/2012 23:00,-1.96
12/12/2012 00:00,-2.38
12/12/2012 01:00,-2.91
12/12/2012 02:00,-3.27
12/12/2012 03:00,-3.08
12/12/2012 04:00,-3.03
12/12/2012 05:00,-3.37
12/12/2012 06:00,-3.8
12/12/2012 07:00,-3.83
12/12/2012 08:00,-3.66
12/12/2012 09:00,-2.96
12/12/2012 10:00,-1.99
12/12/2012 11:00,-0.11
12/12/2012 12:00,0.66
12/12/2012 13:00,0.94
12/12/2012 14:00,1.21
12/12/2012 15:00,1.57
12/12/2012 16:00,1.8
12/12/2012 17:00,1.18
12/12/2012 18:00,0.84
12/12/2012 19:00,0.76
12/12/2012 20:00,0.79
12/12/2012 21:00,0.44
12/12/2012 22:00,0.27
12/12/2012 23:00,-0.58
13/12/2012 00:00,-0.37
13/12/2012 01:00,-0.81
13/12/2012 02:00,-0.8
13/12/2012 03:00,-0.39
13/12/2012 04:00,-0.78
13/12/2012 05:00,-0.77
13/12/2012 06:00,-0.77
13/12/2012 07:00,-1.35
13/12/2012 08:00,-1.29
13/12/2012 09:00,-1.09
13/12/2012 10:00,-0.44
13/12/2012 11:00,0.59
13/12/2012 12:00,0.8
13/12/2012 13:00,0.88
13/12/2012 14:00,1.58
13/12/2012 15:00,1.18
13/12/2012 16:00,0.66
13/12/2012 17:00,0.63
13/12/2012 18:00,1.09
13/12/2012 19:00,1.14
13/12/2012 20:00,0.82
13/12/2012 21:00,1.21
13/12/2012 22:00,0.95
13/12/2012 23:00,1.4
14/12/2012 00:00,1.93
14/12/2012 01:00,2.46
14/12/2012 02:00,2.57
14/12/2012 03:00,3.3
14/12/2012 04:00,4.33
14/12/2012 05:00,4.87
14/12/2012 06:00,5.47
14/12/2012 07:00,5.91
14/12/2012 08:00,6.41
14/12/2012 09:00,6.58
14/12/2012 10:00,6.98
14/12/2012 11:00,7.01
14/12/2012 12:00,7.26
14/12/2012 13:00,8.16
14/12/2012 14:00,8.4
14/12/2012 15:00,9.57
14/12/2012 16:00,10.34
14/12/2012 17:00,10.09
14/12/2012 18:00,9.19
14/12/2012 19:00,9.11
14/12/2012 20:00,8.63
14/12/2012 21:00,8.2
14/12/2012 22:00,8.18
14/12/2012 23:00,8.05
15/12/2012 00:00,8.02
15/12/2012 01:00,7.63
15/12/2012 02:00,7.63
15/12/2012 03:00,7.56
15/12/2012 04:00,7.54
15/12/2012 05:00,7.93
15/12/2012 06:00,8.1
15/12/2012 07:00,8.01
15/12/2012 08:00,7.94
15/12/2012 09:00,8.13
15/12/2012 10:00,8.74
15/12/2012 11:00,10.26
15/12/2012 12:00,11.17
15/12/2012 13:00,10.39
15/12/2012 14:00,10.33
15/12/2012 15:00,10.09
15/12/2012 16:00,9.14
15/12/2012 17:00,9.01
15/12/2012 18:00,8.46
15/12/2012 19:00,8
15/12/2012 20:00,7.98
15/12/2012 21:00,7.9
15/12/2012 22:00,7.39
15/12/2012 23:00,6.91
16/12/2012 00:00,6.78
16/12/2012 01:00,6.24
16/12/2012 02:00,6.05
16/12/2012 03:00,5.32
16/12/2012 04:00,5.92
16/12/2012 05:00,5.9
16/12/2012 06:00,5.79
16/12/2012 07:00,6.21
16/12/2012 08:00,6.18
16/12/2012 09:00,6.69
16/12/2012 10:00,7.53
16/12/2012 11:00,8.64
16/12/2012 12:00,9.59
16/12/2012 13:00,9.82
16/12/2012 14:00,9.25
16/12/2012 15:00,8.69
16/12/2012 16:00,7.66
16/12/2012 17:00,7.44
16/12/2012 18:00,6.34
16/12/2012 19:00,6.59
16/12/2012 20:00,6.89
16/12/2012 21:00,7.01
16/12/2012 22:00,7.42
16/12/2012 23:00,6.92
17/12/2012 00:00,6.1
17/12/2012 01:00,6.47
17/12/2012 02:00,6.08
17/12/2012 03:00,6.47
17/12/2012 04:00,6.09
17/12/2012 05:00,5.62
17/12/2012 06:00,5.76
17/12/2012 07:00,5.86
17/12/2012 08:00,5.76
17/12/2012 09:00,6.37
17/12/2012 10:00,6.69
17/12/2012 11:00,7.68
17/12/2012 12:00,9.06
17/12/2012 13:00,8.77
17/12/2012 14:00,9.1
17/12/2012 15:00,8.56
17/12/2012 16:00,7.47
17/12/2012 17:00,6.56
17/12/2012 18:00,6.89
17/12/2012 19:00,6.92
17/12/2012 20:00,7.36
17/12/2012 21:00,6.42
17/12/2012 22:00,6.37
17/12/2012 23:00,6.17
18/12/2012 00:00,5.34
18/12/2012 01:00,5.04
18/12/2012 02:00,5.49
18/12/2012 03:00,5.56
18/12/2012 04:00,5.73
18/12/2012 05:00,6.13
18/12/2012 06:00,6.91
18/12/2012 07:00,6.5
18/12/2012 08:00,6.71
18/12/2012 09:00,6.44
18/12/2012 10:00,6.86
18/12/2012 11:00,7.33
18/12/2012 12:00,7.52
18/12/2012 13:00,7.92
18/12/2012 14:00,7.96
18/12/2012 15:00,7.91
18/12/2012 16:00,7.61
18/12/2012 17:00,7.12
18/12/2012 18:00,6.96
18/12/2012 19:00,6.95
18/12/2012 20:00,6.86
18/12/2012 21:00,6.28
18/12/2012 22:00,5.62
18/12/2012 23:00,4.66
19/12/2012 00:00,3.66
19/12/2012 01:00,3.07
19/12/2012 02:00,3.34
19/12/2012 03:00,3.34
19/12/2012 04:00,3.46
19/12/2012 05:00,3.24
19/12/2012 06:00,3.84
19/12/2012 07:00,4.72
19/12/2012 08:00,4.92
19/12/2012 09:00,5.27
19/12/2012 10:00,6.42
19/12/2012 11:00,6.93
19/12/2012 12:00,7.44
19/12/2012 13:00,7.41
19/12/2012 14:00,7.01
19/12/2012 15:00,6.47
19/12/2012 16:00,6.39
19/12/2012 17:00,6.49
19/12/2012 18:00,6.42
19/12/2012 19:00,6.44
19/12/2012 20:00,6.48
19/12/2012 21:00,6.56
19/12/2012 22:00,6.97
19/12/2012 23:00,6.54
20/12/2012 00:00,6.54
20/12/2012 01:00,6.54
20/12/2012 02:00,6.53
20/12/2012 03:00,6.64
20/12/2012 04:00,6.64
20/12/2012 05:00,7.03
20/12/2012 06:00,7.12
20/12/2012 07:00,7.54
20/12/2012 08:00,7.74
20/12/2012 09:00,8.26
20/12/2012 10:00,8.78
20/12/2012 11:00,9.16
20/12/2012 12:00,9.17
20/12/2012 13:00,9.05
20/12/2012 14:00,9.04
20/12/2012 15:00,8.68
20/12/2012 16:00,8.7
20/12/2012 17:00,9.18
20/12/2012 18:00,9.24
20/12/2012 19:00,9.57
20/12/2012 20:00,9.2
20/12/2012 21:00,9
20/12/2012 22:00,8.08
20/12/2012 23:00,8.01
21/12/2012 00:00,7.61
21/12/2012 01:00,7.52
21/12/2012 02:00,7.49
21/12/2012 03:00,6.75
21/12/2012 04:00,7.04
21/12/2012 05:00,6.98
21/12/2012 06:00,7.01
21/12/2012 07:00,7.12
21/12/2012 08:00,7.06
21/12/2012 09:00,7.12
21/12/2012 10:00,7.66
21/12/2012 11:00,8.62
21/12/2012 12:00,9.19
21/12/2012 13:00,9.39
21/12/2012 14:00,9.69
21/12/2012 15:00,9.14
21/12/2012 16:00,8.52
21/12/2012 17:00,7.84
21/12/2012 18:00,7.35
21/12/2012 19:00,6.97
21/12/2012 20:00,6.52
21/12/2012 21:00,6.39
21/12/2012 22:00,6.32
21/12/2012 23:00,6.3
22/12/2012 00:00,6.04
22/12/2012 01:00,6.53
22/12/2012 02:00,7.08
22/12/2012 03:00,7.62
22/12/2012 04:00,7.99
22/12/2012 05:00,7.98
22/12/2012 06:00,7.66
22/12/2012 07:00,7.68
22/12/2012 08:00,8.02
22/12/2012 09:00,8.1
22/12/2012 10:00,8.27
22/12/2012 11:00,8.83
22/12/2012 12:00,9.57
22/12/2012 13:00,10.58
22/12/2012 14:00,12.03
22/12/2012 15:00,12.6
22/12/2012 16:00,13.03
22/12/2012 17:00,13.07
22/12/2012 18:00,13.02
22/12/2012 19:00,12.71
22/12/2012 20:00,12.7
22/12/2012 21:00,13.06
22/12/2012 22:00,12.71
22/12/2012 23:00,13.04
23/12/2012 00:00,12.67
23/12/2012 01:00,12.67
23/12/2012 02:00,13.03
23/12/2012 03:00,13.08
23/12/2012 04:00,13.07
23/12/2012 05:00,12.71
23/12/2012 06:00,12.68
23/12/2012 07:00,12.56
23/12/2012 08:00,12.34
23/12/2012 09:00,11.9
23/12/2012 10:00,11.91
23/12/2012 11:00,11.93
23/12/2012 12:00,12.33
23/12/2012 13:00,12
23/12/2012 14:00,11.51
23/12/2012 15:00,11.42
23/12/2012 16:00,11.29
23/12/2012 17:00,10.89
23/12/2012 18:00,10.78
23/12/2012 19:00,10.74
23/12/2012 20:00,9.81
23/12/2012 21:00,9.36
23/12/2012 22:00,9.34
23/12/2012 23:00,9.62
24/12/2012 00:00,9.57
24/12/2012 01:00,9.06
24/12/2012 02:00,8.61
24/12/2012 03:00,8.12
24/12/2012 04:00,8.06
24/12/2012 05:00,8.02
24/12/2012 06:00,7.57
24/12/2012 07:00,7.76
24/12/2012 08:00,8.78
24/12/2012 09:00,11.41
24/12/2012 10:00,11.87
24/12/2012 11:00,11.98
24/12/2012 12:00,11.97
24/12/2012 13:00,12.3
24/12/2012 14:00,11.94
24/12/2012 15:00,11.57
24/12/2012 16:00,9.63
24/12/2012 17:00,9.13
24/12/2012 18:00,9.02
24/12/2012 19:00,8.61
24/12/2012 20:00,9.08
24/12/2012 21:00,9.14
24/12/2012 22:00,9.15
24/12/2012 23:00,9.16
25/12/2012 00:00,8.67
25/12/2012 01:00,8.5
25/12/2012 02:00,8.09
25/12/2012 03:00,8.02
25/12/2012 04:00,7.66
25/12/2012 05:00,7.66
25/12/2012 06:00,7.71
25/12/2012 07:00,8.08
25/12/2012 08:00,7.25
25/12/2012 09:00,7.81
25/12/2012 10:00,7.39
25/12/2012 11:00,7.77
25/12/2012 12:00,7.81
25/12/2012 13:00,8.74
25/12/2012 14:00,9.14
25/12/2012 15:00,9.14
25/12/2012 16:00,9.13
25/12/2012 17:00,8.58
25/12/2012 18:00,8.12
25/12/2012 19:00,8.06
25/12/2012 20:00,7.71
25/12/2012 21:00,7.57
25/12/2012 22:00,6.98
25/12/2012 23:00,6.46
26/12/2012 00:00,5.42
26/12/2012 01:00,5.34
26/12/2012 02:00,4.83
26/12/2012 03:00,5.37
26/12/2012 04:00,5.07
26/12/2012 05:00,4.89
26/12/2012 06:00,4.88
26/12/2012 07:00,4.91
26/12/2012 08:00,5.38
26/12/2012 09:00,6.37
26/12/2012 10:00,7.59
26/12/2012 11:00,8.68
26/12/2012 12:00,9.14
26/12/2012 13:00,9.71
26/12/2012 14:00,9.73
26/12/2012 15:00,9.74
26/12/2012 16:00,8.86
26/12/2012 17:00,9.42
26/12/2012 18:00,10.18
26/12/2012 19:00,9.9
26/12/2012 20:00,9.38
26/12/2012 21:00,9.19
26/12/2012 22:00,9.08
26/12/2012 23:00,8.17
27/12/2012 00:00,7.74
27/12/2012 01:00,7.67
27/12/2012 02:00,7.63
27/12/2012 03:00,7.57
27/12/2012 04:00,7.02
27/12/2012 05:00,6.92
27/12/2012 06:00,6.42
27/12/2012 07:00,6.97
27/12/2012 08:00,7.45
27/12/2012 09:00,7.56
27/12/2012 10:00,7.97
27/12/2012 11:00,7.15
27/12/2012 12:00,7.67
27/12/2012 13:00,7.6
27/12/2012 14:00,7.45
27/12/2012 15:00,7.81
27/12/2012 16:00,7.38
27/12/2012 17:00,7.41
27/12/2012 18:00,7.45
27/12/2012 19:00,7.36
27/12/2012 20:00,7.36
27/12/2012 21:00,6.98
27/12/2012 22:00,6.94
27/12/2012 23:00,6.67
28/12/2012 00:00,5.74
28/12/2012 01:00,5.45
28/12/2012 02:00,5.77
28/12/2012 03:00,5.78
28/12/2012 04:00,5.81
28/12/2012 05:00,6.32
28/12/2012 06:00,6.35
28/12/2012 07:00,6.93
28/12/2012 08:00,7.57
28/12/2012 09:00,8.27
28/12/2012 10:00,9.44
28/12/2012 11:00,10.51
28/12/2012 12:00,11.41
28/12/2012 13:00,11.91
28/12/2012 14:00,11.93
28/12/2012 15:00,11.95
28/12/2012 16:00,11.92
28/12/2012 17:00,11.91
28/12/2012 18:00,11.95
28/12/2012 19:00,12.28
28/12/2012 20:00,12.34
28/12/2012 21:00,11.96
28/12/2012 22:00,11.91
28/12/2012 23:00,11.94
29/12/2012 00:00,11.96
29/12/2012 01:00,11.53
29/12/2012 02:00,11.85
29/12/2012 03:00,11.97
29/12/2012 04:00,11.93
29/12/2012 05:00,11.53
29/12/2012 06:00,11.48
29/12/2012 07:00,11.48
29/12/2012 08:00,11.46
29/12/2012 09:00,11.33
29/12/2012 10:00,11.29
29/12/2012 11:00,11.29
29/12/2012 12:00,10.8
29/12/2012 13:00,10.78
29/12/2012 14:00,10.76
29/12/2012 15:00,10.07
29/12/2012 16:00,9.58
29/12/2012 17:00,8.24
29/12/2012 18:00,7.88
29/12/2012 19:00,8
29/12/2012 20:00,7.57
29/12/2012 21:00,7.52
29/12/2012 22:00,7.87
29/12/2012 23:00,7.28
30/12/2012 00:00,6.31
30/12/2012 01:00,6.29
30/12/2012 02:00,5.89
30/12/2012 03:00,5.87
30/12/2012 04:00,5.81
30/12/2012 05:00,5.46
30/12/2012 06:00,5.85
30/12/2012 07:00,5.83
30/12/2012 08:00,5.44
30/12/2012 09:00,5.95
30/12/2012 10:00,6.7
30/12/2012 11:00,7.6
30/12/2012 12:00,8.22
30/12/2012 13:00,8.65
30/12/2012 14:00,8.72
30/12/2012 15:00,9.19
30/12/2012 16:00,9.22
30/12/2012 17:00,9.51
30/12/2012 18:00,9.08
30/12/2012 19:00,9.19
30/12/2012 20:00,9.34
30/12/2012 21:00,9.89
30/12/2012 22:00,10.49
30/12/2012 23:00,10.9
31/12/2012 00:00,9.24
31/12/2012 01:00,9.13
31/12/2012 02:00,8.92
31/12/2012 03:00,7.64
31/12/2012 04:00,7.08
31/12/2012 05:00,6.46
31/12/2012 06:00,5.32
31/12/2012 07:00,4.69
31/12/2012 08:00,4.22
31/12/2012 09:00,4.27
31/12/2012 10:00,5.37
31/12/2012 11:00,6.41
31/12/2012 12:00,7.01
31/12/2012 13:00,7.49
31/12/2012 14:00,7.16
31/12/2012 15:00,7.04
31/12/2012 16:00,6.29
31/12/2012 17:00,6.2
31/12/2012 18:00,5.73
31/12/2012 19:00,5.04
31/12/2012 20:00,5.76
31/12/2012 21:00,5.36
31/12/2012 22:00,5.22
31/12/2012 23:00,4.44
01/01/2013 00:00,7.01
01/01/2013 01:00,7.49
01/01/2013 02:00,7.16
01/01/2013 03:00,7.04
01/01/2013 04:00,6.29
01/01/2013 05:00,6.2
01/01/2013 06:00,5.73
01/01/2013 07:00,5.04
01/01/2013 08:00,5.76
01/01/2013 09:00,5.36
01/01/2013 10:00,5.22
01/01/2013 11:00,4.44
01/01/2013 12:00,4.01
01/01/2013 13:00,3.94
01/01/2013 14:00,3.37
01/01/2013 15:00,3.31
01/01/2013 16:00,3.34
01/01/2013 17:00,3.36
01/01/2013 18:00,3.5
01/01/2013 19:00,4.42
01/01/2013 20:00,4.93
01/01/2013 21:00,5.55
01/01/2013 22:00,6.1
01/01/2013 23:00,6.77
02/01/2013 00:00,4.01
02/01/2013 01:00,3.94
02/01/2013 02:00,3.37
02/01/2013 03:00,3.31
02/01/2013 04:00,3.34
02/01/2013 05:00,3.36
02/01/2013 06:00,3.5
02/01/2013 07:00,4.42
02/01/2013 08:00,4.93
02/01/2013 09:00,5.55
02/01/2013 10:00,6.1
02/01/2013 11:00,6.77
02/01/2013 12:00,7.22
02/01/2013 13:00,7.58
02/01/2013 14:00,7.53
02/01/2013 15:00,7.64
02/01/2013 16:00,8.17
02/01/2013 17:00,8.78
02/01/2013 18:00,9.42
02/01/2013 19:00,9.86
02/01/2013 20:00,10.33
02/01/2013 21:00,10.51
02/01/2013 22:00,10.82
02/01/2013 23:00,10.77
03/01/2013 00:00,10.69
03/01/2013 01:00,10.31
03/01/2013 02:00,10.27
03/01/2013 03:00,10.28
03/01/2013 04:00,10.19
03/01/2013 05:00,9.74
03/01/2013 06:00,9.72
03/01/2013 07:00,9.65
03/01/2013 08:00,9.73
03/01/2013 09:00,10.13
03/01/2013 10:00,10.26
03/01/2013 11:00,10.42
03/01/2013 12:00,10.92
03/01/2013 13:00,11.41
03/01/2013 14:00,11.39
03/01/2013 15:00,11.38
03/01/2013 16:00,10.86
03/01/2013 17:00,10.42
03/01/2013 18:00,10.71
03/01/2013 19:00,10.69
03/01/2013 20:00,10.79
03/01/2013 21:00,10.85
03/01/2013 22:00,11.21
03/01/2013 23:00,10.84
04/01/2013 00:00,10.79
04/01/2013 01:00,10.28
04/01/2013 02:00,10.2
04/01/2013 03:00,9.82
04/01/2013 04:00,9.76
04/01/2013 05:00,9.76
04/01/2013 06:00,9.72
04/01/2013 07:00,9.55
04/01/2013 08:00,9.57
04/01/2013 09:00,9.31
04/01/2013 10:00,9.61
04/01/2013 11:00,9.76
04/01/2013 12:00,9.71
04/01/2013 13:00,9.84
04/01/2013 14:00,10.15
04/01/2013 15:00,10.17
04/01/2013 16:00,9.75
04/01/2013 17:00,9.67
04/01/2013 18:00,9.58
04/01/2013 19:00,9.49
04/01/2013 20:00,9.04
04/01/2013 21:00,9.08
04/01/2013 22:00,8.62
04/01/2013 23:00,8.17
05/01/2013 00:00,8.12
05/01/2013 01:00,8.09
05/01/2013 02:00,8.07
05/01/2013 03:00,8.09
05/01/2013 04:00,8.09
05/01/2013 05:00,8.14
05/01/2013 06:00,8.14
05/01/2013 07:00,8.18
05/01/2013 08:00,8.69
05/01/2013 09:00,8.75
05/01/2013 10:00,9.17
05/01/2013 11:00,9.8
05/01/2013 12:00,10.32
05/01/2013 13:00,10.45
05/01/2013 14:00,10.66
05/01/2013 15:00,10.28
05/01/2013 16:00,10.17
05/01/2013 17:00,10.18
05/01/2013 18:00,10.17
05/01/2013 19:00,10.14
05/01/2013 20:00,9.69
05/01/2013 21:00,9.08
05/01/2013 22:00,8.39
05/01/2013 23:00,7.84
06/01/2013 00:00,7.42
06/01/2013 01:00,7.71
06/01/2013 02:00,7.26
06/01/2013 03:00,6.91
06/01/2013 04:00,7.03
06/01/2013 05:00,6.99
06/01/2013 06:00,6.98
06/01/2013 07:00,6.98
06/01/2013 08:00,7.02
06/01/2013 09:00,7.53
06/01/2013 10:00,7.53
06/01/2013 11:00,7.97
06/01/2013 12:00,7.57
06/01/2013 13:00,7.68
06/01/2013 14:00,7.61
06/01/2013 15:00,7.3
06/01/2013 16:00,7.51
06/01/2013 17:00,7.57
06/01/2013 18:00,7.6
06/01/2013 19:00,7.96
06/01/2013 20:00,8.53
06/01/2013 21:00,8.57
06/01/2013 22:00,8.61
06/01/2013 23:00,8.48
07/01/2013 00:00,8.06
07/01/2013 01:00,7.98
07/01/2013 02:00,7.94
07/01/2013 03:00,7.56
07/01/2013 04:00,7.47
07/01/2013 05:00,7.11
07/01/2013 06:00,7.1
07/01/2013 07:00,7.39
07/01/2013 08:00,7.45
07/01/2013 09:00,7.5
07/01/2013 10:00,7.89
07/01/2013 11:00,7.97
07/01/2013 12:00,8.06
07/01/2013 13:00,8.56
07/01/2013 14:00,8.56
07/01/2013 15:00,8.52
07/01/2013 16:00,8.37
07/01/2013 17:00,8.04
07/01/2013 18:00,8.07
07/01/2013 19:00,8.19
07/01/2013 20:00,8.57
07/01/2013 21:00,9.02
07/01/2013 22:00,9.02
07/01/2013 23:00,9.08
08/01/2013 00:00,9.08
08/01/2013 01:00,9.1
08/01/2013 02:00,9.11
08/01/2013 03:00,9.24
08/01/2013 04:00,9.62
08/01/2013 05:00,9.65
08/01/2013 06:00,9.64
08/01/2013 07:00,9.53
08/01/2013 08:00,9.02
08/01/2013 09:00,9.08
08/01/2013 10:00,9.78
08/01/2013 11:00,10.01
08/01/2013 12:00,10.86
08/01/2013 13:00,11.23
08/01/2013 14:00,10.86
08/01/2013 15:00,10.79
08/01/2013 16:00,10.78
08/01/2013 17:00,10.67
08/01/2013 18:00,10.32
08/01/2013 19:00,10.11
08/01/2013 20:00,10.14
08/01/2013 21:00,9.67
08/01/2013 22:00,9.23
08/01/2013 23:00,9.22
09/01/2013 00:00,8.84
09/01/2013 01:00,9.18
09/01/2013 02:00,9.19
09/01/2013 03:00,9.21
09/01/2013 04:00,9.14
09/01/2013 05:00,9.13
09/01/2013 06:00,9.1
09/01/2013 07:00,8.93
09/01/2013 08:00,8.46
09/01/2013 09:00,8.37
09/01/2013 10:00,7.99
09/01/2013 11:00,8.01
09/01/2013 12:00,8.07
09/01/2013 13:00,8.16
09/01/2013 14:00,8.16
09/01/2013 15:00,7.96
09/01/2013 16:00,7.21
09/01/2013 17:00,6.41
09/01/2013 18:00,5.58
09/01/2013 19:00,4.98
09/01/2013 20:00,3.56
09/01/2013 21:00,2.73
09/01/2013 22:00,2.57
09/01/2013 23:00,1.77
10/01/2013 00:00,1.92
10/01/2013 01:00,1.56
10/01/2013 02:00,1.16
10/01/2013 03:00,1.29
10/01/2013 04:00,1.39
10/01/2013 05:00,1.4
10/01/2013 06:00,1.98
10/01/2013 07:00,2.02
10/01/2013 08:00,1.93
10/01/2013 09:00,2.36
10/01/2013 10:00,2.47
10/01/2013 11:00,2.95
10/01/2013 12:00,2.66
10/01/2013 13:00,3.1
10/01/2013 14:00,3.08
10/01/2013 15:00,3.43
10/01/2013 16:00,3.01
10/01/2013 17:00,2.97
10/01/2013 18:00,3
10/01/2013 19:00,2.96
10/01/2013 20:00,2.57
10/01/2013 21:00,2.23
10/01/2013 22:00,2.49
10/01/2013 23:00,2.47
11/01/2013 00:00,2.09
11/01/2013 01:00,2.07
11/01/2013 02:00,2.11
11/01/2013 03:00,1.73
11/01/2013 04:00,1.58
11/01/2013 05:00,1.21
11/01/2013 06:00,0.89
11/01/2013 07:00,1.66
11/01/2013 08:00,1.76
11/01/2013 09:00,2.24
11/01/2013 10:00,2.78
11/01/2013 11:00,3.71
11/01/2013 12:00,4.68
11/01/2013 13:00,5.31
11/01/2013 14:00,5.7
11/01/2013 15:00,5.24
11/01/2013 16:00,4.64
11/01/2013 17:00,3.97
11/01/2013 18:00,3.35
11/01/2013 19:00,2.78
11/01/2013 20:00,1.91
11/01/2013 21:00,2.15
11/01/2013 22:00,1.37
11/01/2013 23:00,1.37
12/01/2013 00:00,1.75
12/01/2013 01:00,1.86
12/01/2013 02:00,2.39
12/01/2013 03:00,2.86
12/01/2013 04:00,2.99
12/01/2013 05:00,3.08
12/01/2013 06:00,3.38
12/01/2013 07:00,3.05
12/01/2013 08:00,3.08
12/01/2013 09:00,3.58
12/01/2013 10:00,3.66
12/01/2013 11:00,4.18
12/01/2013 12:00,4.52
12/01/2013 13:00,4.52
12/01/2013 14:00,4.53
12/01/2013 15:00,4.07
12/01/2013 16:00,3.88
12/01/2013 17:00,3.93
12/01/2013 18:00,3.86
12/01/2013 19:00,3.41
12/01/2013 20:00,3.38
12/01/2013 21:00,3.58
12/01/2013 22:00,3.56
12/01/2013 23:00,3.52
13/01/2013 00:00,3.48
13/01/2013 01:00,3.48
13/01/2013 02:00,3.48
13/01/2013 03:00,3.35
13/01/2013 04:00,2.94
13/01/2013 05:00,2.89
13/01/2013 06:00,2.35
13/01/2013 07:00,2.28
13/01/2013 08:00,2.12
13/01/2013 09:00,1.45
13/01/2013 10:00,1.57
13/01/2013 11:00,2.44
13/01/2013 12:00,2.88
13/01/2013 13:00,2.88
13/01/2013 14:00,2.88
13/01/2013 15:00,2.69
13/01/2013 16:00,2.31
13/01/2013 17:00,1.83
13/01/2013 18:00,1.73
13/01/2013 19:00,1.64
13/01/2013 20:00,1.67
13/01/2013 21:00,1.18
13/01/2013 22:00,1.16
13/01/2013 23:00,1.04
14/01/2013 00:00,0.94
14/01/2013 01:00,0.61
14/01/2013 02:00,0.29
14/01/2013 03:00,0.63
14/01/2013 04:00,0.64
14/01/2013 05:00,0.19
14/01/2013 06:00,-0.37
14/01/2013 07:00,-0.41
14/01/2013 08:00,-0.27
14/01/2013 09:00,0.07
14/01/2013 10:00,0.32
14/01/2013 11:00,0.85
14/01/2013 12:00,1.31
14/01/2013 13:00,1.42
14/01/2013 14:00,1.95
14/01/2013 15:00,1.94
14/01/2013 16:00,1.73
14/01/2013 17:00,2.15
14/01/2013 18:00,2.23
14/01/2013 19:00,2.62
14/01/2013 20:00,2.94
14/01/2013 21:00,2.51
14/01/2013 22:00,2.45
14/01/2013 23:00,2.03
15/01/2013 00:00,2.38
15/01/2013 01:00,1.94
15/01/2013 02:00,2.28
15/01/2013 03:00,1.93
15/01/2013 04:00,1.93
15/01/2013 05:00,1.54
15/01/2013 06:00,1.53
15/01/2013 07:00,1.37
15/01/2013 08:00,1.23
15/01/2013 09:00,1.26
15/01/2013 10:00,1.28
15/01/2013 11:00,1.87
15/01/2013 12:00,1.53
15/01/2013 13:00,1.48
15/01/2013 14:00,2.06
15/01/2013 15:00,2.29
15/01/2013 16:00,2.19
15/01/2013 17:00,1.69
15/01/2013 18:00,1.02
15/01/2013 19:00,0.89
15/01/2013 20:00,0.79
15/01/2013 21:00,0.31
15/01/2013 22:00,0.2
15/01/2013 23:00,-0.83
16/01/2013 00:00,-1.91
16/01/2013 01:00,-1.02
16/01/2013 02:00,-1.33
16/01/2013 03:00,-1.77
16/01/2013 04:00,-1.76
16/01/2013 05:00,-2.02
16/01/2013 06:00,-2.01
16/01/2013 07:00,-1.79
16/01/2013 08:00,-2.18
16/01/2013 09:00,-2.16
16/01/2013 10:00,-1.38
16/01/2013 11:00,-0.88
16/01/2013 12:00,-0.33
16/01/2013 13:00,-0.22
16/01/2013 14:00,-0.06
16/01/2013 15:00,-0.15
16/01/2013 16:00,-0.25
16/01/2013 17:00,-0.78
16/01/2013 18:00,-1.29
16/01/2013 19:00,-1.74
16/01/2013 20:00,-1.75
16/01/2013 21:00,-2.32
16/01/2013 22:00,-1.61
16/01/2013 23:00,-2.02
17/01/2013 00:00,-2.09
17/01/2013 01:00,-1.57
17/01/2013 02:00,-1.96
17/01/2013 03:00,-2.48
17/01/2013 04:00,-2.87
17/01/2013 05:00,-3.02
17/01/2013 06:00,-3.47
17/01/2013 07:00,-3.86
17/01/2013 08:00,-3.79
17/01/2013 09:00,-2.89
17/01/2013 10:00,-1.49
17/01/2013 11:00,1.51
17/01/2013 12:00,2.54
17/01/2013 13:00,2.57
17/01/2013 14:00,2.88
17/01/2013 15:00,2.48
17/01/2013 16:00,2.23
17/01/2013 17:00,2.04
17/01/2013 18:00,1.62
17/01/2013 19:00,1.55
17/01/2013 20:00,1.2
17/01/2013 21:00,1.13
17/01/2013 22:00,1.29
17/01/2013 23:00,1.63
18/01/2013 00:00,1.33
18/01/2013 01:00,1.26
18/01/2013 02:00,0.89
18/01/2013 03:00,0.86
18/01/2013 04:00,0.69
18/01/2013 05:00,0.14
18/01/2013 06:00,-0.33
18/01/2013 07:00,-1.03
18/01/2013 08:00,-1.44
18/01/2013 09:00,-1.93
18/01/2013 10:00,-1.9
18/01/2013 11:00,-1.88
18/01/2013 12:00,-1.86
18/01/2013 13:00,-1.87
18/01/2013 14:00,-1.47
18/01/2013 15:00,-1.42
18/01/2013 16:00,-1.32
18/01/2013 17:00,-1.26
18/01/2013 18:00,-1.18
18/01/2013 19:00,-0.81
18/01/2013 20:00,-0.73
18/01/2013 21:00,-0.47
18/01/2013 22:00,-0.74
18/01/2013 23:00,-0.29
19/01/2013 00:00,-0.65
19/01/2013 01:00,-0.27
19/01/2013 02:00,-0.23
19/01/2013 03:00,-0.22
19/01/2013 04:00,0.16
19/01/2013 05:00,0.28
19/01/2013 06:00,0.31
19/01/2013 07:00,0.36
19/01/2013 08:00,0.76
19/01/2013 09:00,0.78
19/01/2013 10:00,0.79
19/01/2013 11:00,0.8
19/01/2013 12:00,0.85
19/01/2013 13:00,0.84
19/01/2013 14:00,0.82
19/01/2013 15:00,0.65
19/01/2013 16:00,0.23
19/01/2013 17:00,0.19
19/01/2013 18:00,0.12
19/01/2013 19:00,0.14
19/01/2013 20:00,-0.22
19/01/2013 21:00,-0.23
19/01/2013 22:00,-0.22
19/01/2013 23:00,0.08
20/01/2013 00:00,0.08
20/01/2013 01:00,-0.39
20/01/2013 02:00,-0.47
20/01/2013 03:00,-0.47
20/01/2013 04:00,-0.81
20/01/2013 05:00,-0.92
20/01/2013 06:00,-0.9
20/01/2013 07:00,-0.93
20/01/2013 08:00,-0.92
20/01/2013 09:00,-1.45
20/01/2013 10:00,-1.3
20/01/2013 11:00,-0.9
20/01/2013 12:00,-0.8
20/01/2013 13:00,-0.36
20/01/2013 14:00,-0.31
20/01/2013 15:00,-0.21
20/01/2013 16:00,-0.23
20/01/2013 17:00,-0.25
20/01/2013 18:00,-0.28
20/01/2013 19:00,-0.32
20/01/2013 20:00,-0.37
20/01/2013 21:00,-0.41
20/01/2013 22:00,-0.46
20/01/2013 23:00,-0.47
21/01/2013 00:00,-0.47
21/01/2013 01:00,-0.84
21/01/2013 02:00,-0.84
21/01/2013 03:00,-0.76
21/01/2013 04:00,-0.84
21/01/2013 05:00,-0.84
21/01/2013 06:00,-0.84
21/01/2013 07:00,-0.86
21/01/2013 08:00,-0.83
21/01/2013 09:00,-0.37
21/01/2013 10:00,-0.21
21/01/2013 11:00,0.53
21/01/2013 12:00,0.72
21/01/2013 13:00,1.16
21/01/2013 14:00,1.17
21/01/2013 15:00,1.08
21/01/2013 16:00,0.42
21/01/2013 17:00,-0.21
21/01/2013 18:00,-0.66
21/01/2013 19:00,-1.09
21/01/2013 20:00,-0.72
21/01/2013 21:00,-0.83
21/01/2013 22:00,-1.42
21/01/2013 23:00,-1.98
22/01/2013 00:00,-2.21
22/01/2013 01:00,-3.09
22/01/2013 02:00,-3.7
22/01/2013 03:00,-3.73
22/01/2013 04:00,-2.83
22/01/2013 05:00,-3.14
22/01/2013 06:00,-2.12
22/01/2013 07:00,-1.49
22/01/2013 08:00,-1.25
22/01/2013 09:00,-0.39
22/01/2013 10:00,0.27
22/01/2013 11:00,1.31
22/01/2013 12:00,1.97
22/01/2013 13:00,2.39
22/01/2013 14:00,2.49
22/01/2013 15:00,2.5
22/01/2013 16:00,2.82
22/01/2013 17:00,2.49
22/01/2013 18:00,2.79
22/01/2013 19:00,2.35
22/01/2013 20:00,2.29
22/01/2013 21:00,2.43
22/01/2013 22:00,2.81
22/01/2013 23:00,2.82
23/01/2013 00:00,2.82
23/01/2013 01:00,2.38
23/01/2013 02:00,2.39
23/01/2013 03:00,2.34
23/01/2013 04:00,2.31
23/01/2013 05:00,1.92
23/01/2013 06:00,1.86
23/01/2013 07:00,1.83
23/01/2013 08:00,1.38
23/01/2013 09:00,1.76
23/01/2013 10:00,1.91
23/01/2013 11:00,1.92
23/01/2013 12:00,1.98
23/01/2013 13:00,2.27
23/01/2013 14:00,2.29
23/01/2013 15:00,2.29
23/01/2013 16:00,2.26
23/01/2013 17:00,1.94
23/01/2013 18:00,1.88
23/01/2013 19:00,1.88
23/01/2013 20:00,1.87
23/01/2013 21:00,2.24
23/01/2013 22:00,2.23
23/01/2013 23:00,1.79
24/01/2013 00:00,1.41
24/01/2013 01:00,1.36
24/01/2013 02:00,1.31
24/01/2013 03:00,1.28
24/01/2013 04:00,1.23
24/01/2013 05:00,1.23
24/01/2013 06:00,1.23
24/01/2013 07:00,1.22
24/01/2013 08:00,1.57
24/01/2013 09:00,1.62
24/01/2013 10:00,1.69
24/01/2013 11:00,1.8
24/01/2013 12:00,1.84
24/01/2013 13:00,1.91
24/01/2013 14:00,2.17
24/01/2013 15:00,2.23
24/01/2013 16:00,2.18
24/01/2013 17:00,2.08
24/01/2013 18:00,1.71
24/01/2013 19:00,1.56
24/01/2013 20:00,1.5
24/01/2013 21:00,1.12
24/01/2013 22:00,1.02
24/01/2013 23:00,-0.11
25/01/2013 00:00,-0.78
25/01/2013 01:00,-1.19
25/01/2013 02:00,-0.89
25/01/2013 03:00,-0.2
25/01/2013 04:00,0.28
25/01/2013 05:00,0.75
25/01/2013 06:00,0.81
25/01/2013 07:00,0.88
25/01/2013 08:00,1.01
25/01/2013 09:00,1.08
25/01/2013 10:00,1.27
25/01/2013 11:00,1.73
25/01/2013 12:00,1.81
25/01/2013 13:00,1.85
25/01/2013 14:00,1.73
25/01/2013 15:00,1.28
25/01/2013 16:00,0.73
25/01/2013 17:00,0.67
25/01/2013 18:00,0.66
25/01/2013 19:00,0.96
25/01/2013 20:00,1.51
25/01/2013 21:00,2.47
25/01/2013 22:00,2.98
25/01/2013 23:00,2.94
26/01/2013 00:00,2.87
26/01/2013 01:00,2.42
26/01/2013 02:00,2.38
26/01/2013 03:00,2.41
26/01/2013 04:00,2.46
26/01/2013 05:00,2.57
26/01/2013 06:00,3.01
26/01/2013 07:00,3.01
26/01/2013 08:00,2.37
26/01/2013 09:00,2.91
26/01/2013 10:00,4.31
26/01/2013 11:00,5.69
26/01/2013 12:00,6.74
26/01/2013 13:00,7.32
26/01/2013 14:00,7.41
26/01/2013 15:00,7.3
26/01/2013 16:00,6.86
26/01/2013 17:00,6.62
26/01/2013 18:00,6.2
26/01/2013 19:00,6.47
26/01/2013 20:00,7.52
26/01/2013 21:00,7.53
26/01/2013 22:00,7.46
26/01/2013 23:00,7.56
27/01/2013 00:00,7.58
27/01/2013 01:00,7.54
27/01/2013 02:00,7.63
27/01/2013 03:00,8.07
27/01/2013 04:00,8.68
27/01/2013 05:00,9.33
27/01/2013 06:00,9.84
27/01/2013 07:00,10.26
27/01/2013 08:00,9.79
27/01/2013 09:00,9.2
27/01/2013 10:00,9.04
27/01/2013 11:00,9.43
27/01/2013 12:00,9.29
27/01/2013 13:00,9.63
27/01/2013 14:00,9.47
27/01/2013 15:00,9.02
27/01/2013 16:00,8.38
27/01/2013 17:00,6.68
27/01/2013 18:00,5.56
27/01/2013 19:00,5.57
27/01/2013 20:00,5.71
27/01/2013 21:00,5.77
27/01/2013 22:00,5.35
27/01/2013 23:00,4.72
28/01/2013 00:00,4.29
28/01/2013 01:00,4.63
28/01/2013 02:00,4.69
28/01/2013 03:00,4.55
28/01/2013 04:00,3.68
28/01/2013 05:00,3.26
28/01/2013 06:00,3.18
28/01/2013 07:00,3.02
28/01/2013 08:00,3.03
28/01/2013 09:00,3.8
28/01/2013 10:00,5.31
28/01/2013 11:00,6.5
28/01/2013 12:00,7.52
28/01/2013 13:00,8.02
28/01/2013 14:00,8.51
28/01/2013 15:00,8.2
28/01/2013 16:00,8.57
28/01/2013 17:00,8.61
28/01/2013 18:00,8.71
28/01/2013 19:00,9.34
28/01/2013 20:00,10.28
28/01/2013 21:00,10.34
28/01/2013 22:00,10.5
28/01/2013 23:00,10.54
29/01/2013 00:00,10.92
29/01/2013 01:00,10.94
29/01/2013 02:00,10.92
29/01/2013 03:00,10.47
29/01/2013 04:00,10.23
29/01/2013 05:00,9.76
29/01/2013 06:00,9.77
29/01/2013 07:00,9.93
29/01/2013 08:00,10.51
29/01/2013 09:00,11.48
29/01/2013 10:00,12.37
29/01/2013 11:00,12.58
29/01/2013 12:00,12.96
29/01/2013 13:00,13.01
29/01/2013 14:00,13.06
29/01/2013 15:00,13.09
29/01/2013 16:00,13.08
29/01/2013 17:00,13.04
29/01/2013 18:00,12.67
29/01/2013 19:00,12.62
29/01/2013 20:00,12.89
29/01/2013 21:00,12.53
29/01/2013 22:00,12.44
29/01/2013 23:00,12.49
30/01/2013 00:00,12.56
30/01/2013 01:00,12.49
30/01/2013 02:00,12.08
30/01/2013 03:00,12.03
30/01/2013 04:00,10.82
30/01/2013 05:00,9.31
30/01/2013 06:00,9.17
30/01/2013 07:00,8.41
30/01/2013 08:00,8.92
30/01/2013 09:00,9.39
30/01/2013 10:00,10.27
30/01/2013 11:00,10.78
30/01/2013 12:00,11.26
30/01/2013 13:00,11.28
30/01/2013 14:00,11.01
30/01/2013 15:00,10.93
30/01/2013 16:00,10.68
30/01/2013 17:00,9.78
30/01/2013 18:00,9.62
30/01/2013 19:00,9.04
30/01/2013 20:00,8.59
30/01/2013 21:00,8.01
30/01/2013 22:00,7.96
30/01/2013 23:00,7.51
31/01/2013 00:00,7.12
31/01/2013 01:00,7.54
31/01/2013 02:00,7.13
31/01/2013 03:00,7.51
31/01/2013 04:00,8.13
31/01/2013 05:00,9.13
31/01/2013 06:00,9.56
31/01/2013 07:00,8.74
31/01/2013 08:00,8.81
31/01/2013 09:00,9.28
31/01/2013 10:00,9.7
31/01/2013 11:00,8.88
31/01/2013 12:00,9.76
31/01/2013 13:00,9.18
31/01/2013 14:00,9.94
31/01/2013 15:00,9.85
31/01/2013 16:00,9.71
31/01/2013 17:00,9.58
31/01/2013 18:00,9.07
31/01/2013 19:00,8.69
31/01/2013 20:00,8.23
31/01/2013 21:00,8.54
31/01/2013 22:00,8.06
31/01/2013 23:00,8.06
01/02/2013 00:00,8.01
01/02/2013 01:00,8.03
01/02/2013 02:00,8.01
01/02/2013 03:00,7.92
01/02/2013 04:00,6.64
01/02/2013 05:00,6.34
01/02/2013 06:00,6.26
01/02/2013 07:00,5.4
01/02/2013 08:00,5.24
01/02/2013 09:00,4.86
01/02/2013 10:00,4.85
01/02/2013 11:00,5.28
01/02/2013 12:00,5.86
01/02/2013 13:00,6.86
01/02/2013 14:00,6.93
01/02/2013 15:00,7.33
01/02/2013 16:00,6.79
01/02/2013 17:00,5.76
01/02/2013 18:00,5.51
01/02/2013 19:00,4.67
01/02/2013 20:00,4.93
01/02/2013 21:00,4.16
01/02/2013 22:00,4.87
01/02/2013 23:00,4.81
02/02/2013 00:00,4.88
02/02/2013 01:00,5.04
02/02/2013 02:00,5.56
02/02/2013 03:00,5.16
02/02/2013 04:00,4.54
02/02/2013 05:00,4.02
02/02/2013 06:00,3.44
02/02/2013 07:00,3.01
02/02/2013 08:00,2.9
02/02/2013 09:00,2.84
02/02/2013 10:00,3.46
02/02/2013 11:00,4.45
02/02/2013 12:00,5.09
02/02/2013 13:00,5.12
02/02/2013 14:00,5.14
02/02/2013 15:00,5.11
02/02/2013 16:00,5.09
02/02/2013 17:00,4.93
02/02/2013 18:00,4.41
02/02/2013 19:00,3.38
02/02/2013 20:00,3.19
02/02/2013 21:00,2.54
02/02/2013 22:00,2.03
02/02/2013 23:00,1.48
03/02/2013 00:00,0.69
03/02/2013 01:00,0.18
03/02/2013 02:00,0.11
03/02/2013 03:00,0.18
03/02/2013 04:00,0.41
03/02/2013 05:00,0.92
03/02/2013 06:00,1.11
03/02/2013 07:00,2.06
03/02/2013 08:00,2.64
03/02/2013 09:00,3.26
03/02/2013 10:00,4.35
03/02/2013 11:00,5.43
03/02/2013 12:00,6.52
03/02/2013 13:00,7.06
03/02/2013 14:00,7.61
03/02/2013 15:00,8.04
03/02/2013 16:00,8.16
03/02/2013 17:00,8.33
03/02/2013 18:00,8.35
03/02/2013 19:00,8.78
03/02/2013 20:00,8.78
03/02/2013 21:00,8.77
03/02/2013 22:00,9.12
03/02/2013 23:00,8.77
04/02/2013 00:00,9.14
04/02/2013 01:00,9.16
04/02/2013 02:00,9.11
04/02/2013 03:00,8.43
04/02/2013 04:00,9.39
04/02/2013 05:00,10.2
04/02/2013 06:00,9.83
04/02/2013 07:00,9.81
04/02/2013 08:00,10.16
04/02/2013 09:00,9.98
04/02/2013 10:00,9.19
04/02/2013 11:00,10.08
04/02/2013 12:00,10.08
04/02/2013 13:00,10.09
04/02/2013 14:00,9.67
04/02/2013 15:00,9.71
04/02/2013 16:00,9.39
04/02/2013 17:00,8.52
04/02/2013 18:00,7.91
04/02/2013 19:00,7.37
04/02/2013 20:00,7
04/02/2013 21:00,6.57
04/02/2013 22:00,6.51
04/02/2013 23:00,6.48
05/02/2013 00:00,6.44
05/02/2013 01:00,6.23
05/02/2013 02:00,4.27
05/02/2013 03:00,4.09
05/02/2013 04:00,3.62
05/02/2013 05:00,3.15
05/02/2013 06:00,2.62
05/02/2013 07:00,2.5
05/02/2013 08:00,2.16
05/02/2013 09:00,3.07
05/02/2013 10:00,3.69
05/02/2013 11:00,4.63
05/02/2013 12:00,4.84
05/02/2013 13:00,5.26
05/02/2013 14:00,5.36
05/02/2013 15:00,5.26
05/02/2013 16:00,5.15
05/02/2013 17:00,4.93
05/02/2013 18:00,4.23
05/02/2013 19:00,4.21
05/02/2013 20:00,5.15
05/02/2013 21:00,5.67
05/02/2013 22:00,5.41
05/02/2013 23:00,5.43
06/02/2013 00:00,5.89
06/02/2013 01:00,5.83
06/02/2013 02:00,6.16
06/02/2013 03:00,4.88
06/02/2013 04:00,5.2
06/02/2013 05:00,5.19
06/02/2013 06:00,4.92
06/02/2013 07:00,4.06
06/02/2013 08:00,3.48
06/02/2013 09:00,3.58
06/02/2013 10:00,4.64
06/02/2013 11:00,4.71
06/02/2013 12:00,4.88
06/02/2013 13:00,5.67
06/02/2013 14:00,5.52
06/02/2013 15:00,4.77
06/02/2013 16:00,5.41
06/02/2013 17:00,4.14
06/02/2013 18:00,4.46
06/02/2013 19:00,4.07
06/02/2013 20:00,3.94
06/02/2013 21:00,3.45
06/02/2013 22:00,3.33
06/02/2013 23:00,2.86
07/02/2013 00:00,2.42
07/02/2013 01:00,2.31
07/02/2013 02:00,2.26
07/02/2013 03:00,1.9
07/02/2013 04:00,1.47
07/02/2013 05:00,2.19
07/02/2013 06:00,2.13
07/02/2013 07:00,1.64
07/02/2013 08:00,1.24
07/02/2013 09:00,2.36
07/02/2013 10:00,3.49
07/02/2013 11:00,4.81
07/02/2013 12:00,5.05
07/02/2013 13:00,5.53
07/02/2013 14:00,5.12
07/02/2013 15:00,4.73
07/02/2013 16:00,4.57
07/02/2013 17:00,4.02
07/02/2013 18:00,3.94
07/02/2013 19:00,3.06
07/02/2013 20:00,2.93
07/02/2013 21:00,2.56
07/02/2013 22:00,2.42
07/02/2013 23:00,2.29
08/02/2013 00:00,1.88
08/02/2013 01:00,1.77
08/02/2013 02:00,1.66
08/02/2013 03:00,1.16
08/02/2013 04:00,1.13
08/02/2013 05:00,1.09
08/02/2013 06:00,0.98
08/02/2013 07:00,0.81
08/02/2013 08:00,0.93
08/02/2013 09:00,1.39
08/02/2013 10:00,2.43
08/02/2013 11:00,3.96
08/02/2013 12:00,5.04
08/02/2013 13:00,5.59
08/02/2013 14:00,5.58
08/02/2013 15:00,5.22
08/02/2013 16:00,5.04
08/02/2013 17:00,4.55
08/02/2013 18:00,4.49
08/02/2013 19:00,4.79
08/02/2013 20:00,4.07
08/02/2013 21:00,4.52
08/02/2013 22:00,4.46
08/02/2013 23:00,3.87
09/02/2013 00:00,3.01
09/02/2013 01:00,2.55
09/02/2013 02:00,2.4
09/02/2013 03:00,2.27
09/02/2013 04:00,2.1
09/02/2013 05:00,1.58
09/02/2013 06:00,1.71
09/02/2013 07:00,2.12
09/02/2013 08:00,2.15
09/02/2013 09:00,2.83
09/02/2013 10:00,3.06
09/02/2013 11:00,3.54
09/02/2013 12:00,3.49
09/02/2013 13:00,3.63
09/02/2013 14:00,3.68
09/02/2013 15:00,3.64
09/02/2013 16:00,3.19
09/02/2013 17:00,3.07
09/02/2013 18:00,3.07
09/02/2013 19:00,3.01
09/02/2013 20:00,3.02
09/02/2013 21:00,3.01
09/02/2013 22:00,3.02
09/02/2013 23:00,3.03
10/02/2013 00:00,3.04
10/02/2013 01:00,3.14
10/02/2013 02:00,3.65
10/02/2013 03:00,4.08
10/02/2013 04:00,4.12
10/02/2013 05:00,4.16
10/02/2013 06:00,4.24
10/02/2013 07:00,4.25
10/02/2013 08:00,4.28
10/02/2013 09:00,4.69
10/02/2013 10:00,4.7
10/02/2013 11:00,4.73
10/02/2013 12:00,4.2
10/02/2013 13:00,4.06
10/02/2013 14:00,3.56
10/02/2013 15:00,3.44
10/02/2013 16:00,2.94
10/02/2013 17:00,2.28
10/02/2013 18:00,1.89
10/02/2013 19:00,1.17
10/02/2013 20:00,1.46
10/02/2013 21:00,1.43
10/02/2013 22:00,1.42
10/02/2013 23:00,1.06
11/02/2013 00:00,0.92
11/02/2013 01:00,0.91
11/02/2013 02:00,0.83
11/02/2013 03:00,0.55
11/02/2013 04:00,0.94
11/02/2013 05:00,0.92
11/02/2013 06:00,1.25
11/02/2013 07:00,1.22
11/02/2013 08:00,1.17
11/02/2013 09:00,1.24
11/02/2013 10:00,1.29
11/02/2013 11:00,1.33
11/02/2013 12:00,1.34
11/02/2013 13:00,1.88
11/02/2013 14:00,1.88
11/02/2013 15:00,1.53
11/02/2013 16:00,1.62
11/02/2013 17:00,1.62
11/02/2013 18:00,1.32
11/02/2013 19:00,1.32
11/02/2013 20:00,1.35
11/02/2013 21:00,1.32
11/02/2013 22:00,1.32
11/02/2013 23:00,1.37
12/02/2013 00:00,1.37
12/02/2013 01:00,1.37
12/02/2013 02:00,1.34
12/02/2013 03:00,1.79
12/02/2013 04:00,1.78
12/02/2013 05:00,1.71
12/02/2013 06:00,1.32
12/02/2013 07:00,1.36
12/02/2013 08:00,1.22
12/02/2013 09:00,1.42
12/02/2013 10:00,1.84
12/02/2013 11:00,1.94
12/02/2013 12:00,1.94
12/02/2013 13:00,1.95
12/02/2013 14:00,2.24
12/02/2013 15:00,1.95
12/02/2013 16:00,1.91
12/02/2013 17:00,1.8
12/02/2013 18:00,1.76
12/02/2013 19:00,1.64
12/02/2013 20:00,1.57
12/02/2013 21:00,1.14
12/02/2013 22:00,1.28
12/02/2013 23:00,1.28
13/02/2013 00:00,1.55
13/02/2013 01:00,1.23
13/02/2013 02:00,1.19
13/02/2013 03:00,1.14
13/02/2013 04:00,1.06
13/02/2013 05:00,0.97
13/02/2013 06:00,1.08
13/02/2013 07:00,0.6
13/02/2013 08:00,0.94
13/02/2013 09:00,1.22
13/02/2013 10:00,1.33
13/02/2013 11:00,1.88
13/02/2013 12:00,1.94
13/02/2013 13:00,2.35
13/02/2013 14:00,2.29
13/02/2013 15:00,1.94
13/02/2013 16:00,1.81
13/02/2013 17:00,1.74
13/02/2013 18:00,1.29
13/02/2013 19:00,1.39
13/02/2013 20:00,1.93
13/02/2013 21:00,2.48
13/02/2013 22:00,2.58
13/02/2013 23:00,3.09
14/02/2013 00:00,4.07
14/02/2013 01:00,4.54
14/02/2013 02:00,4.68
14/02/2013 03:00,5.14
14/02/2013 04:00,5.3
14/02/2013 05:00,6.32
14/02/2013 06:00,6.97
14/02/2013 07:00,7.56
14/02/2013 08:00,8.04
14/02/2013 09:00,7.88
14/02/2013 10:00,9.24
14/02/2013 11:00,9.65
14/02/2013 12:00,10.59
14/02/2013 13:00,10.51
14/02/2013 14:00,10.23
14/02/2013 15:00,10.17
14/02/2013 16:00,9.56
14/02/2013 17:00,9.66
14/02/2013 18:00,8.62
14/02/2013 19:00,7.42
14/02/2013 20:00,7.65
14/02/2013 21:00,7.21
14/02/2013 22:00,6.71
14/02/2013 23:00,6.17
15/02/2013 00:00,4.86
15/02/2013 01:00,4.73
15/02/2013 02:00,4.11
15/02/2013 03:00,3.31
15/02/2013 04:00,3.64
15/02/2013 05:00,3.53
15/02/2013 06:00,3.14
15/02/2013 07:00,2.27
15/02/2013 08:00,3.22
15/02/2013 09:00,4.44
15/02/2013 10:00,6.06
15/02/2013 11:00,8.06
15/02/2013 12:00,9.42
15/02/2013 13:00,9.76
15/02/2013 14:00,9.45
15/02/2013 15:00,9.04
15/02/2013 16:00,8.93
15/02/2013 17:00,8.47
15/02/2013 18:00,7.71
15/02/2013 19:00,7.66
15/02/2013 20:00,7.36
15/02/2013 21:00,6.58
15/02/2013 22:00,6.51
15/02/2013 23:00,6.49
16/02/2013 00:00,6.11
16/02/2013 01:00,5.72
16/02/2013 02:00,5.26
16/02/2013 03:00,5.62
16/02/2013 04:00,5.23
16/02/2013 05:00,5.13
16/02/2013 06:00,4.7
16/02/2013 07:00,4.72
16/02/2013 08:00,4.74
16/02/2013 09:00,5.63
16/02/2013 10:00,7.46
16/02/2013 11:00,8.26
16/02/2013 12:00,9.15
16/02/2013 13:00,10.13
16/02/2013 14:00,9.75
16/02/2013 15:00,9.98
16/02/2013 16:00,9.11
16/02/2013 17:00,8.41
16/02/2013 18:00,7.6
16/02/2013 19:00,7.33
16/02/2013 20:00,6.79
16/02/2013 21:00,5.84
16/02/2013 22:00,4.75
16/02/2013 23:00,3.7
17/02/2013 00:00,3.07
17/02/2013 01:00,2.49
17/02/2013 02:00,2.39
17/02/2013 03:00,2.29
17/02/2013 04:00,2.16
17/02/2013 05:00,2.22
17/02/2013 06:00,2.24
17/02/2013 07:00,2.35
17/02/2013 08:00,2.58
17/02/2013 09:00,3.41
17/02/2013 10:00,4.89
17/02/2013 11:00,6.53
17/02/2013 12:00,8.13
17/02/2013 13:00,8.85
17/02/2013 14:00,9.49
17/02/2013 15:00,8.61
17/02/2013 16:00,7.34
17/02/2013 17:00,5.86
17/02/2013 18:00,4.21
17/02/2013 19:00,4.11
17/02/2013 20:00,4.13
17/02/2013 21:00,4.07
17/02/2013 22:00,4.11
17/02/2013 23:00,3.93
18/02/2013 00:00,3.91
18/02/2013 01:00,3.51
18/02/2013 02:00,3.42
18/02/2013 03:00,2.92
18/02/2013 04:00,2.79
18/02/2013 05:00,2.41
18/02/2013 06:00,2.23
18/02/2013 07:00,2.02
18/02/2013 08:00,2.28
18/02/2013 09:00,3.47
18/02/2013 10:00,4.32
18/02/2013 11:00,5.93
18/02/2013 12:00,6.6
18/02/2013 13:00,7.49
18/02/2013 14:00,7.65
18/02/2013 15:00,7.48
18/02/2013 16:00,6.92
18/02/2013 17:00,5.72
18/02/2013 18:00,4.56
18/02/2013 19:00,3.88
18/02/2013 20:00,3.21
18/02/2013 21:00,2.67
18/02/2013 22:00,2.08
18/02/2013 23:00,1.16
19/02/2013 00:00,1.33
19/02/2013 01:00,1.22
19/02/2013 02:00,0.67
19/02/2013 03:00,-0.12
19/02/2013 04:00,-0.65
19/02/2013 05:00,-0.73
19/02/2013 06:00,-0.75
19/02/2013 07:00,-1.43
19/02/2013 08:00,-0.78
19/02/2013 09:00,1.08
19/02/2013 10:00,2.88
19/02/2013 11:00,6.36
19/02/2013 12:00,8.27
19/02/2013 13:00,9.09
19/02/2013 14:00,10.12
19/02/2013 15:00,9.86
19/02/2013 16:00,9.97
19/02/2013 17:00,8.79
19/02/2013 18:00,7.56
19/02/2013 19:00,6.29
19/02/2013 20:00,5.47
19/02/2013 21:00,4.63
19/02/2013 22:00,4.24
19/02/2013 23:00,3.67
20/02/2013 00:00,1.93
20/02/2013 01:00,2.31
20/02/2013 02:00,2.51
20/02/2013 03:00,2.93
20/02/2013 04:00,3.36
20/02/2013 05:00,3.78
20/02/2013 06:00,3.55
20/02/2013 07:00,3.88
20/02/2013 08:00,3.95
20/02/2013 09:00,3.97
20/02/2013 10:00,3.96
20/02/2013 11:00,3.62
20/02/2013 12:00,4.09
20/02/2013 13:00,4.88
20/02/2013 14:00,4.53
20/02/2013 15:00,3.77
20/02/2013 16:00,3.47
20/02/2013 17:00,2.86
20/02/2013 18:00,2.32
20/02/2013 19:00,1.83
20/02/2013 20:00,1.86
20/02/2013 21:00,1.96
20/02/2013 22:00,2.34
20/02/2013 23:00,2.29
21/02/2013 00:00,2.27
21/02/2013 01:00,1.88
21/02/2013 02:00,1.36
21/02/2013 03:00,1.29
21/02/2013 04:00,1.31
21/02/2013 05:00,1.28
21/02/2013 06:00,1.32
21/02/2013 07:00,1.33
21/02/2013 08:00,1.34
21/02/2013 09:00,1.41
21/02/2013 10:00,1.81
21/02/2013 11:00,1.89
21/02/2013 12:00,1.97
21/02/2013 13:00,1.97
21/02/2013 14:00,1.97
21/02/2013 15:00,2.28
21/02/2013 16:00,1.69
21/02/2013 17:00,1.33
21/02/2013 18:00,1.62
21/02/2013 19:00,1.22
21/02/2013 20:00,1.19
21/02/2013 21:00,0.86
21/02/2013 22:00,1.23
21/02/2013 23:00,1.22
22/02/2013 00:00,1.21
22/02/2013 01:00,0.83
22/02/2013 02:00,0.81
22/02/2013 03:00,0.8
22/02/2013 04:00,0.74
22/02/2013 05:00,0.77
22/02/2013 06:00,0.28
22/02/2013 07:00,0.2
22/02/2013 08:00,0.59
22/02/2013 09:00,0.72
22/02/2013 10:00,1.1
22/02/2013 11:00,1.22
22/02/2013 12:00,1.32
22/02/2013 13:00,1.33
22/02/2013 14:00,1.36
22/02/2013 15:00,1.29
22/02/2013 16:00,1.22
22/02/2013 17:00,1.18
22/02/2013 18:00,1.07
22/02/2013 19:00,0.74
22/02/2013 20:00,0.74
22/02/2013 21:00,0.84
22/02/2013 22:00,1.21
22/02/2013 23:00,0.8
23/02/2013 00:00,0.68
23/02/2013 01:00,0.63
23/02/2013 02:00,0.22
23/02/2013 03:00,0.22
23/02/2013 04:00,0.21
23/02/2013 05:00,0.21
23/02/2013 06:00,0.21
23/02/2013 07:00,0.19
23/02/2013 08:00,0.23
23/02/2013 09:00,0.74
23/02/2013 10:00,1.21
23/02/2013 11:00,1.37
23/02/2013 12:00,1.4
23/02/2013 13:00,1.74
23/02/2013 14:00,1.74
23/02/2013 15:00,1.72
23/02/2013 16:00,1.67
23/02/2013 17:00,1.27
23/02/2013 18:00,1.24
23/02/2013 19:00,1.23
23/02/2013 20:00,1.21
23/02/2013 21:00,1.63
23/02/2013 22:00,1.18
23/02/2013 23:00,1.13
24/02/2013 00:00,1.16
24/02/2013 01:00,1.21
24/02/2013 02:00,0.87
24/02/2013 03:00,1.23
24/02/2013 04:00,1.22
24/02/2013 05:00,0.86
24/02/2013 06:00,0.86
24/02/2013 07:00,0.85
24/02/2013 08:00,1.23
24/02/2013 09:00,1.21
24/02/2013 10:00,1.31
24/02/2013 11:00,1.81
24/02/2013 12:00,1.9
24/02/2013 13:00,1.94
24/02/2013 14:00,2.33
24/02/2013 15:00,2.33
24/02/2013 16:00,2.35
24/02/2013 17:00,1.96
24/02/2013 18:00,1.89
24/02/2013 19:00,1.91
24/02/2013 20:00,1.87
24/02/2013 21:00,1.92
24/02/2013 22:00,1.96
24/02/2013 23:00,1.89
25/02/2013 00:00,1.93
25/02/2013 01:00,1.77
25/02/2013 02:00,1.74
25/02/2013 03:00,1.84
25/02/2013 04:00,1.91
25/02/2013 05:00,2.35
25/02/2013 06:00,2.39
25/02/2013 07:00,2.41
25/02/2013 08:00,2.86
25/02/2013 09:00,2.9
25/02/2013 10:00,3.38
25/02/2013 11:00,3.52
25/02/2013 12:00,3.63
25/02/2013 13:00,3.99
25/02/2013 14:00,4.04
25/02/2013 15:00,4.11
25/02/2013 16:00,4.39
25/02/2013 17:00,4.07
25/02/2013 18:00,4.05
25/02/2013 19:00,4.03
25/02/2013 20:00,3.97
25/02/2013 21:00,4.02
25/02/2013 22:00,3.89
25/02/2013 23:00,3.44
26/02/2013 00:00,3.04
26/02/2013 01:00,2.98
26/02/2013 02:00,3
26/02/2013 03:00,3.01
26/02/2013 04:00,3.05
26/02/2013 05:00,3.07
26/02/2013 06:00,3.11
26/02/2013 07:00,3.43
26/02/2013 08:00,3.55
26/02/2013 09:00,3.98
26/02/2013 10:00,4.05
26/02/2013 11:00,4.12
26/02/2013 12:00,4.13
26/02/2013 13:00,4.52
26/02/2013 14:00,4.57
26/02/2013 15:00,4.55
26/02/2013 16:00,4.59
26/02/2013 17:00,4.93
26/02/2013 18:00,4.92
26/02/2013 19:00,4.49
26/02/2013 20:00,4.47
26/02/2013 21:00,4.48
26/02/2013 22:00,4.1
26/02/2013 23:00,4.04
27/02/2013 00:00,3.56
27/02/2013 01:00,3.42
27/02/2013 02:00,3.02
27/02/2013 03:00,2.96
27/02/2013 04:00,2.51
27/02/2013 05:00,2.46
27/02/2013 06:00,2.42
27/02/2013 07:00,2.33
27/02/2013 08:00,2.4
27/02/2013 09:00,2.38
27/02/2013 10:00,2.89
27/02/2013 11:00,3.03
27/02/2013 12:00,3.57
27/02/2013 13:00,4.08
27/02/2013 14:00,5.23
27/02/2013 15:00,6.07
27/02/2013 16:00,6.11
27/02/2013 17:00,5.88
27/02/2013 18:00,4.84
27/02/2013 19:00,4.57
27/02/2013 20:00,3.82
27/02/2013 21:00,3.44
27/02/2013 22:00,3
27/02/2013 23:00,2.96
28/02/2013 00:00,2.94
28/02/2013 01:00,2.92
28/02/2013 02:00,2.9
28/02/2013 03:00,2.54
28/02/2013 04:00,2.5
28/02/2013 05:00,2.41
28/02/2013 06:00,2.47
28/02/2013 07:00,2.84
28/02/2013 08:00,2.97
28/02/2013 09:00,3.65
28/02/2013 10:00,4.23
28/02/2013 11:00,5.18
28/02/2013 12:00,5.76
28/02/2013 13:00,6.36
28/02/2013 14:00,7.23
28/02/2013 15:00,7.26
28/02/2013 16:00,7.18
28/02/2013 17:00,6.49
28/02/2013 18:00,4.99
28/02/2013 19:00,4.17
28/02/2013 20:00,4.36
28/02/2013 21:00,3.9
28/02/2013 22:00,3.05
28/02/2013 23:00,2.95
01/03/2013 00:00,2.58
01/03/2013 01:00,2.97
01/03/2013 02:00,2.99
01/03/2013 03:00,3.03
01/03/2013 04:00,3.07
01/03/2013 05:00,3.07
01/03/2013 06:00,3.49
01/03/2013 07:00,3.98
01/03/2013 08:00,4.65
01/03/2013 09:00,5.21
01/03/2013 10:00,5.76
01/03/2013 11:00,6.25
01/03/2013 12:00,5.94
01/03/2013 13:00,6.62
01/03/2013 14:00,6.27
01/03/2013 15:00,6.21
01/03/2013 16:00,6.17
01/03/2013 17:00,6.07
01/03/2013 18:00,5.56
01/03/2013 19:00,5.47
01/03/2013 20:00,4.97
01/03/2013 21:00,4.49
01/03/2013 22:00,4.09
01/03/2013 23:00,3.98
02/03/2013 00:00,3.51
02/03/2013 01:00,3.43
02/03/2013 02:00,3.41
02/03/2013 03:00,2.99
02/03/2013 04:00,2.96
02/03/2013 05:00,2.93
02/03/2013 06:00,2.94
02/03/2013 07:00,2.58
02/03/2013 08:00,2.94
02/03/2013 09:00,3.02
02/03/2013 10:00,3.07
02/03/2013 11:00,3.14
02/03/2013 12:00,3.58
02/03/2013 13:00,4.11
02/03/2013 14:00,4.34
02/03/2013 15:00,4.64
02/03/2013 16:00,4.69
02/03/2013 17:00,4.07
02/03/2013 18:00,3.42
02/03/2013 19:00,2.58
02/03/2013 20:00,2.45
02/03/2013 21:00,2.17
02/03/2013 22:00,1.37
02/03/2013 23:00,0.63
03/03/2013 00:00,0.19
03/03/2013 01:00,0.06
03/03/2013 02:00,-0.36
03/03/2013 03:00,-1.14
03/03/2013 04:00,-0.74
03/03/2013 05:00,-1.03
03/03/2013 06:00,0.03
03/03/2013 07:00,1.33
03/03/2013 08:00,2.11
03/03/2013 09:00,3.31
03/03/2013 10:00,4.6
03/03/2013 11:00,5.49
03/03/2013 12:00,7.19
03/03/2013 13:00,7.41
03/03/2013 14:00,7.47
03/03/2013 15:00,7.83
03/03/2013 16:00,7.81
03/03/2013 17:00,6.71
03/03/2013 18:00,5.55
03/03/2013 19:00,4.89
03/03/2013 20:00,4.01
03/03/2013 21:00,3.78
03/03/2013 22:00,3.83
03/03/2013 23:00,3.74
04/03/2013 00:00,2.97
04/03/2013 01:00,3.38
04/03/2013 02:00,3.18
04/03/2013 03:00,2.73
04/03/2013 04:00,2.69
04/03/2013 05:00,2.28
04/03/2013 06:00,2.23
04/03/2013 07:00,2.14
04/03/2013 08:00,2.46
04/03/2013 09:00,3.18
04/03/2013 10:00,4.56
04/03/2013 11:00,6.93
04/03/2013 12:00,7.27
04/03/2013 13:00,8.66
04/03/2013 14:00,8.76
04/03/2013 15:00,8.99
04/03/2013 16:00,7.67
04/03/2013 17:00,6.53
04/03/2013 18:00,5.56
04/03/2013 19:00,4.62
04/03/2013 20:00,4.23
04/03/2013 21:00,3.82
04/03/2013 22:00,2.94
04/03/2013 23:00,2.88
05/03/2013 00:00,2.73
05/03/2013 01:00,2.99
05/03/2013 02:00,2.94
05/03/2013 03:00,2.81
05/03/2013 04:00,2.23
05/03/2013 05:00,1.87
05/03/2013 06:00,2.19
05/03/2013 07:00,2.94
05/03/2013 08:00,3.25
05/03/2013 09:00,5.42
05/03/2013 10:00,8.84
05/03/2013 11:00,11.51
05/03/2013 12:00,13.68
05/03/2013 13:00,15.23
05/03/2013 14:00,16.06
05/03/2013 15:00,15.57
05/03/2013 16:00,15.07
05/03/2013 17:00,13.72
05/03/2013 18:00,11.79
05/03/2013 19:00,10.66
05/03/2013 20:00,8.93
05/03/2013 21:00,8.63
05/03/2013 22:00,8.61
05/03/2013 23:00,8.61
06/03/2013 00:00,8.64
06/03/2013 01:00,8.14
06/03/2013 02:00,7.72
06/03/2013 03:00,7.66
06/03/2013 04:00,7.65
06/03/2013 05:00,8.14
06/03/2013 06:00,7.71
06/03/2013 07:00,7.78
06/03/2013 08:00,8.28
06/03/2013 09:00,8.84
06/03/2013 10:00,9.62
06/03/2013 11:00,11.12
06/03/2013 12:00,11.95
06/03/2013 13:00,12.66
06/03/2013 14:00,13.14
06/03/2013 15:00,13.06
06/03/2013 16:00,12.81
06/03/2013 17:00,12.46
06/03/2013 18:00,11.43
06/03/2013 19:00,10.81
06/03/2013 20:00,9.44
06/03/2013 21:00,8.96
06/03/2013 22:00,8.57
06/03/2013 23:00,8.43
07/03/2013 00:00,8.37
07/03/2013 01:00,7.91
07/03/2013 02:00,7.85
07/03/2013 03:00,7.43
07/03/2013 04:00,7.46
07/03/2013 05:00,7.43
07/03/2013 06:00,7.73
07/03/2013 07:00,7.89
07/03/2013 08:00,7.95
07/03/2013 09:00,8.4
07/03/2013 10:00,8.51
07/03/2013 11:00,8.99
07/03/2013 12:00,9.41
07/03/2013 13:00,9.58
07/03/2013 14:00,9.63
07/03/2013 15:00,9.47
07/03/2013 16:00,8.66
07/03/2013 17:00,8.73
07/03/2013 18:00,8.69
07/03/2013 19:00,8.67
07/03/2013 20:00,9.02
07/03/2013 21:00,9.03
07/03/2013 22:00,9.06
07/03/2013 23:00,9.02
08/03/2013 00:00,9.02
08/03/2013 01:00,8.99
08/03/2013 02:00,8.99
08/03/2013 03:00,8.94
08/03/2013 04:00,8.62
08/03/2013 05:00,8.57
08/03/2013 06:00,8.53
08/03/2013 07:00,8.42
08/03/2013 08:00,8.19
08/03/2013 09:00,8.19
08/03/2013 10:00,8.54
08/03/2013 11:00,9.06
08/03/2013 12:00,9.1
08/03/2013 13:00,9.23
08/03/2013 14:00,9.57
08/03/2013 15:00,9.61
08/03/2013 16:00,9.6
08/03/2013 17:00,9.57
08/03/2013 18:00,9.52
08/03/2013 19:00,9.49
08/03/2013 20:00,9.03
08/03/2013 21:00,8.91
08/03/2013 22:00,8.49
08/03/2013 23:00,8.02
09/03/2013 00:00,8.01
09/03/2013 01:00,7.86
09/03/2013 02:00,7.39
09/03/2013 03:00,6.94
09/03/2013 04:00,6.48
09/03/2013 05:00,6.41
09/03/2013 06:00,5.91
09/03/2013 07:00,5.86
09/03/2013 08:00,5.93
09/03/2013 09:00,6.31
09/03/2013 10:00,6.35
09/03/2013 11:00,6.41
09/03/2013 12:00,6.46
09/03/2013 13:00,6.84
09/03/2013 14:00,6.83
09/03/2013 15:00,6.83
09/03/2013 16:00,6.4
09/03/2013 17:00,6.33
09/03/2013 18:00,6.18
09/03/2013 19:00,5.64
09/03/2013 20:00,5.19
09/03/2013 21:00,4.61
09/03/2013 22:00,4.13
09/03/2013 23:00,3.88
10/03/2013 00:00,3.45
10/03/2013 01:00,2.97
10/03/2013 02:00,2.89
10/03/2013 03:00,2.48
10/03/2013 04:00,2.41
10/03/2013 05:00,2.39
10/03/2013 06:00,2.38
10/03/2013 07:00,2.41
10/03/2013 08:00,2.43
10/03/2013 09:00,2.8
10/03/2013 10:00,2.97
10/03/2013 11:00,3.37
10/03/2013 12:00,3.37
10/03/2013 13:00,3.02
10/03/2013 14:00,2.85
10/03/2013 15:00,2.78
10/03/2013 16:00,2.41
10/03/2013 17:00,2.24
10/03/2013 18:00,1.93
10/03/2013 19:00,1.76
10/03/2013 20:00,1.34
10/03/2013 21:00,1.32
10/03/2013 22:00,1.26
10/03/2013 23:00,1.23
11/03/2013 00:00,1.22
11/03/2013 01:00,0.85
11/03/2013 02:00,0.31
11/03/2013 03:00,0.22
11/03/2013 04:00,0.17
11/03/2013 05:00,-0.23
11/03/2013 06:00,-0.27
11/03/2013 07:00,-0.33
11/03/2013 08:00,-0.4
11/03/2013 09:00,-0.02
11/03/2013 10:00,0.04
11/03/2013 11:00,-0.71
11/03/2013 12:00,-0.27
11/03/2013 13:00,0.01
11/03/2013 14:00,-0.27
11/03/2013 15:00,-0.04
11/03/2013 16:00,-0.48
11/03/2013 17:00,-0.52
11/03/2013 18:00,-0.52
11/03/2013 19:00,-0.93
11/03/2013 20:00,-1.02
11/03/2013 21:00,-1.38
11/03/2013 22:00,-1.46
11/03/2013 23:00,-1.57
12/03/2013 00:00,-1.59
12/03/2013 01:00,-1.59
12/03/2013 02:00,-1.57
12/03/2013 03:00,-1.56
12/03/2013 04:00,-1.89
12/03/2013 05:00,-1.47
12/03/2013 06:00,-1.08
12/03/2013 07:00,-1.07
12/03/2013 08:00,-0.98
12/03/2013 09:00,-0.31
12/03/2013 10:00,0.26
12/03/2013 11:00,1.39
12/03/2013 12:00,2.73
12/03/2013 13:00,3.01
12/03/2013 14:00,3.77
12/03/2013 15:00,3.86
12/03/2013 16:00,3.77
12/03/2013 17:00,3.28
12/03/2013 18:00,2.79
12/03/2013 19:00,2.32
12/03/2013 20:00,2.33
12/03/2013 21:00,2.35
12/03/2013 22:00,2.34
12/03/2013 23:00,1.97
13/03/2013 00:00,2.32
13/03/2013 01:00,2.73
13/03/2013 02:00,2.33
13/03/2013 03:00,1.85
13/03/2013 04:00,1.67
13/03/2013 05:00,1.21
13/03/2013 06:00,1.14
13/03/2013 07:00,1.21
13/03/2013 08:00,1.94
13/03/2013 09:00,3.05
13/03/2013 10:00,4.12
13/03/2013 11:00,4.93
13/03/2013 12:00,5.49
13/03/2013 13:00,6.42
13/03/2013 14:00,5.63
13/03/2013 15:00,4.85
13/03/2013 16:00,4.62
13/03/2013 17:00,4.72
13/03/2013 18:00,2.3
13/03/2013 19:00,2.29
13/03/2013 20:00,2.22
13/03/2013 21:00,1.69
13/03/2013 22:00,1.8
13/03/2013 23:00,1.31
14/03/2013 00:00,0.76
14/03/2013 01:00,0.22
14/03/2013 02:00,-0.16
14/03/2013 03:00,-0.26
14/03/2013 04:00,-0.41
14/03/2013 05:00,-0.51
14/03/2013 06:00,-0.91
14/03/2013 07:00,-0.76
14/03/2013 08:00,-0.02
14/03/2013 09:00,1.38
14/03/2013 10:00,3.01
14/03/2013 11:00,4.12
14/03/2013 12:00,5.12
14/03/2013 13:00,5.95
14/03/2013 14:00,6.52
14/03/2013 15:00,5.89
14/03/2013 16:00,6.56
14/03/2013 17:00,6.08
14/03/2013 18:00,5.17
14/03/2013 19:00,4.64
14/03/2013 20:00,4.39
14/03/2013 21:00,4.71
14/03/2013 22:00,4.3
14/03/2013 23:00,3.84
15/03/2013 00:00,3.36
15/03/2013 01:00,3.36
15/03/2013 02:00,2.99
15/03/2013 03:00,3.25
15/03/2013 04:00,3.39
15/03/2013 05:00,3.43
15/03/2013 06:00,3.53
15/03/2013 07:00,3.77
15/03/2013 08:00,4.76
15/03/2013 09:00,5.94
15/03/2013 10:00,6.95
15/03/2013 11:00,7.53
15/03/2013 12:00,8.13
15/03/2013 13:00,7.89
15/03/2013 14:00,7.91
15/03/2013 15:00,8.27
15/03/2013 16:00,7.47
15/03/2013 17:00,7.42
15/03/2013 18:00,6.96
15/03/2013 19:00,6.92
15/03/2013 20:00,6.92
15/03/2013 21:00,6.62
15/03/2013 22:00,6.64
15/03/2013 23:00,7.04
16/03/2013 00:00,7.45
16/03/2013 01:00,7.51
16/03/2013 02:00,7.43
16/03/2013 03:00,7.43
16/03/2013 04:00,7.41
16/03/2013 05:00,6.92
16/03/2013 06:00,6.5
16/03/2013 07:00,6.39
16/03/2013 08:00,6.36
16/03/2013 09:00,6.49
16/03/2013 10:00,6.34
16/03/2013 11:00,6.32
16/03/2013 12:00,6.4
16/03/2013 13:00,6.56
16/03/2013 14:00,6.96
16/03/2013 15:00,7
16/03/2013 16:00,7.33
16/03/2013 17:00,6.69
16/03/2013 18:00,6.22
16/03/2013 19:00,5.79
16/03/2013 20:00,5.85
16/03/2013 21:00,6.22
16/03/2013 22:00,6.38
16/03/2013 23:00,6.22
17/03/2013 00:00,5.77
17/03/2013 01:00,5.19
17/03/2013 02:00,4.99
17/03/2013 03:00,4.36
17/03/2013 04:00,3.17
17/03/2013 05:00,3.72
17/03/2013 06:00,4.16
17/03/2013 07:00,4.81
17/03/2013 08:00,6.18
17/03/2013 09:00,6.49
17/03/2013 10:00,7.3
17/03/2013 11:00,6.59
17/03/2013 12:00,6.88
17/03/2013 13:00,7.03
17/03/2013 14:00,6.27
17/03/2013 15:00,5.97
17/03/2013 16:00,5.28
17/03/2013 17:00,5.13
17/03/2013 18:00,4.92
17/03/2013 19:00,4.44
17/03/2013 20:00,3.93
17/03/2013 21:00,3.53
17/03/2013 22:00,2.94
17/03/2013 23:00,2.36
18/03/2013 00:00,1.1
18/03/2013 01:00,0.52
18/03/2013 02:00,0.02
18/03/2013 03:00,-0.22
18/03/2013 04:00,-0.17
18/03/2013 05:00,0.15
18/03/2013 06:00,0.21
18/03/2013 07:00,1.56
18/03/2013 08:00,3.04
18/03/2013 09:00,3.87
18/03/2013 10:00,6.09
18/03/2013 11:00,6.81
18/03/2013 12:00,7.35
18/03/2013 13:00,7.06
18/03/2013 14:00,6.81
18/03/2013 15:00,5.6
18/03/2013 16:00,4.71
18/03/2013 17:00,4.88
18/03/2013 18:00,4.73
18/03/2013 19:00,4.66
18/03/2013 20:00,4.56
18/03/2013 21:00,4.47
18/03/2013 22:00,4.48
18/03/2013 23:00,4.39
19/03/2013 00:00,3.96
19/03/2013 01:00,3.57
19/03/2013 02:00,3.5
19/03/2013 03:00,3.39
19/03/2013 04:00,3.38
19/03/2013 05:00,3.33
19/03/2013 06:00,3.37
19/03/2013 07:00,3.4
19/03/2013 08:00,3.98
19/03/2013 09:00,4.13
19/03/2013 10:00,4.97
19/03/2013 11:00,5.44
19/03/2013 12:00,6.01
19/03/2013 13:00,6.6
19/03/2013 14:00,7.04
19/03/2013 15:00,7.14
19/03/2013 16:00,7.72
19/03/2013 17:00,6.78
19/03/2013 18:00,5.94
19/03/2013 19:00,4.9
19/03/2013 20:00,3.82
19/03/2013 21:00,3.4
19/03/2013 22:00,3.3
19/03/2013 23:00,2.81
20/03/2013 00:00,2.68
20/03/2013 01:00,2.37
20/03/2013 02:00,2.46
20/03/2013 03:00,2.46
20/03/2013 04:00,2.92
20/03/2013 05:00,2.93
20/03/2013 06:00,3.3
20/03/2013 07:00,3.71
20/03/2013 08:00,3.97
20/03/2013 09:00,4.35
20/03/2013 10:00,5.27
20/03/2013 11:00,5.37
20/03/2013 12:00,5.6
20/03/2013 13:00,5.87
20/03/2013 14:00,5.44
20/03/2013 15:00,4.66
20/03/2013 16:00,4.18
20/03/2013 17:00,4.08
20/03/2013 18:00,3.63
20/03/2013 19:00,3.43
20/03/2013 20:00,3.38
20/03/2013 21:00,3.06
20/03/2013 22:00,2.95
20/03/2013 23:00,2.91
21/03/2013 00:00,2.82
21/03/2013 01:00,2.76
21/03/2013 02:00,2.2
21/03/2013 03:00,1.6
21/03/2013 04:00,1.18
21/03/2013 05:00,1.22
21/03/2013 06:00,1.7
21/03/2013 07:00,2.2
21/03/2013 08:00,2.97
21/03/2013 09:00,4.14
21/03/2013 10:00,4.79
21/03/2013 11:00,5.51
21/03/2013 12:00,5.96
21/03/2013 13:00,6.26
21/03/2013 14:00,6.27
21/03/2013 15:00,6.14
21/03/2013 16:00,5.67
21/03/2013 17:00,5.16
21/03/2013 18:00,4.53
21/03/2013 19:00,4.13
21/03/2013 20:00,4.07
21/03/2013 21:00,4.05
21/03/2013 22:00,4.12
21/03/2013 23:00,4.02
22/03/2013 00:00,3.58
22/03/2013 01:00,3.07
22/03/2013 02:00,3.04
22/03/2013 03:00,2.63
22/03/2013 04:00,2.59
22/03/2013 05:00,2.94
22/03/2013 06:00,2.61
22/03/2013 07:00,2.98
22/03/2013 08:00,3.04
22/03/2013 09:00,3.54
22/03/2013 10:00,3.82
22/03/2013 11:00,4.33
22/03/2013 12:00,4.51
22/03/2013 13:00,5.01
22/03/2013 14:00,4.99
22/03/2013 15:00,4.9
22/03/2013 16:00,4.7
22/03/2013 17:00,4.54
22/03/2013 18:00,4.12
22/03/2013 19:00,4.08
22/03/2013 20:00,4.02
22/03/2013 21:00,3.68
22/03/2013 22:00,3.51
22/03/2013 23:00,3.08
23/03/2013 00:00,3.06
23/03/2013 01:00,3.04
23/03/2013 02:00,2.61
23/03/2013 03:00,2.49
23/03/2013 04:00,2.36
23/03/2013 05:00,1.56
23/03/2013 06:00,1.38
23/03/2013 07:00,0.95
23/03/2013 08:00,0.95
23/03/2013 09:00,0.97
23/03/2013 10:00,0.92
23/03/2013 11:00,1.38
23/03/2013 12:00,1.45
23/03/2013 13:00,1.41
23/03/2013 14:00,1.39
23/03/2013 15:00,1.36
23/03/2013 16:00,1.39
23/03/2013 17:00,1.36
23/03/2013 18:00,1.36
23/03/2013 19:00,1.36
23/03/2013 20:00,1.34
23/03/2013 21:00,1.36
23/03/2013 22:00,1.37
23/03/2013 23:00,1.42
24/03/2013 00:00,1.3
24/03/2013 01:00,1.23
24/03/2013 02:00,0.87
24/03/2013 03:00,0.73
24/03/2013 04:00,0.67
24/03/2013 05:00,0.67
24/03/2013 06:00,0.22
24/03/2013 07:00,0.19
24/03/2013 08:00,0.14
24/03/2013 09:00,0.12
24/03/2013 10:00,0.12
24/03/2013 11:00,0.08
24/03/2013 12:00,0.07
24/03/2013 13:00,-0.32
24/03/2013 14:00,-0.31
24/03/2013 15:00,-0.24
24/03/2013 16:00,0.13
24/03/2013 17:00,0.27
24/03/2013 18:00,0.77
24/03/2013 19:00,1.23
24/03/2013 20:00,1.31
24/03/2013 21:00,1.44
24/03/2013 22:00,1.53
24/03/2013 23:00,1.52
25/03/2013 00:00,1.51
25/03/2013 01:00,1.34
25/03/2013 02:00,1.31
25/03/2013 03:00,1.26
25/03/2013 04:00,1.23
25/03/2013 05:00,0.86
25/03/2013 06:00,0.71
25/03/2013 07:00,0.77
25/03/2013 08:00,0.77
25/03/2013 09:00,0.83
25/03/2013 10:00,0.86
25/03/2013 11:00,0.86
25/03/2013 12:00,0.84
25/03/2013 13:00,1.18
25/03/2013 14:00,0.88
25/03/2013 15:00,1.24
25/03/2013 16:00,1.29
25/03/2013 17:00,1.44
25/03/2013 18:00,1.81
25/03/2013 19:00,1.66
25/03/2013 20:00,1.41
25/03/2013 21:00,1.28
25/03/2013 22:00,1.33
25/03/2013 23:00,1.32
26/03/2013 00:00,1.32
26/03/2013 01:00,1.29
26/03/2013 02:00,1.28
26/03/2013 03:00,1.22
26/03/2013 04:00,0.85
26/03/2013 05:00,0.86
26/03/2013 06:00,0.81
26/03/2013 07:00,0.77
26/03/2013 08:00,0.81
26/03/2013 09:00,1.22
26/03/2013 10:00,1.2
26/03/2013 11:00,1.2
26/03/2013 12:00,1.2
26/03/2013 13:00,1.27
26/03/2013 14:00,1.36
26/03/2013 15:00,1.34
26/03/2013 16:00,1.36
26/03/2013 17:00,1.46
26/03/2013 18:00,1.75
26/03/2013 19:00,1.64
26/03/2013 20:00,1.27
26/03/2013 21:00,1.23
26/03/2013 22:00,1.12
26/03/2013 23:00,1.06
27/03/2013 00:00,0.64
27/03/2013 01:00,0.95
27/03/2013 02:00,0.56
27/03/2013 03:00,0.06
27/03/2013 04:00,0.12
27/03/2013 05:00,-0.29
27/03/2013 06:00,-0.16
27/03/2013 07:00,0.63
27/03/2013 08:00,1.37
27/03/2013 09:00,2.36
27/03/2013 10:00,2.48
27/03/2013 11:00,3.08
27/03/2013 12:00,3.58
27/03/2013 13:00,3.54
27/03/2013 14:00,3.82
27/03/2013 15:00,3.08
27/03/2013 16:00,3.01
27/03/2013 17:00,2.78
27/03/2013 18:00,2.32
27/03/2013 19:00,2.11
27/03/2013 20:00,1.55
27/03/2013 21:00,1.12
27/03/2013 22:00,0.97
27/03/2013 23:00,0.56
28/03/2013 00:00,0.19
28/03/2013 01:00,0.08
28/03/2013 02:00,-0.42
28/03/2013 03:00,-0.46
28/03/2013 04:00,-0.44
28/03/2013 05:00,-0.83
28/03/2013 06:00,-0.89
28/03/2013 07:00,-0.35
28/03/2013 08:00,0.78
28/03/2013 09:00,2.98
28/03/2013 10:00,3.82
28/03/2013 11:00,3.84
28/03/2013 12:00,3.81
28/03/2013 13:00,3.48
28/03/2013 14:00,3.88
28/03/2013 15:00,4.08
28/03/2013 16:00,4
28/03/2013 17:00,3.82
28/03/2013 18:00,3.33
28/03/2013 19:00,2.87
28/03/2013 20:00,2.73
28/03/2013 21:00,2.39
28/03/2013 22:00,2.26
28/03/2013 23:00,1.59
29/03/2013 00:00,0.62
29/03/2013 01:00,0.08
29/03/2013 02:00,-0.41
29/03/2013 03:00,-0.52
29/03/2013 04:00,-0.07
29/03/2013 05:00,0.11
29/03/2013 06:00,0.47
29/03/2013 07:00,0.76
29/03/2013 08:00,1.54
29/03/2013 09:00,3.39
29/03/2013 10:00,4.39
29/03/2013 11:00,4.3
29/03/2013 12:00,5.31
29/03/2013 13:00,5.29
29/03/2013 14:00,5.01
29/03/2013 15:00,4.93
29/03/2013 16:00,4.16
29/03/2013 17:00,3.87
29/03/2013 18:00,2.97
29/03/2013 19:00,2.36
29/03/2013 20:00,1.53
29/03/2013 21:00,2.13
29/03/2013 22:00,1.32
29/03/2013 23:00,1.28
30/03/2013 00:00,0.94
30/03/2013 01:00,1.27
30/03/2013 02:00,1.26
30/03/2013 03:00,1.28
30/03/2013 04:00,1.27
30/03/2013 05:00,1.27
30/03/2013 06:00,1.25
30/03/2013 07:00,1.27
30/03/2013 08:00,1.93
30/03/2013 09:00,2.92
30/03/2013 10:00,4.2
30/03/2013 11:00,4.33
30/03/2013 12:00,4.47
30/03/2013 13:00,4.14
30/03/2013 14:00,4.15
30/03/2013 15:00,4.87
30/03/2013 16:00,4.36
30/03/2013 17:00,4.09
30/03/2013 18:00,3.62
30/03/2013 19:00,2.67
30/03/2013 20:00,2.64
30/03/2013 21:00,2.42
30/03/2013 22:00,2.14
30/03/2013 23:00,1.33
31/03/2013 00:00,0.71
31/03/2013 01:00,0.12
31/03/2013 02:00,-0.44
31/03/2013 03:00,-0.96
31/03/2013 04:00,-1.35
31/03/2013 05:00,-1.54
31/03/2013 06:00,-1.45
31/03/2013 07:00,-0.37
31/03/2013 08:00,1.46
31/03/2013 09:00,3.45
31/03/2013 10:00,4.47
31/03/2013 11:00,3.76
31/03/2013 12:00,4.13
31/03/2013 13:00,4.96
31/03/2013 14:00,4.25
31/03/2013 15:00,4.24
31/03/2013 16:00,4.23
31/03/2013 17:00,3.94
31/03/2013 18:00,3.45
31/03/2013 19:00,2.84
31/03/2013 20:00,2.36
31/03/2013 21:00,1.38
31/03/2013 22:00,1.21
31/03/2013 23:00,1.1
01/04/2013 00:00,1.14
01/04/2013 01:00,1.31
01/04/2013 02:00,1.39
01/04/2013 03:00,1.82
01/04/2013 04:00,1.84
01/04/2013 05:00,1.92
01/04/2013 06:00,2.01
01/04/2013 07:00,2.02
01/04/2013 08:00,2.56
01/04/2013 09:00,2.99
01/04/2013 10:00,3.39
01/04/2013 11:00,3.61
01/04/2013 12:00,3.63
01/04/2013 13:00,4.34
01/04/2013 14:00,5.54
01/04/2013 15:00,5.88
01/04/2013 16:00,5.12
01/04/2013 17:00,4.51
01/04/2013 18:00,3.87
01/04/2013 19:00,2.94
01/04/2013 20:00,2.32
01/04/2013 21:00,1.82
01/04/2013 22:00,1.24
01/04/2013 23:00,0.84
02/04/2013 00:00,0.82
02/04/2013 01:00,0.64
02/04/2013 02:00,0.21
02/04/2013 03:00,0.51
02/04/2013 04:00,0.48
02/04/2013 05:00,0.04
02/04/2013 06:00,0.12
02/04/2013 07:00,1.08
02/04/2013 08:00,2.7
02/04/2013 09:00,4.74
02/04/2013 10:00,5.97
02/04/2013 11:00,6.95
02/04/2013 12:00,7.52
02/04/2013 13:00,7.64
02/04/2013 14:00,7.63
02/04/2013 15:00,7.71
02/04/2013 16:00,7.48
02/04/2013 17:00,6.46
02/04/2013 18:00,5.45
02/04/2013 19:00,4.36
02/04/2013 20:00,3.74
02/04/2013 21:00,2.77
02/04/2013 22:00,2.26
02/04/2013 23:00,1.64
03/04/2013 00:00,1.12
03/04/2013 01:00,0.99
03/04/2013 02:00,0.52
03/04/2013 03:00,0.58
03/04/2013 04:00,0.5
03/04/2013 05:00,0.48
03/04/2013 06:00,0.61
03/04/2013 07:00,1.37
03/04/2013 08:00,2.4
03/04/2013 09:00,2.93
03/04/2013 10:00,3.39
03/04/2013 11:00,3.53
03/04/2013 12:00,3.59
03/04/2013 13:00,3.97
03/04/2013 14:00,4.09
03/04/2013 15:00,4.05
03/04/2013 16:00,4.04
03/04/2013 17:00,4.02
03/04/2013 18:00,4
03/04/2013 19:00,4
03/04/2013 20:00,3.87
03/04/2013 21:00,3.37
03/04/2013 22:00,2.93
03/04/2013 23:00,2.39
04/04/2013 00:00,1.89
04/04/2013 01:00,1.44
04/04/2013 02:00,1.84
04/04/2013 03:00,1.36
04/04/2013 04:00,0.98
04/04/2013 05:00,1.05
04/04/2013 06:00,1.54
04/04/2013 07:00,2.42
04/04/2013 08:00,2.78
04/04/2013 09:00,2.74
04/04/2013 10:00,2.31
04/04/2013 11:00,1.9
04/04/2013 12:00,1.92
04/04/2013 13:00,2.36
04/04/2013 14:00,2.41
04/04/2013 15:00,2.71
04/04/2013 16:00,2.73
04/04/2013 17:00,2.83
04/04/2013 18:00,2.91
04/04/2013 19:00,2.83
04/04/2013 20:00,2.77
04/04/2013 21:00,2.31
04/04/2013 22:00,1.93
04/04/2013 23:00,1.89
05/04/2013 00:00,1.88
05/04/2013 01:00,1.94
05/04/2013 02:00,1.98
05/04/2013 03:00,2.04
05/04/2013 04:00,2.43
05/04/2013 05:00,2.56
05/04/2013 06:00,2.84
05/04/2013 07:00,2.87
05/04/2013 08:00,3
05/04/2013 09:00,3.24
05/04/2013 10:00,4.09
05/04/2013 11:00,5.12
05/04/2013 12:00,6.18
05/04/2013 13:00,6.81
05/04/2013 14:00,7.34
05/04/2013 15:00,7.34
05/04/2013 16:00,7.29
05/04/2013 17:00,7.07
05/04/2013 18:00,6.14
05/04/2013 19:00,5.32
05/04/2013 20:00,4.39
05/04/2013 21:00,3.88
05/04/2013 22:00,2.93
05/04/2013 23:00,2.77
06/04/2013 00:00,2.29
06/04/2013 01:00,1.74
06/04/2013 02:00,1.66
06/04/2013 03:00,1.12
06/04/2013 04:00,0.95
06/04/2013 05:00,0.93
06/04/2013 06:00,0.64
06/04/2013 07:00,1.49
06/04/2013 08:00,3.36
06/04/2013 09:00,5.23
06/04/2013 10:00,6.4
06/04/2013 11:00,7.19
06/04/2013 12:00,7.82
06/04/2013 13:00,8.4
06/04/2013 14:00,9.74
06/04/2013 15:00,9.55
06/04/2013 16:00,9.87
06/04/2013 17:00,9.18
06/04/2013 18:00,8.46
06/04/2013 19:00,6.11
06/04/2013 20:00,4.76
06/04/2013 21:00,3.77
06/04/2013 22:00,2.55
06/04/2013 23:00,2.04
07/04/2013 00:00,1.04
07/04/2013 01:00,0.87
07/04/2013 02:00,-0.15
07/04/2013 03:00,-0.26
07/04/2013 04:00,-0.69
07/04/2013 05:00,-1.21
07/04/2013 06:00,-1
07/04/2013 07:00,1.03
07/04/2013 08:00,4.11
07/04/2013 09:00,5.92
07/04/2013 10:00,7.39
07/04/2013 11:00,7.66
07/04/2013 12:00,8.73
07/04/2013 13:00,10.37
07/04/2013 14:00,9.94
07/04/2013 15:00,9.85
07/04/2013 16:00,9.33
07/04/2013 17:00,8.96
07/04/2013 18:00,7.58
07/04/2013 19:00,6.38
07/04/2013 20:00,5.07
07/04/2013 21:00,4.56
07/04/2013 22:00,4.05
07/04/2013 23:00,3.97
08/04/2013 00:00,3.88
08/04/2013 01:00,3.47
08/04/2013 02:00,3.47
08/04/2013 03:00,3.53
08/04/2013 04:00,3.86
08/04/2013 05:00,3.88
08/04/2013 06:00,3.84
08/04/2013 07:00,4.17
08/04/2013 08:00,5.26
08/04/2013 09:00,6.06
08/04/2013 10:00,7.37
08/04/2013 11:00,8.49
08/04/2013 12:00,9.13
08/04/2013 13:00,9.99
08/04/2013 14:00,9.89
08/04/2013 15:00,9.82
08/04/2013 16:00,9.28
08/04/2013 17:00,8.31
08/04/2013 18:00,7.18
08/04/2013 19:00,6.01
08/04/2013 20:00,5.31
08/04/2013 21:00,4.54
08/04/2013 22:00,4.13
08/04/2013 23:00,4.42
09/04/2013 00:00,4.3
09/04/2013 01:00,3.86
09/04/2013 02:00,3.45
09/04/2013 03:00,3.89
09/04/2013 04:00,3.98
09/04/2013 05:00,4.04
09/04/2013 06:00,4.16
09/04/2013 07:00,4.76
09/04/2013 08:00,5.41
09/04/2013 09:00,5.96
09/04/2013 10:00,6.97
09/04/2013 11:00,7.82
09/04/2013 12:00,8.76
09/04/2013 13:00,8.81
09/04/2013 14:00,8.47
09/04/2013 15:00,8.39
09/04/2013 16:00,7.92
09/04/2013 17:00,7.79
09/04/2013 18:00,7.38
09/04/2013 19:00,6.82
09/04/2013 20:00,6.38
09/04/2013 21:00,6.33
09/04/2013 22:00,6.22
09/04/2013 23:00,6.15
10/04/2013 00:00,6.08
10/04/2013 01:00,5.88
10/04/2013 02:00,4.34
10/04/2013 03:00,4.13
10/04/2013 04:00,3.58
10/04/2013 05:00,3.37
10/04/2013 06:00,2.98
10/04/2013 07:00,3.02
10/04/2013 08:00,3.18
10/04/2013 09:00,4.71
10/04/2013 10:00,7.16
10/04/2013 11:00,8.59
10/04/2013 12:00,10.27
10/04/2013 13:00,10.59
10/04/2013 14:00,10.22
10/04/2013 15:00,10.18
10/04/2013 16:00,9.97
10/04/2013 17:00,9.81
10/04/2013 18:00,8.73
10/04/2013 19:00,7.81
10/04/2013 20:00,6.89
10/04/2013 21:00,6.79
10/04/2013 22:00,6.42
10/04/2013 23:00,6.93
11/04/2013 00:00,6.88
11/04/2013 01:00,6.89
11/04/2013 02:00,6.52
11/04/2013 03:00,6.46
11/04/2013 04:00,6.39
11/04/2013 05:00,6.29
11/04/2013 06:00,6.23
11/04/2013 07:00,5.93
11/04/2013 08:00,6.28
11/04/2013 09:00,6.36
11/04/2013 10:00,6.42
11/04/2013 11:00,6.58
11/04/2013 12:00,7.27
11/04/2013 13:00,8.23
11/04/2013 14:00,9.16
11/04/2013 15:00,9.88
11/04/2013 16:00,11.3
11/04/2013 17:00,10.64
11/04/2013 18:00,9.62
11/04/2013 19:00,8.88
11/04/2013 20:00,9.41
11/04/2013 21:00,8.54
11/04/2013 22:00,8.32
11/04/2013 23:00,8.07
12/04/2013 00:00,8.47
12/04/2013 01:00,7.97
12/04/2013 02:00,7.52
12/04/2013 03:00,7.09
12/04/2013 04:00,7.55
12/04/2013 05:00,7.89
12/04/2013 06:00,7.63
12/04/2013 07:00,8.16
12/04/2013 08:00,8.7
12/04/2013 09:00,8.92
12/04/2013 10:00,10.23
12/04/2013 11:00,9.53
12/04/2013 12:00,10.38
12/04/2013 13:00,9.61
12/04/2013 14:00,11.02
12/04/2013 15:00,11.39
12/04/2013 16:00,11.51
12/04/2013 17:00,10.57
12/04/2013 18:00,9.34
12/04/2013 19:00,9.15
12/04/2013 20:00,8.32
12/04/2013 21:00,8.14
12/04/2013 22:00,7.54
12/04/2013 23:00,7.51
13/04/2013 00:00,7.48
13/04/2013 01:00,7.38
13/04/2013 02:00,6.97
13/04/2013 03:00,6.29
13/04/2013 04:00,5.37
13/04/2013 05:00,4.92
13/04/2013 06:00,5.19
13/04/2013 07:00,7.13
13/04/2013 08:00,7.41
13/04/2013 09:00,9.78
13/04/2013 10:00,10.84
13/04/2013 11:00,11.29
13/04/2013 12:00,11.21
13/04/2013 13:00,10.61
13/04/2013 14:00,10.41
13/04/2013 15:00,10.27
13/04/2013 16:00,10.41
13/04/2013 17:00,10.87
13/04/2013 18:00,10.92
13/04/2013 19:00,11.29
13/04/2013 20:00,11.01
13/04/2013 21:00,11.4
13/04/2013 22:00,11.42
13/04/2013 23:00,11.49
14/04/2013 00:00,11.58
14/04/2013 01:00,12.01
14/04/2013 02:00,12.35
14/04/2013 03:00,12.38
14/04/2013 04:00,11.54
14/04/2013 05:00,11.91
14/04/2013 06:00,12.32
14/04/2013 07:00,12.72
14/04/2013 08:00,13.79
14/04/2013 09:00,15.68
14/04/2013 10:00,16.98
14/04/2013 11:00,18.47
14/04/2013 12:00,19.43
14/04/2013 13:00,19.88
14/04/2013 14:00,19.56
14/04/2013 15:00,18.46
14/04/2013 16:00,17.57
14/04/2013 17:00,17.38
14/04/2013 18:00,16.4
14/04/2013 19:00,15.29
14/04/2013 20:00,14.23
14/04/2013 21:00,14.03
14/04/2013 22:00,13.15
14/04/2013 23:00,12.83
15/04/2013 00:00,12.34
15/04/2013 01:00,11.86
15/04/2013 02:00,11
15/04/2013 03:00,11.28
15/04/2013 04:00,11.29
15/04/2013 05:00,10.88
15/04/2013 06:00,10.92
15/04/2013 07:00,11.56
15/04/2013 08:00,12.9
15/04/2013 09:00,13.92
15/04/2013 10:00,14.36
15/04/2013 11:00,15.07
15/04/2013 12:00,15.43
15/04/2013 13:00,14.81
15/04/2013 14:00,14.52
15/04/2013 15:00,14.49
15/04/2013 16:00,14.71
15/04/2013 17:00,14.03
15/04/2013 18:00,13.58
15/04/2013 19:00,12.77
15/04/2013 20:00,12.01
15/04/2013 21:00,11.02
15/04/2013 22:00,10.08
15/04/2013 23:00,10.11
16/04/2013 00:00,9.97
16/04/2013 01:00,9.63
16/04/2013 02:00,9.76
16/04/2013 03:00,10.28
16/04/2013 04:00,10.71
16/04/2013 05:00,10.55
16/04/2013 06:00,10.29
16/04/2013 07:00,10.51
16/04/2013 08:00,11.58
16/04/2013 09:00,12.92
16/04/2013 10:00,14.28
16/04/2013 11:00,14.48
16/04/2013 12:00,14.54
16/04/2013 13:00,15.18
16/04/2013 14:00,16.13
16/04/2013 15:00,16.55
16/04/2013 16:00,16.17
16/04/2013 17:00,15.18
16/04/2013 18:00,14.02
16/04/2013 19:00,12.78
16/04/2013 20:00,11.72
16/04/2013 21:00,11.11
16/04/2013 22:00,10.69
16/04/2013 23:00,10.46
17/04/2013 00:00,9.68
17/04/2013 01:00,9.66
17/04/2013 02:00,10.07
17/04/2013 03:00,10.1
17/04/2013 04:00,10.18
17/04/2013 05:00,10.33
17/04/2013 06:00,10.94
17/04/2013 07:00,11.49
17/04/2013 08:00,11.92
17/04/2013 09:00,12.08
17/04/2013 10:00,12.67
17/04/2013 11:00,13.62
17/04/2013 12:00,15.08
17/04/2013 13:00,16.37
17/04/2013 14:00,16.74
17/04/2013 15:00,16.63
17/04/2013 16:00,17.93
17/04/2013 17:00,17.95
17/04/2013 18:00,17.41
17/04/2013 19:00,16.73
17/04/2013 20:00,15.14
17/04/2013 21:00,13.7
17/04/2013 22:00,12.88
17/04/2013 23:00,11.79
18/04/2013 00:00,10.78
18/04/2013 01:00,10.18
18/04/2013 02:00,9.71
18/04/2013 03:00,9.27
18/04/2013 04:00,9.2
18/04/2013 05:00,9.13
18/04/2013 06:00,9.32
18/04/2013 07:00,10.17
18/04/2013 08:00,10.83
18/04/2013 09:00,11.58
18/04/2013 10:00,12.48
18/04/2013 11:00,13.08
18/04/2013 12:00,13.56
18/04/2013 13:00,14.11
18/04/2013 14:00,9.92
18/04/2013 15:00,10.05
18/04/2013 16:00,12.1
18/04/2013 17:00,12.23
18/04/2013 18:00,11.99
18/04/2013 19:00,10.58
18/04/2013 20:00,9.9
18/04/2013 21:00,9.07
18/04/2013 22:00,8.48
18/04/2013 23:00,8.02
19/04/2013 00:00,7.52
19/04/2013 01:00,7.47
19/04/2013 02:00,7.08
19/04/2013 03:00,7.59
19/04/2013 04:00,8
19/04/2013 05:00,7.68
19/04/2013 06:00,8.13
19/04/2013 07:00,8.64
19/04/2013 08:00,8.78
19/04/2013 09:00,9.74
19/04/2013 10:00,10.73
19/04/2013 11:00,11.11
19/04/2013 12:00,11.31
19/04/2013 13:00,11.81
19/04/2013 14:00,11.88
19/04/2013 15:00,11.86
19/04/2013 16:00,11.82
19/04/2013 17:00,11.95
19/04/2013 18:00,10.77
19/04/2013 19:00,9.63
19/04/2013 20:00,7.93
19/04/2013 21:00,6.78
19/04/2013 22:00,6.17
19/04/2013 23:00,5.43
20/04/2013 00:00,4.84
20/04/2013 01:00,4.33
20/04/2013 02:00,3.67
20/04/2013 03:00,3.85
20/04/2013 04:00,3.19
20/04/2013 05:00,2.88
20/04/2013 06:00,3.61
20/04/2013 07:00,5.19
20/04/2013 08:00,7.01
20/04/2013 09:00,8.88
20/04/2013 10:00,9.59
20/04/2013 11:00,11.12
20/04/2013 12:00,12.18
20/04/2013 13:00,13.14
20/04/2013 14:00,12.86
20/04/2013 15:00,13.08
20/04/2013 16:00,12.17
20/04/2013 17:00,11.13
20/04/2013 18:00,9.89
20/04/2013 19:00,8.34
20/04/2013 20:00,7.07
20/04/2013 21:00,5.99
20/04/2013 22:00,4.93
20/04/2013 23:00,4.71
21/04/2013 00:00,3.71
21/04/2013 01:00,3.11
21/04/2013 02:00,2.19
21/04/2013 03:00,1.97
21/04/2013 04:00,1.5
21/04/2013 05:00,1.46
21/04/2013 06:00,2.02
21/04/2013 07:00,4.68
21/04/2013 08:00,7.08
21/04/2013 09:00,8.82
21/04/2013 10:00,10.49
21/04/2013 11:00,12.34
21/04/2013 12:00,13.03
21/04/2013 13:00,14.12
21/04/2013 14:00,13.96
21/04/2013 15:00,13.89
21/04/2013 16:00,12.99
21/04/2013 17:00,12.79
21/04/2013 18:00,11.77
21/04/2013 19:00,11.13
21/04/2013 20:00,10.12
21/04/2013 21:00,8.92
21/04/2013 22:00,8
21/04/2013 23:00,7.44
22/04/2013 00:00,7.23
22/04/2013 01:00,6.91
22/04/2013 02:00,6.92
22/04/2013 03:00,6.97
22/04/2013 04:00,7.37
22/04/2013 05:00,7.71
22/04/2013 06:00,8.02
22/04/2013 07:00,8.17
22/04/2013 08:00,8.92
22/04/2013 09:00,10.03
22/04/2013 10:00,11.63
22/04/2013 11:00,13.08
22/04/2013 12:00,13.27
22/04/2013 13:00,14.11
22/04/2013 14:00,14.32
22/04/2013 15:00,13.51
22/04/2013 16:00,12.99
22/04/2013 17:00,12.44
22/04/2013 18:00,11.88
22/04/2013 19:00,11.37
22/04/2013 20:00,11.29
22/04/2013 21:00,10.86
22/04/2013 22:00,10.42
22/04/2013 23:00,10.38
23/04/2013 00:00,10.36
23/04/2013 01:00,10.38
23/04/2013 02:00,10.39
23/04/2013 03:00,10.72
23/04/2013 04:00,10.31
23/04/2013 05:00,10.16
23/04/2013 06:00,10.02
23/04/2013 07:00,11.49
23/04/2013 08:00,12.93
23/04/2013 09:00,14.04
23/04/2013 10:00,15.2
23/04/2013 11:00,16.02
23/04/2013 12:00,17.09
23/04/2013 13:00,18.06
23/04/2013 14:00,18.68
23/04/2013 15:00,19.98
23/04/2013 16:00,20.25
23/04/2013 17:00,20.17
23/04/2013 18:00,19.1
23/04/2013 19:00,17.72
23/04/2013 20:00,15.99
23/04/2013 21:00,14.99
23/04/2013 22:00,14.33
23/04/2013 23:00,13.48
24/04/2013 00:00,12.17
24/04/2013 01:00,11.19
24/04/2013 02:00,11.01
24/04/2013 03:00,10.11
24/04/2013 04:00,9.89
24/04/2013 05:00,9.45
24/04/2013 06:00,10.24
24/04/2013 07:00,11.42
24/04/2013 08:00,13.42
24/04/2013 09:00,14.87
24/04/2013 10:00,15.57
24/04/2013 11:00,16.99
24/04/2013 12:00,17.65
24/04/2013 13:00,17.37
24/04/2013 14:00,19.35
24/04/2013 15:00,18.89
24/04/2013 16:00,18.38
24/04/2013 17:00,18.42
24/04/2013 18:00,17.76
24/04/2013 19:00,16.4
24/04/2013 20:00,15.41
24/04/2013 21:00,14.89
24/04/2013 22:00,13.93
24/04/2013 23:00,13.47
25/04/2013 00:00,13.37
25/04/2013 01:00,12.76
25/04/2013 02:00,11.9
25/04/2013 03:00,11.44
25/04/2013 04:00,11.38
25/04/2013 05:00,11.4
25/04/2013 06:00,11.75
25/04/2013 07:00,12.32
25/04/2013 08:00,13.42
25/04/2013 09:00,15.24
25/04/2013 10:00,16.83
25/04/2013 11:00,19.46
25/04/2013 12:00,20.67
25/04/2013 13:00,21.21
25/04/2013 14:00,21.77
25/04/2013 15:00,21.79
25/04/2013 16:00,22.08
25/04/2013 17:00,20.61
25/04/2013 18:00,19.44
25/04/2013 19:00,16.19
25/04/2013 20:00,14.58
25/04/2013 21:00,14.01
25/04/2013 22:00,13.81
25/04/2013 23:00,13.28
26/04/2013 00:00,13.13
26/04/2013 01:00,12.04
26/04/2013 02:00,10.11
26/04/2013 03:00,8.54
26/04/2013 04:00,7.97
26/04/2013 05:00,7.48
26/04/2013 06:00,7.37
26/04/2013 07:00,7.05
26/04/2013 08:00,7.49
26/04/2013 09:00,8.52
26/04/2013 10:00,9.58
26/04/2013 11:00,11.35
26/04/2013 12:00,10.45
26/04/2013 13:00,11.66
26/04/2013 14:00,11.51
26/04/2013 15:00,12.06
26/04/2013 16:00,11.9
26/04/2013 17:00,11.76
26/04/2013 18:00,10.94
26/04/2013 19:00,10.01
26/04/2013 20:00,8.98
26/04/2013 21:00,8.38
26/04/2013 22:00,7.73
26/04/2013 23:00,6.89
27/04/2013 00:00,6.43
27/04/2013 01:00,5.74
27/04/2013 02:00,5.27
27/04/2013 03:00,4.02
27/04/2013 04:00,4.36
27/04/2013 05:00,4.78
27/04/2013 06:00,4.97
27/04/2013 07:00,5.27
27/04/2013 08:00,6.22
27/04/2013 09:00,6.46
27/04/2013 10:00,7.43
27/04/2013 11:00,7.54
27/04/2013 12:00,8.78
27/04/2013 13:00,9.83
27/04/2013 14:00,10.36
27/04/2013 15:00,10.24
27/04/2013 16:00,10.09
27/04/2013 17:00,9.33
27/04/2013 18:00,8.09
27/04/2013 19:00,7.09
27/04/2013 20:00,6.42
27/04/2013 21:00,6.12
27/04/2013 22:00,5.52
27/04/2013 23:00,4.92
28/04/2013 00:00,4.29
28/04/2013 01:00,3.56
28/04/2013 02:00,2.96
28/04/2013 03:00,2.47
28/04/2013 04:00,1.68
28/04/2013 05:00,1.61
28/04/2013 06:00,2.84
28/04/2013 07:00,4.82
28/04/2013 08:00,6.69
28/04/2013 09:00,8.61
28/04/2013 10:00,10.32
28/04/2013 11:00,11.33
28/04/2013 12:00,11.43
28/04/2013 13:00,11.54
28/04/2013 14:00,11.59
28/04/2013 15:00,11.45
28/04/2013 16:00,11.23
28/04/2013 17:00,10.76
28/04/2013 18:00,10.14
28/04/2013 19:00,9.67
28/04/2013 20:00,9.04
28/04/2013 21:00,8.63
28/04/2013 22:00,8.59
28/04/2013 23:00,8.5
29/04/2013 00:00,8.42
29/04/2013 01:00,8.06
29/04/2013 02:00,8.04
29/04/2013 03:00,8.05
29/04/2013 04:00,8.04
29/04/2013 05:00,8.11
29/04/2013 06:00,7.98
29/04/2013 07:00,8.22
29/04/2013 08:00,9.15
29/04/2013 09:00,10.31
29/04/2013 10:00,11.45
29/04/2013 11:00,11.92
29/04/2013 12:00,12.12
29/04/2013 13:00,12.89
29/04/2013 14:00,13.14
29/04/2013 15:00,13.13
29/04/2013 16:00,13.41
29/04/2013 17:00,12.89
29/04/2013 18:00,13.31
29/04/2013 19:00,11.91
29/04/2013 20:00,11.27
29/04/2013 21:00,10.58
29/04/2013 22:00,8.41
29/04/2013 23:00,7.54
30/04/2013 00:00,8.44
30/04/2013 01:00,7.82
30/04/2013 02:00,7.74
30/04/2013 03:00,7.26
30/04/2013 04:00,6.36
30/04/2013 05:00,5.94
30/04/2013 06:00,6.78
30/04/2013 07:00,8.06
30/04/2013 08:00,9.26
30/04/2013 09:00,10.41
30/04/2013 10:00,11.4
30/04/2013 11:00,12.32
30/04/2013 12:00,13.21
30/04/2013 13:00,13.39
30/04/2013 14:00,13.51
30/04/2013 15:00,13.71
30/04/2013 16:00,12.74
30/04/2013 17:00,11.89
30/04/2013 18:00,10.62
30/04/2013 19:00,9.41
30/04/2013 20:00,8.23
30/04/2013 21:00,7.34
30/04/2013 22:00,6.58
30/04/2013 23:00,6.11
01/05/2013 00:00,5.52
01/05/2013 01:00,4.92
01/05/2013 02:00,4.44
01/05/2013 03:00,4.42
01/05/2013 04:00,4.47
01/05/2013 05:00,4.53
01/05/2013 06:00,5.29
01/05/2013 07:00,5.63
01/05/2013 08:00,6.82
01/05/2013 09:00,8.98
01/05/2013 10:00,11.79
01/05/2013 11:00,13.44
01/05/2013 12:00,14.85
01/05/2013 13:00,15.3
01/05/2013 14:00,16.32
01/05/2013 15:00,16.01
01/05/2013 16:00,15.92
01/05/2013 17:00,15.63
01/05/2013 18:00,14.42
01/05/2013 19:00,12.12
01/05/2013 20:00,10.43
01/05/2013 21:00,8.83
01/05/2013 22:00,7.85
01/05/2013 23:00,7.21
02/05/2013 00:00,7.33
02/05/2013 01:00,6.72
02/05/2013 02:00,6.34
02/05/2013 03:00,5.81
02/05/2013 04:00,5.67
02/05/2013 05:00,5.43
02/05/2013 06:00,6.45
02/05/2013 07:00,8.86
02/05/2013 08:00,11.02
02/05/2013 09:00,12.89
02/05/2013 10:00,13.95
02/05/2013 11:00,15.06
02/05/2013 12:00,16.41
02/05/2013 13:00,16.28
02/05/2013 14:00,16.96
02/05/2013 15:00,16.81
02/05/2013 16:00,16.63
02/05/2013 17:00,15.31
02/05/2013 18:00,13.92
02/05/2013 19:00,12.17
02/05/2013 20:00,10.81
02/05/2013 21:00,9.82
02/05/2013 22:00,8.86
02/05/2013 23:00,7.85
03/05/2013 00:00,7.39
03/05/2013 01:00,6
03/05/2013 02:00,5.52
03/05/2013 03:00,5.02
03/05/2013 04:00,4.48
03/05/2013 05:00,4.63
03/05/2013 06:00,6.32
03/05/2013 07:00,9.62
03/05/2013 08:00,11.88
03/05/2013 09:00,13.92
03/05/2013 10:00,16.36
03/05/2013 11:00,17.01
03/05/2013 12:00,18.04
03/05/2013 13:00,18.52
03/05/2013 14:00,19.71
03/05/2013 15:00,19.51
03/05/2013 16:00,18.96
03/05/2013 17:00,18.23
03/05/2013 18:00,16.41
03/05/2013 19:00,14.9
03/05/2013 20:00,13.42
03/05/2013 21:00,12.32
03/05/2013 22:00,11.84
03/05/2013 23:00,10.76
04/05/2013 00:00,10.12
04/05/2013 01:00,9.51
04/05/2013 02:00,9.05
04/05/2013 03:00,8.52
04/05/2013 04:00,8.07
04/05/2013 05:00,8.05
04/05/2013 06:00,9.35
04/05/2013 07:00,10.89
04/05/2013 08:00,11.55
04/05/2013 09:00,12.58
04/05/2013 10:00,12.66
04/05/2013 11:00,13.82
04/05/2013 12:00,14.26
04/05/2013 13:00,15.22
04/05/2013 14:00,15.33
04/05/2013 15:00,16.31
04/05/2013 16:00,15.61
04/05/2013 17:00,15.72
04/05/2013 18:00,14.62
04/05/2013 19:00,14.02
04/05/2013 20:00,13.04
04/05/2013 21:00,12.43
04/05/2013 22:00,11.86
04/05/2013 23:00,10.77
05/05/2013 00:00,10.07
05/05/2013 01:00,9.49
05/05/2013 02:00,8.79
05/05/2013 03:00,7.79
05/05/2013 04:00,6.87
05/05/2013 05:00,6.9
05/05/2013 06:00,7.97
05/05/2013 07:00,10.16
05/05/2013 08:00,12.43
05/05/2013 09:00,13.25
05/05/2013 10:00,14.44
05/05/2013 11:00,16
05/05/2013 12:00,16.14
05/05/2013 13:00,17.12
05/05/2013 14:00,17.22
05/05/2013 15:00,17.14
05/05/2013 16:00,17.65
05/05/2013 17:00,17.79
05/05/2013 18:00,17.24
05/05/2013 19:00,16.74
05/05/2013 20:00,15.64
05/05/2013 21:00,15.07
05/05/2013 22:00,14.77
05/05/2013 23:00,14.18
06/05/2013 00:00,13.16
06/05/2013 01:00,11.74
06/05/2013 02:00,10.98
06/05/2013 03:00,10.48
06/05/2013 04:00,10.91
06/05/2013 05:00,11.19
06/05/2013 06:00,12.27
06/05/2013 07:00,13.4
06/05/2013 08:00,14.96
06/05/2013 09:00,17.12
06/05/2013 10:00,17.98
06/05/2013 11:00,18.76
06/05/2013 12:00,18.59
06/05/2013 13:00,19.99
06/05/2013 14:00,20.16
06/05/2013 15:00,20.99
06/05/2013 16:00,20.54
06/05/2013 17:00,19.91
06/05/2013 18:00,19.16
06/05/2013 19:00,17.72
06/05/2013 20:00,15.87
06/05/2013 21:00,14.37
06/05/2013 22:00,13.2
06/05/2013 23:00,12.09
07/05/2013 00:00,10.97
07/05/2013 01:00,9.97
07/05/2013 02:00,9.36
07/05/2013 03:00,8.83
07/05/2013 04:00,8.63
07/05/2013 05:00,8.71
07/05/2013 06:00,10.43
07/05/2013 07:00,13.06
07/05/2013 08:00,15.29
07/05/2013 09:00,17.51
07/05/2013 10:00,18.55
07/05/2013 11:00,19.08
07/05/2013 12:00,19.82
07/05/2013 13:00,19.73
07/05/2013 14:00,18.41
07/05/2013 15:00,18.18
07/05/2013 16:00,18.83
07/05/2013 17:00,19.56
07/05/2013 18:00,18.49
07/05/2013 19:00,17.25
07/05/2013 20:00,15.87
07/05/2013 21:00,14.79
07/05/2013 22:00,13.56
07/05/2013 23:00,12.65
08/05/2013 00:00,12.15
08/05/2013 01:00,12.08
08/05/2013 02:00,11.72
08/05/2013 03:00,12.16
08/05/2013 04:00,12.13
08/05/2013 05:00,12.25
08/05/2013 06:00,12.32
08/05/2013 07:00,12.51
08/05/2013 08:00,13.63
08/05/2013 09:00,14.24
08/05/2013 10:00,14.78
08/05/2013 11:00,16.03
08/05/2013 12:00,15.38
08/05/2013 13:00,15
08/05/2013 14:00,15.98
08/05/2013 15:00,16.81
08/05/2013 16:00,16.29
08/05/2013 17:00,15.16
08/05/2013 18:00,14.51
08/05/2013 19:00,13.93
08/05/2013 20:00,13.37
08/05/2013 21:00,12.29
08/05/2013 22:00,11.33
08/05/2013 23:00,10.26
09/05/2013 00:00,9.61
09/05/2013 01:00,8.92
09/05/2013 02:00,8.32
09/05/2013 03:00,7.72
09/05/2013 04:00,7.28
09/05/2013 05:00,7.44
09/05/2013 06:00,8.27
09/05/2013 07:00,10.32
09/05/2013 08:00,11.82
09/05/2013 09:00,12.24
09/05/2013 10:00,13.72
09/05/2013 11:00,13.34
09/05/2013 12:00,11.46
09/05/2013 13:00,13.22
09/05/2013 14:00,14.28
09/05/2013 15:00,13.66
09/05/2013 16:00,12.92
09/05/2013 17:00,12.29
09/05/2013 18:00,11.29
09/05/2013 19:00,10.3
09/05/2013 20:00,10.29
09/05/2013 21:00,10.18
09/05/2013 22:00,10.33
09/05/2013 23:00,10.25
10/05/2013 00:00,10.2
10/05/2013 01:00,10.22
10/05/2013 02:00,10.24
10/05/2013 03:00,10.36
10/05/2013 04:00,10.39
10/05/2013 05:00,10.79
10/05/2013 06:00,10.89
10/05/2013 07:00,12.26
10/05/2013 08:00,12.42
10/05/2013 09:00,12.56
10/05/2013 10:00,12.61
10/05/2013 11:00,12.63
10/05/2013 12:00,13.12
10/05/2013 13:00,15.93
10/05/2013 14:00,17.17
10/05/2013 15:00,16.51
10/05/2013 16:00,15.98
10/05/2013 17:00,15.78
10/05/2013 18:00,14.7
10/05/2013 19:00,13.86
10/05/2013 20:00,12.49
10/05/2013 21:00,11.79
10/05/2013 22:00,10.46
10/05/2013 23:00,9.37
11/05/2013 00:00,8.63
11/05/2013 01:00,8.03
11/05/2013 02:00,7.61
11/05/2013 03:00,7.61
11/05/2013 04:00,7.47
11/05/2013 05:00,7.06
11/05/2013 06:00,7.77
11/05/2013 07:00,8.82
11/05/2013 08:00,9.77
11/05/2013 09:00,11.24
11/05/2013 10:00,11.66
11/05/2013 11:00,12.66
11/05/2013 12:00,12.62
11/05/2013 13:00,13.18
11/05/2013 14:00,12.54
11/05/2013 15:00,12.77
11/05/2013 16:00,13.09
11/05/2013 17:00,12.63
11/05/2013 18:00,11.84
11/05/2013 19:00,9.63
11/05/2013 20:00,7.66
11/05/2013 21:00,7.5
11/05/2013 22:00,7.28
11/05/2013 23:00,6.46
12/05/2013 00:00,6.04
12/05/2013 01:00,6.33
12/05/2013 02:00,6.39
12/05/2013 03:00,6.43
12/05/2013 04:00,6.09
12/05/2013 05:00,6.08
12/05/2013 06:00,7.11
12/05/2013 07:00,8.11
12/05/2013 08:00,10.36
12/05/2013 09:00,10.99
12/05/2013 10:00,12.41
12/05/2013 11:00,13.46
12/05/2013 12:00,14.09
12/05/2013 13:00,14.81
12/05/2013 14:00,13.16
12/05/2013 15:00,12.8
12/05/2013 16:00,11.49
12/05/2013 17:00,10.91
12/05/2013 18:00,11.32
12/05/2013 19:00,11.44
12/05/2013 20:00,11.45
12/05/2013 21:00,11.56
12/05/2013 22:00,11.59
12/05/2013 23:00,11.59
13/05/2013 00:00,11.44
13/05/2013 01:00,11.56
13/05/2013 02:00,11.52
13/05/2013 03:00,11.34
13/05/2013 04:00,10.94
13/05/2013 05:00,10.87
13/05/2013 06:00,10.88
13/05/2013 07:00,11.39
13/05/2013 08:00,12.28
13/05/2013 09:00,12.06
13/05/2013 10:00,12.89
13/05/2013 11:00,12.53
13/05/2013 12:00,13.01
13/05/2013 13:00,13.07
13/05/2013 14:00,13.48
13/05/2013 15:00,14.06
13/05/2013 16:00,13.81
13/05/2013 17:00,12.11
13/05/2013 18:00,12.06
13/05/2013 19:00,11.29
13/05/2013 20:00,9.51
13/05/2013 21:00,8.95
13/05/2013 22:00,7.45
13/05/2013 23:00,8.45
14/05/2013 00:00,7.9
14/05/2013 01:00,7.5
14/05/2013 02:00,7.47
14/05/2013 03:00,7.42
14/05/2013 04:00,7.36
14/05/2013 05:00,7.43
14/05/2013 06:00,7.73
14/05/2013 07:00,8.76
14/05/2013 08:00,9.76
14/05/2013 09:00,10.55
14/05/2013 10:00,10.94
14/05/2013 11:00,10.17
14/05/2013 12:00,10.58
14/05/2013 13:00,10.84
14/05/2013 14:00,9.63
14/05/2013 15:00,9.21
14/05/2013 16:00,9.15
14/05/2013 17:00,9.14
14/05/2013 18:00,9.08
14/05/2013 19:00,9.17
14/05/2013 20:00,9.22
14/05/2013 21:00,9.38
14/05/2013 22:00,9.67
14/05/2013 23:00,8.59
15/05/2013 00:00,8.01
15/05/2013 01:00,7.56
15/05/2013 02:00,7.53
15/05/2013 03:00,7.49
15/05/2013 04:00,7
15/05/2013 05:00,7.07
15/05/2013 06:00,7.18
15/05/2013 07:00,7.61
15/05/2013 08:00,7.61
15/05/2013 09:00,7.66
15/05/2013 10:00,8.57
15/05/2013 11:00,8.81
15/05/2013 12:00,9.26
15/05/2013 13:00,10.11
15/05/2013 14:00,11.38
15/05/2013 15:00,12.03
15/05/2013 16:00,12.99
15/05/2013 17:00,13.64
15/05/2013 18:00,12.13
15/05/2013 19:00,11.07
15/05/2013 20:00,9.6
15/05/2013 21:00,8.97
15/05/2013 22:00,7.93
15/05/2013 23:00,6.57
16/05/2013 00:00,6.26
16/05/2013 01:00,5.24
16/05/2013 02:00,4.82
16/05/2013 03:00,4.59
16/05/2013 04:00,4.17
16/05/2013 05:00,4.19
16/05/2013 06:00,5.59
16/05/2013 07:00,7.81
16/05/2013 08:00,10.17
16/05/2013 09:00,11.94
16/05/2013 10:00,12.94
16/05/2013 11:00,13.78
16/05/2013 12:00,15.13
16/05/2013 13:00,14.08
16/05/2013 14:00,15.02
16/05/2013 15:00,14.07
16/05/2013 16:00,13.69
16/05/2013 17:00,12.84
16/05/2013 18:00,12.17
16/05/2013 19:00,11.35
16/05/2013 20:00,10.16
16/05/2013 21:00,9.52
16/05/2013 22:00,9.29
16/05/2013 23:00,9.49
17/05/2013 00:00,9.24
17/05/2013 01:00,8.2
17/05/2013 02:00,7.8
17/05/2013 03:00,7.34
17/05/2013 04:00,7.2
17/05/2013 05:00,7.89
17/05/2013 06:00,8.24
17/05/2013 07:00,9.13
17/05/2013 08:00,10.12
17/05/2013 09:00,10.74
17/05/2013 10:00,11.25
17/05/2013 11:00,11.17
17/05/2013 12:00,11.17
17/05/2013 13:00,11.26
17/05/2013 14:00,11.28
17/05/2013 15:00,11.28
17/05/2013 16:00,11.3
17/05/2013 17:00,11.23
17/05/2013 18:00,11.18
17/05/2013 19:00,10.61
17/05/2013 20:00,10.16
17/05/2013 21:00,10.08
17/05/2013 22:00,9.68
17/05/2013 23:00,9.91
18/05/2013 00:00,9.48
18/05/2013 01:00,9.38
18/05/2013 02:00,9.37
18/05/2013 03:00,9.43
18/05/2013 04:00,9.44
18/05/2013 05:00,9.12
18/05/2013 06:00,9.36
18/05/2013 07:00,10.32
18/05/2013 08:00,11.49
18/05/2013 09:00,12.01
18/05/2013 10:00,12.92
18/05/2013 11:00,12.71
18/05/2013 12:00,13.05
18/05/2013 13:00,13.1
18/05/2013 14:00,13.27
18/05/2013 15:00,14.23
18/05/2013 16:00,14.26
18/05/2013 17:00,14.56
18/05/2013 18:00,14.13
18/05/2013 19:00,13.82
18/05/2013 20:00,12.88
18/05/2013 21:00,12.21
18/05/2013 22:00,11.91
18/05/2013 23:00,10.92
19/05/2013 00:00,9.83
19/05/2013 01:00,9.45
19/05/2013 02:00,9.74
19/05/2013 03:00,8.91
19/05/2013 04:00,9.28
19/05/2013 05:00,9.46
19/05/2013 06:00,10.27
19/05/2013 07:00,11.11
19/05/2013 08:00,12.17
19/05/2013 09:00,13.52
19/05/2013 10:00,14.17
19/05/2013 11:00,14.82
19/05/2013 12:00,15.93
19/05/2013 13:00,16.89
19/05/2013 14:00,17.14
19/05/2013 15:00,17.85
19/05/2013 16:00,17.61
19/05/2013 17:00,17.52
19/05/2013 18:00,17.19
19/05/2013 19:00,16.29
19/05/2013 20:00,14.67
19/05/2013 21:00,13.51
19/05/2013 22:00,12.22
19/05/2013 23:00,11.38
20/05/2013 00:00,12.46
20/05/2013 01:00,12.57
20/05/2013 02:00,12.18
20/05/2013 03:00,11.8
20/05/2013 04:00,11.82
20/05/2013 05:00,12.21
20/05/2013 06:00,12.24
20/05/2013 07:00,12.27
20/05/2013 08:00,12.46
20/05/2013 09:00,12.98
20/05/2013 10:00,13.44
20/05/2013 11:00,13.6
20/05/2013 12:00,14.19
20/05/2013 13:00,15.16
20/05/2013 14:00,15.79
20/05/2013 15:00,16.29
20/05/2013 16:00,16.32
20/05/2013 17:00,16.73
20/05/2013 18:00,16.77
20/05/2013 19:00,16.71
20/05/2013 20:00,16.87
20/05/2013 21:00,16.69
20/05/2013 22:00,16.65
20/05/2013 23:00,16.22
21/05/2013 00:00,16.02
21/05/2013 01:00,15.42
21/05/2013 02:00,14.43
21/05/2013 03:00,13.49
21/05/2013 04:00,13.02
21/05/2013 05:00,12.87
21/05/2013 06:00,12.44
21/05/2013 07:00,12.47
21/05/2013 08:00,12.71
21/05/2013 09:00,12.39
21/05/2013 10:00,12.32
21/05/2013 11:00,12.01
21/05/2013 12:00,12.93
21/05/2013 13:00,12.56
21/05/2013 14:00,12.63
21/05/2013 15:00,13.41
21/05/2013 16:00,13.46
21/05/2013 17:00,13.18
21/05/2013 18:00,13.49
21/05/2013 19:00,12.93
21/05/2013 20:00,12.19
21/05/2013 21:00,12.58
21/05/2013 22:00,12.08
21/05/2013 23:00,11.29
22/05/2013 00:00,10.34
22/05/2013 01:00,10.14
22/05/2013 02:00,10.15
22/05/2013 03:00,10.11
22/05/2013 04:00,10.1
22/05/2013 05:00,10.11
22/05/2013 06:00,10.11
22/05/2013 07:00,10.24
22/05/2013 08:00,10.37
22/05/2013 09:00,10.96
22/05/2013 10:00,11.51
22/05/2013 11:00,12.04
22/05/2013 12:00,12.48
22/05/2013 13:00,12.91
22/05/2013 14:00,12.62
22/05/2013 15:00,12.71
22/05/2013 16:00,13.57
22/05/2013 17:00,14.02
22/05/2013 18:00,13.47
22/05/2013 19:00,12.36
22/05/2013 20:00,11.22
22/05/2013 21:00,10.58
22/05/2013 22:00,9.58
22/05/2013 23:00,8.92
23/05/2013 00:00,8.07
23/05/2013 01:00,7.83
23/05/2013 02:00,7.36
23/05/2013 03:00,6.76
23/05/2013 04:00,6.7
23/05/2013 05:00,6.27
23/05/2013 06:00,6.84
23/05/2013 07:00,7.5
23/05/2013 08:00,8.48
23/05/2013 09:00,8.65
23/05/2013 10:00,9.13
23/05/2013 11:00,10.21
23/05/2013 12:00,10.2
23/05/2013 13:00,8.19
23/05/2013 14:00,10.26
23/05/2013 15:00,9.21
23/05/2013 16:00,10.05
23/05/2013 17:00,8.15
23/05/2013 18:00,8.39
23/05/2013 19:00,7.96
23/05/2013 20:00,7.77
23/05/2013 21:00,7.28
23/05/2013 22:00,6.84
23/05/2013 23:00,6.32
24/05/2013 00:00,6.29
24/05/2013 01:00,6.28
24/05/2013 02:00,6.24
24/05/2013 03:00,5.84
24/05/2013 04:00,5.84
24/05/2013 05:00,5.82
24/05/2013 06:00,5.43
24/05/2013 07:00,5.89
24/05/2013 08:00,6.59
24/05/2013 09:00,7.1
24/05/2013 10:00,7.51
24/05/2013 11:00,7.61
24/05/2013 12:00,7.52
24/05/2013 13:00,7.61
24/05/2013 14:00,7.71
24/05/2013 15:00,8.21
24/05/2013 16:00,7.86
24/05/2013 17:00,8.03
24/05/2013 18:00,7.62
24/05/2013 19:00,7.79
24/05/2013 20:00,6.84
24/05/2013 21:00,6.91
24/05/2013 22:00,6.87
24/05/2013 23:00,6.89
25/05/2013 00:00,6.41
25/05/2013 01:00,6.34
25/05/2013 02:00,6.26
25/05/2013 03:00,6.2
25/05/2013 04:00,5.64
25/05/2013 05:00,5.93
25/05/2013 06:00,6.61
25/05/2013 07:00,8.38
25/05/2013 08:00,9.34
25/05/2013 09:00,10.33
25/05/2013 10:00,11.37
25/05/2013 11:00,12.09
25/05/2013 12:00,13.03
25/05/2013 13:00,13.53
25/05/2013 14:00,13.71
25/05/2013 15:00,13.87
25/05/2013 16:00,14.61
25/05/2013 17:00,14.87
25/05/2013 18:00,14.14
25/05/2013 19:00,13.66
25/05/2013 20:00,12.58
25/05/2013 21:00,10.44
25/05/2013 22:00,8.63
25/05/2013 23:00,7.99
26/05/2013 00:00,7.02
26/05/2013 01:00,7.63
26/05/2013 02:00,6.8
26/05/2013 03:00,6.41
26/05/2013 04:00,6.38
26/05/2013 05:00,6.24
26/05/2013 06:00,8
26/05/2013 07:00,10.48
26/05/2013 08:00,12.87
26/05/2013 09:00,14.59
26/05/2013 10:00,15.32
26/05/2013 11:00,16.7
26/05/2013 12:00,16.62
26/05/2013 13:00,17.57
26/05/2013 14:00,18.46
26/05/2013 15:00,18.82
26/05/2013 16:00,18.53
26/05/2013 17:00,18.73
26/05/2013 18:00,17.58
26/05/2013 19:00,16.38
26/05/2013 20:00,14.98
26/05/2013 21:00,13.12
26/05/2013 22:00,12.47
26/05/2013 23:00,11.11
27/05/2013 00:00,9.67
27/05/2013 01:00,8.59
27/05/2013 02:00,7.91
27/05/2013 03:00,7.67
27/05/2013 04:00,6.32
27/05/2013 05:00,7.39
27/05/2013 06:00,8.13
27/05/2013 07:00,9.59
27/05/2013 08:00,12.07
27/05/2013 09:00,13.84
27/05/2013 10:00,15.26
27/05/2013 11:00,15.86
27/05/2013 12:00,16.64
27/05/2013 13:00,16.88
27/05/2013 14:00,17.25
27/05/2013 15:00,17.28
27/05/2013 16:00,17.17
27/05/2013 17:00,16.27
27/05/2013 18:00,15.28
27/05/2013 19:00,14.57
27/05/2013 20:00,13.36
27/05/2013 21:00,12.77
27/05/2013 22:00,12.21
27/05/2013 23:00,12.1
28/05/2013 00:00,12.13
28/05/2013 01:00,11.76
28/05/2013 02:00,11.26
28/05/2013 03:00,10.72
28/05/2013 04:00,10.26
28/05/2013 05:00,10.19
28/05/2013 06:00,9.97
28/05/2013 07:00,10.41
28/05/2013 08:00,10.88
28/05/2013 09:00,11.36
28/05/2013 10:00,11.83
28/05/2013 11:00,11.88
28/05/2013 12:00,11.75
28/05/2013 13:00,11.32
28/05/2013 14:00,11.01
28/05/2013 15:00,11.53
28/05/2013 16:00,11.59
28/05/2013 17:00,11.59
28/05/2013 18:00,11.47
28/05/2013 19:00,10.87
28/05/2013 20:00,10.36
28/05/2013 21:00,10.22
28/05/2013 22:00,9.78
28/05/2013 23:00,9.68
29/05/2013 00:00,9.24
29/05/2013 01:00,9.08
29/05/2013 02:00,9.11
29/05/2013 03:00,8.87
29/05/2013 04:00,8.38
29/05/2013 05:00,8.46
29/05/2013 06:00,9.14
29/05/2013 07:00,9.82
29/05/2013 08:00,10.91
29/05/2013 09:00,11.56
29/05/2013 10:00,12.37
29/05/2013 11:00,12.09
29/05/2013 12:00,10.83
29/05/2013 13:00,10.89
29/05/2013 14:00,12.19
29/05/2013 15:00,12.26
29/05/2013 16:00,11.64
29/05/2013 17:00,12.42
29/05/2013 18:00,12.79
29/05/2013 19:00,12.76
29/05/2013 20:00,12.69
29/05/2013 21:00,12.32
29/05/2013 22:00,11.83
29/05/2013 23:00,11.92
30/05/2013 00:00,11.92
30/05/2013 01:00,11.92
30/05/2013 02:00,11.84
30/05/2013 03:00,11.43
30/05/2013 04:00,11.36
30/05/2013 05:00,10.79
30/05/2013 06:00,10.99
30/05/2013 07:00,11.73
30/05/2013 08:00,11.91
30/05/2013 09:00,12.02
30/05/2013 10:00,12.48
30/05/2013 11:00,13.13
30/05/2013 12:00,13.87
30/05/2013 13:00,14.23
30/05/2013 14:00,14.69
30/05/2013 15:00,13.94
30/05/2013 16:00,13.89
30/05/2013 17:00,13.88
30/05/2013 18:00,13.41
30/05/2013 19:00,12.94
30/05/2013 20:00,12.44
30/05/2013 21:00,12.42
30/05/2013 22:00,11.98
30/05/2013 23:00,11.89
31/05/2013 00:00,11.74
31/05/2013 01:00,11.35
31/05/2013 02:00,11.33
31/05/2013 03:00,11.27
31/05/2013 04:00,11.31
31/05/2013 05:00,11.38
31/05/2013 06:00,11.91
31/05/2013 07:00,12.42
31/05/2013 08:00,12.56
31/05/2013 09:00,13.53
31/05/2013 10:00,14.81
31/05/2013 11:00,16.73
31/05/2013 12:00,19.36
31/05/2013 13:00,20.42
31/05/2013 14:00,21.09
31/05/2013 15:00,21.68
31/05/2013 16:00,20.89
31/05/2013 17:00,20.57
31/05/2013 18:00,20.02
31/05/2013 19:00,19.12
31/05/2013 20:00,17.93
31/05/2013 21:00,17.12
31/05/2013 22:00,16.55
31/05/2013 23:00,15.89
01/06/2013 00:00,14.38
01/06/2013 01:00,13.33
01/06/2013 02:00,11.96
01/06/2013 03:00,11.46
01/06/2013 04:00,10.77
01/06/2013 05:00,11.14
01/06/2013 06:00,11.41
01/06/2013 07:00,12.26
01/06/2013 08:00,12.54
01/06/2013 09:00,13.41
01/06/2013 10:00,13.28
01/06/2013 11:00,14.27
01/06/2013 12:00,15.97
01/06/2013 13:00,16.01
01/06/2013 14:00,16.48
01/06/2013 15:00,16.21
01/06/2013 16:00,17.34
01/06/2013 17:00,17.12
01/06/2013 18:00,16.58
01/06/2013 19:00,16.02
01/06/2013 20:00,14.46
01/06/2013 21:00,13.86
01/06/2013 22:00,13.64
01/06/2013 23:00,12.61
02/06/2013 00:00,11.67
02/06/2013 01:00,10.59
02/06/2013 02:00,10.49
02/06/2013 03:00,9.89
02/06/2013 04:00,9.72
02/06/2013 05:00,9.95
02/06/2013 06:00,10.86
02/06/2013 07:00,12.78
02/06/2013 08:00,15.13
02/06/2013 09:00,16.23
02/06/2013 10:00,16.34
02/06/2013 11:00,17.22
02/06/2013 12:00,16.85
02/06/2013 13:00,17.87
02/06/2013 14:00,17.26
02/06/2013 15:00,18.83
02/06/2013 16:00,18.04
02/06/2013 17:00,17.65
02/06/2013 18:00,17.05
02/06/2013 19:00,15.5
02/06/2013 20:00,14.07
02/06/2013 21:00,12.52
02/06/2013 22:00,11.11
02/06/2013 23:00,10.31
03/06/2013 00:00,9.33
03/06/2013 01:00,8.4
03/06/2013 02:00,7.86
03/06/2013 03:00,7.24
03/06/2013 04:00,7.77
03/06/2013 05:00,8.42
03/06/2013 06:00,10.17
03/06/2013 07:00,12.34
03/06/2013 08:00,14.53
03/06/2013 09:00,16.22
03/06/2013 10:00,15.92
03/06/2013 11:00,17.5
03/06/2013 12:00,17.46
03/06/2013 13:00,17.84
03/06/2013 14:00,18.66
03/06/2013 15:00,18.63
03/06/2013 16:00,17.09
03/06/2013 17:00,16.9
03/06/2013 18:00,15.57
03/06/2013 19:00,14.03
03/06/2013 20:00,12.85
03/06/2013 21:00,11.69
03/06/2013 22:00,10.99
03/06/2013 23:00,10.48
04/06/2013 00:00,10.13
04/06/2013 01:00,9.18
04/06/2013 02:00,8.27
04/06/2013 03:00,8.11
04/06/2013 04:00,7.64
04/06/2013 05:00,7.87
04/06/2013 06:00,8.91
04/06/2013 07:00,11.46
04/06/2013 08:00,13.73
04/06/2013 09:00,15.07
04/06/2013 10:00,16.92
04/06/2013 11:00,17.77
04/06/2013 12:00,18.77
04/06/2013 13:00,19.27
04/06/2013 14:00,19.4
04/06/2013 15:00,20.07
04/06/2013 16:00,20.01
04/06/2013 17:00,19.59
04/06/2013 18:00,18.16
04/06/2013 19:00,16.91
04/06/2013 20:00,15.33
04/06/2013 21:00,13.94
04/06/2013 22:00,12.47
04/06/2013 23:00,11.13
05/06/2013 00:00,10.14
05/06/2013 01:00,9.53
05/06/2013 02:00,9.48
05/06/2013 03:00,8.99
05/06/2013 04:00,8.96
05/06/2013 05:00,9.06
05/06/2013 06:00,9.16
05/06/2013 07:00,9.46
05/06/2013 08:00,10.95
05/06/2013 09:00,12.37
05/06/2013 10:00,14.36
05/06/2013 11:00,16.27
05/06/2013 12:00,17.78
05/06/2013 13:00,18.47
05/06/2013 14:00,19.03
05/06/2013 15:00,19.42
05/06/2013 16:00,19.64
05/06/2013 17:00,18.98
05/06/2013 18:00,17.61
05/06/2013 19:00,16.04
05/06/2013 20:00,14.34
05/06/2013 21:00,13.22
05/06/2013 22:00,12.04
05/06/2013 23:00,11.73
06/06/2013 00:00,10.87
06/06/2013 01:00,9.94
06/06/2013 02:00,9.2
06/06/2013 03:00,9.1
06/06/2013 04:00,8.73
06/06/2013 05:00,8.75
06/06/2013 06:00,9.38
06/06/2013 07:00,10.53
06/06/2013 08:00,12.52
06/06/2013 09:00,14.28
06/06/2013 10:00,16.11
06/06/2013 11:00,17.94
06/06/2013 12:00,19.04
06/06/2013 13:00,20.03
06/06/2013 14:00,20.27
06/06/2013 15:00,20.88
06/06/2013 16:00,20.36
06/06/2013 17:00,19.79
06/06/2013 18:00,18.72
06/06/2013 19:00,17.63
06/06/2013 20:00,16.82
06/06/2013 21:00,15.66
06/06/2013 22:00,14.08
06/06/2013 23:00,12.69
07/06/2013 00:00,11.7
07/06/2013 01:00,10.76
07/06/2013 02:00,10.55
07/06/2013 03:00,10.5
07/06/2013 04:00,10.02
07/06/2013 05:00,10.55
07/06/2013 06:00,10.17
07/06/2013 07:00,11.03
07/06/2013 08:00,13.3
07/06/2013 09:00,15.64
07/06/2013 10:00,17.3
07/06/2013 11:00,17.82
07/06/2013 12:00,18.73
07/06/2013 13:00,18.65
07/06/2013 14:00,18.71
07/06/2013 15:00,18.76
07/06/2013 16:00,19.64
07/06/2013 17:00,19.17
07/06/2013 18:00,18.14
07/06/2013 19:00,17
07/06/2013 20:00,15.89
07/06/2013 21:00,14.64
07/06/2013 22:00,13.51
07/06/2013 23:00,11.66
08/06/2013 00:00,10.63
08/06/2013 01:00,9.99
08/06/2013 02:00,9.54
08/06/2013 03:00,9.16
08/06/2013 04:00,9.61
08/06/2013 05:00,9.76
08/06/2013 06:00,10.38
08/06/2013 07:00,10.84
08/06/2013 08:00,11.66
08/06/2013 09:00,13.47
08/06/2013 10:00,14.09
08/06/2013 11:00,15.15
08/06/2013 12:00,15.86
08/06/2013 13:00,16.29
08/06/2013 14:00,16.7
08/06/2013 15:00,17.06
08/06/2013 16:00,16.61
08/06/2013 17:00,16.04
08/06/2013 18:00,14.96
08/06/2013 19:00,13.88
08/06/2013 20:00,12.84
08/06/2013 21:00,12.31
08/06/2013 22:00,12.16
08/06/2013 23:00,11.37
09/06/2013 00:00,11.24
09/06/2013 01:00,11.21
09/06/2013 02:00,10.78
09/06/2013 03:00,10.73
09/06/2013 04:00,10.29
09/06/2013 05:00,10.72
09/06/2013 06:00,10.76
09/06/2013 07:00,10.89
09/06/2013 08:00,10.91
09/06/2013 09:00,11.36
09/06/2013 10:00,11.96
09/06/2013 11:00,12.44
09/06/2013 12:00,12.81
09/06/2013 13:00,13.42
09/06/2013 14:00,13.67
09/06/2013 15:00,13.74
09/06/2013 16:00,14.17
09/06/2013 17:00,14.11
09/06/2013 18:00,13.59
09/06/2013 19:00,13.46
09/06/2013 20:00,12.97
09/06/2013 21:00,12.67
09/06/2013 22:00,12.19
09/06/2013 23:00,11.77
10/06/2013 00:00,11.23
10/06/2013 01:00,10.83
10/06/2013 02:00,10.77
10/06/2013 03:00,10.66
10/06/2013 04:00,10.62
10/06/2013 05:00,10.61
10/06/2013 06:00,10.69
10/06/2013 07:00,10.81
10/06/2013 08:00,10.89
10/06/2013 09:00,11.44
10/06/2013 10:00,11.97
10/06/2013 11:00,12.43
10/06/2013 12:00,12.71
10/06/2013 13:00,13.51
10/06/2013 14:00,13.73
10/06/2013 15:00,14.29
10/06/2013 16:00,14.56
10/06/2013 17:00,14.5
10/06/2013 18:00,14.02
10/06/2013 19:00,13.43
10/06/2013 20:00,12.8
10/06/2013 21:00,12.11
10/06/2013 22:00,11.84
10/06/2013 23:00,11.02
11/06/2013 00:00,9.67
11/06/2013 01:00,9.17
11/06/2013 02:00,8.16
11/06/2013 03:00,9.43
11/06/2013 04:00,9.67
11/06/2013 05:00,10.34
11/06/2013 06:00,11.06
11/06/2013 07:00,12.11
11/06/2013 08:00,13.31
11/06/2013 09:00,15.27
11/06/2013 10:00,15.87
11/06/2013 11:00,16.02
11/06/2013 12:00,16.51
11/06/2013 13:00,16.44
11/06/2013 14:00,16.44
11/06/2013 15:00,16.88
11/06/2013 16:00,16.96
11/06/2013 17:00,16.54
11/06/2013 18:00,16.9
11/06/2013 19:00,16.44
11/06/2013 20:00,15.79
11/06/2013 21:00,15.09
11/06/2013 22:00,14.59
11/06/2013 23:00,14.16
12/06/2013 00:00,14.21
12/06/2013 01:00,14.73
12/06/2013 02:00,15.27
12/06/2013 03:00,15.21
12/06/2013 04:00,14.8
12/06/2013 05:00,15.17
12/06/2013 06:00,14.72
12/06/2013 07:00,14.72
12/06/2013 08:00,15.2
12/06/2013 09:00,15.78
12/06/2013 10:00,16.4
12/06/2013 11:00,16.56
12/06/2013 12:00,16.32
12/06/2013 13:00,16.28
12/06/2013 14:00,15.99
12/06/2013 15:00,16.43
12/06/2013 16:00,16.52
12/06/2013 17:00,16.96
12/06/2013 18:00,16.84
12/06/2013 19:00,15.97
12/06/2013 20:00,15.92
12/06/2013 21:00,15.76
12/06/2013 22:00,15.33
12/06/2013 23:00,14.82
13/06/2013 00:00,14.27
13/06/2013 01:00,14.07
13/06/2013 02:00,13.65
13/06/2013 03:00,13.65
13/06/2013 04:00,13.63
13/06/2013 05:00,13.46
13/06/2013 06:00,13.07
13/06/2013 07:00,13.03
13/06/2013 08:00,13.59
13/06/2013 09:00,13.74
13/06/2013 10:00,14.54
13/06/2013 11:00,14.68
13/06/2013 12:00,14.76
13/06/2013 13:00,15.47
13/06/2013 14:00,15.52
13/06/2013 15:00,17.59
13/06/2013 16:00,16.51
13/06/2013 17:00,16.26
13/06/2013 18:00,15.75
13/06/2013 19:00,15.17
13/06/2013 20:00,14.77
13/06/2013 21:00,13.93
13/06/2013 22:00,12.96
13/06/2013 23:00,12.32
14/06/2013 00:00,11.39
14/06/2013 01:00,10.79
14/06/2013 02:00,10.09
14/06/2013 03:00,9.6
14/06/2013 04:00,9.13
14/06/2013 05:00,9.87
14/06/2013 06:00,11.4
14/06/2013 07:00,12.51
14/06/2013 08:00,13.3
14/06/2013 09:00,14.52
14/06/2013 10:00,14.75
14/06/2013 11:00,15.84
14/06/2013 12:00,16.53
14/06/2013 13:00,17.53
14/06/2013 14:00,17.99
14/06/2013 15:00,18.45
14/06/2013 16:00,18.81
14/06/2013 17:00,17.46
14/06/2013 18:00,16.52
14/06/2013 19:00,16.16
14/06/2013 20:00,15.64
14/06/2013 21:00,15.06
14/06/2013 22:00,14.89
14/06/2013 23:00,14.42
15/06/2013 00:00,14.52
15/06/2013 01:00,14.49
15/06/2013 02:00,13.77
15/06/2013 03:00,12.6
15/06/2013 04:00,11.88
15/06/2013 05:00,11.01
15/06/2013 06:00,11.61
15/06/2013 07:00,12.51
15/06/2013 08:00,13.99
15/06/2013 09:00,14.43
15/06/2013 10:00,15.42
15/06/2013 11:00,16.27
15/06/2013 12:00,15.66
15/06/2013 13:00,13.86
15/06/2013 14:00,13.48
15/06/2013 15:00,14.59
15/06/2013 16:00,14.17
15/06/2013 17:00,14.68
15/06/2013 18:00,15.31
15/06/2013 19:00,14.73
15/06/2013 20:00,14.03
15/06/2013 21:00,13.38
15/06/2013 22:00,12.9
15/06/2013 23:00,12.39
16/06/2013 00:00,12.02
16/06/2013 01:00,11.61
16/06/2013 02:00,11.94
16/06/2013 03:00,11.54
16/06/2013 04:00,11.46
16/06/2013 05:00,11.57
16/06/2013 06:00,12.17
16/06/2013 07:00,12.76
16/06/2013 08:00,14.28
16/06/2013 09:00,14.82
16/06/2013 10:00,15.36
16/06/2013 11:00,15.38
16/06/2013 12:00,15.74
16/06/2013 13:00,14.8
16/06/2013 14:00,15.48
16/06/2013 15:00,16.43
16/06/2013 16:00,17.02
16/06/2013 17:00,17.34
16/06/2013 18:00,16.64
16/06/2013 19:00,16.31
16/06/2013 20:00,15.64
16/06/2013 21:00,14.13
16/06/2013 22:00,13.53
16/06/2013 23:00,13.76
17/06/2013 00:00,13.73
17/06/2013 01:00,13.23
17/06/2013 02:00,13.19
17/06/2013 03:00,13.27
17/06/2013 04:00,12.87
17/06/2013 05:00,12.87
17/06/2013 06:00,13.12
17/06/2013 07:00,13.84
17/06/2013 08:00,14.89
17/06/2013 09:00,16.5
17/06/2013 10:00,17.31
17/06/2013 11:00,17.54
17/06/2013 12:00,18.99
17/06/2013 13:00,19.15
17/06/2013 14:00,20.12
17/06/2013 15:00,20.4
17/06/2013 16:00,19.53
17/06/2013 17:00,19.76
17/06/2013 18:00,18.69
17/06/2013 19:00,17.82
17/06/2013 20:00,17.22
17/06/2013 21:00,16.27
17/06/2013 22:00,16.11
17/06/2013 23:00,15.55
18/06/2013 00:00,15.44
18/06/2013 01:00,14.57
18/06/2013 02:00,14.42
18/06/2013 03:00,13.49
18/06/2013 04:00,13.33
18/06/2013 05:00,13.42
18/06/2013 06:00,13.77
18/06/2013 07:00,14.6
18/06/2013 08:00,16.05
18/06/2013 09:00,17.52
18/06/2013 10:00,18.37
18/06/2013 11:00,19.28
18/06/2013 12:00,18.66
18/06/2013 13:00,19.97
18/06/2013 14:00,19.38
18/06/2013 15:00,20.33
18/06/2013 16:00,20.12
18/06/2013 17:00,19.79
18/06/2013 18:00,20.23
18/06/2013 19:00,19.22
18/06/2013 20:00,18.53
18/06/2013 21:00,17.39
18/06/2013 22:00,16.47
18/06/2013 23:00,15.83
19/06/2013 00:00,15.96
19/06/2013 01:00,15.88
19/06/2013 02:00,15.81
19/06/2013 03:00,16.11
19/06/2013 04:00,15.92
19/06/2013 05:00,16.31
19/06/2013 06:00,16.11
19/06/2013 07:00,17.56
19/06/2013 08:00,18.76
19/06/2013 09:00,20.67
19/06/2013 10:00,20.92
19/06/2013 11:00,22.01
19/06/2013 12:00,23.67
19/06/2013 13:00,24.76
19/06/2013 14:00,25.56
19/06/2013 15:00,24.99
19/06/2013 16:00,24.21
19/06/2013 17:00,23.98
19/06/2013 18:00,23.27
19/06/2013 19:00,22.54
19/06/2013 20:00,21.46
19/06/2013 21:00,19.62
19/06/2013 22:00,18.52
19/06/2013 23:00,17.91
20/06/2013 00:00,17.84
20/06/2013 01:00,17.29
20/06/2013 02:00,16.86
20/06/2013 03:00,16.39
20/06/2013 04:00,16.29
20/06/2013 05:00,16.22
20/06/2013 06:00,16.3
20/06/2013 07:00,17.04
20/06/2013 08:00,18.01
20/06/2013 09:00,18.14
20/06/2013 10:00,18.96
20/06/2013 11:00,19.61
20/06/2013 12:00,17.96
20/06/2013 13:00,18.47
20/06/2013 14:00,18.54
20/06/2013 15:00,19.15
20/06/2013 16:00,19.53
20/06/2013 17:00,19.96
20/06/2013 18:00,20.19
20/06/2013 19:00,19.33
20/06/2013 20:00,17.99
20/06/2013 21:00,17.63
20/06/2013 22:00,16.61
20/06/2013 23:00,15.95
21/06/2013 00:00,15.55
21/06/2013 01:00,15.09
21/06/2013 02:00,14.67
21/06/2013 03:00,14.59
21/06/2013 04:00,14.11
21/06/2013 05:00,14.22
21/06/2013 06:00,14.26
21/06/2013 07:00,14.79
21/06/2013 08:00,15.36
21/06/2013 09:00,16.11
21/06/2013 10:00,16.12
21/06/2013 11:00,16.76
21/06/2013 12:00,17.71
21/06/2013 13:00,19.43
21/06/2013 14:00,19.52
21/06/2013 15:00,20.38
21/06/2013 16:00,19.34
21/06/2013 17:00,19.7
21/06/2013 18:00,20
21/06/2013 19:00,19.02
21/06/2013 20:00,18.19
21/06/2013 21:00,17.56
21/06/2013 22:00,16.58
21/06/2013 23:00,15.87
22/06/2013 00:00,14.42
22/06/2013 01:00,13.56
22/06/2013 02:00,13.03
22/06/2013 03:00,12.96
22/06/2013 04:00,12.09
22/06/2013 05:00,12.01
22/06/2013 06:00,12.09
22/06/2013 07:00,12.68
22/06/2013 08:00,13.32
22/06/2013 09:00,14.52
22/06/2013 10:00,17.08
22/06/2013 11:00,16.32
22/06/2013 12:00,17.54
22/06/2013 13:00,16.74
22/06/2013 14:00,15.77
22/06/2013 15:00,16.06
22/06/2013 16:00,15.74
22/06/2013 17:00,15.29
22/06/2013 18:00,15.12
22/06/2013 19:00,14.73
22/06/2013 20:00,14.17
22/06/2013 21:00,14.01
22/06/2013 22:00,13.31
22/06/2013 23:00,13.62
23/06/2013 00:00,13.59
23/06/2013 01:00,13.53
23/06/2013 02:00,13.07
23/06/2013 03:00,13.16
23/06/2013 04:00,13.16
23/06/2013 05:00,13.28
23/06/2013 06:00,14.27
23/06/2013 07:00,14.86
23/06/2013 08:00,15.93
23/06/2013 09:00,15.78
23/06/2013 10:00,16.21
23/06/2013 11:00,16.4
23/06/2013 12:00,16.49
23/06/2013 13:00,16.51
23/06/2013 14:00,16.46
23/06/2013 15:00,16.42
23/06/2013 16:00,16.44
23/06/2013 17:00,16.24
23/06/2013 18:00,15.73
23/06/2013 19:00,15.24
23/06/2013 20:00,12.92
23/06/2013 21:00,12.62
23/06/2013 22:00,12.63
23/06/2013 23:00,12.51
24/06/2013 00:00,11.29
24/06/2013 01:00,11.18
24/06/2013 02:00,11.44
24/06/2013 03:00,10.62
24/06/2013 04:00,11.33
24/06/2013 05:00,11.37
24/06/2013 06:00,11.39
24/06/2013 07:00,11.62
24/06/2013 08:00,12.53
24/06/2013 09:00,13.29
24/06/2013 10:00,13.74
24/06/2013 11:00,14.17
24/06/2013 12:00,14.34
24/06/2013 13:00,15.09
24/06/2013 14:00,15.28
24/06/2013 15:00,15.2
24/06/2013 16:00,16.1
24/06/2013 17:00,15.66
24/06/2013 18:00,15.58
24/06/2013 19:00,15.44
24/06/2013 20:00,15.13
24/06/2013 21:00,14.38
24/06/2013 22:00,14.06
24/06/2013 23:00,13.54
25/06/2013 00:00,12.49
25/06/2013 01:00,11.88
25/06/2013 02:00,11.8
25/06/2013 03:00,11.26
25/06/2013 04:00,11.27
25/06/2013 05:00,11.56
25/06/2013 06:00,12.37
25/06/2013 07:00,13.51
25/06/2013 08:00,14.71
25/06/2013 09:00,15.89
25/06/2013 10:00,16.66
25/06/2013 11:00,17.44
25/06/2013 12:00,17.73
25/06/2013 13:00,17.89
25/06/2013 14:00,18.73
25/06/2013 15:00,18.69
25/06/2013 16:00,18.76
25/06/2013 17:00,18.62
25/06/2013 18:00,18.57
25/06/2013 19:00,18.02
25/06/2013 20:00,16.86
25/06/2013 21:00,15.66
25/06/2013 22:00,13.73
25/06/2013 23:00,12.85
26/06/2013 00:00,12.16
26/06/2013 01:00,11.55
26/06/2013 02:00,10.47
26/06/2013 03:00,10.14
26/06/2013 04:00,10.55
26/06/2013 05:00,11.69
26/06/2013 06:00,12.66
26/06/2013 07:00,13.74
26/06/2013 08:00,15.54
26/06/2013 09:00,16.54
26/06/2013 10:00,17.49
26/06/2013 11:00,19.15
26/06/2013 12:00,20.03
26/06/2013 13:00,20.61
26/06/2013 14:00,20.26
26/06/2013 15:00,20.37
26/06/2013 16:00,20.26
26/06/2013 17:00,20.19
26/06/2013 18:00,20.07
26/06/2013 19:00,19.41
26/06/2013 20:00,18.46
26/06/2013 21:00,17.22
26/06/2013 22:00,16.05
26/06/2013 23:00,15.44
27/06/2013 00:00,14.4
27/06/2013 01:00,13.31
27/06/2013 02:00,13.18
27/06/2013 03:00,12.3
27/06/2013 04:00,12.2
27/06/2013 05:00,12.62
27/06/2013 06:00,12.92
27/06/2013 07:00,13.64
27/06/2013 08:00,14.97
27/06/2013 09:00,15.93
27/06/2013 10:00,16.62
27/06/2013 11:00,17.59
27/06/2013 12:00,18.18
27/06/2013 13:00,18.39
27/06/2013 14:00,19.23
27/06/2013 15:00,18.68
27/06/2013 16:00,18.37
27/06/2013 17:00,17.73
27/06/2013 18:00,16.47
27/06/2013 19:00,14.98
27/06/2013 20:00,13.92
27/06/2013 21:00,13.06
27/06/2013 22:00,12.92
27/06/2013 23:00,12.56
28/06/2013 00:00,12.92
28/06/2013 01:00,12.98
28/06/2013 02:00,13.02
28/06/2013 03:00,12.68
28/06/2013 04:00,13.13
28/06/2013 05:00,13.29
28/06/2013 06:00,14.09
28/06/2013 07:00,14.73
28/06/2013 08:00,15.68
28/06/2013 09:00,15.92
28/06/2013 10:00,15.98
28/06/2013 11:00,16.59
28/06/2013 12:00,17.09
28/06/2013 13:00,17.72
28/06/2013 14:00,18.24
28/06/2013 15:00,19.8
28/06/2013 16:00,20.16
28/06/2013 17:00,19.69
28/06/2013 18:00,19.08
28/06/2013 19:00,18.86
28/06/2013 20:00,17.93
28/06/2013 21:00,17.45
28/06/2013 22:00,17.02
28/06/2013 23:00,16.88
29/06/2013 00:00,16.81
29/06/2013 01:00,16.58
29/06/2013 02:00,15.59
29/06/2013 03:00,15
29/06/2013 04:00,13.99
29/06/2013 05:00,13.5
29/06/2013 06:00,13.42
29/06/2013 07:00,13.5
29/06/2013 08:00,14.12
29/06/2013 09:00,14.97
29/06/2013 10:00,16.04
29/06/2013 11:00,17.11
29/06/2013 12:00,18.04
29/06/2013 13:00,19.05
29/06/2013 14:00,19.94
29/06/2013 15:00,20.21
29/06/2013 16:00,20.77
29/06/2013 17:00,21.19
29/06/2013 18:00,20.26
29/06/2013 19:00,19.77
29/06/2013 20:00,19.46
29/06/2013 21:00,18.48
29/06/2013 22:00,17.57
29/06/2013 23:00,17.78
30/06/2013 00:00,17.61
30/06/2013 01:00,17.49
30/06/2013 02:00,16.97
30/06/2013 03:00,15.88
30/06/2013 04:00,14.92
30/06/2013 05:00,15.16
30/06/2013 06:00,16.01
30/06/2013 07:00,16.77
30/06/2013 08:00,17.79
30/06/2013 09:00,19.05
30/06/2013 10:00,21.23
30/06/2013 11:00,23.11
30/06/2013 12:00,23.76
30/06/2013 13:00,24.78
30/06/2013 14:00,25.17
30/06/2013 15:00,25.16
30/06/2013 16:00,25.02
30/06/2013 17:00,24.33
30/06/2013 18:00,23.07
30/06/2013 19:00,21.03
30/06/2013 20:00,19.67
30/06/2013 21:00,18.46
30/06/2013 22:00,16.25
30/06/2013 23:00,15.1
01/07/2013 00:00,14.19
01/07/2013 01:00,14.06
01/07/2013 02:00,14.06
01/07/2013 03:00,13.99
01/07/2013 04:00,13.89
01/07/2013 05:00,14.03
01/07/2013 06:00,14.34
01/07/2013 07:00,15.42
01/07/2013 08:00,15.71
01/07/2013 09:00,17.03
01/07/2013 10:00,17.7
01/07/2013 11:00,18.34
01/07/2013 12:00,19.26
01/07/2013 13:00,19.63
01/07/2013 14:00,19.6
01/07/2013 15:00,19.43
01/07/2013 16:00,19.3
01/07/2013 17:00,19.78
01/07/2013 18:00,18.69
01/07/2013 19:00,18.11
01/07/2013 20:00,16.9
01/07/2013 21:00,16
01/07/2013 22:00,15.08
01/07/2013 23:00,14.3
02/07/2013 00:00,13.94
02/07/2013 01:00,13.75
02/07/2013 02:00,13.21
02/07/2013 03:00,12.71
02/07/2013 04:00,11.84
02/07/2013 05:00,12.35
02/07/2013 06:00,13.09
02/07/2013 07:00,14.26
02/07/2013 08:00,14.79
02/07/2013 09:00,15.31
02/07/2013 10:00,15.44
02/07/2013 11:00,16.31
02/07/2013 12:00,16.52
02/07/2013 13:00,16.92
02/07/2013 14:00,17.35
02/07/2013 15:00,17.5
02/07/2013 16:00,16.28
02/07/2013 17:00,15.84
02/07/2013 18:00,15.36
02/07/2013 19:00,15.28
02/07/2013 20:00,15.18
02/07/2013 21:00,15.14
02/07/2013 22:00,15.24
02/07/2013 23:00,15.15
03/07/2013 00:00,15.14
03/07/2013 01:00,14.78
03/07/2013 02:00,14.71
03/07/2013 03:00,14.31
03/07/2013 04:00,14.39
03/07/2013 05:00,14.42
03/07/2013 06:00,15.05
03/07/2013 07:00,15.59
03/07/2013 08:00,15.92
03/07/2013 09:00,16.42
03/07/2013 10:00,16.73
03/07/2013 11:00,18.17
03/07/2013 12:00,18.75
03/07/2013 13:00,18.83
03/07/2013 14:00,19.24
03/07/2013 15:00,19.69
03/07/2013 16:00,19.33
03/07/2013 17:00,19.11
03/07/2013 18:00,18.99
03/07/2013 19:00,18.06
03/07/2013 20:00,17.89
03/07/2013 21:00,17.09
03/07/2013 22:00,16.14
03/07/2013 23:00,14.98
04/07/2013 00:00,14.34
04/07/2013 01:00,13.39
04/07/2013 02:00,12.83
04/07/2013 03:00,12.48
04/07/2013 04:00,12.97
04/07/2013 05:00,13.2
04/07/2013 06:00,13.86
04/07/2013 07:00,15.29
04/07/2013 08:00,16.69
04/07/2013 09:00,17.6
04/07/2013 10:00,18.52
04/07/2013 11:00,20.41
04/07/2013 12:00,21.48
04/07/2013 13:00,21.6
04/07/2013 14:00,21.64
04/07/2013 15:00,22.43
04/07/2013 16:00,22.89
04/07/2013 17:00,22.51
04/07/2013 18:00,22.28
04/07/2013 19:00,21.5
04/07/2013 20:00,19.81
04/07/2013 21:00,17.95
04/07/2013 22:00,17.1
04/07/2013 23:00,16.01
05/07/2013 00:00,14.92
05/07/2013 01:00,14.4
05/07/2013 02:00,13.43
05/07/2013 03:00,12.85
05/07/2013 04:00,12.9
05/07/2013 05:00,12.63
05/07/2013 06:00,14.57
05/07/2013 07:00,16.92
05/07/2013 08:00,18.59
05/07/2013 09:00,19.91
05/07/2013 10:00,21.02
05/07/2013 11:00,22.1
05/07/2013 12:00,23.27
05/07/2013 13:00,23.76
05/07/2013 14:00,24.1
05/07/2013 15:00,24.62
05/07/2013 16:00,24.52
05/07/2013 17:00,24.32
05/07/2013 18:00,23.21
05/07/2013 19:00,21.83
05/07/2013 20:00,20.53
05/07/2013 21:00,18.64
05/07/2013 22:00,17.5
05/07/2013 23:00,16.39
06/07/2013 00:00,15.77
06/07/2013 01:00,15.17
06/07/2013 02:00,14.6
06/07/2013 03:00,13.64
06/07/2013 04:00,13.48
06/07/2013 05:00,14.11
06/07/2013 06:00,15.26
06/07/2013 07:00,16.99
06/07/2013 08:00,19.31
06/07/2013 09:00,20.65
06/07/2013 10:00,22.41
06/07/2013 11:00,23.48
06/07/2013 12:00,24.4
06/07/2013 13:00,25.43
06/07/2013 14:00,26.47
06/07/2013 15:00,26.25
06/07/2013 16:00,26.2
06/07/2013 17:00,26.06
06/07/2013 18:00,24.53
06/07/2013 19:00,22.97
06/07/2013 20:00,21.6
06/07/2013 21:00,20.31
06/07/2013 22:00,19.16
06/07/2013 23:00,18.11
07/07/2013 00:00,17.52
07/07/2013 01:00,16.53
07/07/2013 02:00,16.03
07/07/2013 03:00,15.83
07/07/2013 04:00,14.99
07/07/2013 05:00,15.17
07/07/2013 06:00,16.66
07/07/2013 07:00,19.15
07/07/2013 08:00,21.67
07/07/2013 09:00,23.37
07/07/2013 10:00,24.81
07/07/2013 11:00,25.49
07/07/2013 12:00,26.78
07/07/2013 13:00,27.28
07/07/2013 14:00,26.98
07/07/2013 15:00,26.82
07/07/2013 16:00,26.27
07/07/2013 17:00,25.74
07/07/2013 18:00,24.15
07/07/2013 19:00,22.96
07/07/2013 20:00,21.58
07/07/2013 21:00,19.99
07/07/2013 22:00,19.11
07/07/2013 23:00,18.46
08/07/2013 00:00,17.87
08/07/2013 01:00,16.88
08/07/2013 02:00,16.24
08/07/2013 03:00,15.67
08/07/2013 04:00,15.17
08/07/2013 05:00,14.99
08/07/2013 06:00,15.82
08/07/2013 07:00,17.22
08/07/2013 08:00,19.75
08/07/2013 09:00,21.42
08/07/2013 10:00,22.61
08/07/2013 11:00,23.29
08/07/2013 12:00,24.66
08/07/2013 13:00,24.46
08/07/2013 14:00,24.61
08/07/2013 15:00,25.18
08/07/2013 16:00,24.73
08/07/2013 17:00,24.35
08/07/2013 18:00,23.11
08/07/2013 19:00,21.45
08/07/2013 20:00,19.99
08/07/2013 21:00,18.27
08/07/2013 22:00,17.24
08/07/2013 23:00,16.27
09/07/2013 00:00,15.57
09/07/2013 01:00,14.59
09/07/2013 02:00,13.96
09/07/2013 03:00,12.86
09/07/2013 04:00,12.37
09/07/2013 05:00,12.01
09/07/2013 06:00,12.71
09/07/2013 07:00,14.14
09/07/2013 08:00,16.02
09/07/2013 09:00,17.77
09/07/2013 10:00,19.98
09/07/2013 11:00,21.81
09/07/2013 12:00,23.38
09/07/2013 13:00,24.67
09/07/2013 14:00,24.81
09/07/2013 15:00,25.11
09/07/2013 16:00,25.61
09/07/2013 17:00,25.05
09/07/2013 18:00,23.18
09/07/2013 19:00,21.25
09/07/2013 20:00,19.84
09/07/2013 21:00,18.32
09/07/2013 22:00,17.07
09/07/2013 23:00,15.98
10/07/2013 00:00,15.47
10/07/2013 01:00,14.82
10/07/2013 02:00,14.53
10/07/2013 03:00,14.04
10/07/2013 04:00,13.54
10/07/2013 05:00,13.87
10/07/2013 06:00,14.87
10/07/2013 07:00,17.06
10/07/2013 08:00,19.18
10/07/2013 09:00,20.78
10/07/2013 10:00,21.79
10/07/2013 11:00,22.27
10/07/2013 12:00,22.05
10/07/2013 13:00,22.81
10/07/2013 14:00,23.19
10/07/2013 15:00,22.5
10/07/2013 16:00,22.13
10/07/2013 17:00,21.23
10/07/2013 18:00,20.04
10/07/2013 19:00,18.37
10/07/2013 20:00,16.91
10/07/2013 21:00,13.36
10/07/2013 22:00,13.77
10/07/2013 23:00,13.25
11/07/2013 00:00,12.78
11/07/2013 01:00,12.43
11/07/2013 02:00,12.38
11/07/2013 03:00,12.38
11/07/2013 04:00,11.99
11/07/2013 05:00,12.03
11/07/2013 06:00,12.03
11/07/2013 07:00,12.59
11/07/2013 08:00,13.23
11/07/2013 09:00,14.35
11/07/2013 10:00,16.44
11/07/2013 11:00,17.29
11/07/2013 12:00,18.38
11/07/2013 13:00,20.21
11/07/2013 14:00,21.24
11/07/2013 15:00,20.36
11/07/2013 16:00,21.69
11/07/2013 17:00,21.62
11/07/2013 18:00,19.41
11/07/2013 19:00,17.54
11/07/2013 20:00,16.28
11/07/2013 21:00,14.97
11/07/2013 22:00,13.91
11/07/2013 23:00,13.69
12/07/2013 00:00,13.1
12/07/2013 01:00,13.05
12/07/2013 02:00,13.09
12/07/2013 03:00,12.78
12/07/2013 04:00,12.24
12/07/2013 05:00,12.01
12/07/2013 06:00,12.92
12/07/2013 07:00,13.1
12/07/2013 08:00,13.73
12/07/2013 09:00,14.37
12/07/2013 10:00,15.89
12/07/2013 11:00,17.88
12/07/2013 12:00,19.59
12/07/2013 13:00,20.98
12/07/2013 14:00,21.75
12/07/2013 15:00,23.14
12/07/2013 16:00,23.64
12/07/2013 17:00,23.92
12/07/2013 18:00,23.69
12/07/2013 19:00,22.43
12/07/2013 20:00,20.76
12/07/2013 21:00,19.44
12/07/2013 22:00,18.01
12/07/2013 23:00,16.66
13/07/2013 00:00,15.99
13/07/2013 01:00,15.87
13/07/2013 02:00,15.34
13/07/2013 03:00,15.51
13/07/2013 04:00,15.01
13/07/2013 05:00,15.13
13/07/2013 06:00,16.38
13/07/2013 07:00,18.31
13/07/2013 08:00,21.23
13/07/2013 09:00,23.57
13/07/2013 10:00,26.01
13/07/2013 11:00,26.88
13/07/2013 12:00,27.51
13/07/2013 13:00,28.44
13/07/2013 14:00,28.91
13/07/2013 15:00,28.98
13/07/2013 16:00,29.16
13/07/2013 17:00,28.64
13/07/2013 18:00,27.47
13/07/2013 19:00,26.24
13/07/2013 20:00,24.25
13/07/2013 21:00,22.59
13/07/2013 22:00,21.51
13/07/2013 23:00,20.23
14/07/2013 00:00,19.02
14/07/2013 01:00,18.33
14/07/2013 02:00,17.92
14/07/2013 03:00,17.88
14/07/2013 04:00,17.28
14/07/2013 05:00,17.44
14/07/2013 06:00,18.96
14/07/2013 07:00,19.87
14/07/2013 08:00,21.41
14/07/2013 09:00,23.35
14/07/2013 10:00,24.61
14/07/2013 11:00,25.75
14/07/2013 12:00,26.37
14/07/2013 13:00,27.76
14/07/2013 14:00,27.51
14/07/2013 15:00,27.49
14/07/2013 16:00,27.83
14/07/2013 17:00,27.32
14/07/2013 18:00,26.72
14/07/2013 19:00,25.73
14/07/2013 20:00,24.29
14/07/2013 21:00,23.05
14/07/2013 22:00,22.64
14/07/2013 23:00,21.91
15/07/2013 00:00,20.55
15/07/2013 01:00,20.66
15/07/2013 02:00,19.64
15/07/2013 03:00,19.06
15/07/2013 04:00,18.08
15/07/2013 05:00,17.96
15/07/2013 06:00,18.54
15/07/2013 07:00,19.9
15/07/2013 08:00,21.84
15/07/2013 09:00,23.49
15/07/2013 10:00,24.81
15/07/2013 11:00,26.44
15/07/2013 12:00,27.46
15/07/2013 13:00,28.67
15/07/2013 14:00,28.89
15/07/2013 15:00,28.66
15/07/2013 16:00,29.3
15/07/2013 17:00,28.82
15/07/2013 18:00,27.59
15/07/2013 19:00,26.11
15/07/2013 20:00,25.18
15/07/2013 21:00,23.53
15/07/2013 22:00,22.34
15/07/2013 23:00,20.91
16/07/2013 00:00,20.35
16/07/2013 01:00,18.74
16/07/2013 02:00,18.13
16/07/2013 03:00,17.61
16/07/2013 04:00,17.05
16/07/2013 05:00,17.03
16/07/2013 06:00,18.33
16/07/2013 07:00,19.98
16/07/2013 08:00,20.98
16/07/2013 09:00,23.16
16/07/2013 10:00,25.63
16/07/2013 11:00,27.17
16/07/2013 12:00,28.16
16/07/2013 13:00,28.99
16/07/2013 14:00,29.2
16/07/2013 15:00,29.14
16/07/2013 16:00,28.92
16/07/2013 17:00,28.21
16/07/2013 18:00,27.06
16/07/2013 19:00,26.66
16/07/2013 20:00,25.45
16/07/2013 21:00,23.71
16/07/2013 22:00,22.84
16/07/2013 23:00,21.8
17/07/2013 00:00,21.18
17/07/2013 01:00,20.24
17/07/2013 02:00,19.01
17/07/2013 03:00,18.06
17/07/2013 04:00,17.53
17/07/2013 05:00,17.14
17/07/2013 06:00,18.21
17/07/2013 07:00,20.57
17/07/2013 08:00,23.16
17/07/2013 09:00,24.9
17/07/2013 10:00,26.96
17/07/2013 11:00,28.31
17/07/2013 12:00,28.21
17/07/2013 13:00,29.58
17/07/2013 14:00,30.28
17/07/2013 15:00,29.99
17/07/2013 16:00,28.69
17/07/2013 17:00,28.41
17/07/2013 18:00,27.16
17/07/2013 19:00,25.76
17/07/2013 20:00,24.43
17/07/2013 21:00,22.9
17/07/2013 22:00,21.83
17/07/2013 23:00,20.56
18/07/2013 00:00,19.47
18/07/2013 01:00,18.94
18/07/2013 02:00,18.47
18/07/2013 03:00,17.92
18/07/2013 04:00,17.5
18/07/2013 05:00,17.63
18/07/2013 06:00,18.13
18/07/2013 07:00,19.39
18/07/2013 08:00,21.48
18/07/2013 09:00,23.25
18/07/2013 10:00,24.75
18/07/2013 11:00,26.18
18/07/2013 12:00,26.87
18/07/2013 13:00,27.26
18/07/2013 14:00,27.29
18/07/2013 15:00,27.56
18/07/2013 16:00,26.98
18/07/2013 17:00,25.52
18/07/2013 18:00,24.01
18/07/2013 19:00,22.26
18/07/2013 20:00,20.58
18/07/2013 21:00,19.76
18/07/2013 22:00,19.13
18/07/2013 23:00,18.5
19/07/2013 00:00,17.88
19/07/2013 01:00,16.99
19/07/2013 02:00,16.74
19/07/2013 03:00,16.19
19/07/2013 04:00,15.76
19/07/2013 05:00,15.62
19/07/2013 06:00,17.09
19/07/2013 07:00,18.51
19/07/2013 08:00,20.68
19/07/2013 09:00,22.59
19/07/2013 10:00,24.09
19/07/2013 11:00,25.21
19/07/2013 12:00,25.78
19/07/2013 13:00,26.82
19/07/2013 14:00,27.27
19/07/2013 15:00,27.26
19/07/2013 16:00,26.75
19/07/2013 17:00,26.04
19/07/2013 18:00,24.95
19/07/2013 19:00,23.36
19/07/2013 20:00,22.19
19/07/2013 21:00,20.97
19/07/2013 22:00,19.81
19/07/2013 23:00,18.92
20/07/2013 00:00,18.64
20/07/2013 01:00,18.03
20/07/2013 02:00,17.62
20/07/2013 03:00,17.09
20/07/2013 04:00,16.34
20/07/2013 05:00,16.89
20/07/2013 06:00,17.49
20/07/2013 07:00,18.21
20/07/2013 08:00,19.11
20/07/2013 09:00,19.16
20/07/2013 10:00,19.55
20/07/2013 11:00,19.58
20/07/2013 12:00,19.78
20/07/2013 13:00,21.15
20/07/2013 14:00,21.86
20/07/2013 15:00,22.35
20/07/2013 16:00,22.49
20/07/2013 17:00,22.06
20/07/2013 18:00,20.92
20/07/2013 19:00,20.38
20/07/2013 20:00,18.98
20/07/2013 21:00,18.44
20/07/2013 22:00,18.31
20/07/2013 23:00,17.47
21/07/2013 00:00,17.38
21/07/2013 01:00,17.3
21/07/2013 02:00,17.27
21/07/2013 03:00,16.88
21/07/2013 04:00,16.86
21/07/2013 05:00,16.84
21/07/2013 06:00,16.91
21/07/2013 07:00,17.39
21/07/2013 08:00,17.47
21/07/2013 09:00,17.74
21/07/2013 10:00,18.78
21/07/2013 11:00,20.44
21/07/2013 12:00,22.33
21/07/2013 13:00,23.85
21/07/2013 14:00,24.61
21/07/2013 15:00,25.3
21/07/2013 16:00,26.03
21/07/2013 17:00,25.2
21/07/2013 18:00,24.45
21/07/2013 19:00,23.41
21/07/2013 20:00,22.03
21/07/2013 21:00,20.52
21/07/2013 22:00,19.87
21/07/2013 23:00,19.26
22/07/2013 00:00,18.72
22/07/2013 01:00,18.22
22/07/2013 02:00,18.07
22/07/2013 03:00,17.59
22/07/2013 04:00,17.21
22/07/2013 05:00,17.65
22/07/2013 06:00,17.98
22/07/2013 07:00,18.96
22/07/2013 08:00,21.3
22/07/2013 09:00,23.19
22/07/2013 10:00,25.73
22/07/2013 11:00,27.51
22/07/2013 12:00,29.44
22/07/2013 13:00,31.27
22/07/2013 14:00,32.16
22/07/2013 15:00,32.02
22/07/2013 16:00,31.56
22/07/2013 17:00,31.46
22/07/2013 18:00,29.69
22/07/2013 19:00,27.86
22/07/2013 20:00,26.68
22/07/2013 21:00,24.64
22/07/2013 22:00,23.28
22/07/2013 23:00,21.81
23/07/2013 00:00,20.68
23/07/2013 01:00,20.04
23/07/2013 02:00,19.29
23/07/2013 03:00,19.49
23/07/2013 04:00,19.54
23/07/2013 05:00,19.88
23/07/2013 06:00,20.06
23/07/2013 07:00,20.56
23/07/2013 08:00,21.36
23/07/2013 09:00,22.87
23/07/2013 10:00,24.51
23/07/2013 11:00,24.63
23/07/2013 12:00,26.11
23/07/2013 13:00,26.95
23/07/2013 14:00,27.13
23/07/2013 15:00,26.83
23/07/2013 16:00,26.06
23/07/2013 17:00,25.03
23/07/2013 18:00,24.38
23/07/2013 19:00,23.31
23/07/2013 20:00,22.63
23/07/2013 21:00,21.11
23/07/2013 22:00,20.02
23/07/2013 23:00,19
24/07/2013 00:00,18.33
24/07/2013 01:00,17.32
24/07/2013 02:00,16.79
24/07/2013 03:00,16.27
24/07/2013 04:00,15.7
24/07/2013 05:00,15.59
24/07/2013 06:00,16.68
24/07/2013 07:00,17.76
24/07/2013 08:00,19.14
24/07/2013 09:00,19.9
24/07/2013 10:00,20.74
24/07/2013 11:00,22.74
24/07/2013 12:00,23.93
24/07/2013 13:00,25.78
24/07/2013 14:00,26.24
24/07/2013 15:00,25.57
24/07/2013 16:00,25.39
24/07/2013 17:00,25.47
24/07/2013 18:00,24.02
24/07/2013 19:00,22.86
24/07/2013 20:00,22.06
24/07/2013 21:00,20.89
24/07/2013 22:00,19.86
24/07/2013 23:00,19.13
25/07/2013 00:00,18.34
25/07/2013 01:00,17.77
25/07/2013 02:00,17.73
25/07/2013 03:00,18.15
25/07/2013 04:00,16.99
25/07/2013 05:00,16.63
25/07/2013 06:00,17.17
25/07/2013 07:00,17.94
25/07/2013 08:00,19.37
25/07/2013 09:00,20.46
25/07/2013 10:00,21.56
25/07/2013 11:00,22.31
25/07/2013 12:00,23.53
25/07/2013 13:00,23.77
25/07/2013 14:00,24.34
25/07/2013 15:00,25.13
25/07/2013 16:00,24.84
25/07/2013 17:00,24.13
25/07/2013 18:00,22.99
25/07/2013 19:00,21.81
25/07/2013 20:00,20.47
25/07/2013 21:00,19.31
25/07/2013 22:00,18.23
25/07/2013 23:00,17.64
26/07/2013 00:00,17.14
26/07/2013 01:00,16.25
26/07/2013 02:00,15.38
26/07/2013 03:00,16.1
26/07/2013 04:00,15.26
26/07/2013 05:00,15.29
26/07/2013 06:00,16.45
26/07/2013 07:00,17.34
26/07/2013 08:00,19.28
26/07/2013 09:00,20.68
26/07/2013 10:00,22.17
26/07/2013 11:00,23.65
26/07/2013 12:00,24.24
26/07/2013 13:00,25.58
26/07/2013 14:00,25.07
26/07/2013 15:00,25.5
26/07/2013 16:00,26.19
26/07/2013 17:00,25.72
26/07/2013 18:00,25.01
26/07/2013 19:00,23.78
26/07/2013 20:00,22.25
26/07/2013 21:00,21.47
26/07/2013 22:00,20.31
26/07/2013 23:00,19.19
27/07/2013 00:00,17.79
27/07/2013 01:00,17.16
27/07/2013 02:00,15.71
27/07/2013 03:00,15.11
27/07/2013 04:00,15.03
27/07/2013 05:00,14.82
27/07/2013 06:00,15.89
27/07/2013 07:00,17.44
27/07/2013 08:00,19.35
27/07/2013 09:00,21.93
27/07/2013 10:00,23.19
27/07/2013 11:00,25.18
27/07/2013 12:00,26.33
27/07/2013 13:00,27.28
27/07/2013 14:00,26.8
27/07/2013 15:00,25.62
27/07/2013 16:00,23.84
27/07/2013 17:00,23.22
27/07/2013 18:00,22.74
27/07/2013 19:00,20.42
27/07/2013 20:00,19.39
27/07/2013 21:00,18.16
27/07/2013 22:00,18.03
27/07/2013 23:00,17.62
28/07/2013 00:00,17.11
28/07/2013 01:00,16.62
28/07/2013 02:00,16.54
28/07/2013 03:00,16.39
28/07/2013 04:00,15.86
28/07/2013 05:00,15.34
28/07/2013 06:00,15.62
28/07/2013 07:00,17.08
28/07/2013 08:00,18.67
28/07/2013 09:00,19.79
28/07/2013 10:00,20.66
28/07/2013 11:00,21.34
28/07/2013 12:00,22.95
28/07/2013 13:00,22.84
28/07/2013 14:00,23.14
28/07/2013 15:00,21.74
28/07/2013 16:00,21.95
28/07/2013 17:00,22.09
28/07/2013 18:00,21.5
28/07/2013 19:00,21.17
28/07/2013 20:00,19.98
28/07/2013 21:00,19.01
28/07/2013 22:00,18.56
28/07/2013 23:00,18.68
29/07/2013 00:00,16.66
29/07/2013 01:00,16.61
29/07/2013 02:00,16.56
29/07/2013 03:00,16.48
29/07/2013 04:00,16.48
29/07/2013 05:00,16.53
29/07/2013 06:00,16.75
29/07/2013 07:00,17.8
29/07/2013 08:00,18.85
29/07/2013 09:00,19.53
29/07/2013 10:00,21.02
29/07/2013 11:00,21.86
29/07/2013 12:00,21.88
29/07/2013 13:00,21.89
29/07/2013 14:00,22.36
29/07/2013 15:00,21.51
29/07/2013 16:00,21.93
29/07/2013 17:00,21.93
29/07/2013 18:00,20.66
29/07/2013 19:00,18.9
29/07/2013 20:00,17.94
29/07/2013 21:00,16.84
29/07/2013 22:00,16.7
29/07/2013 23:00,16.31
30/07/2013 00:00,16.2
30/07/2013 01:00,15.77
30/07/2013 02:00,15.82
30/07/2013 03:00,15.83
30/07/2013 04:00,15.84
30/07/2013 05:00,15.92
30/07/2013 06:00,16.03
30/07/2013 07:00,16.96
30/07/2013 08:00,16.79
30/07/2013 09:00,15.64
30/07/2013 10:00,16.53
30/07/2013 11:00,16.62
30/07/2013 12:00,17.08
30/07/2013 13:00,17.74
30/07/2013 14:00,17.98
30/07/2013 15:00,19.47
30/07/2013 16:00,20.41
30/07/2013 17:00,20.91
30/07/2013 18:00,20.88
30/07/2013 19:00,20.17
30/07/2013 20:00,19.39
30/07/2013 21:00,18.93
30/07/2013 22:00,18.02
30/07/2013 23:00,17.96
31/07/2013 00:00,17.5
31/07/2013 01:00,17.06
31/07/2013 02:00,17.03
31/07/2013 03:00,16.94
31/07/2013 04:00,16.88
31/07/2013 05:00,16.49
31/07/2013 06:00,17.04
31/07/2013 07:00,17.54
31/07/2013 08:00,17.31
31/07/2013 09:00,18.2
31/07/2013 10:00,19.35
31/07/2013 11:00,20.84
31/07/2013 12:00,21.39
31/07/2013 13:00,21.93
31/07/2013 14:00,23.56
31/07/2013 15:00,23.11
31/07/2013 16:00,22.47
31/07/2013 17:00,21.91
31/07/2013 18:00,21.34
31/07/2013 19:00,20.81
31/07/2013 20:00,20.36
31/07/2013 21:00,20.22
31/07/2013 22:00,20.1
31/07/2013 23:00,19.63
01/08/2013 00:00,19.16
01/08/2013 01:00,18.9
01/08/2013 02:00,18.71
01/08/2013 03:00,17.77
01/08/2013 04:00,17.23
01/08/2013 05:00,16.98
01/08/2013 06:00,17.52
01/08/2013 07:00,19.76
01/08/2013 08:00,22.99
01/08/2013 09:00,25.79
01/08/2013 10:00,27.23
01/08/2013 11:00,28.69
01/08/2013 12:00,30.21
01/08/2013 13:00,30.58
01/08/2013 14:00,31.49
01/08/2013 15:00,32.4
01/08/2013 16:00,32.27
01/08/2013 17:00,31.48
01/08/2013 18:00,30.8
01/08/2013 19:00,29.59
01/08/2013 20:00,27.84
01/08/2013 21:00,26.54
01/08/2013 22:00,24.99
01/08/2013 23:00,23.83
02/08/2013 00:00,22.59
02/08/2013 01:00,21.02
02/08/2013 02:00,19.52
02/08/2013 03:00,18.34
02/08/2013 04:00,17.48
02/08/2013 05:00,17.41
02/08/2013 06:00,18.09
02/08/2013 07:00,18.26
02/08/2013 08:00,18.25
02/08/2013 09:00,18.43
02/08/2013 10:00,19.78
02/08/2013 11:00,20.61
02/08/2013 12:00,21.58
02/08/2013 13:00,22.68
02/08/2013 14:00,24.11
02/08/2013 15:00,24.64
02/08/2013 16:00,24.61
02/08/2013 17:00,23.68
02/08/2013 18:00,22.74
02/08/2013 19:00,21.58
02/08/2013 20:00,20.38
02/08/2013 21:00,19.46
02/08/2013 22:00,18.39
02/08/2013 23:00,17.79
03/08/2013 00:00,16.56
03/08/2013 01:00,16.48
03/08/2013 02:00,16
03/08/2013 03:00,15.41
03/08/2013 04:00,15.38
03/08/2013 05:00,15.36
03/08/2013 06:00,15.67
03/08/2013 07:00,16.71
03/08/2013 08:00,17.39
03/08/2013 09:00,19.21
03/08/2013 10:00,19.73
03/08/2013 11:00,21.46
03/08/2013 12:00,22.03
03/08/2013 13:00,22.54
03/08/2013 14:00,23.17
03/08/2013 15:00,22.37
03/08/2013 16:00,22.59
03/08/2013 17:00,22.24
03/08/2013 18:00,21.31
03/08/2013 19:00,20.2
03/08/2013 20:00,18.93
03/08/2013 21:00,17.83
03/08/2013 22:00,17.18
03/08/2013 23:00,16.27
04/08/2013 00:00,15.75
04/08/2013 01:00,15.25
04/08/2013 02:00,15.19
04/08/2013 03:00,14.82
04/08/2013 04:00,14.79
04/08/2013 05:00,14.87
04/08/2013 06:00,15.57
04/08/2013 07:00,16.72
04/08/2013 08:00,17.89
04/08/2013 09:00,19.59
04/08/2013 10:00,21.42
04/08/2013 11:00,21.28
04/08/2013 12:00,22.48
04/08/2013 13:00,22.28
04/08/2013 14:00,22.98
04/08/2013 15:00,22.22
04/08/2013 16:00,22.73
04/08/2013 17:00,21.84
04/08/2013 18:00,20.72
04/08/2013 19:00,20.21
04/08/2013 20:00,19.14
04/08/2013 21:00,18.49
04/08/2013 22:00,18.46
04/08/2013 23:00,18.39
05/08/2013 00:00,17.98
05/08/2013 01:00,17.11
05/08/2013 02:00,17.08
05/08/2013 03:00,17.05
05/08/2013 04:00,17.43
05/08/2013 05:00,17.06
05/08/2013 06:00,17.96
05/08/2013 07:00,18.57
05/08/2013 08:00,19.33
05/08/2013 09:00,20.13
05/08/2013 10:00,21.38
05/08/2013 11:00,22.36
05/08/2013 12:00,21.18
05/08/2013 13:00,21.83
05/08/2013 14:00,22.72
05/08/2013 15:00,21.4
05/08/2013 16:00,19.53
05/08/2013 17:00,18.31
05/08/2013 18:00,17.91
05/08/2013 19:00,17.73
05/08/2013 20:00,17.21
05/08/2013 21:00,17.02
05/08/2013 22:00,16.23
05/08/2013 23:00,16.05
06/08/2013 00:00,15.44
06/08/2013 01:00,14.39
06/08/2013 02:00,13.85
06/08/2013 03:00,12.76
06/08/2013 04:00,12.26
06/08/2013 05:00,12.23
06/08/2013 06:00,12.82
06/08/2013 07:00,14.49
06/08/2013 08:00,16.54
06/08/2013 09:00,18.17
06/08/2013 10:00,19.32
06/08/2013 11:00,19.16
06/08/2013 12:00,20.09
06/08/2013 13:00,21.21
06/08/2013 14:00,22.11
06/08/2013 15:00,21.94
06/08/2013 16:00,21.16
06/08/2013 17:00,21.25
06/08/2013 18:00,20.75
06/08/2013 19:00,19.89
06/08/2013 20:00,18.34
06/08/2013 21:00,17.49
06/08/2013 22:00,16.09
06/08/2013 23:00,15.4
07/08/2013 00:00,15.61
07/08/2013 01:00,15.78
07/08/2013 02:00,15.96
07/08/2013 03:00,15.87
07/08/2013 04:00,15.22
07/08/2013 05:00,15.18
07/08/2013 06:00,14.97
07/08/2013 07:00,15.88
07/08/2013 08:00,17.02
07/08/2013 09:00,17.81
07/08/2013 10:00,19.32
07/08/2013 11:00,20.92
07/08/2013 12:00,20.99
07/08/2013 13:00,21.44
07/08/2013 14:00,21.49
07/08/2013 15:00,21.3
07/08/2013 16:00,21.32
07/08/2013 17:00,20.83
07/08/2013 18:00,20.58
07/08/2013 19:00,19.46
07/08/2013 20:00,18.29
07/08/2013 21:00,17.01
07/08/2013 22:00,16.33
07/08/2013 23:00,15.01
08/08/2013 00:00,14.74
08/08/2013 01:00,14.12
08/08/2013 02:00,13.23
08/08/2013 03:00,12.66
08/08/2013 04:00,12.06
08/08/2013 05:00,11.83
08/08/2013 06:00,12.43
08/08/2013 07:00,15.24
08/08/2013 08:00,17.68
08/08/2013 09:00,19.03
08/08/2013 10:00,19.9
08/08/2013 11:00,21.49
08/08/2013 12:00,22.7
08/08/2013 13:00,22.61
08/08/2013 14:00,23.24
08/08/2013 15:00,23.81
08/08/2013 16:00,23.78
08/08/2013 17:00,22.51
08/08/2013 18:00,21.44
08/08/2013 19:00,20.54
08/08/2013 20:00,19.04
08/08/2013 21:00,18.37
08/08/2013 22:00,17.48
08/08/2013 23:00,17.35
09/08/2013 00:00,16.97
09/08/2013 01:00,16.87
09/08/2013 02:00,16.92
09/08/2013 03:00,16.93
09/08/2013 04:00,16.96
09/08/2013 05:00,16
09/08/2013 06:00,15.68
09/08/2013 07:00,16.57
09/08/2013 08:00,17.18
09/08/2013 09:00,18.44
09/08/2013 10:00,19.62
09/08/2013 11:00,21.38
09/08/2013 12:00,21.49
09/08/2013 13:00,22.42
09/08/2013 14:00,23.85
09/08/2013 15:00,23.34
09/08/2013 16:00,23.23
09/08/2013 17:00,22.32
09/08/2013 18:00,21.33
09/08/2013 19:00,20.16
09/08/2013 20:00,19.03
09/08/2013 21:00,18.81
09/08/2013 22:00,18.24
09/08/2013 23:00,17.36
10/08/2013 00:00,16.77
10/08/2013 01:00,16.53
10/08/2013 02:00,15.5
10/08/2013 03:00,14.94
10/08/2013 04:00,14.14
10/08/2013 05:00,14.1
10/08/2013 06:00,14.68
10/08/2013 07:00,15.45
10/08/2013 08:00,16.12
10/08/2013 09:00,17.75
10/08/2013 10:00,18.65
10/08/2013 11:00,19.29
10/08/2013 12:00,19.48
10/08/2013 13:00,20.08
10/08/2013 14:00,21.29
10/08/2013 15:00,20.96
10/08/2013 16:00,21.73
10/08/2013 17:00,21.14
10/08/2013 18:00,20.19
10/08/2013 19:00,19.55
10/08/2013 20:00,18.78
10/08/2013 21:00,17.29
10/08/2013 22:00,15.9
10/08/2013 23:00,16.56
11/08/2013 00:00,16.46
11/08/2013 01:00,16
11/08/2013 02:00,16.03
11/08/2013 03:00,15.42
11/08/2013 04:00,15.83
11/08/2013 05:00,16.18
11/08/2013 06:00,16.42
11/08/2013 07:00,17.06
11/08/2013 08:00,17.77
11/08/2013 09:00,18.82
11/08/2013 10:00,19.52
11/08/2013 11:00,20.12
11/08/2013 12:00,21.56
11/08/2013 13:00,22.4
11/08/2013 14:00,22.76
11/08/2013 15:00,22.53
11/08/2013 16:00,21.87
11/08/2013 17:00,21.43
11/08/2013 18:00,20.73
11/08/2013 19:00,19.63
11/08/2013 20:00,18.04
11/08/2013 21:00,16.96
11/08/2013 22:00,16.79
11/08/2013 23:00,16.21
12/08/2013 00:00,15.73
12/08/2013 01:00,15.12
12/08/2013 02:00,14.14
12/08/2013 03:00,14.08
12/08/2013 04:00,13.6
12/08/2013 05:00,13.57
12/08/2013 06:00,13.68
12/08/2013 07:00,14.52
12/08/2013 08:00,15.71
12/08/2013 09:00,17.63
12/08/2013 10:00,18.99
12/08/2013 11:00,18.91
12/08/2013 12:00,20.24
12/08/2013 13:00,20.39
12/08/2013 14:00,19.78
12/08/2013 15:00,19.84
12/08/2013 16:00,20.23
12/08/2013 17:00,19.64
12/08/2013 18:00,18.99
12/08/2013 19:00,18.13
12/08/2013 20:00,17.44
12/08/2013 21:00,17.03
12/08/2013 22:00,15.58
12/08/2013 23:00,14.99
13/08/2013 00:00,14.33
13/08/2013 01:00,13.78
13/08/2013 02:00,12.85
13/08/2013 03:00,12.38
13/08/2013 04:00,11.83
13/08/2013 05:00,11.46
13/08/2013 06:00,12.55
13/08/2013 07:00,13.38
13/08/2013 08:00,14.55
13/08/2013 09:00,16.13
13/08/2013 10:00,18.15
13/08/2013 11:00,18.76
13/08/2013 12:00,19.33
13/08/2013 13:00,19.8
13/08/2013 14:00,19.17
13/08/2013 15:00,18.27
13/08/2013 16:00,18.19
13/08/2013 17:00,18.07
13/08/2013 18:00,16.01
13/08/2013 19:00,16.02
13/08/2013 20:00,14.49
13/08/2013 21:00,13.94
13/08/2013 22:00,13.43
13/08/2013 23:00,13.3
14/08/2013 00:00,12.74
14/08/2013 01:00,12.69
14/08/2013 02:00,12.48
14/08/2013 03:00,12.05
14/08/2013 04:00,11.51
14/08/2013 05:00,11.04
14/08/2013 06:00,11.97
14/08/2013 07:00,13.91
14/08/2013 08:00,16.69
14/08/2013 09:00,18.31
14/08/2013 10:00,19.72
14/08/2013 11:00,20.99
14/08/2013 12:00,20.53
14/08/2013 13:00,21.98
14/08/2013 14:00,22.04
14/08/2013 15:00,21.94
14/08/2013 16:00,21.36
14/08/2013 17:00,20.58
14/08/2013 18:00,19.01
14/08/2013 19:00,17.08
14/08/2013 20:00,16.22
14/08/2013 21:00,16.16
14/08/2013 22:00,16.53
14/08/2013 23:00,16.64
15/08/2013 00:00,17.05
15/08/2013 01:00,17.04
15/08/2013 02:00,17.13
15/08/2013 03:00,17.16
15/08/2013 04:00,17.16
15/08/2013 05:00,17.16
15/08/2013 06:00,17.63
15/08/2013 07:00,18.15
15/08/2013 08:00,19.24
15/08/2013 09:00,19.49
15/08/2013 10:00,20.96
15/08/2013 11:00,22.47
15/08/2013 12:00,22.23
15/08/2013 13:00,23.46
15/08/2013 14:00,22.61
15/08/2013 15:00,22.27
15/08/2013 16:00,21.71
15/08/2013 17:00,22.37
15/08/2013 18:00,21.8
15/08/2013 19:00,20.84
15/08/2013 20:00,19.89
15/08/2013 21:00,18.92
15/08/2013 22:00,18.01
15/08/2013 23:00,17.74
16/08/2013 00:00,16.98
16/08/2013 01:00,17.01
16/08/2013 02:00,17
16/08/2013 03:00,16.99
16/08/2013 04:00,16.98
16/08/2013 05:00,16.99
16/08/2013 06:00,17.08
16/08/2013 07:00,17.58
16/08/2013 08:00,17.56
16/08/2013 09:00,17.72
16/08/2013 10:00,18.24
16/08/2013 11:00,19.13
16/08/2013 12:00,19.71
16/08/2013 13:00,20.2
16/08/2013 14:00,19.88
16/08/2013 15:00,20.87
16/08/2013 16:00,21.25
16/08/2013 17:00,21.66
16/08/2013 18:00,20.72
16/08/2013 19:00,19.93
16/08/2013 20:00,18.9
16/08/2013 21:00,17.94
16/08/2013 22:00,17.71
16/08/2013 23:00,17.28
17/08/2013 00:00,16.35
17/08/2013 01:00,16.24
17/08/2013 02:00,15.22
17/08/2013 03:00,14.66
17/08/2013 04:00,14.12
17/08/2013 05:00,14.12
17/08/2013 06:00,14.37
17/08/2013 07:00,15.59
17/08/2013 08:00,17.14
17/08/2013 09:00,18.66
17/08/2013 10:00,19.29
17/08/2013 11:00,19.48
17/08/2013 12:00,20.22
17/08/2013 13:00,19.56
17/08/2013 14:00,18.44
17/08/2013 15:00,17.47
17/08/2013 16:00,17.52
17/08/2013 17:00,17.52
17/08/2013 18:00,17.47
17/08/2013 19:00,16.9
17/08/2013 20:00,16.52
17/08/2013 21:00,16.94
17/08/2013 22:00,17.03
17/08/2013 23:00,17.51
18/08/2013 00:00,17.57
18/08/2013 01:00,17.56
18/08/2013 02:00,17.48
18/08/2013 03:00,17.38
18/08/2013 04:00,16.81
18/08/2013 05:00,15.92
18/08/2013 06:00,16.37
18/08/2013 07:00,17.03
18/08/2013 08:00,17.85
18/08/2013 09:00,19.14
18/08/2013 10:00,19.41
18/08/2013 11:00,20.36
18/08/2013 12:00,21.01
18/08/2013 13:00,22
18/08/2013 14:00,22.42
18/08/2013 15:00,21.73
18/08/2013 16:00,21.41
18/08/2013 17:00,21.33
18/08/2013 18:00,20.19
18/08/2013 19:00,19.56
18/08/2013 20:00,18.17
18/08/2013 21:00,17.92
18/08/2013 22:00,17.44
18/08/2013 23:00,17.15
19/08/2013 00:00,15.81
19/08/2013 01:00,15.19
19/08/2013 02:00,14.62
19/08/2013 03:00,14.17
19/08/2013 04:00,14.05
19/08/2013 05:00,12.68
19/08/2013 06:00,12.94
19/08/2013 07:00,14.7
19/08/2013 08:00,17
19/08/2013 09:00,18.63
19/08/2013 10:00,20.47
19/08/2013 11:00,20.25
19/08/2013 12:00,20.77
19/08/2013 13:00,20.68
19/08/2013 14:00,21.82
19/08/2013 15:00,21.92
19/08/2013 16:00,22.02
19/08/2013 17:00,21.81
19/08/2013 18:00,20.39
19/08/2013 19:00,19.83
19/08/2013 20:00,18.36
19/08/2013 21:00,17.59
19/08/2013 22:00,16.06
19/08/2013 23:00,15.07
20/08/2013 00:00,13.88
20/08/2013 01:00,13.98
20/08/2013 02:00,12.96
20/08/2013 03:00,12.16
20/08/2013 04:00,12.21
20/08/2013 05:00,12.67
20/08/2013 06:00,13.59
20/08/2013 07:00,15.03
20/08/2013 08:00,16.8
20/08/2013 09:00,19.06
20/08/2013 10:00,20.61
20/08/2013 11:00,21.38
20/08/2013 12:00,22.84
20/08/2013 13:00,23.2
20/08/2013 14:00,23.53
20/08/2013 15:00,23.3
20/08/2013 16:00,23.22
20/08/2013 17:00,23.47
20/08/2013 18:00,21.93
20/08/2013 19:00,20.23
20/08/2013 20:00,19.35
20/08/2013 21:00,18.2
20/08/2013 22:00,17.07
20/08/2013 23:00,16.03
21/08/2013 00:00,15.01
21/08/2013 01:00,14.11
21/08/2013 02:00,13.52
21/08/2013 03:00,13.1
21/08/2013 04:00,13.2
21/08/2013 05:00,12.72
21/08/2013 06:00,13.54
21/08/2013 07:00,15.39
21/08/2013 08:00,17.33
21/08/2013 09:00,19.54
21/08/2013 10:00,20.97
21/08/2013 11:00,22.54
21/08/2013 12:00,23.35
21/08/2013 13:00,24.61
21/08/2013 14:00,25.32
21/08/2013 15:00,25.34
21/08/2013 16:00,25.57
21/08/2013 17:00,25.04
21/08/2013 18:00,23.82
21/08/2013 19:00,22.04
21/08/2013 20:00,20.93
21/08/2013 21:00,19.97
21/08/2013 22:00,19.38
21/08/2013 23:00,17.73
22/08/2013 00:00,17.16
22/08/2013 01:00,16.64
22/08/2013 02:00,16.96
22/08/2013 03:00,16.54
22/08/2013 04:00,16.54
22/08/2013 05:00,16.59
22/08/2013 06:00,16.66
22/08/2013 07:00,17.01
22/08/2013 08:00,17.17
22/08/2013 09:00,17.78
22/08/2013 10:00,18.35
22/08/2013 11:00,18.53
22/08/2013 12:00,19.06
22/08/2013 13:00,19.57
22/08/2013 14:00,20.52
22/08/2013 15:00,20.67
22/08/2013 16:00,21.13
22/08/2013 17:00,20.93
22/08/2013 18:00,20.09
22/08/2013 19:00,19.24
22/08/2013 20:00,18.68
22/08/2013 21:00,17.98
22/08/2013 22:00,17.46
22/08/2013 23:00,16.97
23/08/2013 00:00,16.97
23/08/2013 01:00,16.88
23/08/2013 02:00,17.23
23/08/2013 03:00,16.79
23/08/2013 04:00,16.67
23/08/2013 05:00,16.34
23/08/2013 06:00,16.99
23/08/2013 07:00,17.86
23/08/2013 08:00,19.54
23/08/2013 09:00,21.65
23/08/2013 10:00,23.7
23/08/2013 11:00,24.78
23/08/2013 12:00,25.9
23/08/2013 13:00,26.03
23/08/2013 14:00,25.43
23/08/2013 15:00,24.98
23/08/2013 16:00,23.98
23/08/2013 17:00,23.05
23/08/2013 18:00,21.62
23/08/2013 19:00,20.84
23/08/2013 20:00,20.24
23/08/2013 21:00,20.14
23/08/2013 22:00,19.61
23/08/2013 23:00,19.51
24/08/2013 00:00,19
24/08/2013 01:00,18.5
24/08/2013 02:00,18.02
24/08/2013 03:00,17.99
24/08/2013 04:00,17.86
24/08/2013 05:00,17.47
24/08/2013 06:00,17.13
24/08/2013 07:00,17.48
24/08/2013 08:00,17.77
24/08/2013 09:00,17.85
24/08/2013 10:00,17.96
24/08/2013 11:00,18.41
24/08/2013 12:00,18.13
24/08/2013 13:00,18.51
24/08/2013 14:00,17.97
24/08/2013 15:00,18.27
24/08/2013 16:00,17.53
24/08/2013 17:00,17.44
24/08/2013 18:00,17.05
24/08/2013 19:00,17.04
24/08/2013 20:00,16.52
24/08/2013 21:00,15.5
24/08/2013 22:00,14.94
24/08/2013 23:00,14.39
25/08/2013 00:00,13.96
25/08/2013 01:00,13.73
25/08/2013 02:00,13.31
25/08/2013 03:00,13.18
25/08/2013 04:00,13.19
25/08/2013 05:00,13.29
25/08/2013 06:00,13.83
25/08/2013 07:00,14.37
25/08/2013 08:00,15.41
25/08/2013 09:00,16.55
25/08/2013 10:00,18.56
25/08/2013 11:00,20.19
25/08/2013 12:00,20.98
25/08/2013 13:00,21.98
25/08/2013 14:00,22.54
25/08/2013 15:00,22.58
25/08/2013 16:00,22.74
25/08/2013 17:00,21.21
25/08/2013 18:00,20.68
25/08/2013 19:00,19.59
25/08/2013 20:00,18.47
25/08/2013 21:00,18.25
25/08/2013 22:00,17
25/08/2013 23:00,17.56
26/08/2013 00:00,17.02
26/08/2013 01:00,16.41
26/08/2013 02:00,16.4
26/08/2013 03:00,16.42
26/08/2013 04:00,16.43
26/08/2013 05:00,16.37
26/08/2013 06:00,16.47
26/08/2013 07:00,16.88
26/08/2013 08:00,17.89
26/08/2013 09:00,19.09
26/08/2013 10:00,20.88
26/08/2013 11:00,22.4
26/08/2013 12:00,23.91
26/08/2013 13:00,23.57
26/08/2013 14:00,24.32
26/08/2013 15:00,24.24
26/08/2013 16:00,24.09
26/08/2013 17:00,23.34
26/08/2013 18:00,21.7
26/08/2013 19:00,20.04
26/08/2013 20:00,18.82
26/08/2013 21:00,17.52
26/08/2013 22:00,16.77
26/08/2013 23:00,15.45
27/08/2013 00:00,14.87
27/08/2013 01:00,15.37
27/08/2013 02:00,14.2
27/08/2013 03:00,14.03
27/08/2013 04:00,13.16
27/08/2013 05:00,12.98
27/08/2013 06:00,12.82
27/08/2013 07:00,12.91
27/08/2013 08:00,14.27
27/08/2013 09:00,15.72
27/08/2013 10:00,17.29
27/08/2013 11:00,19.66
27/08/2013 12:00,20.5
27/08/2013 13:00,21.17
27/08/2013 14:00,21.64
27/08/2013 15:00,22.18
27/08/2013 16:00,22.78
27/08/2013 17:00,22.29
27/08/2013 18:00,21.31
27/08/2013 19:00,20.17
27/08/2013 20:00,18.74
27/08/2013 21:00,17.16
27/08/2013 22:00,16.21
27/08/2013 23:00,15.43
28/08/2013 00:00,14.63
28/08/2013 01:00,13.81
28/08/2013 02:00,13.94
28/08/2013 03:00,13.03
28/08/2013 04:00,12.45
28/08/2013 05:00,12.52
28/08/2013 06:00,12.9
28/08/2013 07:00,13.69
28/08/2013 08:00,14.37
28/08/2013 09:00,16.14
28/08/2013 10:00,18.51
28/08/2013 11:00,20.66
28/08/2013 12:00,21.48
28/08/2013 13:00,22.82
28/08/2013 14:00,23.35
28/08/2013 15:00,23.14
28/08/2013 16:00,23.38
28/08/2013 17:00,22.86
28/08/2013 18:00,21.66
28/08/2013 19:00,19.69
28/08/2013 20:00,18.31
28/08/2013 21:00,17.78
28/08/2013 22:00,17.64
28/08/2013 23:00,16.66
29/08/2013 00:00,15.65
29/08/2013 01:00,15.18
29/08/2013 02:00,15.09
29/08/2013 03:00,14.54
29/08/2013 04:00,14.16
29/08/2013 05:00,14.95
29/08/2013 06:00,14.77
29/08/2013 07:00,15.5
29/08/2013 08:00,16.84
29/08/2013 09:00,18.83
29/08/2013 10:00,20.44
29/08/2013 11:00,21.52
29/08/2013 12:00,22.5
29/08/2013 13:00,22.64
29/08/2013 14:00,23
29/08/2013 15:00,23.18
29/08/2013 16:00,23.19
29/08/2013 17:00,22.88
29/08/2013 18:00,21.49
29/08/2013 19:00,20.61
29/08/2013 20:00,19.11
29/08/2013 21:00,18.83
29/08/2013 22:00,17.79
29/08/2013 23:00,17.36
30/08/2013 00:00,16.38
30/08/2013 01:00,16.34
30/08/2013 02:00,16.23
30/08/2013 03:00,16.17
30/08/2013 04:00,15.79
30/08/2013 05:00,15.34
30/08/2013 06:00,15.56
30/08/2013 07:00,16.29
30/08/2013 08:00,17.98
30/08/2013 09:00,19.47
30/08/2013 10:00,20.87
30/08/2013 11:00,21.45
30/08/2013 12:00,21.82
30/08/2013 13:00,21.84
30/08/2013 14:00,23.6
30/08/2013 15:00,24.03
30/08/2013 16:00,23.87
30/08/2013 17:00,23.04
30/08/2013 18:00,22.62
30/08/2013 19:00,20.66
30/08/2013 20:00,19.81
30/08/2013 21:00,19.12
30/08/2013 22:00,18.57
30/08/2013 23:00,17.97
31/08/2013 00:00,17.49
31/08/2013 01:00,17.07
31/08/2013 02:00,16.59
31/08/2013 03:00,16.58
31/08/2013 04:00,17.22
31/08/2013 05:00,16.17
31/08/2013 06:00,15.01
31/08/2013 07:00,14.22
31/08/2013 08:00,14.44
31/08/2013 09:00,15.53
31/08/2013 10:00,16.57
31/08/2013 11:00,17.22
31/08/2013 12:00,18.2
31/08/2013 13:00,19.13
31/08/2013 14:00,19.63
31/08/2013 15:00,19.87
31/08/2013 16:00,19.66
31/08/2013 17:00,19.02
31/08/2013 18:00,17.91
31/08/2013 19:00,17.13
31/08/2013 20:00,16.07
31/08/2013 21:00,15.26
31/08/2013 22:00,14.32
31/08/2013 23:00,13.59
01/09/2013 00:00,13.07
01/09/2013 01:00,12.88
01/09/2013 02:00,12.34
01/09/2013 03:00,11.77
01/09/2013 04:00,11.74
01/09/2013 05:00,10.17
01/09/2013 06:00,10.62
01/09/2013 07:00,11.42
01/09/2013 08:00,12.86
01/09/2013 09:00,14.46
01/09/2013 10:00,15.59
01/09/2013 11:00,17.52
01/09/2013 12:00,17.59
01/09/2013 13:00,19.34
01/09/2013 14:00,19.74
01/09/2013 15:00,20.37
01/09/2013 16:00,21.07
01/09/2013 17:00,20.14
01/09/2013 18:00,19.51
01/09/2013 19:00,18.76
01/09/2013 20:00,17.37
01/09/2013 21:00,16.74
01/09/2013 22:00,16.11
01/09/2013 23:00,15.16
02/09/2013 00:00,14.22
02/09/2013 01:00,13.66
02/09/2013 02:00,13.06
02/09/2013 03:00,12.8
02/09/2013 04:00,12.42
02/09/2013 05:00,11.88
02/09/2013 06:00,12.51
02/09/2013 07:00,13.87
02/09/2013 08:00,15.14
02/09/2013 09:00,16.44
02/09/2013 10:00,18.72
02/09/2013 11:00,20.86
02/09/2013 12:00,22.03
02/09/2013 13:00,23.16
02/09/2013 14:00,24.54
02/09/2013 15:00,24.76
02/09/2013 16:00,24.94
02/09/2013 17:00,24.54
02/09/2013 18:00,23.56
02/09/2013 19:00,22.1
02/09/2013 20:00,20.65
02/09/2013 21:00,19.62
02/09/2013 22:00,19.59
02/09/2013 23:00,19.04
03/09/2013 00:00,18.17
03/09/2013 01:00,17.28
03/09/2013 02:00,16.25
03/09/2013 03:00,15.42
03/09/2013 04:00,14.47
03/09/2013 05:00,14.04
03/09/2013 06:00,14.28
03/09/2013 07:00,15.81
03/09/2013 08:00,18.14
03/09/2013 09:00,18.99
03/09/2013 10:00,20.53
03/09/2013 11:00,21.62
03/09/2013 12:00,22.75
03/09/2013 13:00,23.92
03/09/2013 14:00,23.41
03/09/2013 15:00,23.84
03/09/2013 16:00,23.81
03/09/2013 17:00,23.76
03/09/2013 18:00,22.25
03/09/2013 19:00,20.47
03/09/2013 20:00,18.96
03/09/2013 21:00,18.6
03/09/2013 22:00,17.88
03/09/2013 23:00,16.64
04/09/2013 00:00,16.43
04/09/2013 01:00,15.31
04/09/2013 02:00,15.05
04/09/2013 03:00,14.53
04/09/2013 04:00,14.48
04/09/2013 05:00,14.28
04/09/2013 06:00,14.09
04/09/2013 07:00,15.96
04/09/2013 08:00,17.97
04/09/2013 09:00,20.56
04/09/2013 10:00,22.32
04/09/2013 11:00,23.84
04/09/2013 12:00,24.68
04/09/2013 13:00,25.99
04/09/2013 14:00,26.74
04/09/2013 15:00,27.04
04/09/2013 16:00,25.88
04/09/2013 17:00,25.08
04/09/2013 18:00,22.99
04/09/2013 19:00,21.16
04/09/2013 20:00,19.84
04/09/2013 21:00,18.36
04/09/2013 22:00,17.8
04/09/2013 23:00,17.22
05/09/2013 00:00,17.19
05/09/2013 01:00,17.08
05/09/2013 02:00,16.53
05/09/2013 03:00,15.97
05/09/2013 04:00,15.86
05/09/2013 05:00,15.46
05/09/2013 06:00,15.55
05/09/2013 07:00,16.5
05/09/2013 08:00,18.32
05/09/2013 09:00,21.12
05/09/2013 10:00,23.26
05/09/2013 11:00,24.97
05/09/2013 12:00,26.92
05/09/2013 13:00,27.19
05/09/2013 14:00,28.49
05/09/2013 15:00,28.24
05/09/2013 16:00,28.01
05/09/2013 17:00,26.84
05/09/2013 18:00,25.52
05/09/2013 19:00,24.13
05/09/2013 20:00,22.37
05/09/2013 21:00,20.78
05/09/2013 22:00,19.32
05/09/2013 23:00,18.32
06/09/2013 00:00,17.69
06/09/2013 01:00,17.09
06/09/2013 02:00,16.91
06/09/2013 03:00,16.07
06/09/2013 04:00,15.57
06/09/2013 05:00,15.11
06/09/2013 06:00,15.05
06/09/2013 07:00,15.49
06/09/2013 08:00,15.29
06/09/2013 09:00,15.33
06/09/2013 10:00,15.14
06/09/2013 11:00,15.84
06/09/2013 12:00,15.94
06/09/2013 13:00,15.96
06/09/2013 14:00,16.07
06/09/2013 15:00,16.16
06/09/2013 16:00,16.94
06/09/2013 17:00,17.04
06/09/2013 18:00,15.83
06/09/2013 19:00,14.64
06/09/2013 20:00,14.72
06/09/2013 21:00,13.79
06/09/2013 22:00,13.26
06/09/2013 23:00,12.9
07/09/2013 00:00,13.3
07/09/2013 01:00,12.84
07/09/2013 02:00,12.27
07/09/2013 03:00,11.91
07/09/2013 04:00,12.06
07/09/2013 05:00,11.96
07/09/2013 06:00,11.39
07/09/2013 07:00,11.79
07/09/2013 08:00,12.67
07/09/2013 09:00,13.57
07/09/2013 10:00,15.81
07/09/2013 11:00,15.84
07/09/2013 12:00,16.42
07/09/2013 13:00,17.21
07/09/2013 14:00,17.7
07/09/2013 15:00,17.4
07/09/2013 16:00,17.02
07/09/2013 17:00,16.6
07/09/2013 18:00,15.06
07/09/2013 19:00,14.3
07/09/2013 20:00,13.67
07/09/2013 21:00,12.54
07/09/2013 22:00,12.01
07/09/2013 23:00,11.2
08/09/2013 00:00,10.65
08/09/2013 01:00,10.12
08/09/2013 02:00,10.35
08/09/2013 03:00,9.96
08/09/2013 04:00,9.61
08/09/2013 05:00,9.13
08/09/2013 06:00,9.6
08/09/2013 07:00,11.03
08/09/2013 08:00,13.06
08/09/2013 09:00,15.37
08/09/2013 10:00,16.43
08/09/2013 11:00,16.86
08/09/2013 12:00,15.76
08/09/2013 13:00,14.42
08/09/2013 14:00,15.02
08/09/2013 15:00,14.34
08/09/2013 16:00,12.53
08/09/2013 17:00,13.44
08/09/2013 18:00,12.88
08/09/2013 19:00,11.98
08/09/2013 20:00,11.84
08/09/2013 21:00,11.27
08/09/2013 22:00,11.14
08/09/2013 23:00,10.63
09/09/2013 00:00,10.06
09/09/2013 01:00,9.39
09/09/2013 02:00,9.21
09/09/2013 03:00,9.2
09/09/2013 04:00,9.99
09/09/2013 05:00,10.02
09/09/2013 06:00,10.05
09/09/2013 07:00,10.07
09/09/2013 08:00,10.1
09/09/2013 09:00,10.12
09/09/2013 10:00,10.14
09/09/2013 11:00,10.17
09/09/2013 12:00,10.19
09/09/2013 13:00,10.21
09/09/2013 14:00,10.23
09/09/2013 15:00,10.24
09/09/2013 16:00,10.26
09/09/2013 17:00,10.28
09/09/2013 18:00,10.29
09/09/2013 19:00,10.3
09/09/2013 20:00,10.32
09/09/2013 21:00,10.33
09/09/2013 22:00,10.33
10/09/2013 01:00,10.36
10/09/2013 02:00,10.21
10/09/2013 03:00,9.81
10/09/2013 04:00,9.71
10/09/2013 05:00,9.38
10/09/2013 06:00,10.24
10/09/2013 07:00,10.93
10/09/2013 08:00,11.89
10/09/2013 09:00,13.19
10/09/2013 10:00,14.72
10/09/2013 11:00,15.84
10/09/2013 12:00,16.63
10/09/2013 13:00,16.65
10/09/2013 14:00,16.42
10/09/2013 15:00,16.11
10/09/2013 16:00,15.12
10/09/2013 17:00,14.07
10/09/2013 18:00,13.91
10/09/2013 19:00,12.62
10/09/2013 20:00,12.57
10/09/2013 21:00,12.69
10/09/2013 22:00,13.18
10/09/2013 23:00,13.59
11/09/2013 00:00,13.57
11/09/2013 01:00,13.43
11/09/2013 02:00,13.02
11/09/2013 03:00,12.47
11/09/2013 04:00,12.48
11/09/2013 05:00,12.49
11/09/2013 06:00,12.49
11/09/2013 07:00,13.02
11/09/2013 08:00,13.5
11/09/2013 09:00,14.67
11/09/2013 10:00,15.31
11/09/2013 11:00,15.53
11/09/2013 12:00,16.35
11/09/2013 13:00,16.49
11/09/2013 14:00,16.33
11/09/2013 15:00,16.14
11/09/2013 16:00,15.25
11/09/2013 17:00,14.56
11/09/2013 18:00,13.76
11/09/2013 19:00,13.52
11/09/2013 20:00,13.13
11/09/2013 21:00,13.1
11/09/2013 22:00,13.04
11/09/2013 23:00,13.07
12/09/2013 00:00,13.06
12/09/2013 01:00,12.67
12/09/2013 02:00,12.68
12/09/2013 03:00,12.68
12/09/2013 04:00,12.58
12/09/2013 05:00,12.68
12/09/2013 06:00,12.63
12/09/2013 07:00,13.09
12/09/2013 08:00,13.18
12/09/2013 09:00,13.48
12/09/2013 10:00,14.27
12/09/2013 11:00,14.93
12/09/2013 12:00,16.89
12/09/2013 13:00,17.43
12/09/2013 14:00,16.86
12/09/2013 15:00,18.02
12/09/2013 16:00,17.76
12/09/2013 17:00,17.67
12/09/2013 18:00,17.31
12/09/2013 19:00,16.2
12/09/2013 20:00,15.37
12/09/2013 21:00,15.33
12/09/2013 22:00,15.38
12/09/2013 23:00,15.46
13/09/2013 00:00,15.88
13/09/2013 01:00,15.95
13/09/2013 02:00,16.09
13/09/2013 03:00,16.47
13/09/2013 04:00,16.55
13/09/2013 05:00,16.58
13/09/2013 06:00,16.68
13/09/2013 07:00,16.7
13/09/2013 08:00,16.77
13/09/2013 09:00,17.57
13/09/2013 10:00,17.58
13/09/2013 11:00,18.09
13/09/2013 12:00,17.33
13/09/2013 13:00,17.16
13/09/2013 14:00,16.78
13/09/2013 15:00,16.59
13/09/2013 16:00,16.09
13/09/2013 17:00,15.99
13/09/2013 18:00,15.87
13/09/2013 19:00,15.46
13/09/2013 20:00,15.43
13/09/2013 21:00,15.28
13/09/2013 22:00,14.78
13/09/2013 23:00,13.72
14/09/2013 00:00,12.39
14/09/2013 01:00,10.9
14/09/2013 02:00,9.88
14/09/2013 03:00,9.33
14/09/2013 04:00,9.3
14/09/2013 05:00,9.52
14/09/2013 06:00,9.89
14/09/2013 07:00,10.49
14/09/2013 08:00,10.84
14/09/2013 09:00,11.41
14/09/2013 10:00,11.97
14/09/2013 11:00,12.54
14/09/2013 12:00,12.64
14/09/2013 13:00,13.09
14/09/2013 14:00,13.16
14/09/2013 15:00,13.18
14/09/2013 16:00,13.53
14/09/2013 17:00,13.85
14/09/2013 18:00,13.03
14/09/2013 19:00,12.93
14/09/2013 20:00,11.87
14/09/2013 21:00,11.19
14/09/2013 22:00,10.83
14/09/2013 23:00,9.56
15/09/2013 00:00,8.36
15/09/2013 01:00,8.04
15/09/2013 02:00,7.89
15/09/2013 03:00,7.56
15/09/2013 04:00,7.39
15/09/2013 05:00,7.34
15/09/2013 06:00,6.72
15/09/2013 07:00,8.08
15/09/2013 08:00,10.53
15/09/2013 09:00,12.99
15/09/2013 10:00,14.73
15/09/2013 11:00,14.49
15/09/2013 12:00,13.77
15/09/2013 13:00,14.24
15/09/2013 14:00,14.08
15/09/2013 15:00,13.83
15/09/2013 16:00,14.19
15/09/2013 17:00,14.24
15/09/2013 18:00,14.82
15/09/2013 19:00,15.06
15/09/2013 20:00,15.36
15/09/2013 21:00,13.96
15/09/2013 22:00,13.34
15/09/2013 23:00,13.04
16/09/2013 00:00,11.51
16/09/2013 01:00,11.14
16/09/2013 02:00,10.14
16/09/2013 03:00,9.23
16/09/2013 04:00,8.73
16/09/2013 05:00,8.27
16/09/2013 06:00,8.24
16/09/2013 07:00,9.04
16/09/2013 08:00,10.61
16/09/2013 09:00,12.17
16/09/2013 10:00,13.19
16/09/2013 11:00,13.18
16/09/2013 12:00,14.08
16/09/2013 13:00,13.86
16/09/2013 14:00,13.26
16/09/2013 15:00,13.62
16/09/2013 16:00,13.66
16/09/2013 17:00,13.12
16/09/2013 18:00,12.21
16/09/2013 19:00,11.02
16/09/2013 20:00,10.59
16/09/2013 21:00,10.04
16/09/2013 22:00,9.16
16/09/2013 23:00,8.71
17/09/2013 00:00,8.28
17/09/2013 01:00,8.19
17/09/2013 02:00,8.24
17/09/2013 03:00,8.42
17/09/2013 04:00,9.18
17/09/2013 05:00,9.13
17/09/2013 06:00,9.24
17/09/2013 07:00,9.78
17/09/2013 08:00,10.71
17/09/2013 09:00,12.01
17/09/2013 10:00,12.51
17/09/2013 11:00,13.08
17/09/2013 12:00,12.4
17/09/2013 13:00,11.41
17/09/2013 14:00,11.65
17/09/2013 15:00,12.49
17/09/2013 16:00,12.2
17/09/2013 17:00,12.83
17/09/2013 18:00,12.91
17/09/2013 19:00,13.34
17/09/2013 20:00,13.23
17/09/2013 21:00,13.7
17/09/2013 22:00,13.22
17/09/2013 23:00,13.06
18/09/2013 00:00,12.53
18/09/2013 01:00,12.41
18/09/2013 02:00,11.94
18/09/2013 03:00,11.47
18/09/2013 04:00,10.94
18/09/2013 05:00,10.89
18/09/2013 06:00,10.77
18/09/2013 07:00,10.89
18/09/2013 08:00,11.57
18/09/2013 09:00,12.67
18/09/2013 10:00,13.61
18/09/2013 11:00,14.23
18/09/2013 12:00,14.93
18/09/2013 13:00,14.73
18/09/2013 14:00,15.18
18/09/2013 15:00,15.14
18/09/2013 16:00,15.02
18/09/2013 17:00,14.57
18/09/2013 18:00,13.56
18/09/2013 19:00,12.84
18/09/2013 20:00,11.61
18/09/2013 21:00,11.46
18/09/2013 22:00,11.49
18/09/2013 23:00,10.14
19/09/2013 00:00,9.23
19/09/2013 01:00,8.71
19/09/2013 02:00,8.33
19/09/2013 03:00,8.33
19/09/2013 04:00,8.33
19/09/2013 05:00,8.36
19/09/2013 06:00,8.89
19/09/2013 07:00,9.63
19/09/2013 08:00,11.18
19/09/2013 09:00,12.61
19/09/2013 10:00,14.37
19/09/2013 11:00,15.38
19/09/2013 12:00,15.24
19/09/2013 13:00,14.11
19/09/2013 14:00,14.31
19/09/2013 15:00,14.49
19/09/2013 16:00,15.2
19/09/2013 17:00,15.84
19/09/2013 18:00,15.29
19/09/2013 19:00,14.96
19/09/2013 20:00,13.68
19/09/2013 21:00,12.59
19/09/2013 22:00,11.55
19/09/2013 23:00,11
20/09/2013 00:00,10.41
20/09/2013 01:00,10.27
20/09/2013 02:00,10.24
20/09/2013 03:00,9.84
20/09/2013 04:00,10.54
20/09/2013 05:00,10.91
20/09/2013 06:00,11.5
20/09/2013 07:00,11.62
20/09/2013 08:00,12.67
20/09/2013 09:00,13.46
20/09/2013 10:00,15.06
20/09/2013 11:00,15.45
20/09/2013 12:00,16.44
20/09/2013 13:00,17.45
20/09/2013 14:00,18.07
20/09/2013 15:00,18.41
20/09/2013 16:00,17.99
20/09/2013 17:00,17.05
20/09/2013 18:00,15.48
20/09/2013 19:00,14.03
20/09/2013 20:00,13.37
20/09/2013 21:00,12.64
20/09/2013 22:00,12.84
20/09/2013 23:00,12.18
21/09/2013 00:00,10.77
21/09/2013 01:00,10.42
21/09/2013 02:00,10.34
21/09/2013 03:00,10.33
21/09/2013 04:00,10.77
21/09/2013 05:00,11.14
21/09/2013 06:00,10.56
21/09/2013 07:00,11.95
21/09/2013 08:00,13.26
21/09/2013 09:00,14.75
21/09/2013 10:00,15.54
21/09/2013 11:00,16.36
21/09/2013 12:00,16.92
21/09/2013 13:00,17.12
21/09/2013 14:00,17.76
21/09/2013 15:00,18.16
21/09/2013 16:00,18.18
21/09/2013 17:00,18.07
21/09/2013 18:00,17.79
21/09/2013 19:00,17.02
21/09/2013 20:00,16.96
21/09/2013 21:00,16.97
21/09/2013 22:00,16.98
21/09/2013 23:00,16.87
22/09/2013 00:00,16.84
22/09/2013 01:00,16.43
22/09/2013 02:00,16.43
22/09/2013 03:00,16.46
22/09/2013 04:00,16.52
22/09/2013 05:00,16.53
22/09/2013 06:00,16.53
22/09/2013 07:00,16.56
22/09/2013 08:00,16.93
22/09/2013 09:00,17.06
22/09/2013 10:00,17.18
22/09/2013 11:00,17.71
22/09/2013 12:00,17.84
22/09/2013 13:00,18.24
22/09/2013 14:00,18.46
22/09/2013 15:00,18.81
22/09/2013 16:00,18.84
22/09/2013 17:00,18.37
22/09/2013 18:00,17.31
22/09/2013 19:00,15.81
22/09/2013 20:00,15.12
22/09/2013 21:00,14.37
22/09/2013 22:00,14.25
22/09/2013 23:00,13.29
23/09/2013 00:00,13.09
23/09/2013 01:00,13.03
23/09/2013 02:00,13.46
23/09/2013 03:00,14.06
23/09/2013 04:00,14.53
23/09/2013 05:00,14.76
23/09/2013 06:00,14.79
23/09/2013 07:00,15.38
23/09/2013 08:00,15.57
23/09/2013 09:00,16.44
23/09/2013 10:00,16.61
23/09/2013 11:00,16.71
23/09/2013 12:00,17.22
23/09/2013 13:00,17.33
23/09/2013 14:00,17.94
23/09/2013 15:00,19.24
23/09/2013 16:00,19.64
23/09/2013 17:00,19.02
23/09/2013 18:00,16.96
23/09/2013 19:00,16.03
23/09/2013 20:00,15.37
23/09/2013 21:00,14.83
23/09/2013 22:00,14.31
23/09/2013 23:00,13.56
24/09/2013 00:00,12.81
24/09/2013 01:00,12.19
24/09/2013 02:00,12.11
24/09/2013 03:00,12.02
24/09/2013 04:00,11.66
24/09/2013 05:00,11.53
24/09/2013 06:00,11.68
24/09/2013 07:00,12.37
24/09/2013 08:00,13.02
24/09/2013 09:00,13.79
24/09/2013 10:00,15.63
24/09/2013 11:00,17.39
24/09/2013 12:00,19.25
24/09/2013 13:00,20.81
24/09/2013 14:00,20.99
24/09/2013 15:00,21.47
24/09/2013 16:00,21.17
24/09/2013 17:00,19.88
24/09/2013 18:00,18.11
24/09/2013 19:00,16.54
24/09/2013 20:00,15.64
24/09/2013 21:00,15.01
24/09/2013 22:00,14.46
24/09/2013 23:00,14.02
25/09/2013 00:00,13.99
25/09/2013 01:00,13.87
25/09/2013 02:00,13.97
25/09/2013 03:00,14.02
25/09/2013 04:00,13.67
25/09/2013 05:00,13.72
25/09/2013 06:00,13.97
25/09/2013 07:00,14.05
25/09/2013 08:00,14.97
25/09/2013 09:00,15.89
25/09/2013 10:00,16.71
25/09/2013 11:00,17.89
25/09/2013 12:00,19.33
25/09/2013 13:00,20.18
25/09/2013 14:00,20.87
25/09/2013 15:00,20.63
25/09/2013 16:00,20.37
25/09/2013 17:00,19.71
25/09/2013 18:00,18.91
25/09/2013 19:00,18.6
25/09/2013 20:00,18.16
25/09/2013 21:00,17.7
25/09/2013 22:00,17.11
25/09/2013 23:00,16.69
26/09/2013 00:00,16.18
26/09/2013 01:00,15.65
26/09/2013 02:00,14.81
26/09/2013 03:00,14.75
26/09/2013 04:00,14.63
26/09/2013 05:00,14.56
26/09/2013 06:00,14.47
26/09/2013 07:00,13.96
26/09/2013 08:00,14.04
26/09/2013 09:00,14.39
26/09/2013 10:00,15.42
26/09/2013 11:00,16.77
26/09/2013 12:00,17.82
26/09/2013 13:00,18.08
26/09/2013 14:00,18.88
26/09/2013 15:00,18.79
26/09/2013 16:00,17.47
26/09/2013 17:00,16.84
26/09/2013 18:00,15.54
26/09/2013 19:00,14.85
26/09/2013 20:00,14.03
26/09/2013 21:00,13.72
26/09/2013 22:00,13.12
26/09/2013 23:00,13.01
27/09/2013 00:00,12.43
27/09/2013 01:00,12.07
27/09/2013 02:00,11.52
27/09/2013 03:00,10.97
27/09/2013 04:00,11.37
27/09/2013 05:00,10.58
27/09/2013 06:00,11.33
27/09/2013 07:00,11.77
27/09/2013 08:00,13.13
27/09/2013 09:00,14.32
27/09/2013 10:00,15.27
27/09/2013 11:00,15.88
27/09/2013 12:00,16.43
27/09/2013 13:00,16.99
27/09/2013 14:00,16.97
27/09/2013 15:00,16.42
27/09/2013 16:00,15.64
27/09/2013 17:00,14.63
27/09/2013 18:00,13.96
27/09/2013 19:00,13.47
27/09/2013 20:00,13.39
27/09/2013 21:00,13.31
27/09/2013 22:00,13.2
27/09/2013 23:00,12.78
28/09/2013 00:00,12.43
28/09/2013 01:00,12.91
28/09/2013 02:00,13.33
28/09/2013 03:00,13.06
28/09/2013 04:00,13.4
28/09/2013 05:00,13.38
28/09/2013 06:00,13.37
28/09/2013 07:00,13.9
28/09/2013 08:00,14.68
28/09/2013 09:00,15.62
28/09/2013 10:00,17.14
28/09/2013 11:00,18.03
28/09/2013 12:00,18.36
28/09/2013 13:00,17.61
28/09/2013 14:00,17.46
28/09/2013 15:00,17.37
28/09/2013 16:00,16.52
28/09/2013 17:00,15.84
28/09/2013 18:00,15.27
28/09/2013 19:00,15.23
28/09/2013 20:00,15.27
28/09/2013 21:00,15.6
28/09/2013 22:00,15.09
28/09/2013 23:00,14.28
29/09/2013 00:00,14.71
29/09/2013 01:00,14.78
29/09/2013 02:00,14.61
29/09/2013 03:00,14.18
29/09/2013 04:00,14.08
29/09/2013 05:00,14.29
29/09/2013 06:00,13.57
29/09/2013 07:00,13.59
29/09/2013 08:00,13.44
29/09/2013 09:00,14.51
29/09/2013 10:00,15.79
29/09/2013 11:00,16.81
29/09/2013 12:00,17.33
29/09/2013 13:00,17.36
29/09/2013 14:00,16.89
29/09/2013 15:00,16.3
29/09/2013 16:00,15.34
29/09/2013 17:00,15.12
29/09/2013 18:00,14.68
29/09/2013 19:00,14.82
29/09/2013 20:00,15.2
29/09/2013 21:00,15.21
29/09/2013 22:00,15.28
29/09/2013 23:00,14.99
30/09/2013 00:00,15.25
30/09/2013 01:00,15.17
30/09/2013 02:00,14.93
30/09/2013 03:00,14.08
30/09/2013 04:00,14
30/09/2013 05:00,13.88
30/09/2013 06:00,13.44
30/09/2013 07:00,14.17
30/09/2013 08:00,15.18
30/09/2013 09:00,15.82
30/09/2013 10:00,16.49
30/09/2013 11:00,17.11
30/09/2013 12:00,18.77
30/09/2013 13:00,18.18
30/09/2013 14:00,18.81
30/09/2013 15:00,17.88
30/09/2013 16:00,16.82
30/09/2013 17:00,15.63
30/09/2013 18:00,14.54
30/09/2013 19:00,13.78
30/09/2013 20:00,13.32
30/09/2013 21:00,13.26
30/09/2013 22:00,13.21
30/09/2013 23:00,12.73
01/10/2013 00:00,12.34
01/10/2013 01:00,12.28
01/10/2013 02:00,12.29
01/10/2013 03:00,12.22
01/10/2013 04:00,11.76
01/10/2013 05:00,12.18
01/10/2013 06:00,12.21
01/10/2013 07:00,12.9
01/10/2013 08:00,13.57
01/10/2013 09:00,14.29
01/10/2013 10:00,15.52
01/10/2013 11:00,16.08
01/10/2013 12:00,16.54
01/10/2013 13:00,17.28
01/10/2013 14:00,16.93
01/10/2013 15:00,16.82
01/10/2013 16:00,16.27
01/10/2013 17:00,16.11
01/10/2013 18:00,15.63
01/10/2013 19:00,15.26
01/10/2013 20:00,15.69
01/10/2013 21:00,15.76
01/10/2013 22:00,15.8
01/10/2013 23:00,15.81
02/10/2013 00:00,15.72
02/10/2013 01:00,15.27
02/10/2013 02:00,14.82
02/10/2013 03:00,14.29
02/10/2013 04:00,13.83
02/10/2013 05:00,13.64
02/10/2013 06:00,13.62
02/10/2013 07:00,13.72
02/10/2013 08:00,13.83
02/10/2013 09:00,14.37
02/10/2013 10:00,14.98
02/10/2013 11:00,16.05
02/10/2013 12:00,17.06
02/10/2013 13:00,17.29
02/10/2013 14:00,19.02
02/10/2013 15:00,19.02
02/10/2013 16:00,18.44
02/10/2013 17:00,17.85
02/10/2013 18:00,16.92
02/10/2013 19:00,16.32
02/10/2013 20:00,16.26
02/10/2013 21:00,15.37
02/10/2013 22:00,15.16
02/10/2013 23:00,14.64
03/10/2013 00:00,14.62
03/10/2013 01:00,14.57
03/10/2013 02:00,14.04
03/10/2013 03:00,14.03
03/10/2013 04:00,14.44
03/10/2013 05:00,14.27
03/10/2013 06:00,14.09
03/10/2013 07:00,14.25
03/10/2013 08:00,14.84
03/10/2013 09:00,15.91
03/10/2013 10:00,16.58
03/10/2013 11:00,16.67
03/10/2013 12:00,17.07
03/10/2013 13:00,15.99
03/10/2013 14:00,16.21
03/10/2013 15:00,17.12
03/10/2013 16:00,18.45
03/10/2013 17:00,18.36
03/10/2013 18:00,17.84
03/10/2013 19:00,17.49
03/10/2013 20:00,17.57
03/10/2013 21:00,17.59
03/10/2013 22:00,17.64
03/10/2013 23:00,18.02
04/10/2013 00:00,17.05
04/10/2013 01:00,16.62
04/10/2013 02:00,16.78
04/10/2013 03:00,17.67
04/10/2013 04:00,18.14
04/10/2013 05:00,17.98
04/10/2013 06:00,17.48
04/10/2013 07:00,17.44
04/10/2013 08:00,17.52
04/10/2013 09:00,17.65
04/10/2013 10:00,17.78
04/10/2013 11:00,18.48
04/10/2013 12:00,18.76
04/10/2013 13:00,19.29
04/10/2013 14:00,20.82
04/10/2013 15:00,19.71
04/10/2013 16:00,19.12
04/10/2013 17:00,17.86
04/10/2013 18:00,17.26
04/10/2013 19:00,16.21
04/10/2013 20:00,15.66
04/10/2013 21:00,15.71
04/10/2013 22:00,15.23
04/10/2013 23:00,15.2
05/10/2013 00:00,15.21
05/10/2013 01:00,15.18
05/10/2013 02:00,14.63
05/10/2013 03:00,14.12
05/10/2013 04:00,13.67
05/10/2013 05:00,13.8
05/10/2013 06:00,13.82
05/10/2013 07:00,14.22
05/10/2013 08:00,14.48
05/10/2013 09:00,15.4
05/10/2013 10:00,16.56
05/10/2013 11:00,17.49
05/10/2013 12:00,17.64
05/10/2013 13:00,17.94
05/10/2013 14:00,17.92
05/10/2013 15:00,17.56
05/10/2013 16:00,17.47
05/10/2013 17:00,16.88
05/10/2013 18:00,14.82
05/10/2013 19:00,14.44
05/10/2013 20:00,14.58
05/10/2013 21:00,14.41
05/10/2013 22:00,14.34
05/10/2013 23:00,13.33
06/10/2013 00:00,12.74
06/10/2013 01:00,10.89
06/10/2013 02:00,10.77
06/10/2013 03:00,10.23
06/10/2013 04:00,9.7
06/10/2013 05:00,9.16
06/10/2013 06:00,8.76
06/10/2013 07:00,9.03
06/10/2013 08:00,11.2
06/10/2013 09:00,13.21
06/10/2013 10:00,16.94
06/10/2013 11:00,17.93
06/10/2013 12:00,19.19
06/10/2013 13:00,18.85
06/10/2013 14:00,18.82
06/10/2013 15:00,18.25
06/10/2013 16:00,18.46
06/10/2013 17:00,16.74
06/10/2013 18:00,14.73
06/10/2013 19:00,13.34
06/10/2013 20:00,12.77
06/10/2013 21:00,12.18
06/10/2013 22:00,12.37
06/10/2013 23:00,12.16
07/10/2013 00:00,11.55
07/10/2013 01:00,11.03
07/10/2013 02:00,11.05
07/10/2013 03:00,10.67
07/10/2013 04:00,10.71
07/10/2013 05:00,10.37
07/10/2013 06:00,10.51
07/10/2013 07:00,11.09
07/10/2013 08:00,12.14
07/10/2013 09:00,13.34
07/10/2013 10:00,15.19
07/10/2013 11:00,17
07/10/2013 12:00,17.91
07/10/2013 13:00,18.21
07/10/2013 14:00,18.22
07/10/2013 15:00,18.57
07/10/2013 16:00,18.04
07/10/2013 17:00,17.33
07/10/2013 18:00,16.76
07/10/2013 19:00,16.11
07/10/2013 20:00,15.58
07/10/2013 21:00,15.56
07/10/2013 22:00,15.45
07/10/2013 23:00,14.68
08/10/2013 00:00,14.57
08/10/2013 01:00,14.52
08/10/2013 02:00,14.59
08/10/2013 03:00,14.23
08/10/2013 04:00,14.26
08/10/2013 05:00,14.12
08/10/2013 06:00,13.36
08/10/2013 07:00,13.74
08/10/2013 08:00,14.64
08/10/2013 09:00,16.17
08/10/2013 10:00,17.76
08/10/2013 11:00,18.75
08/10/2013 12:00,19.61
08/10/2013 13:00,19.62
08/10/2013 14:00,18.93
08/10/2013 15:00,18.87
08/10/2013 16:00,18.73
08/10/2013 17:00,18.06
08/10/2013 18:00,17.88
08/10/2013 19:00,17.77
08/10/2013 20:00,16.91
08/10/2013 21:00,16.08
08/10/2013 22:00,16.22
08/10/2013 23:00,15.44
09/10/2013 00:00,15.27
09/10/2013 01:00,14.35
09/10/2013 02:00,14.07
09/10/2013 03:00,14.03
09/10/2013 04:00,13.96
09/10/2013 05:00,13.59
09/10/2013 06:00,13.52
09/10/2013 07:00,13.51
09/10/2013 08:00,13.73
09/10/2013 09:00,14.37
09/10/2013 10:00,15.57
09/10/2013 11:00,16
09/10/2013 12:00,16.48
09/10/2013 13:00,16.31
09/10/2013 14:00,15.72
09/10/2013 15:00,14.71
09/10/2013 16:00,14.11
09/10/2013 17:00,13.56
09/10/2013 18:00,12.31
09/10/2013 19:00,11.22
09/10/2013 20:00,10.04
09/10/2013 21:00,9.48
09/10/2013 22:00,9.04
09/10/2013 23:00,8.53
10/10/2013 00:00,8.46
10/10/2013 01:00,8.36
10/10/2013 02:00,8.07
10/10/2013 03:00,8.43
10/10/2013 04:00,8.04
10/10/2013 05:00,8.01
10/10/2013 06:00,7.63
10/10/2013 07:00,7.6
10/10/2013 08:00,8.07
10/10/2013 09:00,9.19
10/10/2013 10:00,10.2
10/10/2013 11:00,10.48
10/10/2013 12:00,11.7
10/10/2013 13:00,11.78
10/10/2013 14:00,11.82
10/10/2013 15:00,11.44
10/10/2013 16:00,10.84
10/10/2013 17:00,10.28
10/10/2013 18:00,9.77
10/10/2013 19:00,9.24
10/10/2013 20:00,9.08
10/10/2013 21:00,9.06
10/10/2013 22:00,9.11
10/10/2013 23:00,9.1
11/10/2013 00:00,9.12
11/10/2013 01:00,9
11/10/2013 02:00,8.66
11/10/2013 03:00,9.17
11/10/2013 04:00,9.34
11/10/2013 05:00,9.74
11/10/2013 06:00,9.81
11/10/2013 07:00,9.86
11/10/2013 08:00,10.37
11/10/2013 09:00,11.12
11/10/2013 10:00,12.05
11/10/2013 11:00,12.33
11/10/2013 12:00,11.38
11/10/2013 13:00,11.61
11/10/2013 14:00,12.57
11/10/2013 15:00,12.7
11/10/2013 16:00,13.09
11/10/2013 17:00,13.16
11/10/2013 18:00,13.13
11/10/2013 19:00,12.66
11/10/2013 20:00,13.06
11/10/2013 21:00,12.97
11/10/2013 22:00,12.59
11/10/2013 23:00,12.22
12/10/2013 00:00,12.55
12/10/2013 01:00,12.21
12/10/2013 02:00,12.59
12/10/2013 03:00,12.57
12/10/2013 04:00,12.16
12/10/2013 05:00,10.83
12/10/2013 06:00,9.89
12/10/2013 07:00,9.39
12/10/2013 08:00,9.53
12/10/2013 09:00,10.83
12/10/2013 10:00,12.06
12/10/2013 11:00,13.57
12/10/2013 12:00,14.17
12/10/2013 13:00,13.1
12/10/2013 14:00,14.16
12/10/2013 15:00,12.96
12/10/2013 16:00,12.44
12/10/2013 17:00,11.61
12/10/2013 18:00,9.8
12/10/2013 19:00,8.88
12/10/2013 20:00,8.46
12/10/2013 21:00,9.34
12/10/2013 22:00,9.76
12/10/2013 23:00,9.7
13/10/2013 00:00,9.25
13/10/2013 01:00,9.3
13/10/2013 02:00,9.46
13/10/2013 03:00,9.8
13/10/2013 04:00,9.49
13/10/2013 05:00,9.93
13/10/2013 06:00,10.1
13/10/2013 07:00,10.56
13/10/2013 08:00,11.47
13/10/2013 09:00,11.39
13/10/2013 10:00,11.02
13/10/2013 11:00,10.91
13/10/2013 12:00,10.96
13/10/2013 13:00,11.37
13/10/2013 14:00,11.01
13/10/2013 15:00,11.01
13/10/2013 16:00,10.89
13/10/2013 17:00,10.74
13/10/2013 18:00,9.95
13/10/2013 19:00,9.82
13/10/2013 20:00,9.29
13/10/2013 21:00,9
13/10/2013 22:00,8.87
13/10/2013 23:00,9.26
14/10/2013 00:00,9.18
14/10/2013 01:00,9.11
14/10/2013 02:00,9.11
14/10/2013 03:00,9.07
14/10/2013 04:00,9.09
14/10/2013 05:00,8.72
14/10/2013 06:00,8.62
14/10/2013 07:00,8.67
14/10/2013 08:00,9.11
14/10/2013 09:00,9.32
14/10/2013 10:00,9.81
14/10/2013 11:00,10.28
14/10/2013 12:00,10.77
14/10/2013 13:00,10.45
14/10/2013 14:00,10.93
14/10/2013 15:00,11.34
14/10/2013 16:00,10.82
14/10/2013 17:00,10.12
14/10/2013 18:00,9.24
14/10/2013 19:00,9.19
14/10/2013 20:00,9.23
14/10/2013 21:00,9.23
14/10/2013 22:00,9.28
14/10/2013 23:00,9.6
15/10/2013 00:00,9.54
15/10/2013 01:00,9.13
15/10/2013 02:00,9.07
15/10/2013 03:00,8.75
15/10/2013 04:00,8.77
15/10/2013 05:00,8.75
15/10/2013 06:00,9.14
15/10/2013 07:00,9.11
15/10/2013 08:00,9.33
15/10/2013 09:00,10.21
15/10/2013 10:00,10.32
15/10/2013 11:00,10.9
15/10/2013 12:00,11.75
15/10/2013 13:00,11.85
15/10/2013 14:00,12.4
15/10/2013 15:00,12.58
15/10/2013 16:00,12.48
15/10/2013 17:00,11.79
15/10/2013 18:00,10.72
15/10/2013 19:00,10.86
15/10/2013 20:00,10.32
15/10/2013 21:00,10.22
15/10/2013 22:00,9.55
15/10/2013 23:00,9.09
16/10/2013 00:00,8.29
16/10/2013 01:00,7.73
16/10/2013 02:00,6.8
16/10/2013 03:00,6.77
16/10/2013 04:00,6.76
16/10/2013 05:00,7.18
16/10/2013 06:00,7.65
16/10/2013 07:00,7.89
16/10/2013 08:00,8.18
16/10/2013 09:00,9.33
16/10/2013 10:00,10.54
16/10/2013 11:00,11.61
16/10/2013 12:00,11.59
16/10/2013 13:00,11.73
16/10/2013 14:00,12.49
16/10/2013 15:00,14.52
16/10/2013 16:00,14.87
16/10/2013 17:00,13.44
16/10/2013 18:00,13.22
16/10/2013 19:00,13.05
16/10/2013 20:00,12.62
16/10/2013 21:00,13
16/10/2013 22:00,12.62
16/10/2013 23:00,13.06
17/10/2013 00:00,13.11
17/10/2013 01:00,13.11
17/10/2013 02:00,12.69
17/10/2013 03:00,12.57
17/10/2013 04:00,11.82
17/10/2013 05:00,11.97
17/10/2013 06:00,12.76
17/10/2013 07:00,13.11
17/10/2013 08:00,13.33
17/10/2013 09:00,14.44
17/10/2013 10:00,15.43
17/10/2013 11:00,16.06
17/10/2013 12:00,17.29
17/10/2013 13:00,16.73
17/10/2013 14:00,16.89
17/10/2013 15:00,16.99
17/10/2013 16:00,16.56
17/10/2013 17:00,14.91
17/10/2013 18:00,13.32
17/10/2013 19:00,12.41
17/10/2013 20:00,12.16
17/10/2013 21:00,12.54
17/10/2013 22:00,12.24
17/10/2013 23:00,11.72
18/10/2013 00:00,11.47
18/10/2013 01:00,11.17
18/10/2013 02:00,12.02
18/10/2013 03:00,12.44
18/10/2013 04:00,12.38
18/10/2013 05:00,11.34
18/10/2013 06:00,10.5
18/10/2013 07:00,11.11
18/10/2013 08:00,12.1
18/10/2013 09:00,12.86
18/10/2013 10:00,14.17
18/10/2013 11:00,15.23
18/10/2013 12:00,15.52
18/10/2013 13:00,16.41
18/10/2013 14:00,17.16
18/10/2013 15:00,16.28
18/10/2013 16:00,15.57
18/10/2013 17:00,14.97
18/10/2013 18:00,14.14
18/10/2013 19:00,13.99
18/10/2013 20:00,13.6
18/10/2013 21:00,13.61
18/10/2013 22:00,13.63
18/10/2013 23:00,13.63
19/10/2013 00:00,13.59
19/10/2013 01:00,13.61
19/10/2013 02:00,13.22
19/10/2013 03:00,13.21
19/10/2013 04:00,13.56
19/10/2013 05:00,13.64
19/10/2013 06:00,14.06
19/10/2013 07:00,14.19
19/10/2013 08:00,14.81
19/10/2013 09:00,15.47
19/10/2013 10:00,16.42
19/10/2013 11:00,17.01
19/10/2013 12:00,17.27
19/10/2013 13:00,16.49
19/10/2013 14:00,16.58
19/10/2013 15:00,17.52
19/10/2013 16:00,16.29
19/10/2013 17:00,15.37
19/10/2013 18:00,14.87
19/10/2013 19:00,14.78
19/10/2013 20:00,14.64
19/10/2013 21:00,13.8
19/10/2013 22:00,13.49
19/10/2013 23:00,13.18
20/10/2013 00:00,13.65
20/10/2013 01:00,13.76
20/10/2013 02:00,14.24
20/10/2013 03:00,14.74
20/10/2013 04:00,14.74
20/10/2013 05:00,14.33
20/10/2013 06:00,14.32
20/10/2013 07:00,14.24
20/10/2013 08:00,13.18
20/10/2013 09:00,13.46
20/10/2013 10:00,14.83
20/10/2013 11:00,16.8
20/10/2013 12:00,17.04
20/10/2013 13:00,17.02
20/10/2013 14:00,15.68
20/10/2013 15:00,13.19
20/10/2013 16:00,13.07
20/10/2013 17:00,12.66
20/10/2013 18:00,12.16
20/10/2013 19:00,12.25
20/10/2013 20:00,12.73
20/10/2013 21:00,12.79
20/10/2013 22:00,13.28
20/10/2013 23:00,13.29
21/10/2013 00:00,13.26
21/10/2013 01:00,13.34
21/10/2013 02:00,13.38
21/10/2013 03:00,13.7
21/10/2013 04:00,13.81
21/10/2013 05:00,14.24
21/10/2013 06:00,14.25
21/10/2013 07:00,14.42
21/10/2013 08:00,14.89
21/10/2013 09:00,15.44
21/10/2013 10:00,16.01
21/10/2013 11:00,16.12
21/10/2013 12:00,16.96
21/10/2013 13:00,17.43
21/10/2013 14:00,17.53
21/10/2013 15:00,17.51
21/10/2013 16:00,17.47
21/10/2013 17:00,17.04
21/10/2013 18:00,16.97
21/10/2013 19:00,16.91
21/10/2013 20:00,17.47
21/10/2013 21:00,17.04
21/10/2013 22:00,17.46
21/10/2013 23:00,16.98
22/10/2013 00:00,16.96
22/10/2013 01:00,16.96
22/10/2013 02:00,16.89
22/10/2013 03:00,16.87
22/10/2013 04:00,16.79
22/10/2013 05:00,16.32
22/10/2013 06:00,16.32
22/10/2013 07:00,16.66
22/10/2013 08:00,16.36
22/10/2013 09:00,16.42
22/10/2013 10:00,16.49
22/10/2013 11:00,16.89
22/10/2013 12:00,16.51
22/10/2013 13:00,17.04
22/10/2013 14:00,17.47
22/10/2013 15:00,18.03
22/10/2013 16:00,17.85
22/10/2013 17:00,17.36
22/10/2013 18:00,16.84
22/10/2013 19:00,16.37
22/10/2013 20:00,16.23
22/10/2013 21:00,14.66
22/10/2013 22:00,13.79
22/10/2013 23:00,14.07
23/10/2013 00:00,14.91
23/10/2013 01:00,15.07
23/10/2013 02:00,16.26
23/10/2013 03:00,15.39
23/10/2013 04:00,14.03
23/10/2013 05:00,13.94
23/10/2013 06:00,14.31
23/10/2013 07:00,14.31
23/10/2013 08:00,14.42
23/10/2013 09:00,14.84
23/10/2013 10:00,15.69
23/10/2013 11:00,15.77
23/10/2013 12:00,16.38
23/10/2013 13:00,16.53
23/10/2013 14:00,16.47
23/10/2013 15:00,16.22
23/10/2013 16:00,15.12
23/10/2013 17:00,13.94
23/10/2013 18:00,12.87
23/10/2013 19:00,12.28
23/10/2013 20:00,11.16
23/10/2013 21:00,10.64
23/10/2013 22:00,9.99
23/10/2013 23:00,9.73
24/10/2013 00:00,8.88
24/10/2013 01:00,8.34
24/10/2013 02:00,7.81
24/10/2013 03:00,7.36
24/10/2013 04:00,7.32
24/10/2013 05:00,6.83
24/10/2013 06:00,6.89
24/10/2013 07:00,6.92
24/10/2013 08:00,8.86
24/10/2013 09:00,10.86
24/10/2013 10:00,13.18
24/10/2013 11:00,15.87
24/10/2013 12:00,16.48
24/10/2013 13:00,16.91
24/10/2013 14:00,16.48
24/10/2013 15:00,15.84
24/10/2013 16:00,14.99
24/10/2013 17:00,14
24/10/2013 18:00,13.54
24/10/2013 19:00,13.43
24/10/2013 20:00,13.43
24/10/2013 21:00,13.39
24/10/2013 22:00,13.14
24/10/2013 23:00,13.16
25/10/2013 00:00,13.16
25/10/2013 01:00,13.17
25/10/2013 02:00,13.3
25/10/2013 03:00,13.68
25/10/2013 04:00,13.67
25/10/2013 05:00,13.69
25/10/2013 06:00,13.91
25/10/2013 07:00,14.47
25/10/2013 08:00,15.47
25/10/2013 09:00,16.54
25/10/2013 10:00,17.4
25/10/2013 11:00,18.39
25/10/2013 12:00,18.47
25/10/2013 13:00,18.05
25/10/2013 14:00,17.6
25/10/2013 15:00,17.94
25/10/2013 16:00,17.41
25/10/2013 17:00,16.91
25/10/2013 18:00,16.45
25/10/2013 19:00,16.4
25/10/2013 20:00,16.01
25/10/2013 21:00,16.02
25/10/2013 22:00,15.91
25/10/2013 23:00,15.49
26/10/2013 00:00,15.48
26/10/2013 01:00,15.36
26/10/2013 02:00,14.84
26/10/2013 03:00,14.39
26/10/2013 04:00,14.46
26/10/2013 05:00,14.87
26/10/2013 06:00,14.86
26/10/2013 07:00,15.24
26/10/2013 08:00,15.32
26/10/2013 09:00,15.8
26/10/2013 10:00,16.39
26/10/2013 11:00,16.66
26/10/2013 12:00,16.38
26/10/2013 13:00,16.03
26/10/2013 14:00,15.83
26/10/2013 15:00,15.7
26/10/2013 16:00,15.51
26/10/2013 17:00,14.65
26/10/2013 18:00,14.62
26/10/2013 19:00,14.64
26/10/2013 20:00,14.34
26/10/2013 21:00,14.94
26/10/2013 22:00,15.78
26/10/2013 23:00,14.68
27/10/2013 00:00,14.27
27/10/2013 01:00,13.57
27/10/2013 02:00,12.72
27/10/2013 03:00,12.68
27/10/2013 04:00,12.58
27/10/2013 05:00,12.62
27/10/2013 06:00,12.62
27/10/2013 07:00,11.92
27/10/2013 08:00,11.66
27/10/2013 09:00,13.16
27/10/2013 10:00,14.22
27/10/2013 11:00,15.23
27/10/2013 12:00,15.83
27/10/2013 13:00,15.87
27/10/2013 14:00,15.63
27/10/2013 15:00,14.81
27/10/2013 16:00,14.67
27/10/2013 17:00,14.54
27/10/2013 18:00,14.12
27/10/2013 19:00,14.06
27/10/2013 20:00,13.17
27/10/2013 21:00,12.58
27/10/2013 22:00,12.19
27/10/2013 23:00,13.14
28/10/2013 00:00,13.28
28/10/2013 01:00,13.86
28/10/2013 02:00,15.34
28/10/2013 03:00,16.04
28/10/2013 04:00,16.06
28/10/2013 05:00,15.64
28/10/2013 06:00,15.68
28/10/2013 07:00,13.16
28/10/2013 08:00,11.7
28/10/2013 09:00,12.43
28/10/2013 10:00,12.58
28/10/2013 11:00,13.51
28/10/2013 12:00,13.97
28/10/2013 13:00,13.79
28/10/2013 14:00,12.58
28/10/2013 15:00,11.87
28/10/2013 16:00,11.16
28/10/2013 17:00,10.96
28/10/2013 18:00,9.82
28/10/2013 19:00,9
28/10/2013 20:00,9.34
28/10/2013 21:00,9.31
28/10/2013 22:00,9.34
28/10/2013 23:00,9.18
29/10/2013 00:00,9.1
29/10/2013 01:00,8.71
29/10/2013 02:00,8.63
29/10/2013 03:00,8.19
29/10/2013 04:00,8.17
29/10/2013 05:00,7.77
29/10/2013 06:00,7.69
29/10/2013 07:00,7.67
29/10/2013 08:00,8.27
29/10/2013 09:00,9.49
29/10/2013 10:00,10.87
29/10/2013 11:00,11.48
29/10/2013 12:00,11.68
29/10/2013 13:00,12.06
29/10/2013 14:00,12.38
29/10/2013 15:00,12
29/10/2013 16:00,10.88
29/10/2013 17:00,9.59
29/10/2013 18:00,9.01
29/10/2013 19:00,8.11
29/10/2013 20:00,7.67
29/10/2013 21:00,7.55
29/10/2013 22:00,6.94
29/10/2013 23:00,6.86
30/10/2013 00:00,6.1
30/10/2013 01:00,5.94
30/10/2013 02:00,5.54
30/10/2013 03:00,5.06
30/10/2013 04:00,5.04
30/10/2013 05:00,4.81
30/10/2013 06:00,4.47
30/10/2013 07:00,4.48
30/10/2013 08:00,5.37
30/10/2013 09:00,7.38
30/10/2013 10:00,9.97
30/10/2013 11:00,12.45
30/10/2013 12:00,13.53
30/10/2013 13:00,13.23
30/10/2013 14:00,13.27
30/10/2013 15:00,13.57
30/10/2013 16:00,13.01
30/10/2013 17:00,12.31
30/10/2013 18:00,11.92
30/10/2013 19:00,12.03
30/10/2013 20:00,12.53
30/10/2013 21:00,13.11
30/10/2013 22:00,13.14
30/10/2013 23:00,13.24
31/10/2013 00:00,13.11
31/10/2013 01:00,12.95
31/10/2013 02:00,12.23
31/10/2013 03:00,12.63
31/10/2013 04:00,13.09
31/10/2013 05:00,12.66
31/10/2013 06:00,12.61
31/10/2013 07:00,12.51
31/10/2013 08:00,12.09
31/10/2013 09:00,11.65
31/10/2013 10:00,11.61
31/10/2013 11:00,11.69
31/10/2013 12:00,12.18
31/10/2013 13:00,12.59
31/10/2013 14:00,12.57
31/10/2013 15:00,12.49
31/10/2013 16:00,12.47
31/10/2013 17:00,12.43
31/10/2013 18:00,12.08
31/10/2013 19:00,12.52
31/10/2013 20:00,12.58
31/10/2013 21:00,12.51
31/10/2013 22:00,12.54
31/10/2013 23:00,12.63
01/11/2013 00:00,12.51
01/11/2013 01:00,12.48
01/11/2013 02:00,12.64
01/11/2013 03:00,12.67
01/11/2013 04:00,13.01
01/11/2013 05:00,12.46
01/11/2013 06:00,11.96
01/11/2013 07:00,11.48
01/11/2013 08:00,11.53
01/11/2013 09:00,12.01
01/11/2013 10:00,12.67
01/11/2013 11:00,13.49
01/11/2013 12:00,13.58
01/11/2013 13:00,13.97
01/11/2013 14:00,13.34
01/11/2013 15:00,13.22
01/11/2013 16:00,13.09
01/11/2013 17:00,12.49
01/11/2013 18:00,12.48
01/11/2013 19:00,12.37
01/11/2013 20:00,11.94
01/11/2013 21:00,11.92
01/11/2013 22:00,11.54
01/11/2013 23:00,11.52
02/11/2013 00:00,11.41
02/11/2013 01:00,11.37
02/11/2013 02:00,11.37
02/11/2013 03:00,10.86
02/11/2013 04:00,10.95
02/11/2013 05:00,10.84
02/11/2013 06:00,10.79
02/11/2013 07:00,10.47
02/11/2013 08:00,10.82
02/11/2013 09:00,11.29
02/11/2013 10:00,12.37
02/11/2013 11:00,13.01
02/11/2013 12:00,13.9
02/11/2013 13:00,15.08
02/11/2013 14:00,14.06
02/11/2013 15:00,12.97
02/11/2013 16:00,12.51
02/11/2013 17:00,12
02/11/2013 18:00,11.48
02/11/2013 19:00,11.53
02/11/2013 20:00,11.53
02/11/2013 21:00,10.98
02/11/2013 22:00,10.39
02/11/2013 23:00,10.27
03/11/2013 00:00,10.16
03/11/2013 01:00,9.58
03/11/2013 02:00,9.17
03/11/2013 03:00,8.67
03/11/2013 04:00,8.15
03/11/2013 05:00,7.74
03/11/2013 06:00,7.56
03/11/2013 07:00,7.63
03/11/2013 08:00,7.79
03/11/2013 09:00,8.82
03/11/2013 10:00,9.82
03/11/2013 11:00,10.56
03/11/2013 12:00,11.05
03/11/2013 13:00,11.43
03/11/2013 14:00,11.41
03/11/2013 15:00,10.79
03/11/2013 16:00,9.74
03/11/2013 17:00,9.15
03/11/2013 18:00,9.11
03/11/2013 19:00,9.15
03/11/2013 20:00,8.17
03/11/2013 21:00,7.66
03/11/2013 22:00,8.16
03/11/2013 23:00,8.22
04/11/2013 00:00,8.86
04/11/2013 01:00,8.84
04/11/2013 02:00,7.81
04/11/2013 03:00,7.19
04/11/2013 04:00,6.51
04/11/2013 05:00,6.04
04/11/2013 06:00,6.37
04/11/2013 07:00,6.48
04/11/2013 08:00,6.73
04/11/2013 09:00,6.45
04/11/2013 10:00,7.42
04/11/2013 11:00,8.47
04/11/2013 12:00,9.48
04/11/2013 13:00,9.94
04/11/2013 14:00,9.77
04/11/2013 15:00,9.98
04/11/2013 16:00,9.14
04/11/2013 17:00,7.72
04/11/2013 18:00,7.04
04/11/2013 19:00,6.62
04/11/2013 20:00,5.63
04/11/2013 21:00,5.41
04/11/2013 22:00,4.88
04/11/2013 23:00,4.78
05/11/2013 00:00,5.08
05/11/2013 01:00,4.63
05/11/2013 02:00,4.41
05/11/2013 03:00,5.23
05/11/2013 04:00,5.27
05/11/2013 05:00,5.83
05/11/2013 06:00,6.56
05/11/2013 07:00,7.92
05/11/2013 08:00,8.66
05/11/2013 09:00,9.31
05/11/2013 10:00,9.38
05/11/2013 11:00,9.99
05/11/2013 12:00,10.79
05/11/2013 13:00,12.39
05/11/2013 14:00,11.95
05/11/2013 15:00,11.34
05/11/2013 16:00,10.82
05/11/2013 17:00,10.29
05/11/2013 18:00,9.83
05/11/2013 19:00,9.82
05/11/2013 20:00,10.21
05/11/2013 21:00,9.73
05/11/2013 22:00,9.71
05/11/2013 23:00,9.36
06/11/2013 00:00,9.69
06/11/2013 01:00,9.31
06/11/2013 02:00,9.33
06/11/2013 03:00,9.33
06/11/2013 04:00,9.37
06/11/2013 05:00,9.71
06/11/2013 06:00,9.31
06/11/2013 07:00,9.41
06/11/2013 08:00,9.8
06/11/2013 09:00,10.34
06/11/2013 10:00,10.88
06/11/2013 11:00,11.2
06/11/2013 12:00,11.64
06/11/2013 13:00,12.26
06/11/2013 14:00,12.54
06/11/2013 15:00,13.97
06/11/2013 16:00,14.69
06/11/2013 17:00,14.37
06/11/2013 18:00,14.73
06/11/2013 19:00,14.79
06/11/2013 20:00,14.83
06/11/2013 21:00,14.86
06/11/2013 22:00,14.87
06/11/2013 23:00,14.82
07/11/2013 00:00,14.7
07/11/2013 01:00,14.37
07/11/2013 02:00,12.63
07/11/2013 03:00,11.83
07/11/2013 04:00,10.92
07/11/2013 05:00,10.77
07/11/2013 06:00,9.82
07/11/2013 07:00,9.31
07/11/2013 08:00,9.36
07/11/2013 09:00,10.14
07/11/2013 10:00,10.74
07/11/2013 11:00,10.98
07/11/2013 12:00,11
07/11/2013 13:00,10.92
07/11/2013 14:00,10.88
07/11/2013 15:00,10.42
07/11/2013 16:00,9.68
07/11/2013 17:00,9.12
07/11/2013 18:00,8.93
07/11/2013 19:00,8.54
07/11/2013 20:00,8.66
07/11/2013 21:00,8.63
07/11/2013 22:00,8.53
07/11/2013 23:00,7.37
08/11/2013 00:00,7.27
08/11/2013 01:00,6.83
08/11/2013 02:00,6.24
08/11/2013 03:00,5.68
08/11/2013 04:00,5.64
08/11/2013 05:00,5.29
08/11/2013 06:00,5.38
08/11/2013 07:00,5.88
08/11/2013 08:00,6.09
08/11/2013 09:00,7.87
08/11/2013 10:00,9.08
08/11/2013 11:00,9.6
08/11/2013 12:00,10.56
08/11/2013 13:00,11
08/11/2013 14:00,10.04
08/11/2013 15:00,9.16
08/11/2013 16:00,8.64
08/11/2013 17:00,8.13
08/11/2013 18:00,8.14
08/11/2013 19:00,7.89
08/11/2013 20:00,7.02
08/11/2013 21:00,6.93
08/11/2013 22:00,6.43
08/11/2013 23:00,6.04
09/11/2013 00:00,5.58
09/11/2013 01:00,5.51
09/11/2013 02:00,5.38
09/11/2013 03:00,4.89
09/11/2013 04:00,4.41
09/11/2013 05:00,4.22
09/11/2013 06:00,3.75
09/11/2013 07:00,3.28
09/11/2013 08:00,3.53
09/11/2013 09:00,5.18
09/11/2013 10:00,6.08
09/11/2013 11:00,6.47
09/11/2013 12:00,6.61
09/11/2013 13:00,6.76
09/11/2013 14:00,7.06
09/11/2013 15:00,7.04
09/11/2013 16:00,6.89
09/11/2013 17:00,6.32
09/11/2013 18:00,6.2
09/11/2013 19:00,5.35
09/11/2013 20:00,5.39
09/11/2013 21:00,5.44
09/11/2013 22:00,5.86
09/11/2013 23:00,5.99
10/11/2013 00:00,5.96
10/11/2013 01:00,6.04
10/11/2013 02:00,6.45
10/11/2013 03:00,6.44
10/11/2013 04:00,6.4
10/11/2013 05:00,6.32
10/11/2013 06:00,5.76
10/11/2013 07:00,4.79
10/11/2013 08:00,4.94
10/11/2013 09:00,5.85
10/11/2013 10:00,6.96
10/11/2013 11:00,7.97
10/11/2013 12:00,8.85
10/11/2013 13:00,9.14
10/11/2013 14:00,9.22
10/11/2013 15:00,9.15
10/11/2013 16:00,7.92
10/11/2013 17:00,5.83
10/11/2013 18:00,4.29
10/11/2013 19:00,3.67
10/11/2013 20:00,3.49
10/11/2013 21:00,2.97
10/11/2013 22:00,2.58
10/11/2013 23:00,2.61
11/11/2013 00:00,2.53
11/11/2013 01:00,2.91
11/11/2013 02:00,2.98
11/11/2013 03:00,3.67
11/11/2013 04:00,4.85
11/11/2013 05:00,5.98
11/11/2013 06:00,7.15
11/11/2013 07:00,8.26
11/11/2013 08:00,8.74
11/11/2013 09:00,9.59
11/11/2013 10:00,9.88
11/11/2013 11:00,10.04
11/11/2013 12:00,10.94
11/11/2013 13:00,11.08
11/11/2013 14:00,11.53
11/11/2013 15:00,11.68
11/11/2013 16:00,11.67
11/11/2013 17:00,12.11
11/11/2013 18:00,12.05
11/11/2013 19:00,12.06
11/11/2013 20:00,12.18
11/11/2013 21:00,12.53
11/11/2013 22:00,12.61
11/11/2013 23:00,12.63
12/11/2013 00:00,13.03
12/11/2013 01:00,13.11
12/11/2013 02:00,13.03
12/11/2013 03:00,12.68
12/11/2013 04:00,12.65
12/11/2013 05:00,12.51
12/11/2013 06:00,11.74
12/11/2013 07:00,10.23
12/11/2013 08:00,9.79
12/11/2013 09:00,10.2
12/11/2013 10:00,10.44
12/11/2013 11:00,11.29
12/11/2013 12:00,12.27
12/11/2013 13:00,12.36
12/11/2013 14:00,11.93
12/11/2013 15:00,11.69
12/11/2013 16:00,10.62
12/11/2013 17:00,9.87
12/11/2013 18:00,9.54
12/11/2013 19:00,8.52
12/11/2013 20:00,8.04
12/11/2013 21:00,7.53
12/11/2013 22:00,6.9
12/11/2013 23:00,6.08
13/11/2013 00:00,5.19
13/11/2013 01:00,4.62
13/11/2013 02:00,4.18
13/11/2013 03:00,3.32
13/11/2013 04:00,3.06
13/11/2013 05:00,2.89
13/11/2013 06:00,2.2
13/11/2013 07:00,2.11
13/11/2013 08:00,2.33
13/11/2013 09:00,4.2
13/11/2013 10:00,6.42
13/11/2013 11:00,8.37
13/11/2013 12:00,9.87
13/11/2013 13:00,9.65
13/11/2013 14:00,9.94
13/11/2013 15:00,9.22
13/11/2013 16:00,8.39
13/11/2013 17:00,7.83
13/11/2013 18:00,7.33
13/11/2013 19:00,7.18
13/11/2013 20:00,6.54
13/11/2013 21:00,7.11
13/11/2013 22:00,7.95
13/11/2013 23:00,8.45
14/11/2013 00:00,8.58
14/11/2013 01:00,8.64
14/11/2013 02:00,8.31
14/11/2013 03:00,8.76
14/11/2013 04:00,8.69
14/11/2013 05:00,8.19
14/11/2013 06:00,7.77
14/11/2013 07:00,7.37
14/11/2013 08:00,7.99
14/11/2013 09:00,7.81
14/11/2013 10:00,9.14
14/11/2013 11:00,9.56
14/11/2013 12:00,9.58
14/11/2013 13:00,9.62
14/11/2013 14:00,9.51
14/11/2013 15:00,9.41
14/11/2013 16:00,8.89
14/11/2013 17:00,7.84
14/11/2013 18:00,7.16
14/11/2013 19:00,6.66
14/11/2013 20:00,6.56
14/11/2013 21:00,6.03
14/11/2013 22:00,5.69
14/11/2013 23:00,5.18
15/11/2013 00:00,5.49
15/11/2013 01:00,5.11
15/11/2013 02:00,5.47
15/11/2013 03:00,5.45
15/11/2013 04:00,4.65
15/11/2013 05:00,4.9
15/11/2013 06:00,4.79
15/11/2013 07:00,4.73
15/11/2013 08:00,4.69
15/11/2013 09:00,5.54
15/11/2013 10:00,6.84
15/11/2013 11:00,8.1
15/11/2013 12:00,9.09
15/11/2013 13:00,9.25
15/11/2013 14:00,9.23
15/11/2013 15:00,8.99
15/11/2013 16:00,8.25
15/11/2013 17:00,7.08
15/11/2013 18:00,6.83
15/11/2013 19:00,6.62
15/11/2013 20:00,6.4
15/11/2013 21:00,4.79
15/11/2013 22:00,3.84
15/11/2013 23:00,3.33
16/11/2013 00:00,2.9
16/11/2013 01:00,2.43
16/11/2013 02:00,2.37
16/11/2013 03:00,2.28
16/11/2013 04:00,2.29
16/11/2013 05:00,1.64
16/11/2013 06:00,1.44
16/11/2013 07:00,1.38
16/11/2013 08:00,1.91
16/11/2013 09:00,3.54
16/11/2013 10:00,5.45
16/11/2013 11:00,8.47
16/11/2013 12:00,8.84
16/11/2013 13:00,9.14
16/11/2013 14:00,8.72
16/11/2013 15:00,8.16
16/11/2013 16:00,8.39
16/11/2013 17:00,8.29
16/11/2013 18:00,7.92
16/11/2013 19:00,7.59
16/11/2013 20:00,7.91
16/11/2013 21:00,8.31
16/11/2013 22:00,8.34
16/11/2013 23:00,8.36
17/11/2013 00:00,8.74
17/11/2013 01:00,8.68
17/11/2013 02:00,8.36
17/11/2013 03:00,8.63
17/11/2013 04:00,8.32
17/11/2013 05:00,8.7
17/11/2013 06:00,8.72
17/11/2013 07:00,8.28
17/11/2013 08:00,8.33
17/11/2013 09:00,8.49
17/11/2013 10:00,8.92
17/11/2013 11:00,9.11
17/11/2013 12:00,9.12
17/11/2013 13:00,9.19
17/11/2013 14:00,9.57
17/11/2013 15:00,9.57
17/11/2013 16:00,9.48
17/11/2013 17:00,9.07
17/11/2013 18:00,9.06
17/11/2013 19:00,9.07
17/11/2013 20:00,9.02
17/11/2013 21:00,8.98
17/11/2013 22:00,8.63
17/11/2013 23:00,8.61
18/11/2013 00:00,8.54
18/11/2013 01:00,8.54
18/11/2013 02:00,8.53
18/11/2013 03:00,8.48
18/11/2013 04:00,8.49
18/11/2013 05:00,8.44
18/11/2013 06:00,8.42
18/11/2013 07:00,8.4
18/11/2013 08:00,8.08
18/11/2013 09:00,8.46
18/11/2013 10:00,8.22
18/11/2013 11:00,8.62
18/11/2013 12:00,8.82
18/11/2013 13:00,9.23
18/11/2013 14:00,9.24
18/11/2013 15:00,9.18
18/11/2013 16:00,9.3
18/11/2013 17:00,8.69
18/11/2013 18:00,9
18/11/2013 19:00,8.48
18/11/2013 20:00,8.33
18/11/2013 21:00,7.95
18/11/2013 22:00,7.44
18/11/2013 23:00,7.37
19/11/2013 00:00,6.78
19/11/2013 01:00,6.26
19/11/2013 02:00,5.28
19/11/2013 03:00,5.04
19/11/2013 04:00,4.36
19/11/2013 05:00,3.53
19/11/2013 06:00,3.08
19/11/2013 07:00,2.58
19/11/2013 08:00,2.19
19/11/2013 09:00,3.58
19/11/2013 10:00,4.5
19/11/2013 11:00,5.52
19/11/2013 12:00,5.3
19/11/2013 13:00,5.34
19/11/2013 14:00,5.73
19/11/2013 15:00,5.59
19/11/2013 16:00,4.44
19/11/2013 17:00,3.77
19/11/2013 18:00,3.21
19/11/2013 19:00,3.01
19/11/2013 20:00,2.09
19/11/2013 21:00,2.02
19/11/2013 22:00,1.5
19/11/2013 23:00,0.6
20/11/2013 00:00,-0.28
20/11/2013 01:00,-0.46
20/11/2013 02:00,-1.27
20/11/2013 03:00,-0.89
20/11/2013 04:00,-0.48
20/11/2013 05:00,0.11
20/11/2013 06:00,1.06
20/11/2013 07:00,2.52
20/11/2013 08:00,3.66
20/11/2013 09:00,4.3
20/11/2013 10:00,5.34
20/11/2013 11:00,6.38
20/11/2013 12:00,6.23
20/11/2013 13:00,4.13
20/11/2013 14:00,3.76
20/11/2013 15:00,4.71
20/11/2013 16:00,4.54
20/11/2013 17:00,5.16
20/11/2013 18:00,4.54
20/11/2013 19:00,3.74
20/11/2013 20:00,4.16
20/11/2013 21:00,4.11
20/11/2013 22:00,4.46
20/11/2013 23:00,3.15
21/11/2013 00:00,3.12
21/11/2013 01:00,3.16
21/11/2013 02:00,3.61
21/11/2013 03:00,4.08
21/11/2013 04:00,4.21
21/11/2013 05:00,4.38
21/11/2013 06:00,5.34
21/11/2013 07:00,5.26
21/11/2013 08:00,5.31
21/11/2013 09:00,5.73
21/11/2013 10:00,5.83
21/11/2013 11:00,6.64
21/11/2013 12:00,6.79
21/11/2013 13:00,7.34
21/11/2013 14:00,7.91
21/11/2013 15:00,7.74
21/11/2013 16:00,7.16
21/11/2013 17:00,6.58
21/11/2013 18:00,5.99
21/11/2013 19:00,5.47
21/11/2013 20:00,4.88
21/11/2013 21:00,4.35
21/11/2013 22:00,4.31
21/11/2013 23:00,3.91
22/11/2013 00:00,4.21
22/11/2013 01:00,3.87
22/11/2013 02:00,3.86
22/11/2013 03:00,3.52
22/11/2013 04:00,4.07
22/11/2013 05:00,4.42
22/11/2013 06:00,4.45
22/11/2013 07:00,3.97
22/11/2013 08:00,4.07
22/11/2013 09:00,5.1
22/11/2013 10:00,5.88
22/11/2013 11:00,6.54
22/11/2013 12:00,7.76
22/11/2013 13:00,7.89
22/11/2013 14:00,7.89
22/11/2013 15:00,7.41
22/11/2013 16:00,6.74
22/11/2013 17:00,6.13
22/11/2013 18:00,6.46
22/11/2013 19:00,5.94
22/11/2013 20:00,5.45
22/11/2013 21:00,4.87
22/11/2013 22:00,4.97
22/11/2013 23:00,4.58
23/11/2013 00:00,4.98
23/11/2013 01:00,4.98
23/11/2013 02:00,4.98
23/11/2013 03:00,4.47
23/11/2013 04:00,4
23/11/2013 05:00,3.53
23/11/2013 06:00,3.48
23/11/2013 07:00,3.41
23/11/2013 08:00,3.44
23/11/2013 09:00,4
23/11/2013 10:00,5.18
23/11/2013 11:00,6.68
23/11/2013 12:00,7.32
23/11/2013 13:00,7.41
23/11/2013 14:00,7.37
23/11/2013 15:00,6.84
23/11/2013 16:00,6.73
23/11/2013 17:00,6.64
23/11/2013 18:00,6.25
23/11/2013 19:00,6.22
23/11/2013 20:00,6.28
23/11/2013 21:00,6.21
23/11/2013 22:00,6.26
23/11/2013 23:00,6.22
24/11/2013 00:00,6.23
24/11/2013 01:00,6.15
24/11/2013 02:00,6.14
24/11/2013 03:00,6.22
24/11/2013 04:00,6.21
24/11/2013 05:00,6.29
24/11/2013 06:00,6.3
24/11/2013 07:00,6.21
24/11/2013 08:00,6.19
24/11/2013 09:00,6.35
24/11/2013 10:00,6.87
24/11/2013 11:00,7.5
24/11/2013 12:00,7.91
24/11/2013 13:00,7.94
24/11/2013 14:00,8.02
24/11/2013 15:00,8.02
24/11/2013 16:00,7.92
24/11/2013 17:00,7.72
24/11/2013 18:00,7.31
24/11/2013 19:00,6.76
24/11/2013 20:00,6.27
24/11/2013 21:00,6.01
24/11/2013 22:00,5.27
24/11/2013 23:00,5.06
25/11/2013 00:00,5.39
25/11/2013 01:00,5.03
25/11/2013 02:00,5.02
25/11/2013 03:00,4.94
25/11/2013 04:00,4.93
25/11/2013 05:00,4.99
25/11/2013 06:00,5
25/11/2013 07:00,4.87
25/11/2013 08:00,4.54
25/11/2013 09:00,4.69
25/11/2013 10:00,5.71
25/11/2013 11:00,6.31
25/11/2013 12:00,6.47
25/11/2013 13:00,6.97
25/11/2013 14:00,7.29
25/11/2013 15:00,6.83
25/11/2013 16:00,6.68
25/11/2013 17:00,6.32
25/11/2013 18:00,6.26
25/11/2013 19:00,6.18
25/11/2013 20:00,6.09
25/11/2013 21:00,6.11
25/11/2013 22:00,5.65
25/11/2013 23:00,5.71
26/11/2013 00:00,5.14
26/11/2013 01:00,5.42
26/11/2013 02:00,5.52
26/11/2013 03:00,5.38
26/11/2013 04:00,4.87
26/11/2013 05:00,4.61
26/11/2013 06:00,3.72
26/11/2013 07:00,3.53
26/11/2013 08:00,2.98
26/11/2013 09:00,2.93
26/11/2013 10:00,4.17
26/11/2013 11:00,5.63
26/11/2013 12:00,6.72
26/11/2013 13:00,7.19
26/11/2013 14:00,7.19
26/11/2013 15:00,7.23
26/11/2013 16:00,7.07
26/11/2013 17:00,6.98
26/11/2013 18:00,6.28
26/11/2013 19:00,6.56
26/11/2013 20:00,6.17
26/11/2013 21:00,6.25
26/11/2013 22:00,6.12
26/11/2013 23:00,6.16
27/11/2013 00:00,5.78
27/11/2013 01:00,5.83
27/11/2013 02:00,6.24
27/11/2013 03:00,5.92
27/11/2013 04:00,5.88
27/11/2013 05:00,5.89
27/11/2013 06:00,6.03
27/11/2013 07:00,6.42
27/11/2013 08:00,6.51
27/11/2013 09:00,7.4
27/11/2013 10:00,7.95
27/11/2013 11:00,8.91
27/11/2013 12:00,9.47
27/11/2013 13:00,10
27/11/2013 14:00,10.08
27/11/2013 15:00,10.08
27/11/2013 16:00,10.32
27/11/2013 17:00,9.81
27/11/2013 18:00,9.44
27/11/2013 19:00,9.02
27/11/2013 20:00,9.4
27/11/2013 21:00,8.97
27/11/2013 22:00,9.76
27/11/2013 23:00,9.42
28/11/2013 00:00,9.04
28/11/2013 01:00,9.08
28/11/2013 02:00,9.09
28/11/2013 03:00,9.06
28/11/2013 04:00,8.69
28/11/2013 05:00,8.71
28/11/2013 06:00,8.58
28/11/2013 07:00,8.94
28/11/2013 08:00,8.9
28/11/2013 09:00,8.92
28/11/2013 10:00,8.98
28/11/2013 11:00,9.02
28/11/2013 12:00,9.17
28/11/2013 13:00,9.57
28/11/2013 14:00,9.9
28/11/2013 15:00,9.64
28/11/2013 16:00,9.48
28/11/2013 17:00,9.04
28/11/2013 18:00,8.96
28/11/2013 19:00,8.61
28/11/2013 20:00,8.57
28/11/2013 21:00,8.5
28/11/2013 22:00,8.48
28/11/2013 23:00,8.08
29/11/2013 00:00,8.43
29/11/2013 01:00,8.11
29/11/2013 02:00,8.08
29/11/2013 03:00,8.04
29/11/2013 04:00,8.09
29/11/2013 05:00,8.1
29/11/2013 06:00,8.11
29/11/2013 07:00,8.12
29/11/2013 08:00,8.19
29/11/2013 09:00,8.89
29/11/2013 10:00,8.81
29/11/2013 11:00,9.21
29/11/2013 12:00,10.18
29/11/2013 13:00,10.18
29/11/2013 14:00,10.01
29/11/2013 15:00,9.52
29/11/2013 16:00,8.99
29/11/2013 17:00,8.47
29/11/2013 18:00,8.4
29/11/2013 19:00,8.01
29/11/2013 20:00,7.1
29/11/2013 21:00,7.36
29/11/2013 22:00,6.56
29/11/2013 23:00,6.82
30/11/2013 00:00,6.37
30/11/2013 01:00,6.39
30/11/2013 02:00,6.34
30/11/2013 03:00,6.29
30/11/2013 04:00,6.69
30/11/2013 05:00,6.36
30/11/2013 06:00,6.28
30/11/2013 07:00,6.21
30/11/2013 08:00,6.22
30/11/2013 09:00,6.37
30/11/2013 10:00,6.79
30/11/2013 11:00,6.57
30/11/2013 12:00,7.5
30/11/2013 13:00,8.04
30/11/2013 14:00,8.38
30/11/2013 15:00,8.29
30/11/2013 16:00,7.8
30/11/2013 17:00,7.62
30/11/2013 18:00,7.56
30/11/2013 19:00,6.69
30/11/2013 20:00,6.43
30/11/2013 21:00,5.28
30/11/2013 22:00,4.28
30/11/2013 23:00,3.53
01/12/2013 00:00,2.62
01/12/2013 01:00,2.46
01/12/2013 02:00,2.43
01/12/2013 03:00,2.78
01/12/2013 04:00,3.3
01/12/2013 05:00,3.98
01/12/2013 06:00,4.13
01/12/2013 07:00,4.76
01/12/2013 08:00,5.27
01/12/2013 09:00,5.79
01/12/2013 10:00,6.49
01/12/2013 11:00,7.49
01/12/2013 12:00,8.51
01/12/2013 13:00,9.03
01/12/2013 14:00,9.42
01/12/2013 15:00,8.88
01/12/2013 16:00,8.31
01/12/2013 17:00,7.66
01/12/2013 18:00,7.53
01/12/2013 19:00,7.56
01/12/2013 20:00,7.73
01/12/2013 21:00,7.75
01/12/2013 22:00,7.74
01/12/2013 23:00,7.72
02/12/2013 00:00,7.71
02/12/2013 01:00,7.74
02/12/2013 02:00,7.74
02/12/2013 03:00,7.73
02/12/2013 04:00,7.71
02/12/2013 05:00,7.38
02/12/2013 06:00,7.39
02/12/2013 07:00,7.26
02/12/2013 08:00,7.64
02/12/2013 09:00,7.82
02/12/2013 10:00,8.46
02/12/2013 11:00,9.25
02/12/2013 12:00,9.42
02/12/2013 13:00,9.1
02/12/2013 14:00,9.16
02/12/2013 15:00,8.98
02/12/2013 16:00,8.82
02/12/2013 17:00,8.53
02/12/2013 18:00,7.93
02/12/2013 19:00,7.54
02/12/2013 20:00,7.06
02/12/2013 21:00,6.59
02/12/2013 22:00,6.83
02/12/2013 23:00,6.92
03/12/2013 00:00,6.96
03/12/2013 01:00,7.07
03/12/2013 02:00,7.22
03/12/2013 03:00,6.91
03/12/2013 04:00,6.88
03/12/2013 05:00,6.84
03/12/2013 06:00,6.78
03/12/2013 07:00,6.37
03/12/2013 08:00,6.34
03/12/2013 09:00,6.36
03/12/2013 10:00,6.37
03/12/2013 11:00,6.44
03/12/2013 12:00,6.42
03/12/2013 13:00,6.39
03/12/2013 14:00,6.37
03/12/2013 15:00,5.96
03/12/2013 16:00,5.87
03/12/2013 17:00,5.74
03/12/2013 18:00,5.29
03/12/2013 19:00,5.35
03/12/2013 20:00,3.66
03/12/2013 21:00,5.26
03/12/2013 22:00,5.28
03/12/2013 23:00,5.3
04/12/2013 00:00,5.33
04/12/2013 01:00,5.38
04/12/2013 02:00,5.37
04/12/2013 03:00,5.47
04/12/2013 04:00,6
04/12/2013 05:00,6.09
04/12/2013 06:00,6.28
04/12/2013 07:00,6.78
04/12/2013 08:00,7.22
04/12/2013 09:00,7.67
04/12/2013 10:00,7.75
04/12/2013 11:00,8.14
04/12/2013 12:00,8.6
04/12/2013 13:00,8.91
04/12/2013 14:00,8.81
04/12/2013 15:00,7.81
04/12/2013 16:00,6.69
04/12/2013 17:00,5.8
04/12/2013 18:00,5.15
04/12/2013 19:00,4.08
04/12/2013 20:00,3.46
04/12/2013 21:00,2.99
04/12/2013 22:00,2.38
04/12/2013 23:00,2.35
05/12/2013 00:00,1.52
05/12/2013 01:00,1.08
05/12/2013 02:00,1.43
05/12/2013 03:00,1.13
05/12/2013 04:00,1.22
05/12/2013 05:00,1.72
05/12/2013 06:00,2.21
05/12/2013 07:00,3.09
05/12/2013 08:00,3.82
05/12/2013 09:00,4.99
05/12/2013 10:00,6.48
05/12/2013 11:00,7.54
05/12/2013 12:00,8.68
05/12/2013 13:00,9.36
05/12/2013 14:00,10.29
05/12/2013 15:00,10.25
05/12/2013 16:00,9.92
05/12/2013 17:00,8.53
05/12/2013 18:00,7.86
05/12/2013 19:00,7.19
05/12/2013 20:00,5.7
05/12/2013 21:00,5.97
05/12/2013 22:00,5.96
05/12/2013 23:00,5.82
06/12/2013 00:00,5.64
06/12/2013 01:00,5.58
06/12/2013 02:00,5.44
06/12/2013 03:00,4.91
06/12/2013 04:00,3.91
06/12/2013 05:00,3.15
06/12/2013 06:00,2.81
06/12/2013 07:00,2.85
06/12/2013 08:00,2.73
06/12/2013 09:00,3.34
06/12/2013 10:00,4.45
06/12/2013 11:00,5.64
06/12/2013 12:00,6.24
06/12/2013 13:00,7.46
06/12/2013 14:00,7.85
06/12/2013 15:00,7.47
06/12/2013 16:00,7.34
06/12/2013 17:00,7.54
06/12/2013 18:00,7.4
06/12/2013 19:00,7.42
06/12/2013 20:00,7.49
06/12/2013 21:00,7.37
06/12/2013 22:00,7.32
06/12/2013 23:00,6.83
07/12/2013 00:00,6.92
07/12/2013 01:00,6.56
07/12/2013 02:00,6.56
07/12/2013 03:00,6.55
07/12/2013 04:00,6.59
07/12/2013 05:00,6.57
07/12/2013 06:00,6.61
07/12/2013 07:00,6.66
07/12/2013 08:00,6.75
07/12/2013 09:00,7.57
07/12/2013 10:00,8.08
07/12/2013 11:00,8.19
07/12/2013 12:00,8.68
07/12/2013 13:00,8.68
07/12/2013 14:00,8.72
07/12/2013 15:00,8.64
07/12/2013 16:00,8.09
07/12/2013 17:00,7.47
07/12/2013 18:00,7.02
07/12/2013 19:00,7.41
07/12/2013 20:00,7.45
07/12/2013 21:00,7.99
07/12/2013 22:00,8.06
07/12/2013 23:00,7.59
08/12/2013 00:00,7.48
08/12/2013 01:00,7.31
08/12/2013 02:00,6.57
08/12/2013 03:00,6.06
08/12/2013 04:00,5.48
08/12/2013 05:00,5.09
08/12/2013 06:00,6.27
08/12/2013 07:00,5.98
08/12/2013 08:00,6.17
08/12/2013 09:00,6.83
08/12/2013 10:00,7.44
08/12/2013 11:00,9.36
08/12/2013 12:00,10.72
08/12/2013 13:00,10.63
08/12/2013 14:00,11.24
08/12/2013 15:00,10.72
08/12/2013 16:00,9.82
08/12/2013 17:00,9.21
08/12/2013 18:00,9.1
08/12/2013 19:00,8.7
08/12/2013 20:00,8.7
08/12/2013 21:00,8.29
08/12/2013 22:00,8.19
08/12/2013 23:00,8.1
09/12/2013 00:00,7.61
09/12/2013 01:00,7.19
09/12/2013 02:00,7.09
09/12/2013 03:00,6.58
09/12/2013 04:00,6.28
09/12/2013 05:00,6.18
09/12/2013 06:00,6.09
09/12/2013 07:00,6.03
09/12/2013 08:00,6.01
09/12/2013 09:00,6.61
09/12/2013 10:00,7.81
09/12/2013 11:00,9.3
09/12/2013 12:00,10.41
09/12/2013 13:00,11.01
09/12/2013 14:00,10.89
09/12/2013 15:00,10.31
09/12/2013 16:00,9.06
09/12/2013 17:00,8.57
09/12/2013 18:00,7.41
09/12/2013 19:00,6.76
09/12/2013 20:00,6.17
09/12/2013 21:00,5.96
09/12/2013 22:00,5.14
09/12/2013 23:00,5.06
10/12/2013 00:00,4.44
10/12/2013 01:00,3.83
10/12/2013 02:00,4.21
10/12/2013 03:00,3.58
10/12/2013 04:00,3.32
10/12/2013 05:00,3.04
10/12/2013 06:00,2.62
10/12/2013 07:00,2.27
10/12/2013 08:00,2.06
10/12/2013 09:00,3.46
10/12/2013 10:00,5.22
10/12/2013 11:00,7.12
10/12/2013 12:00,8.59
10/12/2013 13:00,8.96
10/12/2013 14:00,9.03
10/12/2013 15:00,8.48
10/12/2013 16:00,8.37
10/12/2013 17:00,8.21
10/12/2013 18:00,7.57
10/12/2013 19:00,6.51
10/12/2013 20:00,5.35
10/12/2013 21:00,4.84
10/12/2013 22:00,3.78
10/12/2013 23:00,3.28
11/12/2013 00:00,2.78
11/12/2013 01:00,2.75
11/12/2013 02:00,2.38
11/12/2013 03:00,2.79
11/12/2013 04:00,2.73
11/12/2013 05:00,2.53
11/12/2013 06:00,2.06
11/12/2013 07:00,2.17
11/12/2013 08:00,2.1
11/12/2013 09:00,2.13
11/12/2013 10:00,2.93
11/12/2013 11:00,4.29
11/12/2013 12:00,6.4
11/12/2013 13:00,6.04
11/12/2013 14:00,6.34
11/12/2013 15:00,5.02
11/12/2013 16:00,4.27
11/12/2013 17:00,4.09
11/12/2013 18:00,4.48
11/12/2013 19:00,4.41
11/12/2013 20:00,3.83
11/12/2013 21:00,3.37
11/12/2013 22:00,2.47
11/12/2013 23:00,2.6
12/12/2013 00:00,1.66
12/12/2013 01:00,1.53
12/12/2013 02:00,1.52
12/12/2013 03:00,2.55
12/12/2013 04:00,1.74
12/12/2013 05:00,1.82
12/12/2013 06:00,2.32
12/12/2013 07:00,2.73
12/12/2013 08:00,2.7
12/12/2013 09:00,3.08
12/12/2013 10:00,5.36
12/12/2013 11:00,6.08
12/12/2013 12:00,7.48
12/12/2013 13:00,8.49
12/12/2013 14:00,8.98
12/12/2013 15:00,8.11
12/12/2013 16:00,7.93
12/12/2013 17:00,7.4
12/12/2013 18:00,7.23
12/12/2013 19:00,7.23
12/12/2013 20:00,7.39
12/12/2013 21:00,7.84
12/12/2013 22:00,7.91
12/12/2013 23:00,8.03
13/12/2013 00:00,8.62
13/12/2013 01:00,9.17
13/12/2013 02:00,9.25
13/12/2013 03:00,9.72
13/12/2013 04:00,9.87
13/12/2013 05:00,10.25
13/12/2013 06:00,10.67
13/12/2013 07:00,10.62
13/12/2013 08:00,10.3
13/12/2013 09:00,10.76
13/12/2013 10:00,11.21
13/12/2013 11:00,11.27
13/12/2013 12:00,11.73
13/12/2013 13:00,11.43
13/12/2013 14:00,11.41
13/12/2013 15:00,11.29
13/12/2013 16:00,10.74
13/12/2013 17:00,10.71
13/12/2013 18:00,10.17
13/12/2013 19:00,9.87
13/12/2013 20:00,9.24
13/12/2013 21:00,9.16
13/12/2013 22:00,8.58
13/12/2013 23:00,8.15
14/12/2013 00:00,7.6
14/12/2013 01:00,7
14/12/2013 02:00,6.41
14/12/2013 03:00,5.89
14/12/2013 04:00,4.93
14/12/2013 05:00,4.41
14/12/2013 06:00,4.23
14/12/2013 07:00,3.8
14/12/2013 08:00,3.79
14/12/2013 09:00,5.25
14/12/2013 10:00,7.09
14/12/2013 11:00,9.53
14/12/2013 12:00,10.69
14/12/2013 13:00,10.89
14/12/2013 14:00,11.32
14/12/2013 15:00,11.33
14/12/2013 16:00,10.81
14/12/2013 17:00,10.36
14/12/2013 18:00,10.27
14/12/2013 19:00,10.38
14/12/2013 20:00,10.84
14/12/2013 21:00,10.37
14/12/2013 22:00,10.42
14/12/2013 23:00,9.88
15/12/2013 00:00,9.97
15/12/2013 01:00,10.41
15/12/2013 02:00,10.98
15/12/2013 03:00,10.96
15/12/2013 04:00,11.34
15/12/2013 05:00,10.36
15/12/2013 06:00,9.19
15/12/2013 07:00,8.23
15/12/2013 08:00,8.11
15/12/2013 09:00,8.46
15/12/2013 10:00,10.46
15/12/2013 11:00,11.51
15/12/2013 12:00,11.95
15/12/2013 13:00,11.94
15/12/2013 14:00,11.88
15/12/2013 15:00,11.95
15/12/2013 16:00,12.34
15/12/2013 17:00,11.97
15/12/2013 18:00,12.04
15/12/2013 19:00,12.44
15/12/2013 20:00,12.42
15/12/2013 21:00,12.17
15/12/2013 22:00,12.54
15/12/2013 23:00,12.18
16/12/2013 00:00,12.18
16/12/2013 01:00,12.14
16/12/2013 02:00,12.53
16/12/2013 03:00,12.58
16/12/2013 04:00,12.16
16/12/2013 05:00,12.17
16/12/2013 06:00,12.49
16/12/2013 07:00,12.35
16/12/2013 08:00,11.64
16/12/2013 09:00,11.57
16/12/2013 10:00,11.61
16/12/2013 11:00,12.14
16/12/2013 12:00,12.53
16/12/2013 13:00,12.57
16/12/2013 14:00,12.89
16/12/2013 15:00,12.48
16/12/2013 16:00,12.27
16/12/2013 17:00,10.45
16/12/2013 18:00,10.15
16/12/2013 19:00,9.22
16/12/2013 20:00,9.16
16/12/2013 21:00,9.08
16/12/2013 22:00,8.92
16/12/2013 23:00,7.95
17/12/2013 00:00,7.4
17/12/2013 01:00,6.47
17/12/2013 02:00,6.14
17/12/2013 03:00,5.26
17/12/2013 04:00,4.84
17/12/2013 05:00,4.76
17/12/2013 06:00,4.66
17/12/2013 07:00,4.61
17/12/2013 08:00,4.66
17/12/2013 09:00,4.77
17/12/2013 10:00,5.2
17/12/2013 11:00,5.72
17/12/2013 12:00,5.89
17/12/2013 13:00,5.91
17/12/2013 14:00,5.86
17/12/2013 15:00,6.27
17/12/2013 16:00,6.12
17/12/2013 17:00,6.21
17/12/2013 18:00,6.38
17/12/2013 19:00,6.48
17/12/2013 20:00,6.89
17/12/2013 21:00,6.99
17/12/2013 22:00,7.03
17/12/2013 23:00,7.08
18/12/2013 00:00,7.42
18/12/2013 01:00,7.39
18/12/2013 02:00,7.35
18/12/2013 03:00,6.93
18/12/2013 04:00,6.39
18/12/2013 05:00,5.9
18/12/2013 06:00,5.01
18/12/2013 07:00,5.65
18/12/2013 08:00,5.83
18/12/2013 09:00,7.48
18/12/2013 10:00,8.36
18/12/2013 11:00,9.62
18/12/2013 12:00,9.82
18/12/2013 13:00,10.27
18/12/2013 14:00,10.24
18/12/2013 15:00,10.21
18/12/2013 16:00,10.16
18/12/2013 17:00,9.85
18/12/2013 18:00,10.07
18/12/2013 19:00,10.08
18/12/2013 20:00,9.65
18/12/2013 21:00,9.37
18/12/2013 22:00,9.89
18/12/2013 23:00,10.29
19/12/2013 00:00,9.7
19/12/2013 01:00,9.13
19/12/2013 02:00,8.39
19/12/2013 03:00,7.89
19/12/2013 04:00,7.35
19/12/2013 05:00,6.84
19/12/2013 06:00,5.92
19/12/2013 07:00,5.39
19/12/2013 08:00,5.14
19/12/2013 09:00,4.94
19/12/2013 10:00,6.02
19/12/2013 11:00,7.11
19/12/2013 12:00,8.11
19/12/2013 13:00,8.19
19/12/2013 14:00,7.9
19/12/2013 15:00,7.92
19/12/2013 16:00,7.28
19/12/2013 17:00,6.81
19/12/2013 18:00,7.17
19/12/2013 19:00,6.97
19/12/2013 20:00,4.93
19/12/2013 21:00,4.74
19/12/2013 22:00,4.53
19/12/2013 23:00,3.68
20/12/2013 00:00,3.26
20/12/2013 01:00,3.19
20/12/2013 02:00,3.11
20/12/2013 03:00,2.63
20/12/2013 04:00,3.05
20/12/2013 05:00,3.16
20/12/2013 06:00,3.19
20/12/2013 07:00,3.19
20/12/2013 08:00,3.24
20/12/2013 09:00,3.92
20/12/2013 10:00,5.15
20/12/2013 11:00,7.02
20/12/2013 12:00,8.19
20/12/2013 13:00,8.81
20/12/2013 14:00,9.21
20/12/2013 15:00,9.13
20/12/2013 16:00,9.12
20/12/2013 17:00,8.88
20/12/2013 18:00,9.64
20/12/2013 19:00,9.69
20/12/2013 20:00,9.78
20/12/2013 21:00,9.46
20/12/2013 22:00,10.39
20/12/2013 23:00,10.42
21/12/2013 00:00,10.73
21/12/2013 01:00,9.8
21/12/2013 02:00,9.41
21/12/2013 03:00,9.82
21/12/2013 04:00,9.91
21/12/2013 05:00,10.02
21/12/2013 06:00,10.01
21/12/2013 07:00,10.38
21/12/2013 08:00,10.42
21/12/2013 09:00,10.79
21/12/2013 10:00,10.93
21/12/2013 11:00,11
21/12/2013 12:00,10.92
21/12/2013 13:00,10.55
21/12/2013 14:00,11.02
21/12/2013 15:00,10.97
21/12/2013 16:00,10.99
21/12/2013 17:00,11.51
21/12/2013 18:00,11.51
21/12/2013 19:00,11.95
21/12/2013 20:00,11.89
21/12/2013 21:00,11.68
21/12/2013 22:00,10.23
21/12/2013 23:00,10.08
22/12/2013 00:00,9.14
22/12/2013 01:00,8.55
22/12/2013 02:00,8.03
22/12/2013 03:00,8.02
22/12/2013 04:00,7.96
22/12/2013 05:00,8.06
22/12/2013 06:00,8.34
22/12/2013 07:00,9.27
22/12/2013 08:00,9.5
22/12/2013 09:00,8.89
22/12/2013 10:00,8.97
22/12/2013 11:00,9.49
22/12/2013 12:00,9.64
22/12/2013 13:00,10.07
22/12/2013 14:00,9.56
22/12/2013 15:00,9.1
22/12/2013 16:00,8.43
22/12/2013 17:00,7.86
22/12/2013 18:00,6.88
22/12/2013 19:00,6.34
22/12/2013 20:00,5.88
22/12/2013 21:00,5.82
22/12/2013 22:00,5.36
22/12/2013 23:00,4.81
23/12/2013 00:00,5.14
23/12/2013 01:00,5.23
23/12/2013 02:00,5.31
23/12/2013 03:00,5.27
23/12/2013 04:00,5.46
23/12/2013 05:00,5.26
23/12/2013 06:00,6.21
23/12/2013 07:00,7.59
23/12/2013 08:00,8.66
23/12/2013 09:00,9.19
23/12/2013 10:00,9.78
23/12/2013 11:00,10.57
23/12/2013 12:00,10.27
23/12/2013 13:00,10.37
23/12/2013 14:00,10.93
23/12/2013 15:00,11.33
23/12/2013 16:00,11.01
23/12/2013 17:00,11.11
23/12/2013 18:00,11.07
23/12/2013 19:00,11.04
23/12/2013 20:00,11.38
23/12/2013 21:00,11.53
23/12/2013 22:00,11.95
23/12/2013 23:00,11.6
24/12/2013 00:00,11.93
24/12/2013 01:00,11.47
24/12/2013 02:00,11.59
24/12/2013 03:00,11.09
24/12/2013 04:00,10.91
24/12/2013 05:00,8.92
24/12/2013 06:00,8.28
24/12/2013 07:00,8.68
24/12/2013 08:00,8.23
24/12/2013 09:00,9.02
24/12/2013 10:00,9.07
24/12/2013 11:00,9.01
24/12/2013 12:00,9.02
24/12/2013 13:00,7.67
24/12/2013 14:00,7.89
24/12/2013 15:00,7.12
24/12/2013 16:00,7
24/12/2013 17:00,6.93
24/12/2013 18:00,6.59
24/12/2013 19:00,6.43
24/12/2013 20:00,6.84
24/12/2013 21:00,6.89
24/12/2013 22:00,6.3
24/12/2013 23:00,5.43
25/12/2013 00:00,5.34
25/12/2013 01:00,4.8
25/12/2013 02:00,4.31
25/12/2013 03:00,4.2
25/12/2013 04:00,4.13
25/12/2013 05:00,4.05
25/12/2013 06:00,4.06
25/12/2013 07:00,3.93
25/12/2013 08:00,4.61
25/12/2013 09:00,4.19
25/12/2013 10:00,5.41
25/12/2013 11:00,6.32
25/12/2013 12:00,7.19
25/12/2013 13:00,6.48
25/12/2013 14:00,6.29
25/12/2013 15:00,5.79
25/12/2013 16:00,5.28
25/12/2013 17:00,5.03
25/12/2013 18:00,4.36
25/12/2013 19:00,3.84
25/12/2013 20:00,3.74
25/12/2013 21:00,4
25/12/2013 22:00,4.98
25/12/2013 23:00,4.65
26/12/2013 00:00,4.53
26/12/2013 01:00,3.69
26/12/2013 02:00,3.39
26/12/2013 03:00,4.15
26/12/2013 04:00,4.52
26/12/2013 05:00,3.67
26/12/2013 06:00,2.87
26/12/2013 07:00,3.19
26/12/2013 08:00,3.56
26/12/2013 09:00,3.88
26/12/2013 10:00,4.04
26/12/2013 11:00,3.67
26/12/2013 12:00,3.12
26/12/2013 13:00,3.74
26/12/2013 14:00,4.16
26/12/2013 15:00,4.09
26/12/2013 16:00,3.06
26/12/2013 17:00,3.04
26/12/2013 18:00,3.8
26/12/2013 19:00,4.29
26/12/2013 20:00,4.41
26/12/2013 21:00,5.34
26/12/2013 22:00,6.98
26/12/2013 23:00,7.64
27/12/2013 00:00,7.88
27/12/2013 01:00,8.07
27/12/2013 02:00,8.23
27/12/2013 03:00,8.88
27/12/2013 04:00,9.97
27/12/2013 05:00,10.99
27/12/2013 06:00,10.75
27/12/2013 07:00,10.32
27/12/2013 08:00,10.41
27/12/2013 09:00,10.32
27/12/2013 10:00,10.33
27/12/2013 11:00,10.25
27/12/2013 12:00,10.33
27/12/2013 13:00,9.23
27/12/2013 14:00,9.71
27/12/2013 15:00,8.91
27/12/2013 16:00,9.12
27/12/2013 17:00,8.62
27/12/2013 18:00,7.87
27/12/2013 19:00,8.18
27/12/2013 20:00,7.68
27/12/2013 21:00,7.67
27/12/2013 22:00,7.47
27/12/2013 23:00,7.47
28/12/2013 00:00,6.57
28/12/2013 01:00,5.68
28/12/2013 02:00,5.55
28/12/2013 03:00,5.38
28/12/2013 04:00,5.3
28/12/2013 05:00,4.89
28/12/2013 06:00,4.71
28/12/2013 07:00,4.27
28/12/2013 08:00,4.31
28/12/2013 09:00,4.43
28/12/2013 10:00,6.03
28/12/2013 11:00,7.41
28/12/2013 12:00,7.67
28/12/2013 13:00,7.81
28/12/2013 14:00,7.78
28/12/2013 15:00,7.39
28/12/2013 16:00,6.32
28/12/2013 17:00,5.79
28/12/2013 18:00,5.27
28/12/2013 19:00,4.97
28/12/2013 20:00,4.83
28/12/2013 21:00,4.32
28/12/2013 22:00,3.27
28/12/2013 23:00,2.86
29/12/2013 00:00,2.69
29/12/2013 01:00,2.38
29/12/2013 02:00,1.91
29/12/2013 03:00,1.13
29/12/2013 04:00,1.47
29/12/2013 05:00,1.14
29/12/2013 06:00,1.14
29/12/2013 07:00,0.72
29/12/2013 08:00,1.34
29/12/2013 09:00,1.5
29/12/2013 10:00,2.64
29/12/2013 11:00,4.59
29/12/2013 12:00,6.13
29/12/2013 13:00,6.72
29/12/2013 14:00,7.15
29/12/2013 15:00,7
29/12/2013 16:00,5.4
29/12/2013 17:00,4.69
29/12/2013 18:00,5.02
29/12/2013 19:00,5.23
29/12/2013 20:00,5.46
29/12/2013 21:00,5.66
29/12/2013 22:00,6.28
29/12/2013 23:00,7.56
30/12/2013 00:00,8.07
30/12/2013 01:00,8.21
30/12/2013 02:00,8.74
30/12/2013 03:00,8.78
30/12/2013 04:00,9.09
30/12/2013 05:00,9.26
30/12/2013 06:00,9.28
30/12/2013 07:00,10.14
30/12/2013 08:00,10.18
30/12/2013 09:00,10.22
30/12/2013 10:00,10.04
30/12/2013 11:00,9.69
30/12/2013 12:00,9.82
30/12/2013 13:00,10.18
30/12/2013 14:00,9.79
30/12/2013 15:00,9.22
30/12/2013 16:00,8.26
30/12/2013 17:00,8.06
30/12/2013 18:00,7.61
30/12/2013 19:00,7.51
30/12/2013 20:00,6.97
30/12/2013 21:00,6.9
30/12/2013 22:00,6.4
30/12/2013 23:00,6.82
31/12/2013 00:00,6.92
31/12/2013 01:00,7.5
31/12/2013 02:00,8.11
31/12/2013 03:00,8.72
31/12/2013 04:00,9.13
31/12/2013 05:00,9.08
31/12/2013 06:00,8.68
31/12/2013 07:00,9.74
31/12/2013 08:00,10.07
31/12/2013 09:00,10.24
31/12/2013 10:00,10.32
31/12/2013 11:00,10.36
31/12/2013 12:00,10.36
31/12/2013 13:00,8.14
31/12/2013 14:00,7.48
31/12/2013 15:00,7.02
31/12/2013 16:00,6.86
31/12/2013 17:00,6.47
31/12/2013 18:00,6.37
31/12/2013 19:00,6.26
31/12/2013 20:00,5.77
31/12/2013 21:00,5.92
31/12/2013 22:00,6.54
31/12/2013 23:00,7.43
01/01/2014 00:00,7.76
01/01/2014 01:00,6.9
01/01/2014 02:00,6.59
01/01/2014 03:00,6.76
01/01/2014 04:00,6.74
01/01/2014 05:00,7.24
01/01/2014 06:00,8.02
01/01/2014 07:00,8.23
01/01/2014 08:00,8.73
01/01/2014 09:00,9.13
01/01/2014 10:00,8.73
01/01/2014 11:00,8.17
01/01/2014 12:00,8.24
01/01/2014 13:00,8.74
01/01/2014 14:00,9.36
01/01/2014 15:00,9.96
01/01/2014 16:00,10.41
01/01/2014 17:00,10.33
01/01/2014 18:00,10.39
01/01/2014 19:00,10.83
01/01/2014 20:00,11.34
01/01/2014 21:00,11.27
01/01/2014 22:00,10.43
01/01/2014 23:00,10.38
02/01/2014 00:00,9.88
02/01/2014 01:00,9.58
02/01/2014 02:00,9.23
02/01/2014 03:00,8.88
02/01/2014 04:00,8.74
02/01/2014 05:00,8.17
02/01/2014 06:00,7.15
02/01/2014 07:00,7.02
02/01/2014 08:00,6.54
02/01/2014 09:00,6.63
02/01/2014 10:00,7.32
02/01/2014 11:00,8.73
02/01/2014 12:00,9.68
02/01/2014 13:00,9.95
02/01/2014 14:00,10.27
02/01/2014 15:00,9.73
02/01/2014 16:00,9.47
02/01/2014 17:00,9.03
02/01/2014 18:00,8.64
02/01/2014 19:00,9.12
02/01/2014 20:00,9.46
02/01/2014 21:00,9.87
02/01/2014 22:00,10.35
02/01/2014 23:00,10.75
03/01/2014 00:00,9.92
03/01/2014 01:00,10.33
03/01/2014 02:00,10.49
03/01/2014 03:00,10.39
03/01/2014 04:00,9.96
03/01/2014 05:00,9.87
03/01/2014 06:00,9.91
03/01/2014 07:00,10.12
03/01/2014 08:00,8.54
03/01/2014 09:00,7.74
03/01/2014 10:00,8.36
03/01/2014 11:00,9.88
03/01/2014 12:00,10.14
03/01/2014 13:00,8.96
03/01/2014 14:00,7.93
03/01/2014 15:00,7.97
03/01/2014 16:00,7.88
03/01/2014 17:00,7.37
03/01/2014 18:00,7.01
03/01/2014 19:00,7.04
03/01/2014 20:00,7.53
03/01/2014 21:00,7.59
03/01/2014 22:00,7.63
03/01/2014 23:00,7.71
04/01/2014 00:00,8.29
04/01/2014 01:00,8.56
04/01/2014 02:00,8.16
04/01/2014 03:00,9.03
04/01/2014 04:00,8.74
04/01/2014 05:00,8.17
04/01/2014 06:00,8.21
04/01/2014 07:00,8.81
04/01/2014 08:00,9.18
04/01/2014 09:00,9.11
04/01/2014 10:00,9.24
04/01/2014 11:00,9.58
04/01/2014 12:00,9.21
04/01/2014 13:00,9.11
04/01/2014 14:00,8.92
04/01/2014 15:00,7.54
04/01/2014 16:00,6.91
04/01/2014 17:00,6.32
04/01/2014 18:00,6.31
04/01/2014 19:00,6.26
04/01/2014 20:00,5.87
04/01/2014 21:00,5.18
04/01/2014 22:00,4.66
04/01/2014 23:00,4.06
05/01/2014 00:00,3.57
05/01/2014 01:00,3.16
05/01/2014 02:00,2.92
05/01/2014 03:00,2.92
05/01/2014 04:00,2.54
05/01/2014 05:00,2.12
05/01/2014 06:00,2.38
05/01/2014 07:00,1.96
05/01/2014 08:00,1.72
05/01/2014 09:00,2.67
05/01/2014 10:00,4.03
05/01/2014 11:00,5.33
05/01/2014 12:00,6.87
05/01/2014 13:00,7.33
05/01/2014 14:00,7.59
05/01/2014 15:00,8.03
05/01/2014 16:00,8.08
05/01/2014 17:00,8.12
05/01/2014 18:00,8.58
05/01/2014 19:00,8.78
05/01/2014 20:00,9.33
05/01/2014 21:00,10.01
05/01/2014 22:00,11.06
05/01/2014 23:00,11.96
06/01/2014 00:00,12.48
06/01/2014 01:00,12.57
06/01/2014 02:00,12.33
06/01/2014 03:00,11.58
06/01/2014 04:00,11.47
06/01/2014 05:00,11.88
06/01/2014 06:00,11.56
06/01/2014 07:00,11.48
06/01/2014 08:00,9.34
06/01/2014 09:00,9.55
06/01/2014 10:00,9.34
06/01/2014 11:00,11.25
06/01/2014 12:00,11.94
06/01/2014 13:00,12.37
06/01/2014 14:00,11.97
06/01/2014 15:00,11.59
06/01/2014 16:00,10.96
06/01/2014 17:00,11.3
06/01/2014 18:00,11.33
06/01/2014 19:00,11.29
06/01/2014 20:00,11.27
06/01/2014 21:00,11.24
06/01/2014 22:00,11.23
06/01/2014 23:00,10.88
07/01/2014 00:00,10.39
07/01/2014 01:00,10.36
07/01/2014 02:00,10.69
07/01/2014 03:00,10.63
07/01/2014 04:00,10.23
07/01/2014 05:00,10.73
07/01/2014 06:00,10.83
07/01/2014 07:00,10.81
07/01/2014 08:00,10.9
07/01/2014 09:00,10.84
07/01/2014 10:00,10.38
07/01/2014 11:00,8.98
07/01/2014 12:00,9.67
07/01/2014 13:00,10.44
07/01/2014 14:00,11.38
07/01/2014 15:00,11.31
07/01/2014 16:00,10.72
07/01/2014 17:00,10.36
07/01/2014 18:00,10.28
07/01/2014 19:00,10.23
07/01/2014 20:00,10.69
07/01/2014 21:00,10.23
07/01/2014 22:00,9.03
07/01/2014 23:00,9.13
08/01/2014 00:00,8.22
08/01/2014 01:00,8.16
08/01/2014 02:00,7.71
08/01/2014 03:00,7.72
08/01/2014 04:00,7.71
08/01/2014 05:00,7.37
08/01/2014 06:00,8.17
08/01/2014 07:00,8.12
08/01/2014 08:00,8.28
08/01/2014 09:00,8.72
08/01/2014 10:00,9.36
08/01/2014 11:00,10.74
08/01/2014 12:00,11.62
08/01/2014 13:00,10.88
08/01/2014 14:00,10.8
08/01/2014 15:00,10.67
08/01/2014 16:00,10.07
08/01/2014 17:00,9.61
08/01/2014 18:00,9.59
08/01/2014 19:00,9.25
08/01/2014 20:00,9.71
08/01/2014 21:00,10.36
08/01/2014 22:00,10.96
08/01/2014 23:00,11.49
09/01/2014 00:00,11.58
09/01/2014 01:00,11.98
09/01/2014 02:00,11.98
09/01/2014 03:00,12.01
09/01/2014 04:00,11.47
09/01/2014 05:00,10.53
09/01/2014 06:00,10.81
09/01/2014 07:00,10.29
09/01/2014 08:00,9.31
09/01/2014 09:00,8.79
09/01/2014 10:00,8.57
09/01/2014 11:00,8.1
09/01/2014 12:00,8.19
09/01/2014 13:00,8.99
09/01/2014 14:00,8.59
09/01/2014 15:00,8.59
09/01/2014 16:00,8.02
09/01/2014 17:00,7.02
09/01/2014 18:00,6.76
09/01/2014 19:00,6.21
09/01/2014 20:00,5.53
09/01/2014 21:00,5.39
09/01/2014 22:00,5.33
09/01/2014 23:00,4.86
10/01/2014 00:00,4.74
10/01/2014 01:00,4.26
10/01/2014 02:00,3.98
10/01/2014 03:00,3.59
10/01/2014 04:00,3.53
10/01/2014 05:00,3.18
10/01/2014 06:00,3.04
10/01/2014 07:00,3.38
10/01/2014 08:00,2.68
10/01/2014 09:00,3.43
10/01/2014 10:00,5.57
10/01/2014 11:00,8.66
10/01/2014 12:00,9.17
10/01/2014 13:00,10.14
10/01/2014 14:00,9.78
10/01/2014 15:00,9.59
10/01/2014 16:00,9.45
10/01/2014 17:00,8.96
10/01/2014 18:00,8.46
10/01/2014 19:00,8.45
10/01/2014 20:00,8.12
10/01/2014 21:00,8.52
10/01/2014 22:00,8.51
10/01/2014 23:00,8.12
11/01/2014 00:00,8.01
11/01/2014 01:00,7.63
11/01/2014 02:00,7.73
11/01/2014 03:00,8.13
11/01/2014 04:00,8.26
11/01/2014 05:00,8.59
11/01/2014 06:00,8.12
11/01/2014 07:00,7.48
11/01/2014 08:00,7.16
11/01/2014 09:00,6.31
11/01/2014 10:00,6.56
11/01/2014 11:00,7.77
11/01/2014 12:00,8.41
11/01/2014 13:00,8.14
11/01/2014 14:00,7.77
11/01/2014 15:00,7.57
11/01/2014 16:00,7.19
11/01/2014 17:00,5.91
11/01/2014 18:00,4.75
11/01/2014 19:00,3.88
11/01/2014 20:00,3.42
11/01/2014 21:00,2.07
11/01/2014 22:00,1.47
11/01/2014 23:00,1.02
12/01/2014 00:00,0.88
12/01/2014 01:00,0.81
12/01/2014 02:00,0.38
12/01/2014 03:00,0.41
12/01/2014 04:00,0.81
12/01/2014 05:00,0.79
12/01/2014 06:00,0.79
12/01/2014 07:00,1.33
12/01/2014 08:00,1.3
12/01/2014 09:00,2.62
12/01/2014 10:00,4.05
12/01/2014 11:00,6.17
12/01/2014 12:00,6.98
12/01/2014 13:00,6.24
12/01/2014 14:00,5.96
12/01/2014 15:00,6.29
12/01/2014 16:00,5.92
12/01/2014 17:00,5.93
12/01/2014 18:00,6.45
12/01/2014 19:00,7.06
12/01/2014 20:00,7.54
12/01/2014 21:00,8.18
12/01/2014 22:00,8.63
12/01/2014 23:00,8.91
13/01/2014 00:00,9.72
13/01/2014 01:00,8.56
13/01/2014 02:00,7.18
13/01/2014 03:00,6.58
13/01/2014 04:00,6.33
13/01/2014 05:00,5.96
13/01/2014 06:00,6.19
13/01/2014 07:00,5.48
13/01/2014 08:00,5.42
13/01/2014 09:00,6.3
13/01/2014 10:00,7.06
13/01/2014 11:00,8.49
13/01/2014 12:00,9.01
13/01/2014 13:00,8.98
13/01/2014 14:00,8.92
13/01/2014 15:00,8.8
13/01/2014 16:00,7.97
13/01/2014 17:00,7.98
13/01/2014 18:00,6.31
13/01/2014 19:00,6.25
13/01/2014 20:00,6.79
13/01/2014 21:00,6.43
13/01/2014 22:00,6.4
13/01/2014 23:00,6.39
14/01/2014 00:00,6.31
14/01/2014 01:00,5.8
14/01/2014 02:00,5.56
14/01/2014 03:00,5.06
14/01/2014 04:00,4.08
14/01/2014 05:00,3.2
14/01/2014 06:00,2.57
14/01/2014 07:00,2.53
14/01/2014 08:00,2.05
14/01/2014 09:00,2.22
14/01/2014 10:00,3.37
14/01/2014 11:00,4.79
14/01/2014 12:00,5.88
14/01/2014 13:00,6.13
14/01/2014 14:00,6.82
14/01/2014 15:00,6.42
14/01/2014 16:00,5.76
14/01/2014 17:00,4.71
14/01/2014 18:00,4.68
14/01/2014 19:00,5.11
14/01/2014 20:00,5.57
14/01/2014 21:00,5.71
14/01/2014 22:00,5.41
14/01/2014 23:00,5.97
15/01/2014 00:00,6.41
15/01/2014 01:00,6.58
15/01/2014 02:00,6.59
15/01/2014 03:00,7.16
15/01/2014 04:00,7.74
15/01/2014 05:00,8.32
15/01/2014 06:00,8.86
15/01/2014 07:00,9.34
15/01/2014 08:00,9.74
15/01/2014 09:00,9.88
15/01/2014 10:00,10.36
15/01/2014 11:00,10.39
15/01/2014 12:00,10.84
15/01/2014 13:00,11.19
15/01/2014 14:00,10.79
15/01/2014 15:00,10.39
15/01/2014 16:00,10.33
15/01/2014 17:00,10.34
15/01/2014 18:00,10.32
15/01/2014 19:00,10.29
15/01/2014 20:00,10.28
15/01/2014 21:00,10.34
15/01/2014 22:00,10.36
15/01/2014 23:00,10.34
16/01/2014 00:00,10.34
16/01/2014 01:00,10.72
16/01/2014 02:00,10.27
16/01/2014 03:00,9.65
16/01/2014 04:00,8.99
16/01/2014 05:00,8.49
16/01/2014 06:00,8.04
16/01/2014 07:00,7.94
16/01/2014 08:00,7.95
16/01/2014 09:00,7.96
16/01/2014 10:00,8.2
16/01/2014 11:00,9.48
16/01/2014 12:00,10.16
16/01/2014 13:00,10.14
16/01/2014 14:00,10.17
16/01/2014 15:00,9.53
16/01/2014 16:00,8.62
16/01/2014 17:00,8.59
16/01/2014 18:00,8.6
16/01/2014 19:00,8.58
16/01/2014 20:00,8.56
16/01/2014 21:00,7.59
16/01/2014 22:00,7.28
16/01/2014 23:00,7.27
17/01/2014 00:00,7.43
17/01/2014 01:00,7.48
17/01/2014 02:00,7.62
17/01/2014 03:00,7.46
17/01/2014 04:00,7.08
17/01/2014 05:00,7.02
17/01/2014 06:00,6.83
17/01/2014 07:00,6.43
17/01/2014 08:00,6.47
17/01/2014 09:00,6.56
17/01/2014 10:00,7.03
17/01/2014 11:00,8.21
17/01/2014 12:00,7.75
17/01/2014 13:00,8.47
17/01/2014 14:00,8.43
17/01/2014 15:00,8.44
17/01/2014 16:00,7.91
17/01/2014 17:00,7.24
17/01/2014 18:00,7.04
17/01/2014 19:00,7.34
17/01/2014 20:00,6.92
17/01/2014 21:00,6.91
17/01/2014 22:00,6.59
17/01/2014 23:00,6.97
18/01/2014 00:00,7.58
18/01/2014 01:00,7.99
18/01/2014 02:00,8.06
18/01/2014 03:00,8.58
18/01/2014 04:00,8.99
18/01/2014 05:00,8.54
18/01/2014 06:00,8.04
18/01/2014 07:00,7.77
18/01/2014 08:00,8.09
18/01/2014 09:00,8.1
18/01/2014 10:00,8.51
18/01/2014 11:00,8.78
18/01/2014 12:00,9.18
18/01/2014 13:00,9.3
18/01/2014 14:00,9.99
18/01/2014 15:00,9.59
18/01/2014 16:00,8.97
18/01/2014 17:00,8.36
18/01/2014 18:00,8.06
18/01/2014 19:00,8.06
18/01/2014 20:00,8.57
18/01/2014 21:00,8.59
18/01/2014 22:00,8.57
18/01/2014 23:00,9.36
19/01/2014 00:00,9.37
19/01/2014 01:00,8.87
19/01/2014 02:00,8.46
19/01/2014 03:00,8.49
19/01/2014 04:00,8.49
19/01/2014 05:00,8.08
19/01/2014 06:00,7.97
19/01/2014 07:00,7.91
19/01/2014 08:00,7.47
19/01/2014 09:00,7.31
19/01/2014 10:00,7.03
19/01/2014 11:00,7.76
19/01/2014 12:00,6.94
19/01/2014 13:00,7.31
19/01/2014 14:00,7.97
19/01/2014 15:00,8.04
19/01/2014 16:00,7.42
19/01/2014 17:00,5.77
19/01/2014 18:00,5.07
19/01/2014 19:00,4.49
19/01/2014 20:00,4.39
19/01/2014 21:00,3.47
19/01/2014 22:00,3.79
19/01/2014 23:00,3.34
20/01/2014 00:00,3.52
20/01/2014 01:00,3.16
20/01/2014 02:00,2.88
20/01/2014 03:00,2.52
20/01/2014 04:00,1.74
20/01/2014 05:00,1.7
20/01/2014 06:00,1.3
20/01/2014 07:00,1.61
20/01/2014 08:00,1.76
20/01/2014 09:00,2.22
20/01/2014 10:00,2.96
20/01/2014 11:00,4.84
20/01/2014 12:00,6.81
20/01/2014 13:00,7.53
20/01/2014 14:00,8.11
20/01/2014 15:00,8.44
20/01/2014 16:00,8.19
20/01/2014 17:00,7.11
20/01/2014 18:00,5.74
20/01/2014 19:00,5.52
20/01/2014 20:00,4.71
20/01/2014 21:00,4.58
20/01/2014 22:00,4.29
20/01/2014 23:00,3.47
21/01/2014 00:00,2.97
21/01/2014 01:00,2.22
21/01/2014 02:00,1.97
21/01/2014 03:00,2.22
21/01/2014 04:00,2.57
21/01/2014 05:00,2.64
21/01/2014 06:00,2.74
21/01/2014 07:00,2.69
21/01/2014 08:00,2.67
21/01/2014 09:00,3.11
21/01/2014 10:00,3.34
21/01/2014 11:00,3.98
21/01/2014 12:00,5.55
21/01/2014 13:00,7.66
21/01/2014 14:00,7.38
21/01/2014 15:00,7.36
21/01/2014 16:00,6.28
21/01/2014 17:00,6.25
21/01/2014 18:00,5.77
21/01/2014 19:00,5.76
21/01/2014 20:00,5.88
21/01/2014 21:00,6.22
21/01/2014 22:00,6.22
21/01/2014 23:00,6.03
22/01/2014 00:00,6.36
22/01/2014 01:00,6.34
22/01/2014 02:00,6.31
22/01/2014 03:00,6.38
22/01/2014 04:00,6.42
22/01/2014 05:00,6.12
22/01/2014 06:00,6.54
22/01/2014 07:00,6.54
22/01/2014 08:00,6.98
22/01/2014 09:00,7.51
22/01/2014 10:00,7.98
22/01/2014 11:00,8.13
22/01/2014 12:00,8.63
22/01/2014 13:00,9.21
22/01/2014 14:00,10.02
22/01/2014 15:00,9.56
22/01/2014 16:00,9.47
22/01/2014 17:00,8.19
22/01/2014 18:00,8.04
22/01/2014 19:00,8.28
22/01/2014 20:00,7.94
22/01/2014 21:00,7.61
22/01/2014 22:00,7.86
22/01/2014 23:00,6.98
23/01/2014 00:00,6.69
23/01/2014 01:00,6.08
23/01/2014 02:00,5.48
23/01/2014 03:00,4.42
23/01/2014 04:00,4.33
23/01/2014 05:00,4.18
23/01/2014 06:00,3.79
23/01/2014 07:00,3.71
23/01/2014 08:00,3.35
23/01/2014 09:00,5.1
23/01/2014 10:00,5.77
23/01/2014 11:00,6.07
23/01/2014 12:00,6.81
23/01/2014 13:00,7.94
23/01/2014 14:00,8.44
23/01/2014 15:00,8.31
23/01/2014 16:00,7.39
23/01/2014 17:00,6.45
23/01/2014 18:00,6.2
23/01/2014 19:00,6.02
23/01/2014 20:00,5.12
23/01/2014 21:00,4.41
23/01/2014 22:00,4.01
23/01/2014 23:00,4.14
24/01/2014 00:00,3.72
24/01/2014 01:00,2.76
24/01/2014 02:00,3.01
24/01/2014 03:00,3.07
24/01/2014 04:00,3.06
24/01/2014 05:00,3.17
24/01/2014 06:00,3.48
24/01/2014 07:00,3.52
24/01/2014 08:00,3.94
24/01/2014 09:00,4.58
24/01/2014 10:00,5.27
24/01/2014 11:00,6.29
24/01/2014 12:00,6.91
24/01/2014 13:00,7.49
24/01/2014 14:00,7.96
24/01/2014 15:00,7.97
24/01/2014 16:00,8.01
24/01/2014 17:00,7.86
24/01/2014 18:00,7.79
24/01/2014 19:00,7.4
24/01/2014 20:00,7.37
24/01/2014 21:00,6.98
24/01/2014 22:00,7.02
24/01/2014 23:00,7.11
25/01/2014 00:00,7.12
25/01/2014 01:00,7.13
25/01/2014 02:00,7.53
25/01/2014 03:00,7.58
25/01/2014 04:00,7.58
25/01/2014 05:00,7.62
25/01/2014 06:00,7.99
25/01/2014 07:00,8.11
25/01/2014 08:00,8.14
25/01/2014 09:00,8.18
25/01/2014 10:00,8.98
25/01/2014 11:00,9.23
25/01/2014 12:00,10.76
25/01/2014 13:00,11.04
25/01/2014 14:00,11.77
25/01/2014 15:00,11.36
25/01/2014 16:00,11.02
25/01/2014 17:00,7.32
25/01/2014 18:00,7.23
25/01/2014 19:00,7.29
25/01/2014 20:00,6.43
25/01/2014 21:00,6.39
25/01/2014 22:00,5.89
25/01/2014 23:00,5.68
26/01/2014 00:00,5.27
26/01/2014 01:00,4.79
26/01/2014 02:00,4.63
26/01/2014 03:00,4.67
26/01/2014 04:00,4.68
26/01/2014 05:00,4.25
26/01/2014 06:00,4.6
26/01/2014 07:00,5.05
26/01/2014 08:00,5.11
26/01/2014 09:00,5.56
26/01/2014 10:00,6.57
26/01/2014 11:00,6.99
26/01/2014 12:00,7.51
26/01/2014 13:00,8.03
26/01/2014 14:00,8.68
26/01/2014 15:00,9.01
26/01/2014 16:00,9.03
26/01/2014 17:00,8.01
26/01/2014 18:00,7.16
26/01/2014 19:00,5.79
26/01/2014 20:00,4.17
26/01/2014 21:00,3.26
26/01/2014 22:00,3.26
26/01/2014 23:00,3.27
27/01/2014 00:00,3.17
27/01/2014 01:00,3.14
27/01/2014 02:00,2.68
27/01/2014 03:00,2.64
27/01/2014 04:00,2.57
27/01/2014 05:00,2.56
27/01/2014 06:00,3.08
27/01/2014 07:00,3.59
27/01/2014 08:00,3.66
27/01/2014 09:00,3.76
27/01/2014 10:00,4.96
27/01/2014 11:00,6.9
27/01/2014 12:00,7.48
27/01/2014 13:00,7.92
27/01/2014 14:00,7.95
27/01/2014 15:00,6.08
27/01/2014 16:00,5.61
27/01/2014 17:00,5.54
27/01/2014 18:00,6.15
27/01/2014 19:00,5.43
27/01/2014 20:00,5.16
27/01/2014 21:00,5.09
27/01/2014 22:00,4.81
27/01/2014 23:00,5.23
28/01/2014 00:00,5.86
28/01/2014 01:00,5.98
28/01/2014 02:00,5.58
28/01/2014 03:00,5.94
28/01/2014 04:00,6.3
28/01/2014 05:00,5.78
28/01/2014 06:00,5.75
28/01/2014 07:00,5.21
28/01/2014 08:00,5.27
28/01/2014 09:00,6.38
28/01/2014 10:00,7.1
28/01/2014 11:00,8.51
28/01/2014 12:00,9.12
28/01/2014 13:00,8.57
28/01/2014 14:00,7.64
28/01/2014 15:00,7.67
28/01/2014 16:00,6.63
28/01/2014 17:00,5.79
28/01/2014 18:00,5.8
28/01/2014 19:00,6.17
28/01/2014 20:00,5.82
28/01/2014 21:00,5.86
28/01/2014 22:00,5.39
28/01/2014 23:00,5.03
29/01/2014 00:00,5.44
29/01/2014 01:00,5.08
29/01/2014 02:00,5.4
29/01/2014 03:00,5.46
29/01/2014 04:00,5.42
29/01/2014 05:00,5.28
29/01/2014 06:00,5.27
29/01/2014 07:00,4.79
29/01/2014 08:00,4.76
29/01/2014 09:00,4.69
29/01/2014 10:00,4.32
29/01/2014 11:00,4.25
29/01/2014 12:00,4.23
29/01/2014 13:00,4.28
29/01/2014 14:00,4.25
29/01/2014 15:00,4.26
29/01/2014 16:00,4.19
29/01/2014 17:00,4.16
29/01/2014 18:00,4.16
29/01/2014 19:00,4.2
29/01/2014 20:00,4.05
29/01/2014 21:00,3.72
29/01/2014 22:00,4.13
29/01/2014 23:00,4.11
30/01/2014 00:00,4.16
30/01/2014 01:00,4.17
30/01/2014 02:00,4.18
30/01/2014 03:00,4.12
30/01/2014 04:00,4.06
30/01/2014 05:00,3.71
30/01/2014 06:00,3.66
30/01/2014 07:00,3.72
30/01/2014 08:00,4.04
30/01/2014 09:00,4.1
30/01/2014 10:00,4.51
30/01/2014 11:00,4.68
30/01/2014 12:00,5.14
30/01/2014 13:00,5.41
30/01/2014 14:00,5.54
30/01/2014 15:00,5.94
30/01/2014 16:00,5.89
30/01/2014 17:00,5.86
30/01/2014 18:00,5.6
30/01/2014 19:00,4.64
30/01/2014 20:00,3.87
30/01/2014 21:00,3.77
30/01/2014 22:00,3.37
30/01/2014 23:00,3
31/01/2014 00:00,3.18
31/01/2014 01:00,2.67
31/01/2014 02:00,2.64
31/01/2014 03:00,3.07
31/01/2014 04:00,2.69
31/01/2014 05:00,2.62
31/01/2014 06:00,1.97
31/01/2014 07:00,2.69
31/01/2014 08:00,2.97
31/01/2014 09:00,4.69
31/01/2014 10:00,5.84
31/01/2014 11:00,6.44
31/01/2014 12:00,6.79
31/01/2014 13:00,6.86
31/01/2014 14:00,6.45
31/01/2014 15:00,6.46
31/01/2014 16:00,6.39
31/01/2014 17:00,6.48
31/01/2014 18:00,6.97
31/01/2014 19:00,7.08
31/01/2014 20:00,7.53
31/01/2014 21:00,7.68
31/01/2014 22:00,8.31
31/01/2014 23:00,8.83
01/02/2014 00:00,9.24
01/02/2014 01:00,9.31
01/02/2014 02:00,9.72
01/02/2014 03:00,9.18
01/02/2014 04:00,6.73
01/02/2014 05:00,6.64
01/02/2014 06:00,6.45
01/02/2014 07:00,5.71
01/02/2014 08:00,4.83
01/02/2014 09:00,5.26
01/02/2014 10:00,5.93
01/02/2014 11:00,6.52
01/02/2014 12:00,7.78
01/02/2014 13:00,8.12
01/02/2014 14:00,8.32
01/02/2014 15:00,7.49
01/02/2014 16:00,7.44
01/02/2014 17:00,7.41
01/02/2014 18:00,7.37
01/02/2014 19:00,7.03
01/02/2014 20:00,7.43
01/02/2014 21:00,7.43
01/02/2014 22:00,7.43
01/02/2014 23:00,7.14
02/02/2014 00:00,7.54
02/02/2014 01:00,7.54
02/02/2014 02:00,8.09
02/02/2014 03:00,8.05
02/02/2014 04:00,7.42
02/02/2014 05:00,6.82
02/02/2014 06:00,6.38
02/02/2014 07:00,6.33
02/02/2014 08:00,6.24
02/02/2014 09:00,6.51
02/02/2014 10:00,7.58
02/02/2014 11:00,8.56
02/02/2014 12:00,9.22
02/02/2014 13:00,9.24
02/02/2014 14:00,9.3
02/02/2014 15:00,9.24
02/02/2014 16:00,8.71
02/02/2014 17:00,7.48
02/02/2014 18:00,6.8
02/02/2014 19:00,6.71
02/02/2014 20:00,6.24
02/02/2014 21:00,6.24
02/02/2014 22:00,5.92
02/02/2014 23:00,5.79
03/02/2014 00:00,5.27
03/02/2014 01:00,5.6
03/02/2014 02:00,5.16
03/02/2014 03:00,5.18
03/02/2014 04:00,4.97
03/02/2014 05:00,5.43
03/02/2014 06:00,5.39
03/02/2014 07:00,5.72
03/02/2014 08:00,5.8
03/02/2014 09:00,6.41
03/02/2014 10:00,7.36
03/02/2014 11:00,7.76
03/02/2014 12:00,7.88
03/02/2014 13:00,7.96
03/02/2014 14:00,7.99
03/02/2014 15:00,7.86
03/02/2014 16:00,6.96
03/02/2014 17:00,6.38
03/02/2014 18:00,5.78
03/02/2014 19:00,6.14
03/02/2014 20:00,5.81
03/02/2014 21:00,5.82
03/02/2014 22:00,5.38
03/02/2014 23:00,5.8
04/02/2014 00:00,5.85
04/02/2014 01:00,6.19
04/02/2014 02:00,6.3
04/02/2014 03:00,6.37
04/02/2014 04:00,6.26
04/02/2014 05:00,5.63
04/02/2014 06:00,4.71
04/02/2014 07:00,4.22
04/02/2014 08:00,5.33
04/02/2014 09:00,5.45
04/02/2014 10:00,6.57
04/02/2014 11:00,7.45
04/02/2014 12:00,8.39
04/02/2014 13:00,8.88
04/02/2014 14:00,8.46
04/02/2014 15:00,8.07
04/02/2014 16:00,7.82
04/02/2014 17:00,7.42
04/02/2014 18:00,7.47
04/02/2014 19:00,7.93
04/02/2014 20:00,8.05
04/02/2014 21:00,8.07
04/02/2014 22:00,7.09
04/02/2014 23:00,6.49
05/02/2014 00:00,6.44
05/02/2014 01:00,5.91
05/02/2014 02:00,5.54
05/02/2014 03:00,6.46
05/02/2014 04:00,7.06
05/02/2014 05:00,7.48
05/02/2014 06:00,7.08
05/02/2014 07:00,7.44
05/02/2014 08:00,7.47
05/02/2014 09:00,8.06
05/02/2014 10:00,8.9
05/02/2014 11:00,8.97
05/02/2014 12:00,8.47
05/02/2014 13:00,7.11
05/02/2014 14:00,7.58
05/02/2014 15:00,8.18
05/02/2014 16:00,9.21
05/02/2014 17:00,9.37
05/02/2014 18:00,9.64
05/02/2014 19:00,9.26
05/02/2014 20:00,9.51
05/02/2014 21:00,9.13
05/02/2014 22:00,8.57
05/02/2014 23:00,8.53
06/02/2014 00:00,8.44
06/02/2014 01:00,8.06
06/02/2014 02:00,8.09
06/02/2014 03:00,7.69
06/02/2014 04:00,7.94
06/02/2014 05:00,7.51
06/02/2014 06:00,7.06
06/02/2014 07:00,7.01
06/02/2014 08:00,7.4
06/02/2014 09:00,7.59
06/02/2014 10:00,8.12
06/02/2014 11:00,8.42
06/02/2014 12:00,7.47
06/02/2014 13:00,7.32
06/02/2014 14:00,6.28
06/02/2014 15:00,5.86
06/02/2014 16:00,5.94
06/02/2014 17:00,6.81
06/02/2014 18:00,8.56
06/02/2014 19:00,9.77
06/02/2014 20:00,9.81
06/02/2014 21:00,9.73
06/02/2014 22:00,9.32
06/02/2014 23:00,9.24
07/02/2014 00:00,9.29
07/02/2014 01:00,9.45
07/02/2014 02:00,9.81
07/02/2014 03:00,9.39
07/02/2014 04:00,9.27
07/02/2014 05:00,9.03
07/02/2014 06:00,6.53
07/02/2014 07:00,5
07/02/2014 08:00,4.13
07/02/2014 09:00,4.33
07/02/2014 10:00,5.41
07/02/2014 11:00,6.98
07/02/2014 12:00,8.06
07/02/2014 13:00,8.6
07/02/2014 14:00,8.71
07/02/2014 15:00,8.97
07/02/2014 16:00,8.22
07/02/2014 17:00,7.73
07/02/2014 18:00,7.26
07/02/2014 19:00,7.03
07/02/2014 20:00,7.92
07/02/2014 21:00,8.38
07/02/2014 22:00,8.12
07/02/2014 23:00,7.98
08/02/2014 00:00,7.62
08/02/2014 01:00,8.1
08/02/2014 02:00,8.18
08/02/2014 03:00,8.77
08/02/2014 04:00,8.82
08/02/2014 05:00,9.13
08/02/2014 06:00,8.57
08/02/2014 07:00,8.43
08/02/2014 08:00,7.73
08/02/2014 09:00,8.27
08/02/2014 10:00,9.01
08/02/2014 11:00,6.81
08/02/2014 12:00,6.82
08/02/2014 13:00,8.19
08/02/2014 14:00,8.03
08/02/2014 15:00,7.11
08/02/2014 16:00,7.54
08/02/2014 17:00,7.42
08/02/2014 18:00,7.38
08/02/2014 19:00,7.05
08/02/2014 20:00,7.08
08/02/2014 21:00,7.18
08/02/2014 22:00,7.55
08/02/2014 23:00,7.49
09/02/2014 00:00,7.43
09/02/2014 01:00,7.41
09/02/2014 02:00,7.39
09/02/2014 03:00,7.37
09/02/2014 04:00,6.94
09/02/2014 05:00,6.69
09/02/2014 06:00,7.07
09/02/2014 07:00,7.46
09/02/2014 08:00,7.48
09/02/2014 09:00,7.02
09/02/2014 10:00,7.43
09/02/2014 11:00,7.25
09/02/2014 12:00,8.06
09/02/2014 13:00,8.18
09/02/2014 14:00,8.07
09/02/2014 15:00,6.94
09/02/2014 16:00,7.74
09/02/2014 17:00,6.72
09/02/2014 18:00,6.07
09/02/2014 19:00,5.11
09/02/2014 20:00,4.78
09/02/2014 21:00,5.19
09/02/2014 22:00,5.14
09/02/2014 23:00,4.8
10/02/2014 00:00,5.18
10/02/2014 01:00,4.78
10/02/2014 02:00,4.69
10/02/2014 03:00,4.62
10/02/2014 04:00,4.57
10/02/2014 05:00,4.58
10/02/2014 06:00,4.47
10/02/2014 07:00,4.23
10/02/2014 08:00,4.74
10/02/2014 09:00,5.35
10/02/2014 10:00,5.96
10/02/2014 11:00,6.54
10/02/2014 12:00,7.54
10/02/2014 13:00,8.21
10/02/2014 14:00,8.78
10/02/2014 15:00,6.13
10/02/2014 16:00,6.59
10/02/2014 17:00,6.39
10/02/2014 18:00,6.25
10/02/2014 19:00,5.83
10/02/2014 20:00,5.22
10/02/2014 21:00,5.11
10/02/2014 22:00,4.53
10/02/2014 23:00,4.08
11/02/2014 00:00,3.19
11/02/2014 01:00,2.77
11/02/2014 02:00,3.02
11/02/2014 03:00,3.01
11/02/2014 04:00,2.97
11/02/2014 05:00,3.18
11/02/2014 06:00,4.72
11/02/2014 07:00,5.82
11/02/2014 08:00,6.42
11/02/2014 09:00,6.92
11/02/2014 10:00,6.96
11/02/2014 11:00,7.09
11/02/2014 12:00,7.36
11/02/2014 13:00,6.88
11/02/2014 14:00,6.68
11/02/2014 15:00,7.46
11/02/2014 16:00,7.51
11/02/2014 17:00,6.77
11/02/2014 18:00,5.75
11/02/2014 19:00,5.23
11/02/2014 20:00,5.12
11/02/2014 21:00,4.75
11/02/2014 22:00,4.17
11/02/2014 23:00,3.58
12/02/2014 00:00,3.07
12/02/2014 01:00,3.03
12/02/2014 02:00,3.18
12/02/2014 03:00,4.07
12/02/2014 04:00,4.27
12/02/2014 05:00,4.61
12/02/2014 06:00,4.65
12/02/2014 07:00,4.8
12/02/2014 08:00,5.5
12/02/2014 09:00,6.62
12/02/2014 10:00,7.69
12/02/2014 11:00,8.13
12/02/2014 12:00,8.16
12/02/2014 13:00,7.84
12/02/2014 14:00,6.51
12/02/2014 15:00,7.59
12/02/2014 16:00,8.83
12/02/2014 17:00,8.12
12/02/2014 18:00,8.05
12/02/2014 19:00,7.79
12/02/2014 20:00,6.49
12/02/2014 21:00,6.72
12/02/2014 22:00,5.82
12/02/2014 23:00,5.56
13/02/2014 00:00,5.37
13/02/2014 01:00,5.23
13/02/2014 02:00,4.8
13/02/2014 03:00,4.67
13/02/2014 04:00,4.17
13/02/2014 05:00,4.14
13/02/2014 06:00,4.67
13/02/2014 07:00,4.73
13/02/2014 08:00,5.19
13/02/2014 09:00,5.26
13/02/2014 10:00,6.24
13/02/2014 11:00,6.61
13/02/2014 12:00,7.32
13/02/2014 13:00,7.35
13/02/2014 14:00,7.36
13/02/2014 15:00,7.37
13/02/2014 16:00,6.99
13/02/2014 17:00,6.42
13/02/2014 18:00,5.85
13/02/2014 19:00,5.61
13/02/2014 20:00,5.12
13/02/2014 21:00,4.23
13/02/2014 22:00,4.12
13/02/2014 23:00,4.09
14/02/2014 00:00,4.04
14/02/2014 01:00,3.98
14/02/2014 02:00,3.56
14/02/2014 03:00,3.47
14/02/2014 04:00,3.96
14/02/2014 05:00,4.21
14/02/2014 06:00,4.69
14/02/2014 07:00,5.22
14/02/2014 08:00,6.08
14/02/2014 09:00,5.3
14/02/2014 10:00,5.25
14/02/2014 11:00,5.25
14/02/2014 12:00,5.27
14/02/2014 13:00,5.5
14/02/2014 14:00,6.62
14/02/2014 15:00,7.96
14/02/2014 16:00,10.48
14/02/2014 17:00,11.6
14/02/2014 18:00,11.61
14/02/2014 19:00,12.02
14/02/2014 20:00,11.71
14/02/2014 21:00,10.32
14/02/2014 22:00,9.9
14/02/2014 23:00,9.87
15/02/2014 00:00,9.71
15/02/2014 01:00,8.86
15/02/2014 02:00,8.74
15/02/2014 03:00,8.66
15/02/2014 04:00,8.97
15/02/2014 05:00,8.21
15/02/2014 06:00,8.23
15/02/2014 07:00,8.59
15/02/2014 08:00,8.63
15/02/2014 09:00,8.55
15/02/2014 10:00,9.44
15/02/2014 11:00,9.38
15/02/2014 12:00,9.9
15/02/2014 13:00,9.41
15/02/2014 14:00,9.36
15/02/2014 15:00,9.02
15/02/2014 16:00,8.54
15/02/2014 17:00,8.04
15/02/2014 18:00,7.51
15/02/2014 19:00,7.39
15/02/2014 20:00,6.56
15/02/2014 21:00,6.47
15/02/2014 22:00,5.96
15/02/2014 23:00,5.38
16/02/2014 00:00,5.28
16/02/2014 01:00,4.87
16/02/2014 02:00,4.36
16/02/2014 03:00,4.2
16/02/2014 04:00,3.79
16/02/2014 05:00,3.28
16/02/2014 06:00,3.11
16/02/2014 07:00,2.34
16/02/2014 08:00,2.77
16/02/2014 09:00,3.73
16/02/2014 10:00,5.72
16/02/2014 11:00,7.98
16/02/2014 12:00,8.71
16/02/2014 13:00,9.19
16/02/2014 14:00,9.98
16/02/2014 15:00,9.74
16/02/2014 16:00,9.93
16/02/2014 17:00,8.36
16/02/2014 18:00,7.59
16/02/2014 19:00,6.71
16/02/2014 20:00,6.24
16/02/2014 21:00,5.67
16/02/2014 22:00,5.14
16/02/2014 23:00,5.22
17/02/2014 00:00,5.1
17/02/2014 01:00,5.09
17/02/2014 02:00,5.02
17/02/2014 03:00,5.08
17/02/2014 04:00,5.22
17/02/2014 05:00,4.89
17/02/2014 06:00,5.29
17/02/2014 07:00,6.04
17/02/2014 08:00,7.33
17/02/2014 09:00,7.98
17/02/2014 10:00,8.99
17/02/2014 11:00,9.7
17/02/2014 12:00,10.32
17/02/2014 13:00,10.67
17/02/2014 14:00,10.67
17/02/2014 15:00,10.27
17/02/2014 16:00,9.69
17/02/2014 17:00,9.53
17/02/2014 18:00,9.12
17/02/2014 19:00,9.11
17/02/2014 20:00,8.98
17/02/2014 21:00,8.18
17/02/2014 22:00,7.76
17/02/2014 23:00,8.1
18/02/2014 00:00,8.12
18/02/2014 01:00,8.08
18/02/2014 02:00,7.64
18/02/2014 03:00,7.64
18/02/2014 04:00,8.07
18/02/2014 05:00,8.07
18/02/2014 06:00,7.68
18/02/2014 07:00,7.74
18/02/2014 08:00,7.74
18/02/2014 09:00,8.6
18/02/2014 10:00,9.13
18/02/2014 11:00,9.62
18/02/2014 12:00,10.06
18/02/2014 13:00,10.13
18/02/2014 14:00,8.58
18/02/2014 15:00,9.69
18/02/2014 16:00,10.02
18/02/2014 17:00,9.34
18/02/2014 18:00,8.34
18/02/2014 19:00,7.86
18/02/2014 20:00,7.26
18/02/2014 21:00,6.79
18/02/2014 22:00,6.33
18/02/2014 23:00,5.85
19/02/2014 00:00,5.77
19/02/2014 01:00,5.45
19/02/2014 02:00,5.33
19/02/2014 03:00,5.62
19/02/2014 04:00,5.19
19/02/2014 05:00,5.19
19/02/2014 06:00,5.33
19/02/2014 07:00,5.52
19/02/2014 08:00,5.97
19/02/2014 09:00,6.65
19/02/2014 10:00,7.3
19/02/2014 11:00,9.06
19/02/2014 12:00,9.27
19/02/2014 13:00,10.13
19/02/2014 14:00,10.07
19/02/2014 15:00,9.99
19/02/2014 16:00,9.22
19/02/2014 17:00,9.15
19/02/2014 18:00,8.54
19/02/2014 19:00,8.56
19/02/2014 20:00,9.05
19/02/2014 21:00,8.64
19/02/2014 22:00,9.14
19/02/2014 23:00,9.2
20/02/2014 00:00,9.23
20/02/2014 01:00,9.73
20/02/2014 02:00,9.72
20/02/2014 03:00,9.9
20/02/2014 04:00,10.29
20/02/2014 05:00,10.37
20/02/2014 06:00,10.42
20/02/2014 07:00,10.82
20/02/2014 08:00,10.94
20/02/2014 09:00,11.32
20/02/2014 10:00,11.02
20/02/2014 11:00,11.37
20/02/2014 12:00,11.34
20/02/2014 13:00,11.45
20/02/2014 14:00,12.39
20/02/2014 15:00,12.5
20/02/2014 16:00,11.74
20/02/2014 17:00,10.23
20/02/2014 18:00,8.51
20/02/2014 19:00,8.02
20/02/2014 20:00,7.34
20/02/2014 21:00,6.84
20/02/2014 22:00,6.86
20/02/2014 23:00,6.34
21/02/2014 00:00,6.14
21/02/2014 01:00,5.64
21/02/2014 02:00,5.13
21/02/2014 03:00,4.71
21/02/2014 04:00,4.15
21/02/2014 05:00,3.74
21/02/2014 06:00,3.59
21/02/2014 07:00,3.59
21/02/2014 08:00,4.25
21/02/2014 09:00,5.52
21/02/2014 10:00,7.08
21/02/2014 11:00,8.57
21/02/2014 12:00,8.85
21/02/2014 13:00,8.91
21/02/2014 14:00,10.15
21/02/2014 15:00,10
21/02/2014 16:00,9.53
21/02/2014 17:00,8.44
21/02/2014 18:00,7.74
21/02/2014 19:00,7.62
21/02/2014 20:00,6.87
21/02/2014 21:00,6.88
21/02/2014 22:00,6.53
21/02/2014 23:00,6.94
22/02/2014 00:00,6.85
22/02/2014 01:00,6.71
22/02/2014 02:00,6.26
22/02/2014 03:00,5.83
22/02/2014 04:00,5.31
22/02/2014 05:00,5.19
22/02/2014 06:00,5.1
22/02/2014 07:00,4.72
22/02/2014 08:00,4.95
22/02/2014 09:00,6.6
22/02/2014 10:00,8.19
22/02/2014 11:00,9.66
22/02/2014 12:00,9.61
22/02/2014 13:00,10.91
22/02/2014 14:00,11.63
22/02/2014 15:00,11.17
22/02/2014 16:00,10.7
22/02/2014 17:00,9.92
22/02/2014 18:00,8.77
22/02/2014 19:00,7.95
22/02/2014 20:00,7.52
22/02/2014 21:00,7.57
22/02/2014 22:00,8.16
22/02/2014 23:00,8.64
23/02/2014 00:00,9.08
23/02/2014 01:00,8.72
23/02/2014 02:00,8.67
23/02/2014 03:00,9.17
23/02/2014 04:00,9.22
23/02/2014 05:00,9.24
23/02/2014 06:00,9.69
23/02/2014 07:00,9.73
23/02/2014 08:00,9.81
23/02/2014 09:00,10.3
23/02/2014 10:00,10.74
23/02/2014 11:00,11.43
23/02/2014 12:00,11.49
23/02/2014 13:00,11.48
23/02/2014 14:00,11.91
23/02/2014 15:00,11.63
23/02/2014 16:00,11.94
23/02/2014 17:00,11.41
23/02/2014 18:00,10.99
23/02/2014 19:00,10.76
23/02/2014 20:00,10.38
23/02/2014 21:00,10.37
23/02/2014 22:00,10.1
23/02/2014 23:00,9.63
24/02/2014 00:00,9.18
24/02/2014 01:00,9.01
24/02/2014 02:00,8.58
24/02/2014 03:00,8.51
24/02/2014 04:00,8.12
24/02/2014 05:00,8.08
24/02/2014 06:00,8.31
24/02/2014 07:00,7.99
24/02/2014 08:00,8.08
24/02/2014 09:00,9.22
24/02/2014 10:00,11.32
24/02/2014 11:00,12.46
24/02/2014 12:00,13.07
24/02/2014 13:00,14.23
24/02/2014 14:00,12.89
24/02/2014 15:00,12.38
24/02/2014 16:00,11.64
24/02/2014 17:00,11.22
24/02/2014 18:00,10.92
24/02/2014 19:00,11.33
24/02/2014 20:00,11.36
24/02/2014 21:00,11.48
24/02/2014 22:00,12.33
24/02/2014 23:00,11.97
25/02/2014 00:00,11.43
25/02/2014 01:00,10.78
25/02/2014 02:00,9.28
25/02/2014 03:00,8.25
25/02/2014 04:00,8.67
25/02/2014 05:00,9.12
25/02/2014 06:00,8.71
25/02/2014 07:00,8.72
25/02/2014 08:00,8.71
25/02/2014 09:00,8.58
25/02/2014 10:00,8.54
25/02/2014 11:00,7.41
25/02/2014 12:00,8.63
25/02/2014 13:00,9.97
25/02/2014 14:00,10.31
25/02/2014 15:00,10.06
25/02/2014 16:00,9.99
25/02/2014 17:00,9.41
25/02/2014 18:00,8.39
25/02/2014 19:00,7.88
25/02/2014 20:00,6.99
25/02/2014 21:00,6.79
25/02/2014 22:00,6.81
25/02/2014 23:00,6.82
26/02/2014 00:00,6.69
26/02/2014 01:00,6.58
26/02/2014 02:00,5.72
26/02/2014 03:00,4.82
26/02/2014 04:00,4.62
26/02/2014 05:00,4.55
26/02/2014 06:00,4.88
26/02/2014 07:00,4.17
26/02/2014 08:00,4.92
26/02/2014 09:00,6.97
26/02/2014 10:00,8.68
26/02/2014 11:00,10.03
26/02/2014 12:00,9.87
26/02/2014 13:00,11.29
26/02/2014 14:00,10.87
26/02/2014 15:00,11.11
26/02/2014 16:00,11.04
26/02/2014 17:00,10.02
26/02/2014 18:00,8.78
26/02/2014 19:00,7.73
26/02/2014 20:00,7.06
26/02/2014 21:00,6.58
26/02/2014 22:00,6.24
26/02/2014 23:00,6.27
27/02/2014 00:00,6.01
27/02/2014 01:00,6.54
27/02/2014 02:00,7.44
27/02/2014 03:00,7.49
27/02/2014 04:00,7.41
27/02/2014 05:00,7.41
27/02/2014 06:00,7.07
27/02/2014 07:00,7.45
27/02/2014 08:00,7.67
27/02/2014 09:00,7.97
27/02/2014 10:00,8.24
27/02/2014 11:00,9.61
27/02/2014 12:00,10.31
27/02/2014 13:00,10.3
27/02/2014 14:00,10.31
27/02/2014 15:00,9.66
27/02/2014 16:00,9.18
27/02/2014 17:00,8.69
27/02/2014 18:00,7.22
27/02/2014 19:00,6.22
27/02/2014 20:00,5.94
27/02/2014 21:00,5.03
27/02/2014 22:00,4.1
27/02/2014 23:00,3.93
28/02/2014 00:00,3.81
28/02/2014 01:00,3.47
28/02/2014 02:00,3.43
28/02/2014 03:00,3.92
28/02/2014 04:00,4.27
28/02/2014 05:00,4.75
28/02/2014 06:00,4.81
28/02/2014 07:00,5.23
28/02/2014 08:00,5.34
28/02/2014 09:00,5.87
28/02/2014 10:00,6.44
28/02/2014 11:00,6.93
28/02/2014 12:00,6.62
28/02/2014 13:00,7.01
28/02/2014 14:00,7.35
28/02/2014 15:00,6.79
28/02/2014 16:00,5.78
28/02/2014 17:00,5.23
28/02/2014 18:00,4.72
28/02/2014 19:00,4.68
28/02/2014 20:00,4.69
28/02/2014 21:00,5.14
28/02/2014 22:00,5.08
28/02/2014 23:00,5.17
01/03/2014 00:00,5.22
01/03/2014 01:00,4.98
01/03/2014 02:00,4.87
01/03/2014 03:00,4.04
01/03/2014 04:00,3.92
01/03/2014 05:00,3.87
01/03/2014 06:00,3.71
01/03/2014 07:00,3.28
01/03/2014 08:00,3.05
01/03/2014 09:00,3.56
01/03/2014 10:00,4.6
01/03/2014 11:00,5.06
01/03/2014 12:00,6.48
01/03/2014 13:00,7.5
01/03/2014 14:00,7.72
01/03/2014 15:00,9.21
01/03/2014 16:00,8.76
01/03/2014 17:00,7.82
01/03/2014 18:00,6.59
01/03/2014 19:00,5.91
01/03/2014 20:00,6.23
01/03/2014 21:00,4.94
01/03/2014 22:00,4.02
01/03/2014 23:00,4.28
02/03/2014 00:00,3.74
02/03/2014 01:00,2.99
02/03/2014 02:00,2.54
02/03/2014 03:00,3.46
02/03/2014 04:00,4.9
02/03/2014 05:00,5.18
02/03/2014 06:00,5.49
02/03/2014 07:00,6
02/03/2014 08:00,6.67
02/03/2014 09:00,8.09
02/03/2014 10:00,9.19
02/03/2014 11:00,10.05
02/03/2014 12:00,9.59
02/03/2014 13:00,9.14
02/03/2014 14:00,9.03
02/03/2014 15:00,8.52
02/03/2014 16:00,8.21
02/03/2014 17:00,8.46
02/03/2014 18:00,8.13
02/03/2014 19:00,7.98
02/03/2014 20:00,7.62
02/03/2014 21:00,7.55
02/03/2014 22:00,6.97
02/03/2014 23:00,6.04
03/03/2014 00:00,6.03
03/03/2014 01:00,5.98
03/03/2014 02:00,5.96
03/03/2014 03:00,5.74
03/03/2014 04:00,5.27
03/03/2014 05:00,4.72
03/03/2014 06:00,3.71
03/03/2014 07:00,3.18
03/03/2014 08:00,4.41
03/03/2014 09:00,6.03
03/03/2014 10:00,8.08
03/03/2014 11:00,7.49
03/03/2014 12:00,6.84
03/03/2014 13:00,7.73
03/03/2014 14:00,7.35
03/03/2014 15:00,7.31
03/03/2014 16:00,7.36
03/03/2014 17:00,6.81
03/03/2014 18:00,5.86
03/03/2014 19:00,5.53
03/03/2014 20:00,5.33
03/03/2014 21:00,5.31
03/03/2014 22:00,5.24
03/03/2014 23:00,4.76
04/03/2014 00:00,4.4
04/03/2014 01:00,3.63
04/03/2014 02:00,3.79
04/03/2014 03:00,2.66
04/03/2014 04:00,2.85
04/03/2014 05:00,2.34
04/03/2014 06:00,1.8
04/03/2014 07:00,1.4
04/03/2014 08:00,2.74
04/03/2014 09:00,4.67
04/03/2014 10:00,7.09
04/03/2014 11:00,8.59
04/03/2014 12:00,9.62
04/03/2014 13:00,9.67
04/03/2014 14:00,9.28
04/03/2014 15:00,9.7
04/03/2014 16:00,9.31
04/03/2014 17:00,9.2
04/03/2014 18:00,8.12
04/03/2014 19:00,7.06
04/03/2014 20:00,6.34
04/03/2014 21:00,5.59
04/03/2014 22:00,4.72
04/03/2014 23:00,4
05/03/2014 00:00,3.57
05/03/2014 01:00,2.84
05/03/2014 02:00,2.85
05/03/2014 03:00,2.42
05/03/2014 04:00,2.01
05/03/2014 05:00,1.33
05/03/2014 06:00,1.52
05/03/2014 07:00,1.54
05/03/2014 08:00,2.94
05/03/2014 09:00,5.42
05/03/2014 10:00,8.47
05/03/2014 11:00,10.49
05/03/2014 12:00,11.52
05/03/2014 13:00,12.08
05/03/2014 14:00,12.54
05/03/2014 15:00,12.76
05/03/2014 16:00,11.98
05/03/2014 17:00,11.25
05/03/2014 18:00,10.06
05/03/2014 19:00,8.81
05/03/2014 20:00,8.93
05/03/2014 21:00,8.86
05/03/2014 22:00,7.98
05/03/2014 23:00,7.01
06/03/2014 00:00,6.47
06/03/2014 01:00,6.03
06/03/2014 02:00,6.39
06/03/2014 03:00,6.31
06/03/2014 04:00,5.91
06/03/2014 05:00,5.82
06/03/2014 06:00,6.59
06/03/2014 07:00,6.67
06/03/2014 08:00,7.56
06/03/2014 09:00,8.66
06/03/2014 10:00,10.24
06/03/2014 11:00,11.21
06/03/2014 12:00,12.09
06/03/2014 13:00,13.01
06/03/2014 14:00,13.38
06/03/2014 15:00,12.87
06/03/2014 16:00,12.22
06/03/2014 17:00,11.1
06/03/2014 18:00,10.14
06/03/2014 19:00,9.56
06/03/2014 20:00,9.07
06/03/2014 21:00,8.62
06/03/2014 22:00,8.11
06/03/2014 23:00,7.67
07/03/2014 00:00,7.56
07/03/2014 01:00,7.06
07/03/2014 02:00,6.84
07/03/2014 03:00,7.63
07/03/2014 04:00,7.26
07/03/2014 05:00,7.33
07/03/2014 06:00,8.17
07/03/2014 07:00,8.69
07/03/2014 08:00,9.25
07/03/2014 09:00,9.82
07/03/2014 10:00,9.96
07/03/2014 11:00,10.67
07/03/2014 12:00,12.07
07/03/2014 13:00,13.7
07/03/2014 14:00,15.08
07/03/2014 15:00,15.23
07/03/2014 16:00,15.97
07/03/2014 17:00,14.84
07/03/2014 18:00,12.08
07/03/2014 19:00,11.31
07/03/2014 20:00,12.24
07/03/2014 21:00,10.83
07/03/2014 22:00,9.24
07/03/2014 23:00,8.98
08/03/2014 00:00,8.07
08/03/2014 01:00,7.91
08/03/2014 02:00,8.33
08/03/2014 03:00,8.81
08/03/2014 04:00,8.36
08/03/2014 05:00,8.46
08/03/2014 06:00,8.21
08/03/2014 07:00,8.61
08/03/2014 08:00,8.67
08/03/2014 09:00,9.42
08/03/2014 10:00,11.43
08/03/2014 11:00,12.98
08/03/2014 12:00,13.82
08/03/2014 13:00,15.02
08/03/2014 14:00,15.92
08/03/2014 15:00,15.67
08/03/2014 16:00,15.19
08/03/2014 17:00,14.03
08/03/2014 18:00,12.83
08/03/2014 19:00,12.05
08/03/2014 20:00,11.11
08/03/2014 21:00,11.04
08/03/2014 22:00,10.37
08/03/2014 23:00,11.88
09/03/2014 00:00,11
09/03/2014 01:00,10.07
09/03/2014 02:00,9.91
09/03/2014 03:00,9.63
09/03/2014 04:00,8.42
09/03/2014 05:00,9.54
09/03/2014 06:00,8.39
09/03/2014 07:00,7.65
09/03/2014 08:00,9.11
09/03/2014 09:00,11.97
09/03/2014 10:00,14.11
09/03/2014 11:00,15.51
09/03/2014 12:00,17.51
09/03/2014 13:00,18.56
09/03/2014 14:00,18.97
09/03/2014 15:00,18.95
09/03/2014 16:00,18.39
09/03/2014 17:00,16.88
09/03/2014 18:00,14.85
09/03/2014 19:00,12.59
09/03/2014 20:00,11.35
09/03/2014 21:00,11.44
09/03/2014 22:00,9.59
09/03/2014 23:00,9.59
10/03/2014 00:00,9.16
10/03/2014 01:00,7.68
10/03/2014 02:00,6.77
10/03/2014 03:00,6.24
10/03/2014 04:00,5.57
10/03/2014 05:00,5.04
10/03/2014 06:00,5.17
10/03/2014 07:00,6.92
10/03/2014 08:00,9.54
10/03/2014 09:00,10.9
10/03/2014 10:00,12.38
10/03/2014 11:00,12.4
10/03/2014 12:00,12.02
10/03/2014 13:00,11.65
10/03/2014 14:00,12.28
10/03/2014 15:00,11.42
10/03/2014 16:00,11.11
10/03/2014 17:00,9.62
10/03/2014 18:00,8.92
10/03/2014 19:00,8.29
10/03/2014 20:00,7.79
10/03/2014 21:00,7.37
10/03/2014 22:00,7.37
10/03/2014 23:00,7.31
11/03/2014 00:00,6.91
11/03/2014 01:00,6.88
11/03/2014 02:00,6.91
11/03/2014 03:00,6.86
11/03/2014 04:00,6.86
11/03/2014 05:00,6.44
11/03/2014 06:00,6.48
11/03/2014 07:00,6.84
11/03/2014 08:00,7.33
11/03/2014 09:00,7.45
11/03/2014 10:00,8.08
11/03/2014 11:00,8.61
11/03/2014 12:00,9.17
11/03/2014 13:00,9.72
11/03/2014 14:00,10.64
11/03/2014 15:00,11.15
11/03/2014 16:00,11.92
11/03/2014 17:00,11.2
11/03/2014 18:00,10.47
11/03/2014 19:00,9.08
11/03/2014 20:00,8.18
11/03/2014 21:00,7.71
11/03/2014 22:00,7.09
11/03/2014 23:00,6.19
12/03/2014 00:00,5.98
12/03/2014 01:00,5.36
12/03/2014 02:00,4.6
12/03/2014 03:00,4.47
12/03/2014 04:00,4.46
12/03/2014 05:00,4.6
12/03/2014 06:00,3.73
12/03/2014 07:00,3.89
12/03/2014 08:00,4.81
12/03/2014 09:00,6.27
12/03/2014 10:00,7.94
12/03/2014 11:00,10.08
12/03/2014 12:00,11.82
12/03/2014 13:00,13.74
12/03/2014 14:00,14.81
12/03/2014 15:00,15.37
12/03/2014 16:00,15.16
12/03/2014 17:00,14.02
12/03/2014 18:00,12.37
12/03/2014 19:00,10.74
12/03/2014 20:00,9.24
12/03/2014 21:00,9.04
12/03/2014 22:00,8
12/03/2014 23:00,7.38
13/03/2014 00:00,6.36
13/03/2014 01:00,6.34
13/03/2014 02:00,5.39
13/03/2014 03:00,4.83
13/03/2014 04:00,4.36
13/03/2014 05:00,3.97
13/03/2014 06:00,3.94
13/03/2014 07:00,4.98
13/03/2014 08:00,5.39
13/03/2014 09:00,7.02
13/03/2014 10:00,9.98
13/03/2014 11:00,12.1
13/03/2014 12:00,13.92
13/03/2014 13:00,15.56
13/03/2014 14:00,16.66
13/03/2014 15:00,17.11
13/03/2014 16:00,16.98
13/03/2014 17:00,15.7
13/03/2014 18:00,14.22
13/03/2014 19:00,12.55
13/03/2014 20:00,11.35
13/03/2014 21:00,10.69
13/03/2014 22:00,9.3
13/03/2014 23:00,8.36
14/03/2014 00:00,7.39
14/03/2014 01:00,6.3
14/03/2014 02:00,5.81
14/03/2014 03:00,5.58
14/03/2014 04:00,4.6
14/03/2014 05:00,4.42
14/03/2014 06:00,4.35
14/03/2014 07:00,4.22
14/03/2014 08:00,5.71
14/03/2014 09:00,7.67
14/03/2014 10:00,10.57
14/03/2014 11:00,12.16
14/03/2014 12:00,13.65
14/03/2014 13:00,15.17
14/03/2014 14:00,15.46
14/03/2014 15:00,16.38
14/03/2014 16:00,16.33
14/03/2014 17:00,15.22
14/03/2014 18:00,14.17
14/03/2014 19:00,13.2
14/03/2014 20:00,12.39
14/03/2014 21:00,10.99
14/03/2014 22:00,9.61
14/03/2014 23:00,9.32
15/03/2014 00:00,8.06
15/03/2014 01:00,8.09
15/03/2014 02:00,7.72
15/03/2014 03:00,8.25
15/03/2014 04:00,8.74
15/03/2014 05:00,8.83
15/03/2014 06:00,9.2
15/03/2014 07:00,9.61
15/03/2014 08:00,9.81
15/03/2014 09:00,10.31
15/03/2014 10:00,11.54
15/03/2014 11:00,12.98
15/03/2014 12:00,14.61
15/03/2014 13:00,15.81
15/03/2014 14:00,17.21
15/03/2014 15:00,18.08
15/03/2014 16:00,17.48
15/03/2014 17:00,15.81
15/03/2014 18:00,14.13
15/03/2014 19:00,12.93
15/03/2014 20:00,12.43
15/03/2014 21:00,11.42
15/03/2014 22:00,10.88
15/03/2014 23:00,10.31
16/03/2014 00:00,9.78
16/03/2014 01:00,9.29
16/03/2014 02:00,9.26
16/03/2014 03:00,8.48
16/03/2014 04:00,8.34
16/03/2014 05:00,7.94
16/03/2014 06:00,7.14
16/03/2014 07:00,8.09
16/03/2014 08:00,9.84
16/03/2014 09:00,11.71
16/03/2014 10:00,13.96
16/03/2014 11:00,15.9
16/03/2014 12:00,16.44
16/03/2014 13:00,17.42
16/03/2014 14:00,17.96
16/03/2014 15:00,18.51
16/03/2014 16:00,18.76
16/03/2014 17:00,17.91
16/03/2014 18:00,16.59
16/03/2014 19:00,14.54
16/03/2014 20:00,14.28
16/03/2014 21:00,13.1
16/03/2014 22:00,12.02
16/03/2014 23:00,10.96
17/03/2014 00:00,10.11
17/03/2014 01:00,9.09
17/03/2014 02:00,8.18
17/03/2014 03:00,7.54
17/03/2014 04:00,6.83
17/03/2014 05:00,6.41
17/03/2014 06:00,6.49
17/03/2014 07:00,7.07
17/03/2014 08:00,8.3
17/03/2014 09:00,10.11
17/03/2014 10:00,11.47
17/03/2014 11:00,11.67
17/03/2014 12:00,12.53
17/03/2014 13:00,12.66
17/03/2014 14:00,13.22
17/03/2014 15:00,13.57
17/03/2014 16:00,13.14
17/03/2014 17:00,12.67
17/03/2014 18:00,12.23
17/03/2014 19:00,11.3
17/03/2014 20:00,10.67
17/03/2014 21:00,9.67
17/03/2014 22:00,9.1
17/03/2014 23:00,8.63
18/03/2014 00:00,8.47
18/03/2014 01:00,8.03
18/03/2014 02:00,7.66
18/03/2014 03:00,8.08
18/03/2014 04:00,8
18/03/2014 05:00,8.07
18/03/2014 06:00,8.07
18/03/2014 07:00,8.11
18/03/2014 08:00,8.65
18/03/2014 09:00,9.51
18/03/2014 10:00,10.98
18/03/2014 11:00,11.61
18/03/2014 12:00,12.12
18/03/2014 13:00,12.33
18/03/2014 14:00,11.61
18/03/2014 15:00,12.74
18/03/2014 16:00,13.13
18/03/2014 17:00,13.02
18/03/2014 18:00,12.39
18/03/2014 19:00,12.32
18/03/2014 20:00,11.37
18/03/2014 21:00,11.28
18/03/2014 22:00,11.25
18/03/2014 23:00,10.21
19/03/2014 00:00,9.62
19/03/2014 01:00,8.71
19/03/2014 02:00,8.61
19/03/2014 03:00,8.61
19/03/2014 04:00,8.57
19/03/2014 05:00,8.16
19/03/2014 06:00,7.78
19/03/2014 07:00,8.17
19/03/2014 08:00,8.76
19/03/2014 09:00,9.34
19/03/2014 10:00,10.54
19/03/2014 11:00,11.59
19/03/2014 12:00,12.67
19/03/2014 13:00,13.68
19/03/2014 14:00,14.31
19/03/2014 15:00,15.08
19/03/2014 16:00,14.97
19/03/2014 17:00,15.02
19/03/2014 18:00,13.28
19/03/2014 19:00,10.91
19/03/2014 20:00,9.41
19/03/2014 21:00,8.13
19/03/2014 22:00,7.54
19/03/2014 23:00,7.48
20/03/2014 00:00,7.56
20/03/2014 01:00,7.35
20/03/2014 02:00,7.79
20/03/2014 03:00,8.26
20/03/2014 04:00,8.65
20/03/2014 05:00,8.27
20/03/2014 06:00,8.68
20/03/2014 07:00,9.21
20/03/2014 08:00,10.25
20/03/2014 09:00,11.49
20/03/2014 10:00,12.62
20/03/2014 11:00,12.99
20/03/2014 12:00,13.1
20/03/2014 13:00,13.11
20/03/2014 14:00,13.36
20/03/2014 15:00,12.06
20/03/2014 16:00,11.49
20/03/2014 17:00,11.38
20/03/2014 18:00,11.28
20/03/2014 19:00,10.74
20/03/2014 20:00,10.27
20/03/2014 21:00,9.88
20/03/2014 22:00,10.03
20/03/2014 23:00,8.71
21/03/2014 00:00,8.16
21/03/2014 01:00,8.1
21/03/2014 02:00,8.03
21/03/2014 03:00,7.53
21/03/2014 04:00,7.44
21/03/2014 05:00,7.37
21/03/2014 06:00,6.95
21/03/2014 07:00,6.93
21/03/2014 08:00,7.03
21/03/2014 09:00,8.57
21/03/2014 10:00,10.11
21/03/2014 11:00,10.69
21/03/2014 12:00,11.59
21/03/2014 13:00,11.37
21/03/2014 14:00,11.47
21/03/2014 15:00,12.12
21/03/2014 16:00,11.22
21/03/2014 17:00,10.14
21/03/2014 18:00,9.41
21/03/2014 19:00,8.44
21/03/2014 20:00,8
21/03/2014 21:00,8.04
21/03/2014 22:00,8.54
21/03/2014 23:00,8.82
22/03/2014 00:00,8.46
22/03/2014 01:00,6.32
22/03/2014 02:00,5.87
22/03/2014 03:00,5.38
22/03/2014 04:00,5.36
22/03/2014 05:00,5.24
22/03/2014 06:00,4.64
22/03/2014 07:00,4.39
22/03/2014 08:00,5.59
22/03/2014 09:00,7.03
22/03/2014 10:00,7.92
22/03/2014 11:00,8.14
22/03/2014 12:00,9.05
22/03/2014 13:00,10.08
22/03/2014 14:00,10.68
22/03/2014 15:00,10.35
22/03/2014 16:00,10.48
22/03/2014 17:00,9.44
22/03/2014 18:00,7.24
22/03/2014 19:00,6.58
22/03/2014 20:00,6.36
22/03/2014 21:00,6.34
22/03/2014 22:00,5.31
22/03/2014 23:00,5.2
23/03/2014 00:00,4.75
23/03/2014 01:00,4.54
23/03/2014 02:00,3.73
23/03/2014 03:00,3.24
23/03/2014 04:00,3.09
23/03/2014 05:00,2.57
23/03/2014 06:00,2.48
23/03/2014 07:00,3.28
23/03/2014 08:00,4.47
23/03/2014 09:00,6.05
23/03/2014 10:00,7.49
23/03/2014 11:00,8.53
23/03/2014 12:00,8.96
23/03/2014 13:00,9.13
23/03/2014 14:00,9.74
23/03/2014 15:00,9.68
23/03/2014 16:00,10.08
23/03/2014 17:00,9.03
23/03/2014 18:00,8.52
23/03/2014 19:00,7.42
23/03/2014 20:00,6.59
23/03/2014 21:00,6.06
23/03/2014 22:00,5.44
23/03/2014 23:00,4.77
24/03/2014 00:00,4.52
24/03/2014 01:00,3.79
24/03/2014 02:00,2.88
24/03/2014 03:00,1.98
24/03/2014 04:00,1.03
24/03/2014 05:00,0.55
24/03/2014 06:00,0.12
24/03/2014 07:00,1.44
24/03/2014 08:00,3.54
24/03/2014 09:00,6.17
24/03/2014 10:00,8.12
24/03/2014 11:00,9.11
24/03/2014 12:00,10.11
24/03/2014 13:00,10.2
24/03/2014 14:00,10.18
24/03/2014 15:00,10.18
24/03/2014 16:00,9.53
24/03/2014 17:00,8.49
24/03/2014 18:00,7.84
24/03/2014 19:00,7.18
24/03/2014 20:00,6.71
24/03/2014 21:00,6.37
24/03/2014 22:00,6.43
24/03/2014 23:00,6.51
25/03/2014 00:00,6.75
25/03/2014 01:00,6.44
25/03/2014 02:00,6.42
25/03/2014 03:00,6.4
25/03/2014 04:00,6.37
25/03/2014 05:00,6.39
25/03/2014 06:00,6.22
25/03/2014 07:00,6.36
25/03/2014 08:00,6.44
25/03/2014 09:00,6.57
25/03/2014 10:00,7.06
25/03/2014 11:00,7.18
25/03/2014 12:00,7.89
25/03/2014 13:00,8.42
25/03/2014 14:00,8.46
25/03/2014 15:00,8.56
25/03/2014 16:00,8.67
25/03/2014 17:00,8.86
25/03/2014 18:00,8.36
25/03/2014 19:00,7.68
25/03/2014 20:00,7.41
25/03/2014 21:00,6.51
25/03/2014 22:00,5.87
25/03/2014 23:00,5.66
26/03/2014 00:00,4.74
26/03/2014 01:00,4.16
26/03/2014 02:00,4.06
26/03/2014 03:00,3.74
26/03/2014 04:00,3.28
26/03/2014 05:00,2.51
26/03/2014 06:00,3.31
26/03/2014 07:00,3.52
26/03/2014 08:00,4.64
26/03/2014 09:00,5.81
26/03/2014 10:00,6.88
26/03/2014 11:00,7.15
26/03/2014 12:00,8.01
26/03/2014 13:00,8.31
26/03/2014 14:00,8.48
26/03/2014 15:00,4.88
26/03/2014 16:00,4.03
26/03/2014 17:00,3.98
26/03/2014 18:00,3.62
26/03/2014 19:00,3.57
26/03/2014 20:00,3.14
26/03/2014 21:00,3.81
26/03/2014 22:00,3.75
26/03/2014 23:00,3.83
27/03/2014 00:00,3.62
27/03/2014 01:00,3.49
27/03/2014 02:00,3.61
27/03/2014 03:00,3.23
27/03/2014 04:00,3.57
27/03/2014 05:00,2.71
27/03/2014 06:00,2.73
27/03/2014 07:00,2.94
27/03/2014 08:00,4.58
27/03/2014 09:00,6.29
27/03/2014 10:00,7.93
27/03/2014 11:00,8.61
27/03/2014 12:00,9.64
27/03/2014 13:00,10.04
27/03/2014 14:00,9.72
27/03/2014 15:00,8.8
27/03/2014 16:00,8.33
27/03/2014 17:00,8.13
27/03/2014 18:00,7.48
27/03/2014 19:00,6.77
27/03/2014 20:00,6.22
27/03/2014 21:00,6.28
27/03/2014 22:00,5.63
27/03/2014 23:00,5.05
28/03/2014 00:00,4.57
28/03/2014 01:00,4.16
28/03/2014 02:00,4.15
28/03/2014 03:00,3.85
28/03/2014 04:00,4.38
28/03/2014 05:00,4.54
28/03/2014 06:00,5.08
28/03/2014 07:00,5.56
28/03/2014 08:00,6.24
28/03/2014 09:00,7.57
28/03/2014 10:00,9.24
28/03/2014 11:00,10.69
28/03/2014 12:00,11.41
28/03/2014 13:00,12.08
28/03/2014 14:00,12.43
28/03/2014 15:00,12.36
28/03/2014 16:00,11.89
28/03/2014 17:00,11.73
28/03/2014 18:00,11.06
28/03/2014 19:00,9.98
28/03/2014 20:00,9.72
28/03/2014 21:00,8.87
28/03/2014 22:00,8.42
28/03/2014 23:00,8.31
29/03/2014 00:00,7.84
29/03/2014 01:00,7.83
29/03/2014 02:00,7.91
29/03/2014 03:00,7.95
29/03/2014 04:00,8.36
29/03/2014 05:00,8.32
29/03/2014 06:00,8.2
29/03/2014 07:00,8.12
29/03/2014 08:00,10.24
29/03/2014 09:00,12.9
29/03/2014 10:00,14.56
29/03/2014 11:00,16.01
29/03/2014 12:00,16.43
29/03/2014 13:00,18.32
29/03/2014 14:00,18.47
29/03/2014 15:00,18.18
29/03/2014 16:00,17.56
29/03/2014 17:00,16.84
29/03/2014 18:00,14.88
29/03/2014 19:00,13.63
29/03/2014 20:00,12.64
29/03/2014 21:00,12.19
29/03/2014 22:00,11.97
29/03/2014 23:00,10.72
30/03/2014 00:00,10.48
30/03/2014 01:00,9.96
30/03/2014 02:00,9.62
30/03/2014 03:00,9
30/03/2014 04:00,8.59
30/03/2014 05:00,8.53
30/03/2014 06:00,8.56
30/03/2014 07:00,9.22
30/03/2014 08:00,11.01
30/03/2014 09:00,13.26
30/03/2014 10:00,15.52
30/03/2014 11:00,17.33
30/03/2014 12:00,19.82
30/03/2014 13:00,19.07
30/03/2014 14:00,19
30/03/2014 15:00,18.27
30/03/2014 16:00,17.67
30/03/2014 17:00,17.02
30/03/2014 18:00,15.89
30/03/2014 19:00,14.49
30/03/2014 20:00,13.83
30/03/2014 21:00,13.31
30/03/2014 22:00,13.25
30/03/2014 23:00,12.91
31/03/2014 00:00,12.41
31/03/2014 01:00,12.64
31/03/2014 02:00,11.77
31/03/2014 03:00,11.79
31/03/2014 04:00,11.23
31/03/2014 05:00,11.02
31/03/2014 06:00,10.98
31/03/2014 07:00,11.34
31/03/2014 08:00,12.48
31/03/2014 09:00,13.86
31/03/2014 10:00,15.17
31/03/2014 11:00,16.09
31/03/2014 12:00,16.21
31/03/2014 13:00,16.37
31/03/2014 14:00,16.01
31/03/2014 15:00,16.28
31/03/2014 16:00,15.85
31/03/2014 17:00,15.74
31/03/2014 18:00,15.41
31/03/2014 19:00,14.62
31/03/2014 20:00,13.62
31/03/2014 21:00,13.03
31/03/2014 22:00,12.51